"Evaluate/step_episode","no_extra_reward_rainbowmini_2025-05-31_12-10-08 - _step","no_extra_reward_rainbowmini_2025-05-31_12-10-08 - _step__MIN","no_extra_reward_rainbowmini_2025-05-31_12-10-08 - _step__MAX","no_extra_reward_rainbowmini_2025-05-31_12-10-08 - Evaluate/EpRet","no_extra_reward_rainbowmini_2025-05-31_12-10-08 - Evaluate/EpRet__MIN","no_extra_reward_rainbowmini_2025-05-31_12-10-08 - Evaluate/EpRet__MAX","noe_FactoryTaskAllocationMiC_2024-12-09_21-42-46 - _step","noe_FactoryTaskAllocationMiC_2024-12-09_21-42-46 - _step__MIN","noe_FactoryTaskAllocationMiC_2024-12-09_21-42-46 - _step__MAX","noe_FactoryTaskAllocationMiC_2024-12-09_21-42-46 - Evaluate/EpRet","noe_FactoryTaskAllocationMiC_2024-12-09_21-42-46 - Evaluate/EpRet__MIN","noe_FactoryTaskAllocationMiC_2024-12-09_21-42-46 - Evaluate/EpRet__MAX","epsilon_FactoryTaskAllocationMiC_2024-12-08_17-36-58 - _step","epsilon_FactoryTaskAllocationMiC_2024-12-08_17-36-58 - _step__MIN","epsilon_FactoryTaskAllocationMiC_2024-12-08_17-36-58 - _step__MAX","epsilon_FactoryTaskAllocationMiC_2024-12-08_17-36-58 - Evaluate/EpRet","epsilon_FactoryTaskAllocationMiC_2024-12-08_17-36-58 - Evaluate/EpRet__MIN","epsilon_FactoryTaskAllocationMiC_2024-12-08_17-36-58 - Evaluate/EpRet__MAX"
"0","5899","5899","5899","-2.0480000972747803","-2.0480000972747803","-2.0480000972747803","10371","10371","10371","-2.047999858856201","-2.047999858856201","-2.047999858856201","5899","5899","5899","-2.3479998111724854","-2.3479998111724854","-2.3479998111724854"
"1","5901","5901","5901","2.996999740600586","2.996999740600586","2.996999740600586","10373","10373","10373","2.9670000076293945","2.9670000076293945","2.9670000076293945","5901","5901","5901","2.986999988555908","2.986999988555908","2.986999988555908"
"2","5903","5903","5903","2.99399995803833","2.99399995803833","2.99399995803833","10375","10375","10375","3.0879998207092285","3.0879998207092285","3.0879998207092285","5903","5903","5903","2.995999813079834","2.995999813079834","2.995999813079834"
"3","5905","5905","5905","-1.7979999780654907","-1.7979999780654907","-1.7979999780654907","10377","10377","10377","3.2709999084472656","3.2709999084472656","3.2709999084472656","5905","5905","5905","-2.0980000495910645","-2.0980000495910645","-2.0980000495910645"
"4","5907","5907","5907","3.125","3.125","3.125","10379","10379","10379","3.0970001220703125","3.0970001220703125","3.0970001220703125","5907","5907","5907","3.138000011444092","3.138000011444092","3.138000011444092"
"5","5909","5909","5909","3.1619997024536133","3.1619997024536133","3.1619997024536133","10381","10381","10381","3.2649998664855957","3.2649998664855957","3.2649998664855957","5909","5909","5909","3.1700000762939453","3.1700000762939453","3.1700000762939453"
"6","5911","5911","5911","-1.7980000972747803","-1.7980000972747803","-1.7980000972747803","10383","10383","10383","3.2599997520446777","3.2599997520446777","3.2599997520446777","5911","5911","5911","-2.0980000495910645","-2.0980000495910645","-2.0980000495910645"
"7","5913","5913","5913","3.1429996490478516","3.1429996490478516","3.1429996490478516","10385","10385","10385","3.323000431060791","3.323000431060791","3.323000431060791","5913","5913","5913","3.1529998779296875","3.1529998779296875","3.1529998779296875"
"8","5915","5915","5915","3.2400002479553223","3.2400002479553223","3.2400002479553223","10387","10387","10387","3.309999942779541","3.309999942779541","3.309999942779541","5915","5915","5915","3.247000217437744","3.247000217437744","3.247000217437744"
"9","6081","6081","6081","-2.0480000972747803","-2.0480000972747803","-2.0480000972747803","10657","10657","10657","-2.0480000972747803","-2.0480000972747803","-2.0480000972747803","6079","6079","6079","3.0329999923706055","3.0329999923706055","3.0329999923706055"
"10","6083","6083","6083","3.0989999771118164","3.0989999771118164","3.0989999771118164","10659","10659","10659","2.999000072479248","2.999000072479248","2.999000072479248","6081","6081","6081","3.0359997749328613","3.0359997749328613","3.0359997749328613"
"11","6085","6085","6085","3.120999813079834","3.120999813079834","3.120999813079834","10661","10661","10661","2.999000072479248","2.999000072479248","2.999000072479248","6083","6083","6083","3.0359997749328613","3.0359997749328613","3.0359997749328613"
"12","6087","6087","6087","-1.7980000972747803","-1.7980000972747803","-1.7980000972747803","10663","10663","10663","-1.7979999780654907","-1.7979999780654907","-1.7979999780654907","6085","6085","6085","3.322999954223633","3.322999954223633","3.322999954223633"
"13","6089","6089","6089","3.172999858856201","3.172999858856201","3.172999858856201","10665","10665","10665","3.251999855041504","3.251999855041504","3.251999855041504","6087","6087","6087","3.184000015258789","3.184000015258789","3.184000015258789"
"14","6091","6091","6091","3.184000015258789","3.184000015258789","3.184000015258789","10667","10667","10667","1.241999864578247","1.241999864578247","1.241999864578247","6089","6089","6089","3.3350000381469727","3.3350000381469727","3.3350000381469727"
"15","6093","6093","6093","2.9519999027252197","2.9519999027252197","2.9519999027252197","10669","10669","10669","3.2729997634887695","3.2729997634887695","3.2729997634887695","6091","6091","6091","3.3390002250671387","3.3390002250671387","3.3390002250671387"
"16","6095","6095","6095","3.3949999809265137","3.3949999809265137","3.3949999809265137","10671","10671","10671","3.2300000190734863","3.2300000190734863","3.2300000190734863","6093","6093","6093","3.3849997520446777","3.3849997520446777","3.3849997520446777"
"17","6097","6097","6097","3.386000156402588","3.386000156402588","3.386000156402588","10673","10673","10673","3.4000000953674316","3.4000000953674316","3.4000000953674316","6095","6095","6095","3.388000011444092","3.388000011444092","3.388000011444092"
"18","6259","6259","6259","-2.047999858856201","-2.047999858856201","-2.047999858856201","10986","10986","10986","-2.3480000495910645","-2.3480000495910645","-2.3480000495910645","6260","6260","6260","-2.0480000972747803","-2.0480000972747803","-2.0480000972747803"
"19","6261","6261","6261","3.007999897003174","3.007999897003174","3.007999897003174","10988","10988","10988","2.9900002479553223","2.9900002479553223","2.9900002479553223","6262","6262","6262","3.0279998779296875","3.0279998779296875","3.0279998779296875"
"20","6263","6263","6263","2.857999801635742","2.857999801635742","2.857999801635742","10990","10990","10990","3.013000011444092","3.013000011444092","3.013000011444092","6264","6264","6264","2.997999668121338","2.997999668121338","2.997999668121338"
"21","6265","6265","6265","-1.7979999780654907","-1.7979999780654907","-1.7979999780654907","10992","10992","10992","-2.0980000495910645","-2.0980000495910645","-2.0980000495910645","6266","6266","6266","-1.7979998588562012","-1.7979998588562012","-1.7979998588562012"
"22","6267","6267","6267","3.1510000228881836","3.1510000228881836","3.1510000228881836","10994","10994","10994","3.2869997024536133","3.2869997024536133","3.2869997024536133","6268","6268","6268","3.2319998741149902","3.2319998741149902","3.2319998741149902"
"23","6269","6269","6269","3.181000232696533","3.181000232696533","3.181000232696533","10996","10996","10996","3.1609997749328613","3.1609997749328613","3.1609997749328613","6270","6270","6270","3.177000045776367","3.177000045776367","3.177000045776367"
"24","6271","6271","6271","3.309999942779541","3.309999942779541","3.309999942779541","10998","10998","10998","-2.0980000495910645","-2.0980000495910645","-2.0980000495910645","6272","6272","6272","3.3429999351501465","3.3429999351501465","3.3429999351501465"
"25","6273","6273","6273","3.381999969482422","3.381999969482422","3.381999969482422","11000","11000","11000","3.2109999656677246","3.2109999656677246","3.2109999656677246","6274","6274","6274","3.2249999046325684","3.2249999046325684","3.2249999046325684"
"26","6275","6275","6275","3.4010000228881836","3.4010000228881836","3.4010000228881836","11002","11002","11002","3.2300000190734863","3.2300000190734863","3.2300000190734863","6276","6276","6276","1.241999864578247","1.241999864578247","1.241999864578247"
"27","6437","6437","6437","-2.0480000972747803","-2.0480000972747803","-2.0480000972747803","11315","11315","11315","-2.047999858856201","-2.047999858856201","-2.047999858856201","6440","6440","6440","-2.0480000972747803","-2.0480000972747803","-2.0480000972747803"
"28","6439","6439","6439","2.993000030517578","2.993000030517578","2.993000030517578","11317","11317","11317","3.008999824523926","3.008999824523926","3.008999824523926","6442","6442","6442","2.63700008392334","2.63700008392334","2.63700008392334"
"29","6441","6441","6441","2.994999885559082","2.994999885559082","2.994999885559082","11319","11319","11319","2.993000030517578","2.993000030517578","2.993000030517578","6444","6444","6444","2.6100001335144043","2.6100001335144043","2.6100001335144043"
"30","6443","6443","6443","3.181999683380127","3.181999683380127","3.181999683380127","11321","11321","11321","3.2009997367858887","3.2009997367858887","3.2009997367858887","6446","6446","6446","-1.7979999780654907","-1.7979999780654907","-1.7979999780654907"
"31","6445","6445","6445","3.2280001640319824","3.2280001640319824","3.2280001640319824","11323","11323","11323","3.1389999389648438","3.1389999389648438","3.1389999389648438","6448","6448","6448","3.249999523162842","3.249999523162842","3.249999523162842"
"32","6447","6447","6447","1.241999626159668","1.241999626159668","1.241999626159668","11325","11325","11325","3.1630001068115234","3.1630001068115234","3.1630001068115234","6450","6450","6450","3.188000202178955","3.188000202178955","3.188000202178955"
"33","6449","6449","6449","3.2149996757507324","3.2149996757507324","3.2149996757507324","11327","11327","11327","-2.0980000495910645","-2.0980000495910645","-2.0980000495910645","6452","6452","6452","3.2849998474121094","3.2849998474121094","3.2849998474121094"
"34","6451","6451","6451","3.4019999504089355","3.4019999504089355","3.4019999504089355","11329","11329","11329","3.2109999656677246","3.2109999656677246","3.2109999656677246","6454","6454","6454","3.2140002250671387","3.2140002250671387","3.2140002250671387"
"35","6453","6453","6453","3.2270002365112305","3.2270002365112305","3.2270002365112305","11331","11331","11331","3.4019999504089355","3.4019999504089355","3.4019999504089355","6456","6456","6456","1.241999864578247","1.241999864578247","1.241999864578247"
"36","6619","6619","6619","-2.0480000972747803","-2.0480000972747803","-2.0480000972747803","11645","11645","11645","-2.0480000972747803","-2.0480000972747803","-2.0480000972747803","6624","6624","6624","-2.0480000972747803","-2.0480000972747803","-2.0480000972747803"
"37","6621","6621","6621","2.8390002250671387","2.8390002250671387","2.8390002250671387","11647","11647","11647","2.997999668121338","2.997999668121338","2.997999668121338","6626","6626","6626","2.6430001258850098","2.6430001258850098","2.6430001258850098"
"38","6623","6623","6623","2.6710000038146973","2.6710000038146973","2.6710000038146973","11649","11649","11649","2.8239998817443848","2.8239998817443848","2.8239998817443848","6628","6628","6628","2.5819997787475586","2.5819997787475586","2.5819997787475586"
"39","6625","6625","6625","-1.7979999780654907","-1.7979999780654907","-1.7979999780654907","11651","11651","11651","3.182999610900879","3.182999610900879","3.182999610900879","6630","6630","6630","-1.7979999780654907","-1.7979999780654907","-1.7979999780654907"
"40","6627","6627","6627","1.241999864578247","1.241999864578247","1.241999864578247","11653","11653","11653","3.249999523162842","3.249999523162842","3.249999523162842","6632","6632","6632","1.241999864578247","1.241999864578247","1.241999864578247"
"41","6629","6629","6629","1.241999864578247","1.241999864578247","1.241999864578247","11655","11655","11655","3.1669998168945312","3.1669998168945312","3.1669998168945312","6634","6634","6634","3.1700000762939453","3.1700000762939453","3.1700000762939453"
"42","6631","6631","6631","3.2930002212524414","3.2930002212524414","3.2930002212524414","11657","11657","11657","3.263000011444092","3.263000011444092","3.263000011444092","6636","6636","6636","3.2149996757507324","3.2149996757507324","3.2149996757507324"
"43","6633","6633","6633","3.4029998779296875","3.4029998779296875","3.4029998779296875","11659","11659","11659","3.2300000190734863","3.2300000190734863","3.2300000190734863","6638","6638","6638","3.4039998054504395","3.4039998054504395","3.4039998054504395"
"44","6635","6635","6635","3.243000030517578","3.243000030517578","3.243000030517578","11661","11661","11661","3.386000156402588","3.386000156402588","3.386000156402588","6640","6640","6640","3.4029998779296875","3.4029998779296875","3.4029998779296875"
"45","6806","6806","6806","-2.0480000972747803","-2.0480000972747803","-2.0480000972747803","11975","11975","11975","-2.3479998111724854","-2.3479998111724854","-2.3479998111724854","6805","6805","6805","-2.047999858856201","-2.047999858856201","-2.047999858856201"
"46","6808","6808","6808","2.863999843597412","2.863999843597412","2.863999843597412","11977","11977","11977","3.116000175476074","3.116000175476074","3.116000175476074","6807","6807","6807","2.6630001068115234","2.6630001068115234","2.6630001068115234"
"47","6810","6810","6810","2.8319997787475586","2.8319997787475586","2.8319997787475586","11979","11979","11979","3.1760001182556152","3.1760001182556152","3.1760001182556152","6809","6809","6809","2.696000099182129","2.696000099182129","2.696000099182129"
"48","6812","6812","6812","-1.7979999780654907","-1.7979999780654907","-1.7979999780654907","11981","11981","11981","-2.0980000495910645","-2.0980000495910645","-2.0980000495910645","6811","6811","6811","-1.7979998588562012","-1.7979998588562012","-1.7979998588562012"
"49","6814","6814","6814","3.1750001907348633","3.1750001907348633","3.1750001907348633","11983","11983","11983","3.326000213623047","3.326000213623047","3.326000213623047","6813","6813","6813","3.2899999618530273","3.2899999618530273","3.2899999618530273"
"50","6816","6816","6816","3.326000213623047","3.326000213623047","3.326000213623047","11985","11985","11985","1.2419997453689575","1.2419997453689575","1.2419997453689575","6815","6815","6815","3.1050000190734863","3.1050000190734863","3.1050000190734863"
"51","6818","6818","6818","3.321000099182129","3.321000099182129","3.321000099182129","11987","11987","11987","-2.0980000495910645","-2.0980000495910645","-2.0980000495910645","6817","6817","6817","2.9519999027252197","2.9519999027252197","2.9519999027252197"
"52","6820","6820","6820","3.370999813079834","3.370999813079834","3.370999813079834","11989","11989","11989","3.3499999046325684","3.3499999046325684","3.3499999046325684","6819","6819","6819","3.4099998474121094","3.4099998474121094","3.4099998474121094"
"53","6822","6822","6822","3.382999897003174","3.382999897003174","3.382999897003174","11991","11991","11991","3.382999897003174","3.382999897003174","3.382999897003174","6821","6821","6821","3.4019999504089355","3.4019999504089355","3.4019999504089355"
"54","6984","6984","6984","-2.047999858856201","-2.047999858856201","-2.047999858856201","12304","12304","12304","-2.047999858856201","-2.047999858856201","-2.047999858856201","6994","6994","6994","-2.047999858856201","-2.047999858856201","-2.047999858856201"
"55","6986","6986","6986","2.6480000019073486","2.6480000019073486","2.6480000019073486","12306","12306","12306","3.1540002822875977","3.1540002822875977","3.1540002822875977","6996","6996","6996","2.7230000495910645","2.7230000495910645","2.7230000495910645"
"56","6988","6988","6988","2.7109999656677246","2.7109999656677246","2.7109999656677246","12308","12308","12308","2.745000123977661","2.745000123977661","2.745000123977661","6998","6998","6998","2.7209999561309814","2.7209999561309814","2.7209999561309814"
"57","6990","6990","6990","3.2059993743896484","3.2059993743896484","3.2059993743896484","12310","12310","12310","-1.7980000972747803","-1.7980000972747803","-1.7980000972747803","7000","7000","7000","3.2789998054504395","3.2789998054504395","3.2789998054504395"
"58","6992","6992","6992","3.2940001487731934","3.2940001487731934","3.2940001487731934","12312","12312","12312","3.308000087738037","3.308000087738037","3.308000087738037","7002","7002","7002","1.2419997453689575","1.2419997453689575","1.2419997453689575"
"59","6994","6994","6994","3.177000045776367","3.177000045776367","3.177000045776367","12314","12314","12314","3.366000175476074","3.366000175476074","3.366000175476074","7004","7004","7004","3.3469996452331543","3.3469996452331543","3.3469996452331543"
"60","6996","6996","6996","3.2039995193481445","3.2039995193481445","3.2039995193481445","12316","12316","12316","-1.7980000972747803","-1.7980000972747803","-1.7980000972747803","7006","7006","7006","3.3330001831054688","3.3330001831054688","3.3330001831054688"
"61","6998","6998","6998","3.328000068664551","3.328000068664551","3.328000068664551","12318","12318","12318","3.191999912261963","3.191999912261963","3.191999912261963","7008","7008","7008","3.371999740600586","3.371999740600586","3.371999740600586"
"62","7000","7000","7000","3.3849997520446777","3.3849997520446777","3.3849997520446777","12320","12320","12320","3.382999897003174","3.382999897003174","3.382999897003174","7010","7010","7010","3.4010000228881836","3.4010000228881836","3.4010000228881836"
"63","7162","7162","7162","-2.0480000972747803","-2.0480000972747803","-2.0480000972747803","12634","12634","12634","-2.0480000972747803","-2.0480000972747803","-2.0480000972747803","7170","7170","7170","2.880000114440918","2.880000114440918","2.880000114440918"
"64","7164","7164","7164","2.802999973297119","2.802999973297119","2.802999973297119","12636","12636","12636","3.0260000228881836","3.0260000228881836","3.0260000228881836","7172","7172","7172","2.8460001945495605","2.8460001945495605","2.8460001945495605"
"65","7166","7166","7166","2.6630001068115234","2.6630001068115234","2.6630001068115234","12638","12638","12638","3.0209999084472656","3.0209999084472656","3.0209999084472656","7174","7174","7174","2.9149999618530273","2.9149999618530273","2.9149999618530273"
"66","7168","7168","7168","3.2149996757507324","3.2149996757507324","3.2149996757507324","12640","12640","12640","-1.7979999780654907","-1.7979999780654907","-1.7979999780654907","7176","7176","7176","3.3309998512268066","3.3309998512268066","3.3309998512268066"
"67","7170","7170","7170","3.2350001335144043","3.2350001335144043","3.2350001335144043","12642","12642","12642","3.2639999389648438","3.2639999389648438","3.2639999389648438","7178","7178","7178","3.0920000076293945","3.0920000076293945","3.0920000076293945"
"68","7172","7172","7172","1.241999864578247","1.241999864578247","1.241999864578247","12644","12644","12644","3.2739996910095215","3.2739996910095215","3.2739996910095215","7180","7180","7180","3.253999710083008","3.253999710083008","3.253999710083008"
"69","7174","7174","7174","3.2789998054504395","3.2789998054504395","3.2789998054504395","12646","12646","12646","2.9689998626708984","2.9689998626708984","2.9689998626708984","7182","7182","7182","3.3309998512268066","3.3309998512268066","3.3309998512268066"
"70","7176","7176","7176","3.388000011444092","3.388000011444092","3.388000011444092","12648","12648","12648","3.369999885559082","3.369999885559082","3.369999885559082","7184","7184","7184","3.134000301361084","3.134000301361084","3.134000301361084"
"71","7178","7178","7178","3.307000160217285","3.307000160217285","3.307000160217285","12650","12650","12650","3.246000289916992","3.246000289916992","3.246000289916992","7186","7186","7186","3.377999782562256","3.377999782562256","3.377999782562256"
"72","7346","7346","7346","-2.0480000972747803","-2.0480000972747803","-2.0480000972747803","12964","12964","12964","-2.0480000972747803","-2.0480000972747803","-2.0480000972747803","7351","7351","7351","-2.0480000972747803","-2.0480000972747803","-2.0480000972747803"
"73","7348","7348","7348","2.928999900817871","2.928999900817871","2.928999900817871","12966","12966","12966","3.000999927520752","3.000999927520752","3.000999927520752","7353","7353","7353","2.756999969482422","2.756999969482422","2.756999969482422"
"74","7350","7350","7350","0.5519999265670776","0.5519999265670776","0.5519999265670776","12968","12968","12968","2.7960000038146973","2.7960000038146973","2.7960000038146973","7355","7355","7355","2.753999948501587","2.753999948501587","2.753999948501587"
"75","7352","7352","7352","-1.7979998588562012","-1.7979998588562012","-1.7979998588562012","12970","12970","12970","-1.7979998588562012","-1.7979998588562012","-1.7979998588562012","7357","7357","7357","3.2729997634887695","3.2729997634887695","3.2729997634887695"
"76","7354","7354","7354","1.241999864578247","1.241999864578247","1.241999864578247","12972","12972","12972","3.2300000190734863","3.2300000190734863","3.2300000190734863","7359","7359","7359","1.241999864578247","1.241999864578247","1.241999864578247"
"77","7356","7356","7356","1.241999864578247","1.241999864578247","1.241999864578247","12974","12974","12974","3.187999725341797","3.187999725341797","3.187999725341797","7361","7361","7361","3.3359999656677246","3.3359999656677246","3.3359999656677246"
"78","7358","7358","7358","3.3410000801086426","3.3410000801086426","3.3410000801086426","12976","12976","12976","2.9759998321533203","2.9759998321533203","2.9759998321533203","7363","7363","7363","2.930999755859375","2.930999755859375","2.930999755859375"
"79","7360","7360","7360","3.3849997520446777","3.3849997520446777","3.3849997520446777","12978","12978","12978","3.2179999351501465","3.2179999351501465","3.2179999351501465","7365","7365","7365","3.3899998664855957","3.3899998664855957","3.3899998664855957"
"80","7362","7362","7362","3.382999897003174","3.382999897003174","3.382999897003174","12980","12980","12980","3.2350001335144043","3.2350001335144043","3.2350001335144043","7367","7367","7367","3.4049997329711914","3.4049997329711914","3.4049997329711914"
"81","7529","7529","7529","-2.0480000972747803","-2.0480000972747803","-2.0480000972747803","13293","13293","13293","-2.0480000972747803","-2.0480000972747803","-2.0480000972747803","7525","7525","7525","2.86899995803833","2.86899995803833","2.86899995803833"
"82","7531","7531","7531","2.8959999084472656","2.8959999084472656","2.8959999084472656","13295","13295","13295","2.763000011444092","2.763000011444092","2.763000011444092","7527","7527","7527","0.7920000553131104","0.7920000553131104","0.7920000553131104"
"83","7533","7533","7533","2.811999797821045","2.811999797821045","2.811999797821045","13297","13297","13297","2.5970001220703125","2.5970001220703125","2.5970001220703125","7529","7529","7529","0.9919998645782471","0.9919998645782471","0.9919998645782471"
"84","7535","7535","7535","-1.7980000972747803","-1.7980000972747803","-1.7980000972747803","13299","13299","13299","-1.7980000972747803","-1.7980000972747803","-1.7980000972747803","7531","7531","7531","3.2569994926452637","3.2569994926452637","3.2569994926452637"
"85","7537","7537","7537","1.241999864578247","1.241999864578247","1.241999864578247","13301","13301","13301","3.358999729156494","3.358999729156494","3.358999729156494","7533","7533","7533","3.3209996223449707","3.3209996223449707","3.3209996223449707"
"86","7539","7539","7539","3.1599998474121094","3.1599998474121094","3.1599998474121094","13303","13303","13303","3.3489999771118164","3.3489999771118164","3.3489999771118164","7535","7535","7535","3.357999801635742","3.357999801635742","3.357999801635742"
"87","7541","7541","7541","2.9739999771118164","2.9739999771118164","2.9739999771118164","13305","13305","13305","3.257999897003174","3.257999897003174","3.257999897003174","7537","7537","7537","3.3340001106262207","3.3340001106262207","3.3340001106262207"
"88","7543","7543","7543","3.312000274658203","3.312000274658203","3.312000274658203","13307","13307","13307","3.382999897003174","3.382999897003174","3.382999897003174","7539","7539","7539","3.318000316619873","3.318000316619873","3.318000316619873"
"89","7545","7545","7545","3.4000000953674316","3.4000000953674316","3.4000000953674316","13309","13309","13309","3.4010000228881836","3.4010000228881836","3.4010000228881836","7541","7541","7541","3.4000000953674316","3.4000000953674316","3.4000000953674316"
"90","7710","7710","7710","-2.0480000972747803","-2.0480000972747803","-2.0480000972747803","13622","13622","13622","-2.0480000972747803","-2.0480000972747803","-2.0480000972747803","7699","7699","7699","2.9190001487731934","2.9190001487731934","2.9190001487731934"
"91","7712","7712","7712","2.732999801635742","2.732999801635742","2.732999801635742","13624","13624","13624","2.932000160217285","2.932000160217285","2.932000160217285","7701","7701","7701","2.817999839782715","2.817999839782715","2.817999839782715"
"92","7714","7714","7714","2.877999782562256","2.877999782562256","2.877999782562256","13626","13626","13626","3.0409996509552","3.0409996509552","3.0409996509552","7703","7703","7703","2.746999740600586","2.746999740600586","2.746999740600586"
"93","7716","7716","7716","-1.7979999780654907","-1.7979999780654907","-1.7979999780654907","13628","13628","13628","3.1969995498657227","3.1969995498657227","3.1969995498657227","7705","7705","7705","2.9559996128082275","2.9559996128082275","2.9559996128082275"
"94","7718","7718","7718","3.3480000495910645","3.3480000495910645","3.3480000495910645","13630","13630","13630","3.1669998168945312","3.1669998168945312","3.1669998168945312","7707","7707","7707","3.146000385284424","3.146000385284424","3.146000385284424"
"95","7720","7720","7720","3.3439998626708984","3.3439998626708984","3.3439998626708984","13632","13632","13632","3.1690001487731934","3.1690001487731934","3.1690001487731934","7709","7709","7709","1.241999864578247","1.241999864578247","1.241999864578247"
"96","7722","7722","7722","3.332000255584717","3.332000255584717","3.332000255584717","13634","13634","13634","2.9699997901916504","2.9699997901916504","2.9699997901916504","7711","7711","7711","2.9749999046325684","2.9749999046325684","2.9749999046325684"
"97","7724","7724","7724","3.381999969482422","3.381999969482422","3.381999969482422","13636","13636","13636","3.4049997329711914","3.4049997329711914","3.4049997329711914","7713","7713","7713","3.307000160217285","3.307000160217285","3.307000160217285"
"98","7726","7726","7726","3.4049997329711914","3.4049997329711914","3.4049997329711914","13638","13638","13638","3.246000289916992","3.246000289916992","3.246000289916992","7715","7715","7715","3.385000228881836","3.385000228881836","3.385000228881836"
"99","7888","7888","7888","3.114999771118164","3.114999771118164","3.114999771118164","13953","13953","13953","-2.0480000972747803","-2.0480000972747803","-2.0480000972747803","7873","7873","7873","2.9739999771118164","2.9739999771118164","2.9739999771118164"
"100","7890","7890","7890","2.7669999599456787","2.7669999599456787","2.7669999599456787","13955","13955","13955","2.806999921798706","2.806999921798706","2.806999921798706","7875","7875","7875","2.9240000247955322","2.9240000247955322","2.9240000247955322"
"101","7892","7892","7892","2.927000045776367","2.927000045776367","2.927000045776367","13957","13957","13957","2.8519997596740723","2.8519997596740723","2.8519997596740723","7877","7877","7877","3.1559996604919434","3.1559996604919434","3.1559996604919434"
"102","7894","7894","7894","-1.7980000972747803","-1.7980000972747803","-1.7980000972747803","13959","13959","13959","-1.7979998588562012","-1.7979998588562012","-1.7979998588562012","7879","7879","7879","3.309999942779541","3.309999942779541","3.309999942779541"
"103","7896","7896","7896","3.3330001831054688","3.3330001831054688","3.3330001831054688","13961","13961","13961","3.2779998779296875","3.2779998779296875","3.2779998779296875","7881","7881","7881","3.366000175476074","3.366000175476074","3.366000175476074"
"104","7898","7898","7898","3.3379998207092285","3.3379998207092285","3.3379998207092285","13963","13963","13963","3.332000255584717","3.332000255584717","3.332000255584717","7883","7883","7883","3.3429999351501465","3.3429999351501465","3.3429999351501465"
"105","7900","7900","7900","3.3309998512268066","3.3309998512268066","3.3309998512268066","13965","13965","13965","3.2950000762939453","3.2950000762939453","3.2950000762939453","7885","7885","7885","3.2049999237060547","3.2049999237060547","3.2049999237060547"
"106","7902","7902","7902","3.3899998664855957","3.3899998664855957","3.3899998664855957","13967","13967","13967","3.382999897003174","3.382999897003174","3.382999897003174","7887","7887","7887","3.3849997520446777","3.3849997520446777","3.3849997520446777"
"107","7904","7904","7904","3.307000160217285","3.307000160217285","3.307000160217285","13969","13969","13969","3.4049997329711914","3.4049997329711914","3.4049997329711914","7889","7889","7889","3.3849997520446777","3.3849997520446777","3.3849997520446777"
"108","8070","8070","8070","3.0339999198913574","3.0339999198913574","3.0339999198913574","14283","14283","14283","-2.047999858856201","-2.047999858856201","-2.047999858856201","8050","8050","8050","1.0120000839233398","1.0120000839233398","1.0120000839233398"
"109","8072","8072","8072","2.8949999809265137","2.8949999809265137","2.8949999809265137","14285","14285","14285","2.8909997940063477","2.8909997940063477","2.8909997940063477","8052","8052","8052","3.1549997329711914","3.1549997329711914","3.1549997329711914"
"110","8074","8074","8074","3.061999797821045","3.061999797821045","3.061999797821045","14287","14287","14287","2.7829999923706055","2.7829999923706055","2.7829999923706055","8054","8054","8054","2.922999858856201","2.922999858856201","2.922999858856201"
"111","8076","8076","8076","3.309999942779541","3.309999942779541","3.309999942779541","14289","14289","14289","-1.7979999780654907","-1.7979999780654907","-1.7979999780654907","8056","8056","8056","3.2059993743896484","3.2059993743896484","3.2059993743896484"
"112","8078","8078","8078","3.3449997901916504","3.3449997901916504","3.3449997901916504","14291","14291","14291","3.3239998817443848","3.3239998817443848","3.3239998817443848","8058","8058","8058","3.2129998207092285","3.2129998207092285","3.2129998207092285"
"113","8080","8080","8080","1.241999864578247","1.241999864578247","1.241999864578247","14293","14293","14293","3.3340001106262207","3.3340001106262207","3.3340001106262207","8060","8060","8060","3.3540000915527344","3.3540000915527344","3.3540000915527344"
"114","8082","8082","8082","3.0819997787475586","3.0819997787475586","3.0819997787475586","14295","14295","14295","3.309999942779541","3.309999942779541","3.309999942779541","8062","8062","8062","3.2059998512268066","3.2059998512268066","3.2059998512268066"
"115","8084","8084","8084","3.3899998664855957","3.3899998664855957","3.3899998664855957","14297","14297","14297","3.388000011444092","3.388000011444092","3.388000011444092","8064","8064","8064","3.2239999771118164","3.2239999771118164","3.2239999771118164"
"116","8086","8086","8086","3.382999897003174","3.382999897003174","3.382999897003174","14299","14299","14299","3.321000099182129","3.321000099182129","3.321000099182129","8066","8066","8066","3.3940000534057617","3.3940000534057617","3.3940000534057617"
"117","8244","8244","8244","2.9200000762939453","2.9200000762939453","2.9200000762939453","14614","14614","14614","-2.0480000972747803","-2.0480000972747803","-2.0480000972747803","8224","8224","8224","3.0260000228881836","3.0260000228881836","3.0260000228881836"
"118","8246","8246","8246","2.75","2.75","2.75","14616","14616","14616","2.7669997215270996","2.7669997215270996","2.7669997215270996","8226","8226","8226","3","3","3"
"119","8248","8248","8248","2.8930001258850098","2.8930001258850098","2.8930001258850098","14618","14618","14618","2.7279999256134033","2.7279999256134033","2.7279999256134033","8228","8228","8228","3.119999885559082","3.119999885559082","3.119999885559082"
"120","8250","8250","8250","3.3409996032714844","3.3409996032714844","3.3409996032714844","14620","14620","14620","3.3329997062683105","3.3329997062683105","3.3329997062683105","8230","8230","8230","2.942999839782715","2.942999839782715","2.942999839782715"
"121","8252","8252","8252","3.0960001945495605","3.0960001945495605","3.0960001945495605","14622","14622","14622","3.3390002250671387","3.3390002250671387","3.3390002250671387","8232","8232","8232","3.2709999084472656","3.2709999084472656","3.2709999084472656"
"122","8254","8254","8254","3.0950002670288086","3.0950002670288086","3.0950002670288086","14624","14624","14624","3.3330001831054688","3.3330001831054688","3.3330001831054688","8234","8234","8234","3.2549996376037598","3.2549996376037598","3.2549996376037598"
"123","8256","8256","8256","3.315999984741211","3.315999984741211","3.315999984741211","14626","14626","14626","3.178999900817871","3.178999900817871","3.178999900817871","8236","8236","8236","2.9509999752044678","2.9509999752044678","2.9509999752044678"
"124","8258","8258","8258","3.323000431060791","3.323000431060791","3.323000431060791","14628","14628","14628","1.3419997692108154","1.3419997692108154","1.3419997692108154","8238","8238","8238","3.2259998321533203","3.2259998321533203","3.2259998321533203"
"125","8260","8260","8260","3.322999954223633","3.322999954223633","3.322999954223633","14630","14630","14630","3.3849997520446777","3.3849997520446777","3.3849997520446777","8240","8240","8240","3.306999683380127","3.306999683380127","3.306999683380127"
"126","8417","8417","8417","2.800999879837036","2.800999879837036","2.800999879837036","14944","14944","14944","3.0269999504089355","3.0269999504089355","3.0269999504089355","8402","8402","8402","3.0350000858306885","3.0350000858306885","3.0350000858306885"
"127","8419","8419","8419","2.8939995765686035","2.8939995765686035","2.8939995765686035","14946","14946","14946","2.7049999237060547","2.7049999237060547","2.7049999237060547","8404","8404","8404","2.8519997596740723","2.8519997596740723","2.8519997596740723"
"128","8421","8421","8421","2.934999704360962","2.934999704360962","2.934999704360962","14948","14948","14948","2.7210001945495605","2.7210001945495605","2.7210001945495605","8406","8406","8406","3.060999631881714","3.060999631881714","3.060999631881714"
"129","8423","8423","8423","3.3329997062683105","3.3329997062683105","3.3329997062683105","14950","14950","14950","3.2529993057250977","3.2529993057250977","3.2529993057250977","8408","8408","8408","3.244999408721924","3.244999408721924","3.244999408721924"
"130","8425","8425","8425","1.241999864578247","1.241999864578247","1.241999864578247","14952","14952","14952","3.2779998779296875","3.2779998779296875","3.2779998779296875","8410","8410","8410","3.177999973297119","3.177999973297119","3.177999973297119"
"131","8427","8427","8427","1.241999864578247","1.241999864578247","1.241999864578247","14954","14954","14954","3.181000232696533","3.181000232696533","3.181000232696533","8412","8412","8412","3.206000328063965","3.206000328063965","3.206000328063965"
"132","8429","8429","8429","3.321000099182129","3.321000099182129","3.321000099182129","14956","14956","14956","3.2849998474121094","3.2849998474121094","3.2849998474121094","8414","8414","8414","3.2890000343322754","3.2890000343322754","3.2890000343322754"
"133","8431","8431","8431","3.382999897003174","3.382999897003174","3.382999897003174","14958","14958","14958","3.2290000915527344","3.2290000915527344","3.2290000915527344","8416","8416","8416","3.2090001106262207","3.2090001106262207","3.2090001106262207"
"134","8433","8433","8433","3.386000156402588","3.386000156402588","3.386000156402588","14960","14960","14960","3.2269997596740723","3.2269997596740723","3.2269997596740723","8418","8418","8418","3.372000217437744","3.372000217437744","3.372000217437744"
"135","8598","8598","8598","3.010999917984009","3.010999917984009","3.010999917984009","15277","15277","15277","-2.0480000972747803","-2.0480000972747803","-2.0480000972747803","8579","8579","8579","-2.0480000972747803","-2.0480000972747803","-2.0480000972747803"
"136","8600","8600","8600","2.924999713897705","2.924999713897705","2.924999713897705","15279","15279","15279","2.753999948501587","2.753999948501587","2.753999948501587","8581","8581","8581","3.0980000495910645","3.0980000495910645","3.0980000495910645"
"137","8602","8602","8602","2.9609997272491455","2.9609997272491455","2.9609997272491455","15281","15281","15281","2.758000135421753","2.758000135421753","2.758000135421753","8583","8583","8583","3.1019997596740723","3.1019997596740723","3.1019997596740723"
"138","8604","8604","8604","2.9729995727539062","2.9729995727539062","2.9729995727539062","15283","15283","15283","3.2029995918273926","3.2029995918273926","3.2029995918273926","8585","8585","8585","3.127999782562256","3.127999782562256","3.127999782562256"
"139","8606","8606","8606","3.1640000343322754","3.1640000343322754","3.1640000343322754","15285","15285","15285","1.241999864578247","1.241999864578247","1.241999864578247","8587","8587","8587","3.2119998931884766","3.2119998931884766","3.2119998931884766"
"140","8608","8608","8608","3.188000202178955","3.188000202178955","3.188000202178955","15287","15287","15287","1.241999864578247","1.241999864578247","1.241999864578247","8589","8589","8589","3.3420000076293945","3.3420000076293945","3.3420000076293945"
"141","8610","8610","8610","2.9559998512268066","2.9559998512268066","2.9559998512268066","15289","15289","15289","3.181999683380127","3.181999683380127","3.181999683380127","8591","8591","8591","3.190999984741211","3.190999984741211","3.190999984741211"
"142","8612","8612","8612","3.2300000190734863","3.2300000190734863","3.2300000190734863","15291","15291","15291","3.3879995346069336","3.3879995346069336","3.3879995346069336","8593","8593","8593","3.2160000801086426","3.2160000801086426","3.2160000801086426"
"143","8614","8614","8614","3.2249999046325684","3.2249999046325684","3.2249999046325684","15293","15293","15293","3.4029998779296875","3.4029998779296875","3.4029998779296875","8595","8595","8595","3.3849997520446777","3.3849997520446777","3.3849997520446777"
"144","8773","8773","8773","2.9519999027252197","2.9519999027252197","2.9519999027252197","15609","15609","15609","2.875","2.875","2.875","8759","8759","8759","1.0119997262954712","1.0119997262954712","1.0119997262954712"
"145","8775","8775","8775","3.1560001373291016","3.1560001373291016","3.1560001373291016","15611","15611","15611","2.567999839782715","2.567999839782715","2.567999839782715","8761","8761","8761","3.065999746322632","3.065999746322632","3.065999746322632"
"146","8777","8777","8777","3.1610002517700195","3.1610002517700195","3.1610002517700195","15613","15613","15613","2.5699996948242188","2.5699996948242188","2.5699996948242188","8763","8763","8763","3.1430001258850098","3.1430001258850098","3.1430001258850098"
"147","8779","8779","8779","3.3239998817443848","3.3239998817443848","3.3239998817443848","15615","15615","15615","3.252999782562256","3.252999782562256","3.252999782562256","8765","8765","8765","1.2619997262954712","1.2619997262954712","1.2619997262954712"
"148","8781","8781","8781","1.241999864578247","1.241999864578247","1.241999864578247","15617","15617","15617","3.24899959564209","3.24899959564209","3.24899959564209","8767","8767","8767","3.361999988555908","3.361999988555908","3.361999988555908"
"149","8783","8783","8783","1.241999864578247","1.241999864578247","1.241999864578247","15619","15619","15619","3.1620001792907715","3.1620001792907715","3.1620001792907715","8769","8769","8769","3.3470001220703125","3.3470001220703125","3.3470001220703125"
"150","8785","8785","8785","3.3299999237060547","3.3299999237060547","3.3299999237060547","15621","15621","15621","2.9679999351501465","2.9679999351501465","2.9679999351501465","8771","8771","8771","3.2259998321533203","3.2259998321533203","3.2259998321533203"
"151","8787","8787","8787","3.38700008392334","3.38700008392334","3.38700008392334","15623","15623","15623","3.2249999046325684","3.2249999046325684","3.2249999046325684","8773","8773","8773","3.3349995613098145","3.3349995613098145","3.3349995613098145"
"152","8789","8789","8789","3.4049997329711914","3.4049997329711914","3.4049997329711914","15625","15625","15625","3.2160000801086426","3.2160000801086426","3.2160000801086426","8775","8775","8775","3.383999824523926","3.383999824523926","3.383999824523926"
"153","8951","8951","8951","2.9850001335144043","2.9850001335144043","2.9850001335144043","15942","15942","15942","2.7779998779296875","2.7779998779296875","2.7779998779296875","8939","8939","8939","3.0209999084472656","3.0209999084472656","3.0209999084472656"
"154","8953","8953","8953","3.123000144958496","3.123000144958496","3.123000144958496","15944","15944","15944","3.0420000553131104","3.0420000553131104","3.0420000553131104","8941","8941","8941","3.003999948501587","3.003999948501587","3.003999948501587"
"155","8955","8955","8955","0.5519999265670776","0.5519999265670776","0.5519999265670776","15946","15946","15946","2.9479997158050537","2.9479997158050537","2.9479997158050537","8943","8943","8943","3.1059999465942383","3.1059999465942383","3.1059999465942383"
"156","8957","8957","8957","3.239999771118164","3.239999771118164","3.239999771118164","15948","15948","15948","3.3269996643066406","3.3269996643066406","3.3269996643066406","8945","8945","8945","3.2109994888305664","3.2109994888305664","3.2109994888305664"
"157","8959","8959","8959","1.241999864578247","1.241999864578247","1.241999864578247","15950","15950","15950","1.241999864578247","1.241999864578247","1.241999864578247","8947","8947","8947","3.3379998207092285","3.3379998207092285","3.3379998207092285"
"158","8961","8961","8961","1.241999864578247","1.241999864578247","1.241999864578247","15952","15952","15952","3.3480000495910645","3.3480000495910645","3.3480000495910645","8949","8949","8949","3.3470001220703125","3.3470001220703125","3.3470001220703125"
"159","8963","8963","8963","3.3299999237060547","3.3299999237060547","3.3299999237060547","15954","15954","15954","3.3450002670288086","3.3450002670288086","3.3450002670288086","8951","8951","8951","3.2209997177124023","3.2209997177124023","3.2209997177124023"
"160","8965","8965","8965","3.352999687194824","3.352999687194824","3.352999687194824","15956","15956","15956","3.38700008392334","3.38700008392334","3.38700008392334","8953","8953","8953","3.382999897003174","3.382999897003174","3.382999897003174"
"161","8967","8967","8967","3.318000316619873","3.318000316619873","3.318000316619873","15958","15958","15958","1.241999864578247","1.241999864578247","1.241999864578247","8955","8955","8955","3.307000160217285","3.307000160217285","3.307000160217285"
"162","9133","9133","9133","1.0120000839233398","1.0120000839233398","1.0120000839233398","16274","16274","16274","2.9260001182556152","2.9260001182556152","2.9260001182556152","9113","9113","9113","1.0120000839233398","1.0120000839233398","1.0120000839233398"
"163","9135","9135","9135","2.8989996910095215","2.8989996910095215","2.8989996910095215","16276","16276","16276","3.068999767303467","3.068999767303467","3.068999767303467","9115","9115","9115","3.1020002365112305","3.1020002365112305","3.1020002365112305"
"164","9137","9137","9137","3.1040000915527344","3.1040000915527344","3.1040000915527344","16278","16278","16278","3.120999813079834","3.120999813079834","3.120999813079834","9117","9117","9117","3.1570000648498535","3.1570000648498535","3.1570000648498535"
"165","9139","9139","9139","2.9559996128082275","2.9559996128082275","2.9559996128082275","16280","16280","16280","3.317999839782715","3.317999839782715","3.317999839782715","9119","9119","9119","3.2690000534057617","3.2690000534057617","3.2690000534057617"
"166","9141","9141","9141","3.133999824523926","3.133999824523926","3.133999824523926","16282","16282","16282","3.0929999351501465","3.0929999351501465","3.0929999351501465","9121","9121","9121","3.3540000915527344","3.3540000915527344","3.3540000915527344"
"167","9143","9143","9143","3.256999969482422","3.256999969482422","3.256999969482422","16284","16284","16284","3.2870001792907715","3.2870001792907715","3.2870001792907715","9123","9123","9123","3.328000068664551","3.328000068664551","3.328000068664551"
"168","9145","9145","9145","3.3340001106262207","3.3340001106262207","3.3340001106262207","16286","16286","16286","3.3299999237060547","3.3299999237060547","3.3299999237060547","9125","9125","9125","3.252999782562256","3.252999782562256","3.252999782562256"
"169","9147","9147","9147","3.1540002822875977","3.1540002822875977","3.1540002822875977","16288","16288","16288","3.3919997215270996","3.3919997215270996","3.3919997215270996","9127","9127","9127","3.359999656677246","3.359999656677246","3.359999656677246"
"170","9149","9149","9149","3.241000175476074","3.241000175476074","3.241000175476074","16290","16290","16290","3.4039998054504395","3.4039998054504395","3.4039998054504395","9129","9129","9129","3.322999954223633","3.322999954223633","3.322999954223633"
"171","9305","9305","9305","2.953000068664551","2.953000068664551","2.953000068664551","16607","16607","16607","2.8489999771118164","2.8489999771118164","2.8489999771118164","9293","9293","9293","1.0119999647140503","1.0119999647140503","1.0119999647140503"
"172","9307","9307","9307","2.9019997119903564","2.9019997119903564","2.9019997119903564","16609","16609","16609","2.8889999389648438","2.8889999389648438","2.8889999389648438","9295","9295","9295","3.0959997177124023","3.0959997177124023","3.0959997177124023"
"173","9309","9309","9309","3.0900001525878906","3.0900001525878906","3.0900001525878906","16611","16611","16611","2.871999979019165","2.871999979019165","2.871999979019165","9297","9297","9297","0.9919998645782471","0.9919998645782471","0.9919998645782471"
"174","9311","9311","9311","3.322000026702881","3.322000026702881","3.322000026702881","16613","16613","16613","3.2739996910095215","3.2739996910095215","3.2739996910095215","9299","9299","9299","1.2619996070861816","1.2619996070861816","1.2619996070861816"
"175","9313","9313","9313","1.241999864578247","1.241999864578247","1.241999864578247","16615","16615","16615","3.2709999084472656","3.2709999084472656","3.2709999084472656","9301","9301","9301","3.3449997901916504","3.3449997901916504","3.3449997901916504"
"176","9315","9315","9315","3.3520002365112305","3.3520002365112305","3.3520002365112305","16617","16617","16617","3.327000141143799","3.327000141143799","3.327000141143799","9303","9303","9303","3.3319997787475586","3.3319997787475586","3.3319997787475586"
"177","9317","9317","9317","3.3370003700256348","3.3370003700256348","3.3370003700256348","16619","16619","16619","3.3289999961853027","3.3289999961853027","3.3289999961853027","9305","9305","9305","3.191999912261963","3.191999912261963","3.191999912261963"
"178","9319","9319","9319","3.382999897003174","3.382999897003174","3.382999897003174","16621","16621","16621","3.4029998779296875","3.4029998779296875","3.4029998779296875","9307","9307","9307","3.36899995803833","3.36899995803833","3.36899995803833"
"179","9321","9321","9321","3.382999897003174","3.382999897003174","3.382999897003174","16623","16623","16623","1.2419999837875366","1.2419999837875366","1.2419999837875366","9309","9309","9309","3.3859996795654297","3.3859996795654297","3.3859996795654297"
"180","9478","9478","9478","2.9499998092651367","2.9499998092651367","2.9499998092651367","16939","16939","16939","3.0339999198913574","3.0339999198913574","3.0339999198913574","9472","9472","9472","1.0120000839233398","1.0120000839233398","1.0120000839233398"
"181","9480","9480","9480","3.1040000915527344","3.1040000915527344","3.1040000915527344","16941","16941","16941","2.7799999713897705","2.7799999713897705","2.7799999713897705","9474","9474","9474","3.0179996490478516","3.0179996490478516","3.0179996490478516"
"182","9482","9482","9482","3.190000057220459","3.190000057220459","3.190000057220459","16943","16943","16943","2.8350000381469727","2.8350000381469727","2.8350000381469727","9476","9476","9476","3.1069998741149902","3.1069998741149902","3.1069998741149902"
"183","9484","9484","9484","3.231999397277832","3.231999397277832","3.231999397277832","16945","16945","16945","3.247999668121338","3.247999668121338","3.247999668121338","9478","9478","9478","3.2639999389648438","3.2639999389648438","3.2639999389648438"
"184","9486","9486","9486","3.358999729156494","3.358999729156494","3.358999729156494","16947","16947","16947","3.238999843597412","3.238999843597412","3.238999843597412","9480","9480","9480","3.2769999504089355","3.2769999504089355","3.2769999504089355"
"185","9488","9488","9488","3.3489999771118164","3.3489999771118164","3.3489999771118164","16949","16949","16949","3.236999988555908","3.236999988555908","3.236999988555908","9482","9482","9482","3.3330001831054688","3.3330001831054688","3.3330001831054688"
"186","9490","9490","9490","3.2649998664855957","3.2649998664855957","3.2649998664855957","16951","16951","16951","3.3480000495910645","3.3480000495910645","3.3480000495910645","9484","9484","9484","3.2579994201660156","3.2579994201660156","3.2579994201660156"
"187","9492","9492","9492","3.4010000228881836","3.4010000228881836","3.4010000228881836","16953","16953","16953","3.321000099182129","3.321000099182129","3.321000099182129","9486","9486","9486","3.370999813079834","3.370999813079834","3.370999813079834"
"188","9494","9494","9494","3.36899995803833","3.36899995803833","3.36899995803833","16955","16955","16955","3.4000000953674316","3.4000000953674316","3.4000000953674316","9488","9488","9488","3.328000068664551","3.328000068664551","3.328000068664551"
"189","9659","9659","9659","3.0299999713897705","3.0299999713897705","3.0299999713897705","17273","17273","17273","2.9579999446868896","2.9579999446868896","2.9579999446868896","9646","9646","9646","2.9720001220703125","2.9720001220703125","2.9720001220703125"
"190","9661","9661","9661","2.9759998321533203","2.9759998321533203","2.9759998321533203","17275","17275","17275","3.0850000381469727","3.0850000381469727","3.0850000381469727","9648","9648","9648","3.052999973297119","3.052999973297119","3.052999973297119"
"191","9663","9663","9663","3.0719997882843018","3.0719997882843018","3.0719997882843018","17277","17277","17277","0.9919999837875366","0.9919999837875366","0.9919999837875366","9650","9650","9650","3.133000373840332","3.133000373840332","3.133000373840332"
"192","9665","9665","9665","3.2599997520446777","3.2599997520446777","3.2599997520446777","17279","17279","17279","3.2549996376037598","3.2549996376037598","3.2549996376037598","9652","9652","9652","3.253999710083008","3.253999710083008","3.253999710083008"
"193","9667","9667","9667","3.2179999351501465","3.2179999351501465","3.2179999351501465","17281","17281","17281","3.2950000762939453","3.2950000762939453","3.2950000762939453","9654","9654","9654","3.3480000495910645","3.3480000495910645","3.3480000495910645"
"194","9669","9669","9669","3.2800002098083496","3.2800002098083496","3.2800002098083496","17283","17283","17283","1.241999864578247","1.241999864578247","1.241999864578247","9656","9656","9656","3.358999729156494","3.358999729156494","3.358999729156494"
"195","9671","9671","9671","3.2749996185302734","3.2749996185302734","3.2749996185302734","17285","17285","17285","3.2089996337890625","3.2089996337890625","3.2089996337890625","9658","9658","9658","3.2659993171691895","3.2659993171691895","3.2659993171691895"
"196","9673","9673","9673","3.194000244140625","3.194000244140625","3.194000244140625","17287","17287","17287","3.2109999656677246","3.2109999656677246","3.2109999656677246","9660","9660","9660","3.3519997596740723","3.3519997596740723","3.3519997596740723"
"197","9675","9675","9675","3.318000316619873","3.318000316619873","3.318000316619873","17289","17289","17289","3.3849997520446777","3.3849997520446777","3.3849997520446777","9662","9662","9662","3.4049997329711914","3.4049997329711914","3.4049997329711914"
"198","9834","9834","9834","1.0120000839233398","1.0120000839233398","1.0120000839233398","17605","17605","17605","2.996999979019165","2.996999979019165","2.996999979019165","9822","9822","9822","1.0120000839233398","1.0120000839233398","1.0120000839233398"
"199","9836","9836","9836","3.11299991607666","3.11299991607666","3.11299991607666","17607","17607","17607","3.108999729156494","3.108999729156494","3.108999729156494","9824","9824","9824","3.0709996223449707","3.0709996223449707","3.0709996223449707"
"200","9838","9838","9838","0.9919997453689575","0.9919997453689575","0.9919997453689575","17609","17609","17609","3.1020002365112305","3.1020002365112305","3.1020002365112305","9826","9826","9826","3.07099986076355","3.07099986076355","3.07099986076355"
"201","9840","9840","9840","3.246999740600586","3.246999740600586","3.246999740600586","17611","17611","17611","3.2649993896484375","3.2649993896484375","3.2649993896484375","9828","9828","9828","3.258999824523926","3.258999824523926","3.258999824523926"
"202","9842","9842","9842","1.241999864578247","1.241999864578247","1.241999864578247","17613","17613","17613","3.252999782562256","3.252999782562256","3.252999782562256","9830","9830","9830","3.3379998207092285","3.3379998207092285","3.3379998207092285"
"203","9844","9844","9844","3.36299991607666","3.36299991607666","3.36299991607666","17615","17615","17615","3.3420000076293945","3.3420000076293945","3.3420000076293945","9832","9832","9832","3.3390002250671387","3.3390002250671387","3.3390002250671387"
"204","9846","9846","9846","3.258999824523926","3.258999824523926","3.258999824523926","17617","17617","17617","3.2809996604919434","3.2809996604919434","3.2809996604919434","9834","9834","9834","3.2579994201660156","3.2579994201660156","3.2579994201660156"
"205","9848","9848","9848","3.3899998664855957","3.3899998664855957","3.3899998664855957","17619","17619","17619","3.2260003089904785","3.2260003089904785","3.2260003089904785","9836","9836","9836","1.2419997453689575","1.2419997453689575","1.2419997453689575"
"206","9850","9850","9850","3.4070000648498535","3.4070000648498535","3.4070000648498535","17621","17621","17621","3.4019999504089355","3.4019999504089355","3.4019999504089355","9838","9838","9838","3.309000015258789","3.309000015258789","3.309000015258789"
"207","10012","10012","10012","1.2319998741149902","1.2319998741149902","1.2319998741149902","17938","17938","17938","1.0120000839233398","1.0120000839233398","1.0120000839233398","9998","9998","9998","3.118000030517578","3.118000030517578","3.118000030517578"
"208","10014","10014","10014","2.926999807357788","2.926999807357788","2.926999807357788","17940","17940","17940","3.0309996604919434","3.0309996604919434","3.0309996604919434","10000","10000","10000","3.13100004196167","3.13100004196167","3.13100004196167"
"209","10016","10016","10016","2.9260001182556152","2.9260001182556152","2.9260001182556152","17942","17942","17942","3.059999704360962","3.059999704360962","3.059999704360962","10002","10002","10002","3.147000312805176","3.147000312805176","3.147000312805176"
"210","10018","10018","10018","3.234999656677246","3.234999656677246","3.234999656677246","17944","17944","17944","3.2509994506835938","3.2509994506835938","3.2509994506835938","10004","10004","10004","3.23699951171875","3.23699951171875","3.23699951171875"
"211","10020","10020","10020","3.3319997787475586","3.3319997787475586","3.3319997787475586","17946","17946","17946","3.364999771118164","3.364999771118164","3.364999771118164","10006","10006","10006","3.2189998626708984","3.2189998626708984","3.2189998626708984"
"212","10022","10022","10022","3.3420000076293945","3.3420000076293945","3.3420000076293945","17948","17948","17948","3.309000015258789","3.309000015258789","3.309000015258789","10008","10008","10008","3.3569998741149902","3.3569998741149902","3.3569998741149902"
"213","10024","10024","10024","3.2559995651245117","3.2559995651245117","3.2559995651245117","17950","17950","17950","3.258999824523926","3.258999824523926","3.258999824523926","10010","10010","10010","3.2509994506835938","3.2509994506835938","3.2509994506835938"
"214","10026","10026","10026","3.3329997062683105","3.3329997062683105","3.3329997062683105","17952","17952","17952","3.381999969482422","3.381999969482422","3.381999969482422","10012","10012","10012","3.352999687194824","3.352999687194824","3.352999687194824"
"215","10028","10028","10028","3.4010000228881836","3.4010000228881836","3.4010000228881836","17954","17954","17954","3.3899998664855957","3.3899998664855957","3.3899998664855957","10014","10014","10014","3.3849997520446777","3.3849997520446777","3.3849997520446777"
"216","10187","10187","10187","1.0119998455047607","1.0119998455047607","1.0119998455047607","18271","18271","18271","2.9559998512268066","2.9559998512268066","2.9559998512268066","10174","10174","10174","3.058000087738037","3.058000087738037","3.058000087738037"
"217","10189","10189","10189","3.0959997177124023","3.0959997177124023","3.0959997177124023","18273","18273","18273","3.1100001335144043","3.1100001335144043","3.1100001335144043","10176","10176","10176","2.988999843597412","2.988999843597412","2.988999843597412"
"218","10191","10191","10191","3.064999580383301","3.064999580383301","3.064999580383301","18275","18275","18275","3.1110000610351562","3.1110000610351562","3.1110000610351562","10178","10178","10178","3.111999988555908","3.111999988555908","3.111999988555908"
"219","10193","10193","10193","3.1999993324279785","3.1999993324279785","3.1999993324279785","18277","18277","18277","1.2619993686676025","1.2619993686676025","1.2619993686676025","10180","10180","10180","3.2529993057250977","3.2529993057250977","3.2529993057250977"
"220","10195","10195","10195","3.2950000762939453","3.2950000762939453","3.2950000762939453","18279","18279","18279","3.3319997787475586","3.3319997787475586","3.3319997787475586","10182","10182","10182","1.241999864578247","1.241999864578247","1.241999864578247"
"221","10197","10197","10197","3.3389997482299805","3.3389997482299805","3.3389997482299805","18281","18281","18281","3.3459997177124023","3.3459997177124023","3.3459997177124023","10184","10184","10184","3.3410000801086426","3.3410000801086426","3.3410000801086426"
"222","10199","10199","10199","1.2619997262954712","1.2619997262954712","1.2619997262954712","18283","18283","18283","3.2509994506835938","3.2509994506835938","3.2509994506835938","10186","10186","10186","3.2569994926452637","3.2569994926452637","3.2569994926452637"
"223","10201","10201","10201","3.2109999656677246","3.2109999656677246","3.2109999656677246","18285","18285","18285","3.186999797821045","3.186999797821045","3.186999797821045","10188","10188","10188","3.370999813079834","3.370999813079834","3.370999813079834"
"224","10203","10203","10203","3.3889999389648438","3.3889999389648438","3.3889999389648438","18287","18287","18287","3.4029998779296875","3.4029998779296875","3.4029998779296875","10190","10190","10190","3.382999897003174","3.382999897003174","3.382999897003174"
"225","10363","10363","10363","2.8339998722076416","2.8339998722076416","2.8339998722076416","18603","18603","18603","1.0120000839233398","1.0120000839233398","1.0120000839233398","10352","10352","10352","3.13100004196167","3.13100004196167","3.13100004196167"
"226","10365","10365","10365","3.0869998931884766","3.0869998931884766","3.0869998931884766","18605","18605","18605","3.0390000343322754","3.0390000343322754","3.0390000343322754","10354","10354","10354","3.0380001068115234","3.0380001068115234","3.0380001068115234"
"227","10367","10367","10367","3.06000018119812","3.06000018119812","3.06000018119812","18607","18607","18607","0.9919999837875366","0.9919999837875366","0.9919999837875366","10356","10356","10356","3.1449999809265137","3.1449999809265137","3.1449999809265137"
"228","10369","10369","10369","3.229999542236328","3.229999542236328","3.229999542236328","18609","18609","18609","3.197000026702881","3.197000026702881","3.197000026702881","10358","10358","10358","3.246999740600586","3.246999740600586","3.246999740600586"
"229","10371","10371","10371","3.185999870300293","3.185999870300293","3.185999870300293","18611","18611","18611","3.2750000953674316","3.2750000953674316","3.2750000953674316","10360","10360","10360","1.241999864578247","1.241999864578247","1.241999864578247"
"230","10373","10373","10373","1.2419997453689575","1.2419997453689575","1.2419997453689575","18613","18613","18613","1.2419997453689575","1.2419997453689575","1.2419997453689575","10362","10362","10362","3.2639999389648438","3.2639999389648438","3.2639999389648438"
"231","10375","10375","10375","3.233999729156494","3.233999729156494","3.233999729156494","18615","18615","18615","3.2619996070861816","3.2619996070861816","3.2619996070861816","10364","10364","10364","3.23099946975708","3.23099946975708","3.23099946975708"
"232","10377","10377","10377","3.3859996795654297","3.3859996795654297","3.3859996795654297","18617","18617","18617","3.2199997901916504","3.2199997901916504","3.2199997901916504","10366","10366","10366","3.3949999809265137","3.3949999809265137","3.3949999809265137"
"233","10379","10379","10379","3.4049997329711914","3.4049997329711914","3.4049997329711914","18619","18619","18619","3.302000045776367","3.302000045776367","3.302000045776367","10368","10368","10368","1.2419999837875366","1.2419999837875366","1.2419999837875366"
"234","10541","10541","10541","1.0120000839233398","1.0120000839233398","1.0120000839233398","18936","18936","18936","2.986999988555908","2.986999988555908","2.986999988555908","10529","10529","10529","3.0960001945495605","3.0960001945495605","3.0960001945495605"
"235","10543","10543","10543","2.999000072479248","2.999000072479248","2.999000072479248","18938","18938","18938","3.0490000247955322","3.0490000247955322","3.0490000247955322","10531","10531","10531","3.0199999809265137","3.0199999809265137","3.0199999809265137"
"236","10545","10545","10545","3.114999771118164","3.114999771118164","3.114999771118164","18940","18940","18940","3.075000047683716","3.075000047683716","3.075000047683716","10533","10533","10533","3.125999927520752","3.125999927520752","3.125999927520752"
"237","10547","10547","10547","3.239999294281006","3.239999294281006","3.239999294281006","18942","18942","18942","3.2599997520446777","3.2599997520446777","3.2599997520446777","10535","10535","10535","1.261999487876892","1.261999487876892","1.261999487876892"
"238","10549","10549","10549","3.292999744415283","3.292999744415283","3.292999744415283","18944","18944","18944","3.3479995727539062","3.3479995727539062","3.3479995727539062","10537","10537","10537","3.3530001640319824","3.3530001640319824","3.3530001640319824"
"239","10551","10551","10551","3.326000213623047","3.326000213623047","3.326000213623047","18946","18946","18946","1.241999864578247","1.241999864578247","1.241999864578247","10539","10539","10539","3.3480000495910645","3.3480000495910645","3.3480000495910645"
"240","10553","10553","10553","3.252999782562256","3.252999782562256","3.252999782562256","18948","18948","18948","3.2729997634887695","3.2729997634887695","3.2729997634887695","10541","10541","10541","3.253999710083008","3.253999710083008","3.253999710083008"
"241","10555","10555","10555","3.2160000801086426","3.2160000801086426","3.2160000801086426","18950","18950","18950","3.2239999771118164","3.2239999771118164","3.2239999771118164","10543","10543","10543","1.3419997692108154","1.3419997692108154","1.3419997692108154"
"242","10557","10557","10557","3.4019999504089355","3.4019999504089355","3.4019999504089355","18952","18952","18952","1.3420000076293945","1.3420000076293945","1.3420000076293945","10545","10545","10545","3.303999900817871","3.303999900817871","3.303999900817871"
"243","10719","10719","10719","3.058000087738037","3.058000087738037","3.058000087738037","19268","19268","19268","2.9499998092651367","2.9499998092651367","2.9499998092651367","10705","10705","10705","3.074000120162964","3.074000120162964","3.074000120162964"
"244","10721","10721","10721","3.081000328063965","3.081000328063965","3.081000328063965","19270","19270","19270","3.1090002059936523","3.1090002059936523","3.1090002059936523","10707","10707","10707","3.0789999961853027","3.0789999961853027","3.0789999961853027"
"245","10723","10723","10723","3.11299991607666","3.11299991607666","3.11299991607666","19272","19272","19272","3.107999801635742","3.107999801635742","3.107999801635742","10709","10709","10709","0.9919997453689575","0.9919997453689575","0.9919997453689575"
"246","10725","10725","10725","3.2669997215270996","3.2669997215270996","3.2669997215270996","19274","19274","19274","3.188999652862549","3.188999652862549","3.188999652862549","10711","10711","10711","3.235999584197998","3.235999584197998","3.235999584197998"
"247","10727","10727","10727","3.322000026702881","3.322000026702881","3.322000026702881","19276","19276","19276","3.332000255584717","3.332000255584717","3.332000255584717","10713","10713","10713","3.369999885559082","3.369999885559082","3.369999885559082"
"248","10729","10729","10729","3.2690000534057617","3.2690000534057617","3.2690000534057617","19278","19278","19278","3.248000144958496","3.248000144958496","3.248000144958496","10715","10715","10715","3.3520002365112305","3.3520002365112305","3.3520002365112305"
"249","10731","10731","10731","3.2559995651245117","3.2559995651245117","3.2559995651245117","19280","19280","19280","3.197000026702881","3.197000026702881","3.197000026702881","10717","10717","10717","3.1479992866516113","3.1479992866516113","3.1479992866516113"
"250","10733","10733","10733","3.323000431060791","3.323000431060791","3.323000431060791","19282","19282","19282","3.365999698638916","3.365999698638916","3.365999698638916","10719","10719","10719","3.3859996795654297","3.3859996795654297","3.3859996795654297"
"251","10735","10735","10735","3.372000217437744","3.372000217437744","3.372000217437744","19284","19284","19284","3.307000160217285","3.307000160217285","3.307000160217285","10721","10721","10721","3.3859996795654297","3.3859996795654297","3.3859996795654297"
"252","10903","10903","10903","3.052999973297119","3.052999973297119","3.052999973297119","19601","19601","19601","1.0120000839233398","1.0120000839233398","1.0120000839233398","10882","10882","10882","1.0119998455047607","1.0119998455047607","1.0119998455047607"
"253","10905","10905","10905","3.119999885559082","3.119999885559082","3.119999885559082","19603","19603","19603","2.9670000076293945","2.9670000076293945","2.9670000076293945","10884","10884","10884","3.0269999504089355","3.0269999504089355","3.0269999504089355"
"254","10907","10907","10907","2.939000129699707","2.939000129699707","2.939000129699707","19605","19605","19605","3.056999683380127","3.056999683380127","3.056999683380127","10886","10886","10886","0.9920002222061157","0.9920002222061157","0.9920002222061157"
"255","10909","10909","10909","3.252999782562256","3.252999782562256","3.252999782562256","19607","19607","19607","3.239999771118164","3.239999771118164","3.239999771118164","10888","10888","10888","3.231999397277832","3.231999397277832","3.231999397277832"
"256","10911","10911","10911","3.2829999923706055","3.2829999923706055","3.2829999923706055","19609","19609","19609","3.2810001373291016","3.2810001373291016","3.2810001373291016","10890","10890","10890","3.3400001525878906","3.3400001525878906","3.3400001525878906"
"257","10913","10913","10913","1.241999864578247","1.241999864578247","1.241999864578247","19611","19611","19611","3.245999813079834","3.245999813079834","3.245999813079834","10892","10892","10892","3.3330001831054688","3.3330001831054688","3.3330001831054688"
"258","10915","10915","10915","3.24899959564209","3.24899959564209","3.24899959564209","19613","19613","19613","3.2819995880126953","3.2819995880126953","3.2819995880126953","10894","10894","10894","3.249999523162842","3.249999523162842","3.249999523162842"
"259","10917","10917","10917","3.383999824523926","3.383999824523926","3.383999824523926","19615","19615","19615","3.2139997482299805","3.2139997482299805","3.2139997482299805","10896","10896","10896","3.3899998664855957","3.3899998664855957","3.3899998664855957"
"260","10919","10919","10919","3.321000099182129","3.321000099182129","3.321000099182129","19617","19617","19617","3.4039998054504395","3.4039998054504395","3.4039998054504395","10898","10898","10898","3.383999824523926","3.383999824523926","3.383999824523926"
"261","11085","11085","11085","1.0120000839233398","1.0120000839233398","1.0120000839233398","19934","19934","19934","1.0120000839233398","1.0120000839233398","1.0120000839233398","11056","11056","11056","2.927000045776367","2.927000045776367","2.927000045776367"
"262","11087","11087","11087","3.0899996757507324","3.0899996757507324","3.0899996757507324","19936","19936","19936","3.0250000953674316","3.0250000953674316","3.0250000953674316","11058","11058","11058","3.1050000190734863","3.1050000190734863","3.1050000190734863"
"263","11089","11089","11089","3.116999626159668","3.116999626159668","3.116999626159668","19938","19938","19938","3.052000045776367","3.052000045776367","3.052000045776367","11060","11060","11060","3.107999801635742","3.107999801635742","3.107999801635742"
"264","11091","11091","11091","3.2679996490478516","3.2679996490478516","3.2679996490478516","19940","19940","19940","3.258999824523926","3.258999824523926","3.258999824523926","11062","11062","11062","3.252999782562256","3.252999782562256","3.252999782562256"
"265","11093","11093","11093","3.332000255584717","3.332000255584717","3.332000255584717","19942","19942","19942","3.3470001220703125","3.3470001220703125","3.3470001220703125","11064","11064","11064","3.2930002212524414","3.2930002212524414","3.2930002212524414"
"266","11095","11095","11095","3.3439998626708984","3.3439998626708984","3.3439998626708984","19944","19944","19944","1.241999864578247","1.241999864578247","1.241999864578247","11066","11066","11066","3.3239998817443848","3.3239998817443848","3.3239998817443848"
"267","11097","11097","11097","3.245999813079834","3.245999813079834","3.245999813079834","19946","19946","19946","3.247999668121338","3.247999668121338","3.247999668121338","11068","11068","11068","3.249999523162842","3.249999523162842","3.249999523162842"
"268","11099","11099","11099","3.311999797821045","3.311999797821045","3.311999797821045","19948","19948","19948","3.4059996604919434","3.4059996604919434","3.4059996604919434","11070","11070","11070","3.2059998512268066","3.2059998512268066","3.2059998512268066"
"269","11101","11101","11101","3.302000045776367","3.302000045776367","3.302000045776367","19950","19950","19950","3.1500000953674316","3.1500000953674316","3.1500000953674316","11072","11072","11072","3.3849997520446777","3.3849997520446777","3.3849997520446777"
"270","11262","11262","11262","1.2319998741149902","1.2319998741149902","1.2319998741149902","20266","20266","20266","1.0120000839233398","1.0120000839233398","1.0120000839233398","11232","11232","11232","2.944999933242798","2.944999933242798","2.944999933242798"
"271","11264","11264","11264","2.9079997539520264","2.9079997539520264","2.9079997539520264","20268","20268","20268","3.0879998207092285","3.0879998207092285","3.0879998207092285","11234","11234","11234","3.1449999809265137","3.1449999809265137","3.1449999809265137"
"272","11266","11266","11266","3.13800048828125","3.13800048828125","3.13800048828125","20270","20270","20270","3.141000270843506","3.141000270843506","3.141000270843506","11236","11236","11236","0.9919997453689575","0.9919997453689575","0.9919997453689575"
"273","11268","11268","11268","3.235999584197998","3.235999584197998","3.235999584197998","20272","20272","20272","3.2719998359680176","3.2719998359680176","3.2719998359680176","11238","11238","11238","3.249999523162842","3.249999523162842","3.249999523162842"
"274","11270","11270","11270","3.3590002059936523","3.3590002059936523","3.3590002059936523","20274","20274","20274","3.3449997901916504","3.3449997901916504","3.3449997901916504","11240","11240","11240","3.3420000076293945","3.3420000076293945","3.3420000076293945"
"275","11272","11272","11272","3.326000213623047","3.326000213623047","3.326000213623047","20276","20276","20276","3.0920000076293945","3.0920000076293945","3.0920000076293945","11242","11242","11242","3.3249998092651367","3.3249998092651367","3.3249998092651367"
"276","11274","11274","11274","3.2779998779296875","3.2779998779296875","3.2779998779296875","20278","20278","20278","3.233999729156494","3.233999729156494","3.233999729156494","11244","11244","11244","3.2819995880126953","3.2819995880126953","3.2819995880126953"
"277","11276","11276","11276","3.388000011444092","3.388000011444092","3.388000011444092","20280","20280","20280","3.3610000610351562","3.3610000610351562","3.3610000610351562","11246","11246","11246","3.352999687194824","3.352999687194824","3.352999687194824"
"278","11278","11278","11278","3.3889999389648438","3.3889999389648438","3.3889999389648438","20282","20282","20282","3.320000171661377","3.320000171661377","3.320000171661377","11248","11248","11248","3.374000072479248","3.374000072479248","3.374000072479248"
"279","11446","11446","11446","1.0120002031326294","1.0120002031326294","1.0120002031326294","20599","20599","20599","1.0120000839233398","1.0120000839233398","1.0120000839233398","11406","11406","11406","2.994999885559082","2.994999885559082","2.994999885559082"
"280","11448","11448","11448","3.0759997367858887","3.0759997367858887","3.0759997367858887","20601","20601","20601","2.9599997997283936","2.9599997997283936","2.9599997997283936","11408","11408","11408","3.081000328063965","3.081000328063965","3.081000328063965"
"281","11450","11450","11450","3.1549997329711914","3.1549997329711914","3.1549997329711914","20603","20603","20603","3.0920000076293945","3.0920000076293945","3.0920000076293945","11410","11410","11410","3.1409997940063477","3.1409997940063477","3.1409997940063477"
"282","11452","11452","11452","1.261999487876892","1.261999487876892","1.261999487876892","20605","20605","20605","3.238999843597412","3.238999843597412","3.238999843597412","11412","11412","11412","3.3289999961853027","3.3289999961853027","3.3289999961853027"
"283","11454","11454","11454","3.296999931335449","3.296999931335449","3.296999931335449","20607","20607","20607","3.2119998931884766","3.2119998931884766","3.2119998931884766","11414","11414","11414","3.3509998321533203","3.3509998321533203","3.3509998321533203"
"284","11456","11456","11456","3.3389997482299805","3.3389997482299805","3.3389997482299805","20609","20609","20609","3.2669997215270996","3.2669997215270996","3.2669997215270996","11416","11416","11416","3.3540000915527344","3.3540000915527344","3.3540000915527344"
"285","11458","11458","11458","3.2769994735717773","3.2769994735717773","3.2769994735717773","20611","20611","20611","3.249999523162842","3.249999523162842","3.249999523162842","11418","11418","11418","3.3369998931884766","3.3369998931884766","3.3369998931884766"
"286","11460","11460","11460","3.316999912261963","3.316999912261963","3.316999912261963","20613","20613","20613","3.2100000381469727","3.2100000381469727","3.2100000381469727","11420","11420","11420","3.3899998664855957","3.3899998664855957","3.3899998664855957"
"287","11462","11462","11462","3.2990002632141113","3.2990002632141113","3.2990002632141113","20615","20615","20615","3.4039998054504395","3.4039998054504395","3.4039998054504395","11422","11422","11422","3.3859996795654297","3.3859996795654297","3.3859996795654297"
"288","11621","11621","11621","1.0119999647140503","1.0119999647140503","1.0119999647140503","20931","20931","20931","1.0119999647140503","1.0119999647140503","1.0119999647140503","11586","11586","11586","3.046999931335449","3.046999931335449","3.046999931335449"
"289","11623","11623","11623","3.0960001945495605","3.0960001945495605","3.0960001945495605","20933","20933","20933","3.124000072479248","3.124000072479248","3.124000072479248","11588","11588","11588","3.05899977684021","3.05899977684021","3.05899977684021"
"290","11625","11625","11625","0.9919998645782471","0.9919998645782471","0.9919998645782471","20935","20935","20935","3.1019997596740723","3.1019997596740723","3.1019997596740723","11590","11590","11590","3.078000068664551","3.078000068664551","3.078000068664551"
"291","11627","11627","11627","3.243999481201172","3.243999481201172","3.243999481201172","20937","20937","20937","1.2619996070861816","1.2619996070861816","1.2619996070861816","11592","11592","11592","3.2079992294311523","3.2079992294311523","3.2079992294311523"
"292","11629","11629","11629","3.250999927520752","3.250999927520752","3.250999927520752","20939","20939","20939","3.0910000801086426","3.0910000801086426","3.0910000801086426","11594","11594","11594","3.3470001220703125","3.3470001220703125","3.3470001220703125"
"293","11631","11631","11631","3.2649998664855957","3.2649998664855957","3.2649998664855957","20941","20941","20941","3.3249998092651367","3.3249998092651367","3.3249998092651367","11596","11596","11596","3.2769999504089355","3.2769999504089355","3.2769999504089355"
"294","11633","11633","11633","3.252999782562256","3.252999782562256","3.252999782562256","20943","20943","20943","1.2619996070861816","1.2619996070861816","1.2619996070861816","11598","11598","11598","1.2619997262954712","1.2619997262954712","1.2619997262954712"
"295","11635","11635","11635","3.184999942779541","3.184999942779541","3.184999942779541","20945","20945","20945","3.2140002250671387","3.2140002250671387","3.2140002250671387","11600","11600","11600","3.38100004196167","3.38100004196167","3.38100004196167"
"296","11637","11637","11637","3.4019999504089355","3.4019999504089355","3.4019999504089355","20947","20947","20947","3.303999900817871","3.303999900817871","3.303999900817871","11602","11602","11602","3.4039998054504395","3.4039998054504395","3.4039998054504395"
"297","11799","11799","11799","1.0120000839233398","1.0120000839233398","1.0120000839233398","21263","21263","21263","3.077000141143799","3.077000141143799","3.077000141143799","11758","11758","11758","3.116000175476074","3.116000175476074","3.116000175476074"
"298","11801","11801","11801","3.0349996089935303","3.0349996089935303","3.0349996089935303","21265","21265","21265","3.077000141143799","3.077000141143799","3.077000141143799","11760","11760","11760","3.052000045776367","3.052000045776367","3.052000045776367"
"299","11803","11803","11803","3.0399999618530273","3.0399999618530273","3.0399999618530273","21267","21267","21267","3.126999855041504","3.126999855041504","3.126999855041504","11762","11762","11762","3.11299991607666","3.11299991607666","3.11299991607666"
"300","11805","11805","11805","3.245999813079834","3.245999813079834","3.245999813079834","21269","21269","21269","3.244999885559082","3.244999885559082","3.244999885559082","11764","11764","11764","3.231999397277832","3.231999397277832","3.231999397277832"
"301","11807","11807","11807","3.369999885559082","3.369999885559082","3.369999885559082","21271","21271","21271","3.196000099182129","3.196000099182129","3.196000099182129","11766","11766","11766","3.1710000038146973","3.1710000038146973","3.1710000038146973"
"302","11809","11809","11809","3.3530001640319824","3.3530001640319824","3.3530001640319824","21273","21273","21273","3.3420000076293945","3.3420000076293945","3.3420000076293945","11768","11768","11768","3.3439998626708984","3.3439998626708984","3.3439998626708984"
"303","11811","11811","11811","3.1519994735717773","3.1519994735717773","3.1519994735717773","21275","21275","21275","3.196000099182129","3.196000099182129","3.196000099182129","11770","11770","11770","3.249999523162842","3.249999523162842","3.249999523162842"
"304","11813","11813","11813","3.3259997367858887","3.3259997367858887","3.3259997367858887","21277","21277","21277","3.2239999771118164","3.2239999771118164","3.2239999771118164","11772","11772","11772","3.3569998741149902","3.3569998741149902","3.3569998741149902"
"305","11815","11815","11815","3.302000045776367","3.302000045776367","3.302000045776367","21279","21279","21279","3.3899998664855957","3.3899998664855957","3.3899998664855957","11774","11774","11774","3.383999824523926","3.383999824523926","3.383999824523926"
"306","11980","11980","11980","1.0120000839233398","1.0120000839233398","1.0120000839233398","21597","21597","21597","2.8990001678466797","2.8990001678466797","2.8990001678466797","11933","11933","11933","3.065999984741211","3.065999984741211","3.065999984741211"
"307","11982","11982","11982","3.111999988555908","3.111999988555908","3.111999988555908","21599","21599","21599","2.9599997997283936","2.9599997997283936","2.9599997997283936","11935","11935","11935","3.1399998664855957","3.1399998664855957","3.1399998664855957"
"308","11984","11984","11984","3.1090002059936523","3.1090002059936523","3.1090002059936523","21601","21601","21601","3.064000129699707","3.064000129699707","3.064000129699707","11937","11937","11937","3.123000144958496","3.123000144958496","3.123000144958496"
"309","11986","11986","11986","3.238999843597412","3.238999843597412","3.238999843597412","21603","21603","21603","1.2619999647140503","1.2619999647140503","1.2619999647140503","11939","11939","11939","1.2619996070861816","1.2619996070861816","1.2619996070861816"
"310","11988","11988","11988","3.3389997482299805","3.3389997482299805","3.3389997482299805","21605","21605","21605","3.2090001106262207","3.2090001106262207","3.2090001106262207","11941","11941","11941","3.3449997901916504","3.3449997901916504","3.3449997901916504"
"311","11990","11990","11990","3.3489999771118164","3.3489999771118164","3.3489999771118164","21607","21607","21607","3.3309998512268066","3.3309998512268066","3.3309998512268066","11943","11943","11943","1.241999864578247","1.241999864578247","1.241999864578247"
"312","11992","11992","11992","3.2559995651245117","3.2559995651245117","3.2559995651245117","21609","21609","21609","1.2619998455047607","1.2619998455047607","1.2619998455047607","11945","11945","11945","3.245999813079834","3.245999813079834","3.245999813079834"
"313","11994","11994","11994","3.358999729156494","3.358999729156494","3.358999729156494","21611","21611","21611","3.2249999046325684","3.2249999046325684","3.2249999046325684","11947","11947","11947","3.318000316619873","3.318000316619873","3.318000316619873"
"314","11996","11996","11996","3.3809995651245117","3.3809995651245117","3.3809995651245117","21613","21613","21613","3.319000244140625","3.319000244140625","3.319000244140625","11949","11949","11949","3.3889999389648438","3.3889999389648438","3.3889999389648438"
"315","12154","12154","12154","-2.0480000972747803","-2.0480000972747803","-2.0480000972747803","21929","21929","21929","1.0120000839233398","1.0120000839233398","1.0120000839233398","12112","12112","12112","3.0980000495910645","3.0980000495910645","3.0980000495910645"
"316","12156","12156","12156","3.1430001258850098","3.1430001258850098","3.1430001258850098","21931","21931","21931","3.056999921798706","3.056999921798706","3.056999921798706","12114","12114","12114","3.0409998893737793","3.0409998893737793","3.0409998893737793"
"317","12158","12158","12158","3.142000198364258","3.142000198364258","3.142000198364258","21933","21933","21933","3.066999912261963","3.066999912261963","3.066999912261963","12116","12116","12116","3.1649999618530273","3.1649999618530273","3.1649999618530273"
"318","12160","12160","12160","1.2619998455047607","1.2619998455047607","1.2619998455047607","21935","21935","21935","3.12399959564209","3.12399959564209","3.12399959564209","12118","12118","12118","3.2269997596740723","3.2269997596740723","3.2269997596740723"
"319","12162","12162","12162","3.2739996910095215","3.2739996910095215","3.2739996910095215","21937","21937","21937","3.3400001525878906","3.3400001525878906","3.3400001525878906","12120","12120","12120","3.320000171661377","3.320000171661377","3.320000171661377"
"320","12164","12164","12164","3.245999813079834","3.245999813079834","3.245999813079834","21939","21939","21939","3.3330001831054688","3.3330001831054688","3.3330001831054688","12122","12122","12122","3.3309998512268066","3.3309998512268066","3.3309998512268066"
"321","12166","12166","12166","3.1569995880126953","3.1569995880126953","3.1569995880126953","21941","21941","21941","3.128999710083008","3.128999710083008","3.128999710083008","12124","12124","12124","3.2509994506835938","3.2509994506835938","3.2509994506835938"
"322","12168","12168","12168","3.3349995613098145","3.3349995613098145","3.3349995613098145","21943","21943","21943","3.352999687194824","3.352999687194824","3.352999687194824","12126","12126","12126","3.3559999465942383","3.3559999465942383","3.3559999465942383"
"323","12170","12170","12170","3.4039998054504395","3.4039998054504395","3.4039998054504395","21945","21945","21945","1.241999864578247","1.241999864578247","1.241999864578247","12128","12128","12128","3.3580002784729004","3.3580002784729004","3.3580002784729004"
"324","12333","12333","12333","1.0119998455047607","1.0119998455047607","1.0119998455047607","22262","22262","22262","1.0120000839233398","1.0120000839233398","1.0120000839233398","12287","12287","12287","3.058000087738037","3.058000087738037","3.058000087738037"
"325","12335","12335","12335","3.0349998474121094","3.0349998474121094","3.0349998474121094","22264","22264","22264","3.0850000381469727","3.0850000381469727","3.0850000381469727","12289","12289","12289","3.1519999504089355","3.1519999504089355","3.1519999504089355"
"326","12337","12337","12337","3.0839996337890625","3.0839996337890625","3.0839996337890625","22266","22266","22266","3.141000270843506","3.141000270843506","3.141000270843506","12291","12291","12291","3.1399998664855957","3.1399998664855957","3.1399998664855957"
"327","12339","12339","12339","3.2149996757507324","3.2149996757507324","3.2149996757507324","22268","22268","22268","3.1279993057250977","3.1279993057250977","3.1279993057250977","12293","12293","12293","3.2739996910095215","3.2739996910095215","3.2739996910095215"
"328","12341","12341","12341","3.3410000801086426","3.3410000801086426","3.3410000801086426","22270","22270","22270","3.3369998931884766","3.3369998931884766","3.3369998931884766","12295","12295","12295","3.0970001220703125","3.0970001220703125","3.0970001220703125"
"329","12343","12343","12343","3.252999782562256","3.252999782562256","3.252999782562256","22272","22272","22272","3.3439998626708984","3.3439998626708984","3.3439998626708984","12297","12297","12297","3.322000026702881","3.322000026702881","3.322000026702881"
"330","12345","12345","12345","3.2129998207092285","3.2129998207092285","3.2129998207092285","22274","22274","22274","3.1479997634887695","3.1479997634887695","3.1479997634887695","12299","12299","12299","3.2669997215270996","3.2669997215270996","3.2669997215270996"
"331","12347","12347","12347","3.312000274658203","3.312000274658203","3.312000274658203","22276","22276","22276","3.314000129699707","3.314000129699707","3.314000129699707","12301","12301","12301","3.2210001945495605","3.2210001945495605","3.2210001945495605"
"332","12349","12349","12349","3.307000160217285","3.307000160217285","3.307000160217285","22278","22278","22278","3.3999996185302734","3.3999996185302734","3.3999996185302734","12303","12303","12303","3.3899998664855957","3.3899998664855957","3.3899998664855957"
"333","12507","12507","12507","2.9159998893737793","2.9159998893737793","2.9159998893737793","22594","22594","22594","1.0119998455047607","1.0119998455047607","1.0119998455047607","12463","12463","12463","1.0120000839233398","1.0120000839233398","1.0120000839233398"
"334","12509","12509","12509","3.0369999408721924","3.0369999408721924","3.0369999408721924","22596","22596","22596","3.11299991607666","3.11299991607666","3.11299991607666","12465","12465","12465","3.0949997901916504","3.0949997901916504","3.0949997901916504"
"335","12511","12511","12511","0.9919998645782471","0.9919998645782471","0.9919998645782471","22598","22598","22598","0.9919998645782471","0.9919998645782471","0.9919998645782471","12467","12467","12467","3.138000011444092","3.138000011444092","3.138000011444092"
"336","12513","12513","12513","1.2619993686676025","1.2619993686676025","1.2619993686676025","22600","22600","22600","1.2619998455047607","1.2619998455047607","1.2619998455047607","12469","12469","12469","3.2679996490478516","3.2679996490478516","3.2679996490478516"
"337","12515","12515","12515","3.304999828338623","3.304999828338623","3.304999828338623","22602","22602","22602","3.2129998207092285","3.2129998207092285","3.2129998207092285","12471","12471","12471","3.352999687194824","3.352999687194824","3.352999687194824"
"338","12517","12517","12517","3.2690000534057617","3.2690000534057617","3.2690000534057617","22604","22604","22604","3.3359999656677246","3.3359999656677246","3.3359999656677246","12473","12473","12473","3.3289999961853027","3.3289999961853027","3.3289999961853027"
"339","12519","12519","12519","3.174999713897705","3.174999713897705","3.174999713897705","22606","22606","22606","1.2619998455047607","1.2619998455047607","1.2619998455047607","12475","12475","12475","3.252999782562256","3.252999782562256","3.252999782562256"
"340","12521","12521","12521","3.2109999656677246","3.2109999656677246","3.2109999656677246","22608","22608","22608","3.2150001525878906","3.2150001525878906","3.2150001525878906","12477","12477","12477","3.368000030517578","3.368000030517578","3.368000030517578"
"341","12523","12523","12523","3.3889999389648438","3.3889999389648438","3.3889999389648438","22610","22610","22610","3.4009995460510254","3.4009995460510254","3.4009995460510254","12479","12479","12479","3.384000301361084","3.384000301361084","3.384000301361084"
"342","12685","12685","12685","1.0119998455047607","1.0119998455047607","1.0119998455047607","22926","22926","22926","1.1119998693466187","1.1119998693466187","1.1119998693466187","12641","12641","12641","1.0120000839233398","1.0120000839233398","1.0120000839233398"
"343","12687","12687","12687","2.995999813079834","2.995999813079834","2.995999813079834","22928","22928","22928","3.0319998264312744","3.0319998264312744","3.0319998264312744","12643","12643","12643","3.0279998779296875","3.0279998779296875","3.0279998779296875"
"344","12689","12689","12689","3.1019997596740723","3.1019997596740723","3.1019997596740723","22930","22930","22930","3.123000144958496","3.123000144958496","3.123000144958496","12645","12645","12645","3.0840001106262207","3.0840001106262207","3.0840001106262207"
"345","12691","12691","12691","3.1959996223449707","3.1959996223449707","3.1959996223449707","22932","22932","22932","1.2619997262954712","1.2619997262954712","1.2619997262954712","12647","12647","12647","1.261999487876892","1.261999487876892","1.261999487876892"
"346","12693","12693","12693","3.2119998931884766","3.2119998931884766","3.2119998931884766","22934","22934","22934","3.2870001792907715","3.2870001792907715","3.2870001792907715","12649","12649","12649","3.173999786376953","3.173999786376953","3.173999786376953"
"347","12695","12695","12695","3.3309998512268066","3.3309998512268066","3.3309998512268066","22936","22936","22936","1.241999864578247","1.241999864578247","1.241999864578247","12651","12651","12651","3.3330001831054688","3.3330001831054688","3.3330001831054688"
"348","12697","12697","12697","3.251999855041504","3.251999855041504","3.251999855041504","22938","22938","22938","1.2619998455047607","1.2619998455047607","1.2619998455047607","12653","12653","12653","3.245999813079834","3.245999813079834","3.245999813079834"
"349","12699","12699","12699","3.200000286102295","3.200000286102295","3.200000286102295","22940","22940","22940","3.312999725341797","3.312999725341797","3.312999725341797","12655","12655","12655","3.381999969482422","3.381999969482422","3.381999969482422"
"350","12701","12701","12701","3.135000228881836","3.135000228881836","3.135000228881836","22942","22942","22942","3.383999824523926","3.383999824523926","3.383999824523926","12657","12657","12657","3.318000316619873","3.318000316619873","3.318000316619873"
"351","12860","12860","12860","2.9619998931884766","2.9619998931884766","2.9619998931884766","23259","23259","23259","1.0120000839233398","1.0120000839233398","1.0120000839233398","12822","12822","12822","1.0119999647140503","1.0119999647140503","1.0119999647140503"
"352","12862","12862","12862","3.0749998092651367","3.0749998092651367","3.0749998092651367","23261","23261","23261","0.9919997453689575","0.9919997453689575","0.9919997453689575","12824","12824","12824","3.059999942779541","3.059999942779541","3.059999942779541"
"353","12864","12864","12864","0.991999626159668","0.991999626159668","0.991999626159668","23263","23263","23263","0.9919998645782471","0.9919998645782471","0.9919998645782471","12826","12826","12826","0.9919998645782471","0.9919998645782471","0.9919998645782471"
"354","12866","12866","12866","3.233999729156494","3.233999729156494","3.233999729156494","23265","23265","23265","3.09999942779541","3.09999942779541","3.09999942779541","12828","12828","12828","3.238999366760254","3.238999366760254","3.238999366760254"
"355","12868","12868","12868","3.352999687194824","3.352999687194824","3.352999687194824","23267","23267","23267","3.2109999656677246","3.2109999656677246","3.2109999656677246","12830","12830","12830","3.3359999656677246","3.3359999656677246","3.3359999656677246"
"356","12870","12870","12870","3.3600001335144043","3.3600001335144043","3.3600001335144043","23269","23269","23269","3.327000141143799","3.327000141143799","3.327000141143799","12832","12832","12832","3.3449997901916504","3.3449997901916504","3.3449997901916504"
"357","12872","12872","12872","3.2549996376037598","3.2549996376037598","3.2549996376037598","23271","23271","23271","1.2619997262954712","1.2619997262954712","1.2619997262954712","12834","12834","12834","3.2659997940063477","3.2659997940063477","3.2659997940063477"
"358","12874","12874","12874","3.3369998931884766","3.3369998931884766","3.3369998931884766","23273","23273","23273","3.1989998817443848","3.1989998817443848","3.1989998817443848","12836","12836","12836","3.3849997520446777","3.3849997520446777","3.3849997520446777"
"359","12876","12876","12876","3.383999824523926","3.383999824523926","3.383999824523926","23275","23275","23275","3.3239998817443848","3.3239998817443848","3.3239998817443848","12838","12838","12838","3.4029998779296875","3.4029998779296875","3.4029998779296875"
"360","13038","13038","13038","1.0120002031326294","1.0120002031326294","1.0120002031326294","23591","23591","23591","1.0119998455047607","1.0119998455047607","1.0119998455047607","13002","13002","13002","1.0120002031326294","1.0120002031326294","1.0120002031326294"
"361","13040","13040","13040","3.125","3.125","3.125","23593","23593","23593","3.0279998779296875","3.0279998779296875","3.0279998779296875","13004","13004","13004","3.069999933242798","3.069999933242798","3.069999933242798"
"362","13042","13042","13042","0.9919998645782471","0.9919998645782471","0.9919998645782471","23595","23595","23595","3.1560001373291016","3.1560001373291016","3.1560001373291016","13006","13006","13006","3.1480002403259277","3.1480002403259277","3.1480002403259277"
"363","13044","13044","13044","3.188999652862549","3.188999652862549","3.188999652862549","23597","23597","23597","3.1309995651245117","3.1309995651245117","3.1309995651245117","13008","13008","13008","1.2619993686676025","1.2619993686676025","1.2619993686676025"
"364","13046","13046","13046","3.3569998741149902","3.3569998741149902","3.3569998741149902","23599","23599","23599","3.304999828338623","3.304999828338623","3.304999828338623","13010","13010","13010","1.2419997453689575","1.2419997453689575","1.2419997453689575"
"365","13048","13048","13048","3.332000255584717","3.332000255584717","3.332000255584717","23601","23601","23601","3.3369998931884766","3.3369998931884766","3.3369998931884766","13012","13012","13012","3.3309998512268066","3.3309998512268066","3.3309998512268066"
"366","13050","13050","13050","3.190000057220459","3.190000057220459","3.190000057220459","23603","23603","23603","3.1429996490478516","3.1429996490478516","3.1429996490478516","13014","13014","13014","3.239999771118164","3.239999771118164","3.239999771118164"
"367","13052","13052","13052","3.3419995307922363","3.3419995307922363","3.3419995307922363","23605","23605","23605","3.2150001525878906","3.2150001525878906","3.2150001525878906","13016","13016","13016","3.382999897003174","3.382999897003174","3.382999897003174"
"368","13054","13054","13054","3.4029998779296875","3.4029998779296875","3.4029998779296875","23607","23607","23607","3.4049997329711914","3.4049997329711914","3.4049997329711914","13018","13018","13018","3.322999954223633","3.322999954223633","3.322999954223633"
"369","13211","13211","13211","2.882999897003174","2.882999897003174","2.882999897003174","23924","23924","23924","1.0120000839233398","1.0120000839233398","1.0120000839233398","13183","13183","13183","1.0120000839233398","1.0120000839233398","1.0120000839233398"
"370","13213","13213","13213","3.054999828338623","3.054999828338623","3.054999828338623","23926","23926","23926","3.0339999198913574","3.0339999198913574","3.0339999198913574","13185","13185","13185","3.0900001525878906","3.0900001525878906","3.0900001525878906"
"371","13215","13215","13215","3.061999797821045","3.061999797821045","3.061999797821045","23928","23928","23928","3.046999931335449","3.046999931335449","3.046999931335449","13187","13187","13187","0.9919998645782471","0.9919998645782471","0.9919998645782471"
"372","13217","13217","13217","1.2619998455047607","1.2619998455047607","1.2619998455047607","23930","23930","23930","1.2619998455047607","1.2619998455047607","1.2619998455047607","13189","13189","13189","1.2619996070861816","1.2619996070861816","1.2619996070861816"
"373","13219","13219","13219","3.263000011444092","3.263000011444092","3.263000011444092","23932","23932","23932","3.191999912261963","3.191999912261963","3.191999912261963","13191","13191","13191","3.2719998359680176","3.2719998359680176","3.2719998359680176"
"374","13221","13221","13221","3.322000026702881","3.322000026702881","3.322000026702881","23934","23934","23934","3.3239998817443848","3.3239998817443848","3.3239998817443848","13193","13193","13193","3.332000255584717","3.332000255584717","3.332000255584717"
"375","13223","13223","13223","1.2619997262954712","1.2619997262954712","1.2619997262954712","23936","23936","23936","1.2619998455047607","1.2619998455047607","1.2619998455047607","13195","13195","13195","3.244999408721924","3.244999408721924","3.244999408721924"
"376","13225","13225","13225","3.2220001220703125","3.2220001220703125","3.2220001220703125","23938","23938","23938","3.191999912261963","3.191999912261963","3.191999912261963","13197","13197","13197","3.370999813079834","3.370999813079834","3.370999813079834"
"377","13227","13227","13227","3.314000129699707","3.314000129699707","3.314000129699707","23940","23940","23940","3.315999984741211","3.315999984741211","3.315999984741211","13199","13199","13199","3.309999942779541","3.309999942779541","3.309999942779541"
"378","13393","13393","13393","1.0119998455047607","1.0119998455047607","1.0119998455047607","24256","24256","24256","1.0119998455047607","1.0119998455047607","1.0119998455047607","13359","13359","13359","2.9619998931884766","2.9619998931884766","2.9619998931884766"
"379","13395","13395","13395","3.068999767303467","3.068999767303467","3.068999767303467","24258","24258","24258","3.0309998989105225","3.0309998989105225","3.0309998989105225","13361","13361","13361","2.9129996299743652","2.9129996299743652","2.9129996299743652"
"380","13397","13397","13397","3.1369996070861816","3.1369996070861816","3.1369996070861816","24260","24260","24260","0.9919998645782471","0.9919998645782471","0.9919998645782471","13363","13363","13363","0.9919998645782471","0.9919998645782471","0.9919998645782471"
"381","13399","13399","13399","3.1219992637634277","3.1219992637634277","3.1219992637634277","24262","24262","24262","1.4819996356964111","1.4819996356964111","1.4819996356964111","13365","13365","13365","3.314999580383301","3.314999580383301","3.314999580383301"
"382","13401","13401","13401","3.2669997215270996","3.2669997215270996","3.2669997215270996","24264","24264","24264","3.304999828338623","3.304999828338623","3.304999828338623","13367","13367","13367","1.241999864578247","1.241999864578247","1.241999864578247"
"383","13403","13403","13403","3.328000068664551","3.328000068664551","3.328000068664551","24266","24266","24266","3.326000213623047","3.326000213623047","3.326000213623047","13369","13369","13369","3.3429999351501465","3.3429999351501465","3.3429999351501465"
"384","13405","13405","13405","3.1299996376037598","3.1299996376037598","3.1299996376037598","24268","24268","24268","1.4819996356964111","1.4819996356964111","1.4819996356964111","13371","13371","13371","3.332000255584717","3.332000255584717","3.332000255584717"
"385","13407","13407","13407","3.352999687194824","3.352999687194824","3.352999687194824","24270","24270","24270","3.315999984741211","3.315999984741211","3.315999984741211","13373","13373","13373","3.383999824523926","3.383999824523926","3.383999824523926"
"386","13409","13409","13409","3.383999824523926","3.383999824523926","3.383999824523926","24272","24272","24272","3.3899998664855957","3.3899998664855957","3.3899998664855957","13375","13375","13375","3.3859996795654297","3.3859996795654297","3.3859996795654297"
"387","13572","13572","13572","1.0119998455047607","1.0119998455047607","1.0119998455047607","24588","24588","24588","1.0119999647140503","1.0119999647140503","1.0119999647140503","13536","13536","13536","1.0120000839233398","1.0120000839233398","1.0120000839233398"
"388","13574","13574","13574","3.047999620437622","3.047999620437622","3.047999620437622","24590","24590","24590","3.0759999752044678","3.0759999752044678","3.0759999752044678","13538","13538","13538","3.0160000324249268","3.0160000324249268","3.0160000324249268"
"389","13576","13576","13576","3.0789999961853027","3.0789999961853027","3.0789999961853027","24592","24592","24592","0.7719998359680176","0.7719998359680176","0.7719998359680176","13540","13540","13540","3.0840001106262207","3.0840001106262207","3.0840001106262207"
"390","13578","13578","13578","1.2619997262954712","1.2619997262954712","1.2619997262954712","24594","24594","24594","3.2569994926452637","3.2569994926452637","3.2569994926452637","13542","13542","13542","3.2549996376037598","3.2549996376037598","3.2549996376037598"
"391","13580","13580","13580","3.3400001525878906","3.3400001525878906","3.3400001525878906","24596","24596","24596","3.1690001487731934","3.1690001487731934","3.1690001487731934","13544","13544","13544","3.322999954223633","3.322999954223633","3.322999954223633"
"392","13582","13582","13582","3.321000099182129","3.321000099182129","3.321000099182129","24598","24598","24598","3.3239998817443848","3.3239998817443848","3.3239998817443848","13546","13546","13546","3.2790002822875977","3.2790002822875977","3.2790002822875977"
"393","13584","13584","13584","3.1429996490478516","3.1429996490478516","3.1429996490478516","24600","24600","24600","3.128999710083008","3.128999710083008","3.128999710083008","13548","13548","13548","3.231999397277832","3.231999397277832","3.231999397277832"
"394","13586","13586","13586","3.2260003089904785","3.2260003089904785","3.2260003089904785","24602","24602","24602","3.2129998207092285","3.2129998207092285","3.2129998207092285","13550","13550","13550","3.4009995460510254","3.4009995460510254","3.4009995460510254"
"395","13588","13588","13588","3.321000099182129","3.321000099182129","3.321000099182129","24604","24604","24604","3.4010000228881836","3.4010000228881836","3.4010000228881836","13552","13552","13552","3.4059996604919434","3.4059996604919434","3.4059996604919434"
"396","13746","13746","13746","1.0120000839233398","1.0120000839233398","1.0120000839233398","24921","24921","24921","1.0119999647140503","1.0119999647140503","1.0119999647140503","13708","13708","13708","1.0120000839233398","1.0120000839233398","1.0120000839233398"
"397","13748","13748","13748","2.9099998474121094","2.9099998474121094","2.9099998474121094","24923","24923","24923","3.0329999923706055","3.0329999923706055","3.0329999923706055","13710","13710","13710","3.0869998931884766","3.0869998931884766","3.0869998931884766"
"398","13750","13750","13750","0.9919997453689575","0.9919997453689575","0.9919997453689575","24925","24925","24925","3.078000068664551","3.078000068664551","3.078000068664551","13712","13712","13712","3.1010003089904785","3.1010003089904785","3.1010003089904785"
"399","13752","13752","13752","3.1219992637634277","3.1219992637634277","3.1219992637634277","24927","24927","24927","3.1479997634887695","3.1479997634887695","3.1479997634887695","13714","13714","13714","3.243000030517578","3.243000030517578","3.243000030517578"
"400","13754","13754","13754","1.241999864578247","1.241999864578247","1.241999864578247","24929","24929","24929","3.3429999351501465","3.3429999351501465","3.3429999351501465","13716","13716","13716","3.3460001945495605","3.3460001945495605","3.3460001945495605"
"401","13756","13756","13756","1.241999864578247","1.241999864578247","1.241999864578247","24931","24931","24931","3.3480000495910645","3.3480000495910645","3.3480000495910645","13718","13718","13718","3.3289999961853027","3.3289999961853027","3.3289999961853027"
"402","13758","13758","13758","3.1619997024536133","3.1619997024536133","3.1619997024536133","24933","24933","24933","3.1449995040893555","3.1449995040893555","3.1449995040893555","13720","13720","13720","3.2519993782043457","3.2519993782043457","3.2519993782043457"
"403","13760","13760","13760","3.38700008392334","3.38700008392334","3.38700008392334","24935","24935","24935","3.2190003395080566","3.2190003395080566","3.2190003395080566","13722","13722","13722","3.316999912261963","3.316999912261963","3.316999912261963"
"404","13762","13762","13762","3.3859996795654297","3.3859996795654297","3.3859996795654297","24937","24937","24937","3.3899998664855957","3.3899998664855957","3.3899998664855957","13724","13724","13724","3.3899998664855957","3.3899998664855957","3.3899998664855957"
"405","13921","13921","13921","2.9169998168945312","2.9169998168945312","2.9169998168945312","25253","25253","25253","1.0120000839233398","1.0120000839233398","1.0120000839233398","13887","13887","13887","1.0119999647140503","1.0119999647140503","1.0119999647140503"
"406","13923","13923","13923","3.051999568939209","3.051999568939209","3.051999568939209","25255","25255","25255","3.113999843597412","3.113999843597412","3.113999843597412","13889","13889","13889","3.0239999294281006","3.0239999294281006","3.0239999294281006"
"407","13925","13925","13925","0.9919998645782471","0.9919998645782471","0.9919998645782471","25257","25257","25257","3.1520004272460938","3.1520004272460938","3.1520004272460938","13891","13891","13891","0.9919997453689575","0.9919997453689575","0.9919997453689575"
"408","13927","13927","13927","1.2619997262954712","1.2619997262954712","1.2619997262954712","25259","25259","25259","1.4819996356964111","1.4819996356964111","1.4819996356964111","13893","13893","13893","3.2609992027282715","3.2609992027282715","3.2609992027282715"
"409","13929","13929","13929","3.2669997215270996","3.2669997215270996","3.2669997215270996","25261","25261","25261","3.2950000762939453","3.2950000762939453","3.2950000762939453","13895","13895","13895","3.357999801635742","3.357999801635742","3.357999801635742"
"410","13931","13931","13931","3.3530001640319824","3.3530001640319824","3.3530001640319824","25263","25263","25263","3.3439998626708984","3.3439998626708984","3.3439998626708984","13897","13897","13897","3.315000057220459","3.315000057220459","3.315000057220459"
"411","13933","13933","13933","1.2619998455047607","1.2619998455047607","1.2619998455047607","25265","25265","25265","1.2619997262954712","1.2619997262954712","1.2619997262954712","13899","13899","13899","3.2639999389648438","3.2639999389648438","3.2639999389648438"
"412","13935","13935","13935","3.199000358581543","3.199000358581543","3.199000358581543","25267","25267","25267","3.2119998931884766","3.2119998931884766","3.2119998931884766","13901","13901","13901","3.381999969482422","3.381999969482422","3.381999969482422"
"413","13937","13937","13937","3.4049997329711914","3.4049997329711914","3.4049997329711914","25269","25269","25269","3.3879995346069336","3.3879995346069336","3.3879995346069336","13903","13903","13903","3.4049997329711914","3.4049997329711914","3.4049997329711914"
"414","14101","14101","14101","2.9119999408721924","2.9119999408721924","2.9119999408721924","25586","25586","25586","1.0120000839233398","1.0120000839233398","1.0120000839233398","14063","14063","14063","2.99399995803833","2.99399995803833","2.99399995803833"
"415","14103","14103","14103","3.054999828338623","3.054999828338623","3.054999828338623","25588","25588","25588","3.086000442504883","3.086000442504883","3.086000442504883","14065","14065","14065","3.13100004196167","3.13100004196167","3.13100004196167"
"416","14105","14105","14105","0.9919997453689575","0.9919997453689575","0.9919997453689575","25590","25590","25590","3.0789999961853027","3.0789999961853027","3.0789999961853027","14067","14067","14067","3.1059999465942383","3.1059999465942383","3.1059999465942383"
"417","14107","14107","14107","1.2619996070861816","1.2619996070861816","1.2619996070861816","25592","25592","25592","1.2619997262954712","1.2619997262954712","1.2619997262954712","14069","14069","14069","3.2749996185302734","3.2749996185302734","3.2749996185302734"
"418","14109","14109","14109","3.3499999046325684","3.3499999046325684","3.3499999046325684","25594","25594","25594","3.25600004196167","3.25600004196167","3.25600004196167","14071","14071","14071","3.3410000801086426","3.3410000801086426","3.3410000801086426"
"419","14111","14111","14111","1.241999864578247","1.241999864578247","1.241999864578247","25596","25596","25596","3.3239998817443848","3.3239998817443848","3.3239998817443848","14073","14073","14073","3.3499999046325684","3.3499999046325684","3.3499999046325684"
"420","14113","14113","14113","3.1519994735717773","3.1519994735717773","3.1519994735717773","25598","25598","25598","3.1419997215270996","3.1419997215270996","3.1419997215270996","14075","14075","14075","3.234999656677246","3.234999656677246","3.234999656677246"
"421","14115","14115","14115","3.358999729156494","3.358999729156494","3.358999729156494","25600","25600","25600","3.2170000076293945","3.2170000076293945","3.2170000076293945","14077","14077","14077","3.3509998321533203","3.3509998321533203","3.3509998321533203"
"422","14117","14117","14117","3.328000068664551","3.328000068664551","3.328000068664551","25602","25602","25602","3.321000099182129","3.321000099182129","3.321000099182129","14079","14079","14079","3.3889999389648438","3.3889999389648438","3.3889999389648438"
"423","14276","14276","14276","1.2319998741149902","1.2319998741149902","1.2319998741149902","25918","25918","25918","1.0120000839233398","1.0120000839233398","1.0120000839233398","14241","14241","14241","1.0120000839233398","1.0120000839233398","1.0120000839233398"
"424","14278","14278","14278","3.048999786376953","3.048999786376953","3.048999786376953","25920","25920","25920","0.9919998645782471","0.9919998645782471","0.9919998645782471","14243","14243","14243","3.1030001640319824","3.1030001640319824","3.1030001640319824"
"425","14280","14280","14280","3.13700008392334","3.13700008392334","3.13700008392334","25922","25922","25922","3.1349997520446777","3.1349997520446777","3.1349997520446777","14245","14245","14245","3.1050000190734863","3.1050000190734863","3.1050000190734863"
"426","14282","14282","14282","3.233999729156494","3.233999729156494","3.233999729156494","25924","25924","25924","1.2619997262954712","1.2619997262954712","1.2619997262954712","14247","14247","14247","3.193999767303467","3.193999767303467","3.193999767303467"
"427","14284","14284","14284","3.3319997787475586","3.3319997787475586","3.3319997787475586","25926","25926","25926","3.190000057220459","3.190000057220459","3.190000057220459","14249","14249","14249","3.3470001220703125","3.3470001220703125","3.3470001220703125"
"428","14286","14286","14286","3.3359999656677246","3.3359999656677246","3.3359999656677246","25928","25928","25928","3.3409996032714844","3.3409996032714844","3.3409996032714844","14251","14251","14251","3.3299999237060547","3.3299999237060547","3.3299999237060547"
"429","14288","14288","14288","3.11199951171875","3.11199951171875","3.11199951171875","25930","25930","25930","3.1219992637634277","3.1219992637634277","3.1219992637634277","14253","14253","14253","3.258999824523926","3.258999824523926","3.258999824523926"
"430","14290","14290","14290","3.370999813079834","3.370999813079834","3.370999813079834","25932","25932","25932","3.2160000801086426","3.2160000801086426","3.2160000801086426","14255","14255","14255","3.3869996070861816","3.3869996070861816","3.3869996070861816"
"431","14292","14292","14292","3.383999824523926","3.383999824523926","3.383999824523926","25934","25934","25934","3.307000160217285","3.307000160217285","3.307000160217285","14257","14257","14257","3.2960000038146973","3.2960000038146973","3.2960000038146973"
"432","14452","14452","14452","1.0119998455047607","1.0119998455047607","1.0119998455047607","26250","26250","26250","1.0120000839233398","1.0120000839233398","1.0120000839233398","14421","14421","14421","2.9819998741149902","2.9819998741149902","2.9819998741149902"
"433","14454","14454","14454","3.1009998321533203","3.1009998321533203","3.1009998321533203","26252","26252","26252","0.9919997453689575","0.9919997453689575","0.9919997453689575","14423","14423","14423","3.055000066757202","3.055000066757202","3.055000066757202"
"434","14456","14456","14456","0.9919998645782471","0.9919998645782471","0.9919998645782471","26254","26254","26254","3.1009998321533203","3.1009998321533203","3.1009998321533203","14425","14425","14425","0.9919998645782471","0.9919998645782471","0.9919998645782471"
"435","14458","14458","14458","1.2619997262954712","1.2619997262954712","1.2619997262954712","26256","26256","26256","3.127999782562256","3.127999782562256","3.127999782562256","14427","14427","14427","3.2599997520446777","3.2599997520446777","3.2599997520446777"
"436","14460","14460","14460","3.3359999656677246","3.3359999656677246","3.3359999656677246","26258","26258","26258","3.298999786376953","3.298999786376953","3.298999786376953","14429","14429","14429","3.3509998321533203","3.3509998321533203","3.3509998321533203"
"437","14462","14462","14462","3.3489999771118164","3.3489999771118164","3.3489999771118164","26260","26260","26260","3.3309998512268066","3.3309998512268066","3.3309998512268066","14431","14431","14431","3.3309998512268066","3.3309998512268066","3.3309998512268066"
"438","14464","14464","14464","3.1489996910095215","3.1489996910095215","3.1489996910095215","26262","26262","26262","3.1429996490478516","3.1429996490478516","3.1429996490478516","14433","14433","14433","3.2559995651245117","3.2559995651245117","3.2559995651245117"
"439","14466","14466","14466","3.197999954223633","3.197999954223633","3.197999954223633","26264","26264","26264","3.304999828338623","3.304999828338623","3.304999828338623","14435","14435","14435","3.38700008392334","3.38700008392334","3.38700008392334"
"440","14468","14468","14468","3.3849997520446777","3.3849997520446777","3.3849997520446777","26266","26266","26266","3.2210001945495605","3.2210001945495605","3.2210001945495605","14437","14437","14437","3.382999897003174","3.382999897003174","3.382999897003174"
"441","14629","14629","14629","1.0120000839233398","1.0120000839233398","1.0120000839233398","26583","26583","26583","2.874000072479248","2.874000072479248","2.874000072479248","14602","14602","14602","1.0120000839233398","1.0120000839233398","1.0120000839233398"
"442","14631","14631","14631","3.0920000076293945","3.0920000076293945","3.0920000076293945","26585","26585","26585","0.9919999837875366","0.9919999837875366","0.9919999837875366","14604","14604","14604","3.0829997062683105","3.0829997062683105","3.0829997062683105"
"443","14633","14633","14633","3.0980000495910645","3.0980000495910645","3.0980000495910645","26587","26587","26587","3.051999807357788","3.051999807357788","3.051999807357788","14606","14606","14606","0.9919998645782471","0.9919998645782471","0.9919998645782471"
"444","14635","14635","14635","1.2619997262954712","1.2619997262954712","1.2619997262954712","26589","26589","26589","3.1439995765686035","3.1439995765686035","3.1439995765686035","14608","14608","14608","3.2519993782043457","3.2519993782043457","3.2519993782043457"
"445","14637","14637","14637","1.2419997453689575","1.2419997453689575","1.2419997453689575","26591","26591","26591","3.192999839782715","3.192999839782715","3.192999839782715","14610","14610","14610","3.3299999237060547","3.3299999237060547","3.3299999237060547"
"446","14639","14639","14639","3.2709999084472656","3.2709999084472656","3.2709999084472656","26593","26593","26593","3.3379998207092285","3.3379998207092285","3.3379998207092285","14612","14612","14612","3.319000244140625","3.319000244140625","3.319000244140625"
"447","14641","14641","14641","3.249999523162842","3.249999523162842","3.249999523162842","26595","26595","26595","3.1499996185302734","3.1499996185302734","3.1499996185302734","14614","14614","14614","3.237999439239502","3.237999439239502","3.237999439239502"
"448","14643","14643","14643","3.3979997634887695","3.3979997634887695","3.3979997634887695","26597","26597","26597","3.2220001220703125","3.2220001220703125","3.2220001220703125","14616","14616","14616","3.3899998664855957","3.3899998664855957","3.3899998664855957"
"449","14645","14645","14645","3.38700008392334","3.38700008392334","3.38700008392334","26599","26599","26599","3.3869996070861816","3.3869996070861816","3.3869996070861816","14618","14618","14618","3.383999824523926","3.383999824523926","3.383999824523926"
"450","14803","14803","14803","1.0120000839233398","1.0120000839233398","1.0120000839233398","26915","26915","26915","1.0119999647140503","1.0119999647140503","1.0119999647140503","14780","14780","14780","3.064000129699707","3.064000129699707","3.064000129699707"
"451","14805","14805","14805","3.0869998931884766","3.0869998931884766","3.0869998931884766","26917","26917","26917","0.9919998645782471","0.9919998645782471","0.9919998645782471","14782","14782","14782","3.068999767303467","3.068999767303467","3.068999767303467"
"452","14807","14807","14807","0.9919998645782471","0.9919998645782471","0.9919998645782471","26919","26919","26919","3.130000114440918","3.130000114440918","3.130000114440918","14784","14784","14784","3.1399998664855957","3.1399998664855957","3.1399998664855957"
"453","14809","14809","14809","1.2619999647140503","1.2619999647140503","1.2619999647140503","26921","26921","26921","1.2619996070861816","1.2619996070861816","1.2619996070861816","14786","14786","14786","3.2690000534057617","3.2690000534057617","3.2690000534057617"
"454","14811","14811","14811","3.2669997215270996","3.2669997215270996","3.2669997215270996","26923","26923","26923","3.192999839782715","3.192999839782715","3.192999839782715","14788","14788","14788","3.3530001640319824","3.3530001640319824","3.3530001640319824"
"455","14813","14813","14813","3.357999801635742","3.357999801635742","3.357999801635742","26925","26925","26925","3.328000068664551","3.328000068664551","3.328000068664551","14790","14790","14790","3.3610000610351562","3.3610000610351562","3.3610000610351562"
"456","14815","14815","14815","3.114999294281006","3.114999294281006","3.114999294281006","26927","26927","26927","3.1479992866516113","3.1479992866516113","3.1479992866516113","14792","14792","14792","3.2639994621276855","3.2639994621276855","3.2639994621276855"
"457","14817","14817","14817","3.3899998664855957","3.3899998664855957","3.3899998664855957","26929","26929","26929","3.3569998741149902","3.3569998741149902","3.3569998741149902","14794","14794","14794","3.316999912261963","3.316999912261963","3.316999912261963"
"458","14819","14819","14819","3.4049997329711914","3.4049997329711914","3.4049997329711914","26931","26931","26931","3.319000244140625","3.319000244140625","3.319000244140625","14796","14796","14796","3.4019999504089355","3.4019999504089355","3.4019999504089355"
"459","14979","14979","14979","1.0120000839233398","1.0120000839233398","1.0120000839233398","27248","27248","27248","1.0119998455047607","1.0119998455047607","1.0119998455047607","14961","14961","14961","1.0120000839233398","1.0120000839233398","1.0120000839233398"
"460","14981","14981","14981","3.054999828338623","3.054999828338623","3.054999828338623","27250","27250","27250","0.9919998645782471","0.9919998645782471","0.9919998645782471","14963","14963","14963","3.0369999408721924","3.0369999408721924","3.0369999408721924"
"461","14983","14983","14983","0.9919997453689575","0.9919997453689575","0.9919997453689575","27252","27252","27252","3.0949997901916504","3.0949997901916504","3.0949997901916504","14965","14965","14965","0.9919998645782471","0.9919998645782471","0.9919998645782471"
"462","14985","14985","14985","3.1219992637634277","3.1219992637634277","3.1219992637634277","27254","27254","27254","1.2619997262954712","1.2619997262954712","1.2619997262954712","14967","14967","14967","3.2139992713928223","3.2139992713928223","3.2139992713928223"
"463","14987","14987","14987","3.3350000381469727","3.3350000381469727","3.3350000381469727","27256","27256","27256","3.2950000762939453","3.2950000762939453","3.2950000762939453","14969","14969","14969","3.183000087738037","3.183000087738037","3.183000087738037"
"464","14989","14989","14989","3.311999797821045","3.311999797821045","3.311999797821045","27258","27258","27258","3.3519997596740723","3.3519997596740723","3.3519997596740723","14971","14971","14971","3.3359999656677246","3.3359999656677246","3.3359999656677246"
"465","14991","14991","14991","3.1479997634887695","3.1479997634887695","3.1479997634887695","27260","27260","27260","1.2619998455047607","1.2619998455047607","1.2619998455047607","14973","14973","14973","3.249999523162842","3.249999523162842","3.249999523162842"
"466","14993","14993","14993","3.359999656677246","3.359999656677246","3.359999656677246","27262","27262","27262","3.303999900817871","3.303999900817871","3.303999900817871","14975","14975","14975","3.3499999046325684","3.3499999046325684","3.3499999046325684"
"467","14995","14995","14995","3.3859996795654297","3.3859996795654297","3.3859996795654297","27264","27264","27264","3.383999824523926","3.383999824523926","3.383999824523926","14977","14977","14977","3.386000156402588","3.386000156402588","3.386000156402588"
"468","15156","15156","15156","3.0290000438690186","3.0290000438690186","3.0290000438690186","27580","27580","27580","1.0120002031326294","1.0120002031326294","1.0120002031326294","15138","15138","15138","1.0120000839233398","1.0120000839233398","1.0120000839233398"
"469","15158","15158","15158","3.0959997177124023","3.0959997177124023","3.0959997177124023","27582","27582","27582","3.080000400543213","3.080000400543213","3.080000400543213","15140","15140","15140","3.135000228881836","3.135000228881836","3.135000228881836"
"470","15160","15160","15160","0.9919997453689575","0.9919997453689575","0.9919997453689575","27584","27584","27584","0.7719998359680176","0.7719998359680176","0.7719998359680176","15142","15142","15142","3.138000011444092","3.138000011444092","3.138000011444092"
"471","15162","15162","15162","3.196000099182129","3.196000099182129","3.196000099182129","27586","27586","27586","1.2619996070861816","1.2619996070861816","1.2619996070861816","15144","15144","15144","3.238999366760254","3.238999366760254","3.238999366760254"
"472","15164","15164","15164","3.3489999771118164","3.3489999771118164","3.3489999771118164","27588","27588","27588","3.2709999084472656","3.2709999084472656","3.2709999084472656","15146","15146","15146","3.361999988555908","3.361999988555908","3.361999988555908"
"473","15166","15166","15166","3.332000255584717","3.332000255584717","3.332000255584717","27590","27590","27590","3.307000160217285","3.307000160217285","3.307000160217285","15148","15148","15148","3.3509998321533203","3.3509998321533203","3.3509998321533203"
"474","15168","15168","15168","3.2009997367858887","3.2009997367858887","3.2009997367858887","27592","27592","27592","3.121999740600586","3.121999740600586","3.121999740600586","15150","15150","15150","3.247999668121338","3.247999668121338","3.247999668121338"
"475","15170","15170","15170","3.354999542236328","3.354999542236328","3.354999542236328","27594","27594","27594","3.2090001106262207","3.2090001106262207","3.2090001106262207","15152","15152","15152","3.388000011444092","3.388000011444092","3.388000011444092"
"476","15172","15172","15172","3.3869996070861816","3.3869996070861816","3.3869996070861816","27596","27596","27596","3.386000156402588","3.386000156402588","3.386000156402588","15154","15154","15154","3.383999824523926","3.383999824523926","3.383999824523926"
"477","15336","15336","15336","1.0120000839233398","1.0120000839233398","1.0120000839233398","27912","27912","27912","1.0119998455047607","1.0119998455047607","1.0119998455047607","15316","15316","15316","2.982999801635742","2.982999801635742","2.982999801635742"
"478","15338","15338","15338","3.1019997596740723","3.1019997596740723","3.1019997596740723","27914","27914","27914","3.0840001106262207","3.0840001106262207","3.0840001106262207","15318","15318","15318","3.0350000858306885","3.0350000858306885","3.0350000858306885"
"479","15340","15340","15340","0.9919998645782471","0.9919998645782471","0.9919998645782471","27916","27916","27916","0.771999716758728","0.771999716758728","0.771999716758728","15320","15320","15320","0.9919998645782471","0.9919998645782471","0.9919998645782471"
"480","15342","15342","15342","3.0979995727539062","3.0979995727539062","3.0979995727539062","27918","27918","27918","1.2619998455047607","1.2619998455047607","1.2619998455047607","15322","15322","15322","3.234999656677246","3.234999656677246","3.234999656677246"
"481","15344","15344","15344","3.25600004196167","3.25600004196167","3.25600004196167","27920","27920","27920","3.2280001640319824","3.2280001640319824","3.2280001640319824","15324","15324","15324","3.316999912261963","3.316999912261963","3.316999912261963"
"482","15346","15346","15346","3.3439998626708984","3.3439998626708984","3.3439998626708984","27922","27922","27922","3.368000030517578","3.368000030517578","3.368000030517578","15326","15326","15326","3.3470001220703125","3.3470001220703125","3.3470001220703125"
"483","15348","15348","15348","3.190999984741211","3.190999984741211","3.190999984741211","27924","27924","27924","3.1379995346069336","3.1379995346069336","3.1379995346069336","15328","15328","15328","3.247999668121338","3.247999668121338","3.247999668121338"
"484","15350","15350","15350","3.2649998664855957","3.2649998664855957","3.2649998664855957","27926","27926","27926","3.3249998092651367","3.3249998092651367","3.3249998092651367","15330","15330","15330","1.241999864578247","1.241999864578247","1.241999864578247"
"485","15352","15352","15352","3.4049997329711914","3.4049997329711914","3.4049997329711914","27928","27928","27928","3.316999912261963","3.316999912261963","3.316999912261963","15332","15332","15332","3.4029998779296875","3.4029998779296875","3.4029998779296875"
"486","15519","15519","15519","1.0119998455047607","1.0119998455047607","1.0119998455047607","28245","28245","28245","1.0120000839233398","1.0120000839233398","1.0120000839233398","15497","15497","15497","1.0120000839233398","1.0120000839233398","1.0120000839233398"
"487","15521","15521","15521","3.0729997158050537","3.0729997158050537","3.0729997158050537","28247","28247","28247","3.070000171661377","3.070000171661377","3.070000171661377","15499","15499","15499","3.129000186920166","3.129000186920166","3.129000186920166"
"488","15523","15523","15523","3.0799999237060547","3.0799999237060547","3.0799999237060547","28249","28249","28249","0.9920001029968262","0.9920001029968262","0.9920001029968262","15501","15501","15501","3.1430001258850098","3.1430001258850098","3.1430001258850098"
"489","15525","15525","15525","1.2619996070861816","1.2619996070861816","1.2619996070861816","28251","28251","28251","1.2619998455047607","1.2619998455047607","1.2619998455047607","15503","15503","15503","1.2619993686676025","1.2619993686676025","1.2619993686676025"
"490","15527","15527","15527","3.3359999656677246","3.3359999656677246","3.3359999656677246","28253","28253","28253","3.297999858856201","3.297999858856201","3.297999858856201","15505","15505","15505","3.3249998092651367","3.3249998092651367","3.3249998092651367"
"491","15529","15529","15529","3.3489999771118164","3.3489999771118164","3.3489999771118164","28255","28255","28255","3.3319997787475586","3.3319997787475586","3.3319997787475586","15507","15507","15507","3.3470001220703125","3.3470001220703125","3.3470001220703125"
"492","15531","15531","15531","3.2639994621276855","3.2639994621276855","3.2639994621276855","28257","28257","28257","3.0929994583129883","3.0929994583129883","3.0929994583129883","15509","15509","15509","3.2559995651245117","3.2559995651245117","3.2559995651245117"
"493","15533","15533","15533","3.354999542236328","3.354999542236328","3.354999542236328","28259","28259","28259","3.2090001106262207","3.2090001106262207","3.2090001106262207","15511","15511","15511","3.358999729156494","3.358999729156494","3.358999729156494"
"494","15535","15535","15535","3.3869996070861816","3.3869996070861816","3.3869996070861816","28261","28261","28261","1.4820001125335693","1.4820001125335693","1.4820001125335693","15513","15513","15513","3.322999954223633","3.322999954223633","3.322999954223633"
"495","15705","15705","15705","1.0119999647140503","1.0119999647140503","1.0119999647140503","28577","28577","28577","1.0120000839233398","1.0120000839233398","1.0120000839233398","15671","15671","15671","1.0120000839233398","1.0120000839233398","1.0120000839233398"
"496","15707","15707","15707","3.058999538421631","3.058999538421631","3.058999538421631","28579","28579","28579","3.123000144958496","3.123000144958496","3.123000144958496","15673","15673","15673","3.0409998893737793","3.0409998893737793","3.0409998893737793"
"497","15709","15709","15709","3.1150002479553223","3.1150002479553223","3.1150002479553223","28581","28581","28581","3.1630001068115234","3.1630001068115234","3.1630001068115234","15675","15675","15675","3.13700008392334","3.13700008392334","3.13700008392334"
"498","15711","15711","15711","1.2619997262954712","1.2619997262954712","1.2619997262954712","28583","28583","28583","1.2619996070861816","1.2619996070861816","1.2619996070861816","15677","15677","15677","3.2609996795654297","3.2609996795654297","3.2609996795654297"
"499","15713","15713","15713","3.2719998359680176","3.2719998359680176","3.2719998359680176","28585","28585","28585","3.131999969482422","3.131999969482422","3.131999969482422","15679","15679","15679","3.3449997901916504","3.3449997901916504","3.3449997901916504"
"500","15715","15715","15715","3.309999942779541","3.309999942779541","3.309999942779541","28587","28587","28587","3.3449997901916504","3.3449997901916504","3.3449997901916504","15681","15681","15681","3.318999767303467","3.318999767303467","3.318999767303467"
"501","15717","15717","15717","3.112999439239502","3.112999439239502","3.112999439239502","28589","28589","28589","1.2619997262954712","1.2619997262954712","1.2619997262954712","15683","15683","15683","3.2639994621276855","3.2639994621276855","3.2639994621276855"
"502","15719","15719","15719","3.3339996337890625","3.3339996337890625","3.3339996337890625","28591","28591","28591","3.194000244140625","3.194000244140625","3.194000244140625","15685","15685","15685","3.4029998779296875","3.4029998779296875","3.4029998779296875"
"503","15721","15721","15721","3.2919998168945312","3.2919998168945312","3.2919998168945312","28593","28593","28593","3.386000156402588","3.386000156402588","3.386000156402588","15687","15687","15687","3.3889999389648438","3.3889999389648438","3.3889999389648438"
"504","15884","15884","15884","1.0119998455047607","1.0119998455047607","1.0119998455047607","28909","28909","28909","1.0119999647140503","1.0119999647140503","1.0119999647140503","15850","15850","15850","2.998999834060669","2.998999834060669","2.998999834060669"
"505","15886","15886","15886","3.0739998817443848","3.0739998817443848","3.0739998817443848","28911","28911","28911","0.9919997453689575","0.9919997453689575","0.9919997453689575","15852","15852","15852","3.0439999103546143","3.0439999103546143","3.0439999103546143"
"506","15888","15888","15888","0.9919998645782471","0.9919998645782471","0.9919998645782471","28913","28913","28913","0.991999626159668","0.991999626159668","0.991999626159668","15854","15854","15854","3.1349997520446777","3.1349997520446777","3.1349997520446777"
"507","15890","15890","15890","1.2619996070861816","1.2619996070861816","1.2619996070861816","28915","28915","28915","3.1409993171691895","3.1409993171691895","3.1409993171691895","15856","15856","15856","3.2629990577697754","3.2629990577697754","3.2629990577697754"
"508","15892","15892","15892","3.2699999809265137","3.2699999809265137","3.2699999809265137","28917","28917","28917","3.3259997367858887","3.3259997367858887","3.3259997367858887","15858","15858","15858","3.3470001220703125","3.3470001220703125","3.3470001220703125"
"509","15894","15894","15894","3.3309998512268066","3.3309998512268066","3.3309998512268066","28919","28919","28919","1.2419997453689575","1.2419997453689575","1.2419997453689575","15860","15860","15860","3.3319997787475586","3.3319997787475586","3.3319997787475586"
"510","15896","15896","15896","3.1379995346069336","3.1379995346069336","3.1379995346069336","28921","28921","28921","3.114999294281006","3.114999294281006","3.114999294281006","15862","15862","15862","3.2569994926452637","3.2569994926452637","3.2569994926452637"
"511","15898","15898","15898","3.3499999046325684","3.3499999046325684","3.3499999046325684","28923","28923","28923","3.354999542236328","3.354999542236328","3.354999542236328","15864","15864","15864","3.3849997520446777","3.3849997520446777","3.3849997520446777"
"512","15900","15900","15900","3.322999954223633","3.322999954223633","3.322999954223633","28925","28925","28925","3.3899998664855957","3.3899998664855957","3.3899998664855957","15866","15866","15866","3.4049997329711914","3.4049997329711914","3.4049997329711914"
"513","16060","16060","16060","1.0119998455047607","1.0119998455047607","1.0119998455047607","29242","29242","29242","1.0119999647140503","1.0119999647140503","1.0119999647140503","16025","16025","16025","1.0120000839233398","1.0120000839233398","1.0120000839233398"
"514","16062","16062","16062","3.062999725341797","3.062999725341797","3.062999725341797","29244","29244","29244","3.0960001945495605","3.0960001945495605","3.0960001945495605","16027","16027","16027","3.051999568939209","3.051999568939209","3.051999568939209"
"515","16064","16064","16064","3.072999954223633","3.072999954223633","3.072999954223633","29246","29246","29246","0.9919998645782471","0.9919998645782471","0.9919998645782471","16029","16029","16029","3.128000259399414","3.128000259399414","3.128000259399414"
"516","16066","16066","16066","1.2619998455047607","1.2619998455047607","1.2619998455047607","29248","29248","29248","3.113999366760254","3.113999366760254","3.113999366760254","16031","16031","16031","3.2519993782043457","3.2519993782043457","3.2519993782043457"
"517","16068","16068","16068","3.1989998817443848","3.1989998817443848","3.1989998817443848","29250","29250","29250","3.2960000038146973","3.2960000038146973","3.2960000038146973","16033","16033","16033","3.25600004196167","3.25600004196167","3.25600004196167"
"518","16070","16070","16070","3.321000099182129","3.321000099182129","3.321000099182129","29252","29252","29252","3.3340001106262207","3.3340001106262207","3.3340001106262207","16035","16035","16035","3.3509998321533203","3.3509998321533203","3.3509998321533203"
"519","16072","16072","16072","1.2619998455047607","1.2619998455047607","1.2619998455047607","29254","29254","29254","3.128999710083008","3.128999710083008","3.128999710083008","16037","16037","16037","3.2559995651245117","3.2559995651245117","3.2559995651245117"
"520","16074","16074","16074","3.37399959564209","3.37399959564209","3.37399959564209","29256","29256","29256","3.2090001106262207","3.2090001106262207","3.2090001106262207","16039","16039","16039","3.370999813079834","3.370999813079834","3.370999813079834"
"521","16076","16076","16076","3.397000312805176","3.397000312805176","3.397000312805176","29258","29258","29258","3.3849997520446777","3.3849997520446777","3.3849997520446777","16041","16041","16041","3.314000129699707","3.314000129699707","3.314000129699707"
"522","16239","16239","16239","2.934999942779541","2.934999942779541","2.934999942779541","29574","29574","29574","1.0119998455047607","1.0119998455047607","1.0119998455047607","16198","16198","16198","1.0120000839233398","1.0120000839233398","1.0120000839233398"
"523","16241","16241","16241","3.1069998741149902","3.1069998741149902","3.1069998741149902","29576","29576","29576","3.117000102996826","3.117000102996826","3.117000102996826","16200","16200","16200","3.0799999237060547","3.0799999237060547","3.0799999237060547"
"524","16243","16243","16243","3.114999771118164","3.114999771118164","3.114999771118164","29578","29578","29578","3.1480002403259277","3.1480002403259277","3.1480002403259277","16202","16202","16202","3.1389999389648438","3.1389999389648438","3.1389999389648438"
"525","16245","16245","16245","1.2619993686676025","1.2619993686676025","1.2619993686676025","29580","29580","29580","1.2619998455047607","1.2619998455047607","1.2619998455047607","16204","16204","16204","3.309999942779541","3.309999942779541","3.309999942779541"
"526","16247","16247","16247","1.241999864578247","1.241999864578247","1.241999864578247","29582","29582","29582","3.2940001487731934","3.2940001487731934","3.2940001487731934","16206","16206","16206","3.3390002250671387","3.3390002250671387","3.3390002250671387"
"527","16249","16249","16249","1.2419997453689575","1.2419997453689575","1.2419997453689575","29584","29584","29584","3.311999797821045","3.311999797821045","3.311999797821045","16208","16208","16208","3.314000129699707","3.314000129699707","3.314000129699707"
"528","16251","16251","16251","3.2549996376037598","3.2549996376037598","3.2549996376037598","29586","29586","29586","1.2619996070861816","1.2619996070861816","1.2619996070861816","16210","16210","16210","3.258999824523926","3.258999824523926","3.258999824523926"
"529","16253","16253","16253","3.2109999656677246","3.2109999656677246","3.2109999656677246","29588","29588","29588","3.2270002365112305","3.2270002365112305","3.2270002365112305","16212","16212","16212","3.3949999809265137","3.3949999809265137","3.3949999809265137"
"530","16255","16255","16255","3.388000011444092","3.388000011444092","3.388000011444092","29590","29590","29590","3.3869996070861816","3.3869996070861816","3.3869996070861816","16214","16214","16214","3.4029998779296875","3.4029998779296875","3.4029998779296875"
"531","16411","16411","16411","1.0120000839233398","1.0120000839233398","1.0120000839233398","29906","29906","29906","1.0119999647140503","1.0119999647140503","1.0119999647140503","16374","16374","16374","1.0120000839233398","1.0120000839233398","1.0120000839233398"
"532","16413","16413","16413","3.12399959564209","3.12399959564209","3.12399959564209","29908","29908","29908","3.1579999923706055","3.1579999923706055","3.1579999923706055","16376","16376","16376","3.0190000534057617","3.0190000534057617","3.0190000534057617"
"533","16415","16415","16415","3.0789999961853027","3.0789999961853027","3.0789999961853027","29910","29910","29910","0.9919997453689575","0.9919997453689575","0.9919997453689575","16378","16378","16378","3.1110000610351562","3.1110000610351562","3.1110000610351562"
"534","16417","16417","16417","3.3319997787475586","3.3319997787475586","3.3319997787475586","29912","29912","29912","1.2619998455047607","1.2619998455047607","1.2619998455047607","16380","16380","16380","3.2649993896484375","3.2649993896484375","3.2649993896484375"
"535","16419","16419","16419","3.3299999237060547","3.3299999237060547","3.3299999237060547","29914","29914","29914","3.2699999809265137","3.2699999809265137","3.2699999809265137","16382","16382","16382","3.3239998817443848","3.3239998817443848","3.3239998817443848"
"536","16421","16421","16421","3.2789998054504395","3.2789998054504395","3.2789998054504395","29916","29916","29916","3.322000026702881","3.322000026702881","3.322000026702881","16384","16384","16384","3.3340001106262207","3.3340001106262207","3.3340001106262207"
"537","16423","16423","16423","3.229999542236328","3.229999542236328","3.229999542236328","29918","29918","29918","3.1449995040893555","3.1449995040893555","3.1449995040893555","16386","16386","16386","3.249999523162842","3.249999523162842","3.249999523162842"
"538","16425","16425","16425","3.184000015258789","3.184000015258789","3.184000015258789","29920","29920","29920","3.303999900817871","3.303999900817871","3.303999900817871","16388","16388","16388","3.3949999809265137","3.3949999809265137","3.3949999809265137"
"539","16427","16427","16427","3.388000011444092","3.388000011444092","3.388000011444092","29922","29922","29922","3.3899998664855957","3.3899998664855957","3.3899998664855957","16390","16390","16390","3.4049997329711914","3.4049997329711914","3.4049997329711914"
"540","16586","16586","16586","3.0370001792907715","3.0370001792907715","3.0370001792907715","30239","30239","30239","1.0119999647140503","1.0119999647140503","1.0119999647140503","16551","16551","16551","1.0120000839233398","1.0120000839233398","1.0120000839233398"
"541","16588","16588","16588","3.078000068664551","3.078000068664551","3.078000068664551","30241","30241","30241","0.9919998645782471","0.9919998645782471","0.9919998645782471","16553","16553","16553","3.128000259399414","3.128000259399414","3.128000259399414"
"542","16590","16590","16590","3.1040000915527344","3.1040000915527344","3.1040000915527344","30243","30243","30243","3.1059999465942383","3.1059999465942383","3.1059999465942383","16555","16555","16555","3.125999927520752","3.125999927520752","3.125999927520752"
"543","16592","16592","16592","3.2629995346069336","3.2629995346069336","3.2629995346069336","30245","30245","30245","1.2619998455047607","1.2619998455047607","1.2619998455047607","16557","16557","16557","1.2619993686676025","1.2619993686676025","1.2619993686676025"
"544","16594","16594","16594","3.2769999504089355","3.2769999504089355","3.2769999504089355","30247","30247","30247","3.2090001106262207","3.2090001106262207","3.2090001106262207","16559","16559","16559","3.3350000381469727","3.3350000381469727","3.3350000381469727"
"545","16596","16596","16596","3.2639999389648438","3.2639999389648438","3.2639999389648438","30249","30249","30249","3.3569998741149902","3.3569998741149902","3.3569998741149902","16561","16561","16561","3.3470001220703125","3.3470001220703125","3.3470001220703125"
"546","16598","16598","16598","3.2599997520446777","3.2599997520446777","3.2599997520446777","30251","30251","30251","1.2619998455047607","1.2619998455047607","1.2619998455047607","16563","16563","16563","3.249999523162842","3.249999523162842","3.249999523162842"
"547","16600","16600","16600","3.2160000801086426","3.2160000801086426","3.2160000801086426","30253","30253","30253","3.2179999351501465","3.2179999351501465","3.2179999351501465","16565","16565","16565","3.3600001335144043","3.3600001335144043","3.3600001335144043"
"548","16602","16602","16602","3.2960000038146973","3.2960000038146973","3.2960000038146973","30255","30255","30255","3.3899998664855957","3.3899998664855957","3.3899998664855957","16567","16567","16567","3.4029998779296875","3.4029998779296875","3.4029998779296875"
"549","16761","16761","16761","1.2319998741149902","1.2319998741149902","1.2319998741149902","30571","30571","30571","1.0119999647140503","1.0119999647140503","1.0119999647140503","16725","16725","16725","1.0120000839233398","1.0120000839233398","1.0120000839233398"
"550","16763","16763","16763","3.113999843597412","3.113999843597412","3.113999843597412","30573","30573","30573","0.9919998645782471","0.9919998645782471","0.9919998645782471","16727","16727","16727","3.065999984741211","3.065999984741211","3.065999984741211"
"551","16765","16765","16765","3.118000030517578","3.118000030517578","3.118000030517578","30575","30575","30575","3.1389999389648438","3.1389999389648438","3.1389999389648438","16729","16729","16729","3.1430001258850098","3.1430001258850098","3.1430001258850098"
"552","16767","16767","16767","3.0889992713928223","3.0889992713928223","3.0889992713928223","30577","30577","30577","3.1499996185302734","3.1499996185302734","3.1499996185302734","16731","16731","16731","3.2509994506835938","3.2509994506835938","3.2509994506835938"
"553","16769","16769","16769","3.2179999351501465","3.2179999351501465","3.2179999351501465","30579","30579","30579","3.2150001525878906","3.2150001525878906","3.2150001525878906","16733","16733","16733","3.3470001220703125","3.3470001220703125","3.3470001220703125"
"554","16771","16771","16771","3.3459997177124023","3.3459997177124023","3.3459997177124023","30581","30581","30581","3.318999767303467","3.318999767303467","3.318999767303467","16735","16735","16735","3.3340001106262207","3.3340001106262207","3.3340001106262207"
"555","16773","16773","16773","3.2009997367858887","3.2009997367858887","3.2009997367858887","30583","30583","30583","3.1349997520446777","3.1349997520446777","3.1349997520446777","16737","16737","16737","3.2609996795654297","3.2609996795654297","3.2609996795654297"
"556","16775","16775","16775","3.2130002975463867","3.2130002975463867","3.2130002975463867","30585","30585","30585","3.2100000381469727","3.2100000381469727","3.2100000381469727","16739","16739","16739","3.4029998779296875","3.4029998779296875","3.4029998779296875"
"557","16777","16777","16777","3.3969998359680176","3.3969998359680176","3.3969998359680176","30587","30587","30587","3.307000160217285","3.307000160217285","3.307000160217285","16741","16741","16741","3.3889999389648438","3.3889999389648438","3.3889999389648438"
"558","16938","16938","16938","1.0120000839233398","1.0120000839233398","1.0120000839233398","30904","30904","30904","1.0119998455047607","1.0119998455047607","1.0119998455047607","16900","16900","16900","2.9809999465942383","2.9809999465942383","2.9809999465942383"
"559","16940","16940","16940","3.0699996948242188","3.0699996948242188","3.0699996948242188","30906","30906","30906","3.1519999504089355","3.1519999504089355","3.1519999504089355","16902","16902","16902","3.066999912261963","3.066999912261963","3.066999912261963"
"560","16942","16942","16942","3.13100004196167","3.13100004196167","3.13100004196167","30908","30908","30908","0.991999626159668","0.991999626159668","0.991999626159668","16904","16904","16904","3.1750001907348633","3.1750001907348633","3.1750001907348633"
"561","16944","16944","16944","3.12399959564209","3.12399959564209","3.12399959564209","30910","30910","30910","1.2619996070861816","1.2619996070861816","1.2619996070861816","16906","16906","16906","3.295999526977539","3.295999526977539","3.295999526977539"
"562","16946","16946","16946","3.3339996337890625","3.3339996337890625","3.3339996337890625","30912","30912","30912","3.2549996376037598","3.2549996376037598","3.2549996376037598","16908","16908","16908","3.3530001640319824","3.3530001640319824","3.3530001640319824"
"563","16948","16948","16948","3.3449997901916504","3.3449997901916504","3.3449997901916504","30914","30914","30914","3.3469996452331543","3.3469996452331543","3.3469996452331543","16910","16910","16910","3.363999843597412","3.363999843597412","3.363999843597412"
"564","16950","16950","16950","3.1429996490478516","3.1429996490478516","3.1429996490478516","30916","30916","30916","3.1409993171691895","3.1409993171691895","3.1409993171691895","16912","16912","16912","3.2569994926452637","3.2569994926452637","3.2569994926452637"
"565","16952","16952","16952","3.302999496459961","3.302999496459961","3.302999496459961","30918","30918","30918","3.352999687194824","3.352999687194824","3.352999687194824","16914","16914","16914","3.3979997634887695","3.3979997634887695","3.3979997634887695"
"566","16954","16954","16954","3.4010000228881836","3.4010000228881836","3.4010000228881836","30920","30920","30920","3.3969998359680176","3.3969998359680176","3.3969998359680176","16916","16916","16916","3.36899995803833","3.36899995803833","3.36899995803833"
"567","17118","17118","17118","1.0119999647140503","1.0119999647140503","1.0119999647140503","31236","31236","31236","1.0120002031326294","1.0120002031326294","1.0120002031326294","17075","17075","17075","2.9819998741149902","2.9819998741149902","2.9819998741149902"
"568","17120","17120","17120","3.142000198364258","3.142000198364258","3.142000198364258","31238","31238","31238","3.124000072479248","3.124000072479248","3.124000072479248","17077","17077","17077","3.1399998664855957","3.1399998664855957","3.1399998664855957"
"569","17122","17122","17122","3.131999969482422","3.131999969482422","3.131999969482422","31240","31240","31240","0.991999626159668","0.991999626159668","0.991999626159668","17079","17079","17079","3.0789999961853027","3.0789999961853027","3.0789999961853027"
"570","17124","17124","17124","1.2619996070861816","1.2619996070861816","1.2619996070861816","31242","31242","31242","3.1529998779296875","3.1529998779296875","3.1529998779296875","17081","17081","17081","3.2509994506835938","3.2509994506835938","3.2509994506835938"
"571","17126","17126","17126","3.2950000762939453","3.2950000762939453","3.2950000762939453","31244","31244","31244","3.2210001945495605","3.2210001945495605","3.2210001945495605","17083","17083","17083","3.315999984741211","3.315999984741211","3.315999984741211"
"572","17128","17128","17128","3.3439998626708984","3.3439998626708984","3.3439998626708984","31246","31246","31246","3.313000202178955","3.313000202178955","3.313000202178955","17085","17085","17085","3.311999797821045","3.311999797821045","3.311999797821045"
"573","17130","17130","17130","3.1419992446899414","3.1419992446899414","3.1419992446899414","31248","31248","31248","3.1379995346069336","3.1379995346069336","3.1379995346069336","17087","17087","17087","3.303999900817871","3.303999900817871","3.303999900817871"
"574","17132","17132","17132","3.2150001525878906","3.2150001525878906","3.2150001525878906","31250","31250","31250","3.2150001525878906","3.2150001525878906","3.2150001525878906","17089","17089","17089","3.38700008392334","3.38700008392334","3.38700008392334"
"575","17134","17134","17134","3.4019999504089355","3.4019999504089355","3.4019999504089355","31252","31252","31252","3.383999824523926","3.383999824523926","3.383999824523926","17091","17091","17091","3.382999897003174","3.382999897003174","3.382999897003174"
"576","17299","17299","17299","1.0119998455047607","1.0119998455047607","1.0119998455047607","31568","31568","31568","1.0120002031326294","1.0120002031326294","1.0120002031326294","17251","17251","17251","1.0120000839233398","1.0120000839233398","1.0120000839233398"
"577","17301","17301","17301","3.0399997234344482","3.0399997234344482","3.0399997234344482","31570","31570","31570","3.121000289916992","3.121000289916992","3.121000289916992","17253","17253","17253","3.0429999828338623","3.0429999828338623","3.0429999828338623"
"578","17303","17303","17303","3.067999839782715","3.067999839782715","3.067999839782715","31572","31572","31572","3.053999900817871","3.053999900817871","3.053999900817871","17255","17255","17255","3.1050000190734863","3.1050000190734863","3.1050000190734863"
"579","17305","17305","17305","1.2619998455047607","1.2619998455047607","1.2619998455047607","31574","31574","31574","1.2619996070861816","1.2619996070861816","1.2619996070861816","17257","17257","17257","3.249999523162842","3.249999523162842","3.249999523162842"
"580","17307","17307","17307","3.25600004196167","3.25600004196167","3.25600004196167","31576","31576","31576","3.2119998931884766","3.2119998931884766","3.2119998931884766","17259","17259","17259","3.316999912261963","3.316999912261963","3.316999912261963"
"581","17309","17309","17309","3.3239998817443848","3.3239998817443848","3.3239998817443848","31578","31578","31578","3.328000068664551","3.328000068664551","3.328000068664551","17261","17261","17261","3.3449997901916504","3.3449997901916504","3.3449997901916504"
"582","17311","17311","17311","3.1259994506835938","3.1259994506835938","3.1259994506835938","31580","31580","31580","3.1479992866516113","3.1479992866516113","3.1479992866516113","17263","17263","17263","3.258999824523926","3.258999824523926","3.258999824523926"
"583","17313","17313","17313","3.359999656677246","3.359999656677246","3.359999656677246","31582","31582","31582","3.2140002250671387","3.2140002250671387","3.2140002250671387","17265","17265","17265","3.3979997634887695","3.3979997634887695","3.3979997634887695"
"584","17315","17315","17315","3.3899998664855957","3.3899998664855957","3.3899998664855957","31584","31584","31584","3.381999969482422","3.381999969482422","3.381999969482422","17267","17267","17267","3.2269997596740723","3.2269997596740723","3.2269997596740723"
"585","17479","17479","17479","1.0119999647140503","1.0119999647140503","1.0119999647140503","31901","31901","31901","1.0120000839233398","1.0120000839233398","1.0120000839233398","17425","17425","17425","1.0120000839233398","1.0120000839233398","1.0120000839233398"
"586","17481","17481","17481","3.052999973297119","3.052999973297119","3.052999973297119","31903","31903","31903","3.1100001335144043","3.1100001335144043","3.1100001335144043","17427","17427","17427","3.0209999084472656","3.0209999084472656","3.0209999084472656"
"587","17483","17483","17483","0.9919998645782471","0.9919998645782471","0.9919998645782471","31905","31905","31905","3.1510000228881836","3.1510000228881836","3.1510000228881836","17429","17429","17429","3.1409997940063477","3.1409997940063477","3.1409997940063477"
"588","17485","17485","17485","1.4819995164871216","1.4819995164871216","1.4819995164871216","31907","31907","31907","1.2619998455047607","1.2619998455047607","1.2619998455047607","17431","17431","17431","3.24899959564209","3.24899959564209","3.24899959564209"
"589","17487","17487","17487","3.3319997787475586","3.3319997787475586","3.3319997787475586","31909","31909","31909","3.2719998359680176","3.2719998359680176","3.2719998359680176","17433","17433","17433","3.332000255584717","3.332000255584717","3.332000255584717"
"590","17489","17489","17489","3.313000202178955","3.313000202178955","3.313000202178955","31911","31911","31911","3.327000141143799","3.327000141143799","3.327000141143799","17435","17435","17435","3.3410000801086426","3.3410000801086426","3.3410000801086426"
"591","17491","17491","17491","3.1329994201660156","3.1329994201660156","3.1329994201660156","31913","31913","31913","3.1359996795654297","3.1359996795654297","3.1359996795654297","17437","17437","17437","3.249999523162842","3.249999523162842","3.249999523162842"
"592","17493","17493","17493","3.3359994888305664","3.3359994888305664","3.3359994888305664","31915","31915","31915","3.4029998779296875","3.4029998779296875","3.4029998779296875","17439","17439","17439","3.38700008392334","3.38700008392334","3.38700008392334"
"593","17495","17495","17495","3.3849997520446777","3.3849997520446777","3.3849997520446777","31917","31917","31917","3.4000000953674316","3.4000000953674316","3.4000000953674316","17441","17441","17441","3.4099998474121094","3.4099998474121094","3.4099998474121094"
"594","17656","17656","17656","1.0120000839233398","1.0120000839233398","1.0120000839233398","32233","32233","32233","1.0119999647140503","1.0119999647140503","1.0119999647140503","17598","17598","17598","1.0119999647140503","1.0119999647140503","1.0119999647140503"
"595","17658","17658","17658","3.111999988555908","3.111999988555908","3.111999988555908","32235","32235","32235","0.9919997453689575","0.9919997453689575","0.9919997453689575","17600","17600","17600","3.0299999713897705","3.0299999713897705","3.0299999713897705"
"596","17660","17660","17660","3.118000030517578","3.118000030517578","3.118000030517578","32237","32237","32237","0.991999626159668","0.991999626159668","0.991999626159668","17602","17602","17602","3.145000457763672","3.145000457763672","3.145000457763672"
"597","17662","17662","17662","1.2619996070861816","1.2619996070861816","1.2619996070861816","32239","32239","32239","1.2619996070861816","1.2619996070861816","1.2619996070861816","17604","17604","17604","3.3309998512268066","3.3309998512268066","3.3309998512268066"
"598","17664","17664","17664","3.3350000381469727","3.3350000381469727","3.3350000381469727","32241","32241","32241","3.2930002212524414","3.2930002212524414","3.2930002212524414","17606","17606","17606","3.3330001831054688","3.3330001831054688","3.3330001831054688"
"599","17666","17666","17666","3.357999801635742","3.357999801635742","3.357999801635742","32243","32243","32243","3.3359999656677246","3.3359999656677246","3.3359999656677246","17608","17608","17608","3.311999797821045","3.311999797821045","3.311999797821045"
"600","17668","17668","17668","3.1489996910095215","3.1489996910095215","3.1489996910095215","32245","32245","32245","1.2619996070861816","1.2619996070861816","1.2619996070861816","17610","17610","17610","3.232999801635742","3.232999801635742","3.232999801635742"
"601","17670","17670","17670","3.388000011444092","3.388000011444092","3.388000011444092","32247","32247","32247","3.2119998931884766","3.2119998931884766","3.2119998931884766","17612","17612","17612","3.369999885559082","3.369999885559082","3.369999885559082"
"602","17672","17672","17672","3.386000156402588","3.386000156402588","3.386000156402588","32249","32249","32249","3.383999824523926","3.383999824523926","3.383999824523926","17614","17614","17614","3.370999813079834","3.370999813079834","3.370999813079834"
"603","17836","17836","17836","1.0119999647140503","1.0119999647140503","1.0119999647140503","32565","32565","32565","1.0120000839233398","1.0120000839233398","1.0120000839233398","17772","17772","17772","2.9819998741149902","2.9819998741149902","2.9819998741149902"
"604","17838","17838","17838","3.066999912261963","3.066999912261963","3.066999912261963","32567","32567","32567","0.9920001029968262","0.9920001029968262","0.9920001029968262","17774","17774","17774","3.086000442504883","3.086000442504883","3.086000442504883"
"605","17840","17840","17840","3.0980000495910645","3.0980000495910645","3.0980000495910645","32569","32569","32569","3.11299991607666","3.11299991607666","3.11299991607666","17776","17776","17776","3.1490001678466797","3.1490001678466797","3.1490001678466797"
"606","17842","17842","17842","1.2619996070861816","1.2619996070861816","1.2619996070861816","32571","32571","32571","1.2619996070861816","1.2619996070861816","1.2619996070861816","17778","17778","17778","3.253999710083008","3.253999710083008","3.253999710083008"
"607","17844","17844","17844","3.2769999504089355","3.2769999504089355","3.2769999504089355","32573","32573","32573","3.2139997482299805","3.2139997482299805","3.2139997482299805","17780","17780","17780","3.369999885559082","3.369999885559082","3.369999885559082"
"608","17846","17846","17846","3.2930002212524414","3.2930002212524414","3.2930002212524414","32575","32575","32575","3.328000068664551","3.328000068664551","3.328000068664551","17782","17782","17782","3.3519997596740723","3.3519997596740723","3.3519997596740723"
"609","17848","17848","17848","3.232999801635742","3.232999801635742","3.232999801635742","32577","32577","32577","1.2619997262954712","1.2619997262954712","1.2619997262954712","17784","17784","17784","3.245999813079834","3.245999813079834","3.245999813079834"
"610","17850","17850","17850","3.357999801635742","3.357999801635742","3.357999801635742","32579","32579","32579","3.2119998931884766","3.2119998931884766","3.2119998931884766","17786","17786","17786","3.4079999923706055","3.4079999923706055","3.4079999923706055"
"611","17852","17852","17852","3.37399959564209","3.37399959564209","3.37399959564209","32581","32581","32581","3.3239998817443848","3.3239998817443848","3.3239998817443848","17788","17788","17788","3.4010000228881836","3.4010000228881836","3.4010000228881836"
"612","18011","18011","18011","1.0119999647140503","1.0119999647140503","1.0119999647140503","32898","32898","32898","1.0120000839233398","1.0120000839233398","1.0120000839233398","17952","17952","17952","1.2319998741149902","1.2319998741149902","1.2319998741149902"
"613","18013","18013","18013","3.063999652862549","3.063999652862549","3.063999652862549","32900","32900","32900","0.9919998645782471","0.9919998645782471","0.9919998645782471","17954","17954","17954","3.1430001258850098","3.1430001258850098","3.1430001258850098"
"614","18015","18015","18015","3.1519999504089355","3.1519999504089355","3.1519999504089355","32902","32902","32902","3.057000160217285","3.057000160217285","3.057000160217285","17956","17956","17956","3.131999969482422","3.131999969482422","3.131999969482422"
"615","18017","18017","18017","3.256999969482422","3.256999969482422","3.256999969482422","32904","32904","32904","1.2619996070861816","1.2619996070861816","1.2619996070861816","17958","17958","17958","3.2599992752075195","3.2599992752075195","3.2599992752075195"
"616","18019","18019","18019","3.2699999809265137","3.2699999809265137","3.2699999809265137","32906","32906","32906","3.2270002365112305","3.2270002365112305","3.2270002365112305","17960","17960","17960","3.36299991607666","3.36299991607666","3.36299991607666"
"617","18021","18021","18021","3.3420000076293945","3.3420000076293945","3.3420000076293945","32908","32908","32908","3.328000068664551","3.328000068664551","3.328000068664551","17962","17962","17962","3.357999801635742","3.357999801635742","3.357999801635742"
"618","18023","18023","18023","3.246999740600586","3.246999740600586","3.246999740600586","32910","32910","32910","1.2619998455047607","1.2619998455047607","1.2619998455047607","17964","17964","17964","3.243999481201172","3.243999481201172","3.243999481201172"
"619","18025","18025","18025","3.37399959564209","3.37399959564209","3.37399959564209","32912","32912","32912","3.206000328063965","3.206000328063965","3.206000328063965","17966","17966","17966","3.245999813079834","3.245999813079834","3.245999813079834"
"620","18027","18027","18027","3.3849997520446777","3.3849997520446777","3.3849997520446777","32914","32914","32914","3.3869996070861816","3.3869996070861816","3.3869996070861816","17968","17968","17968","3.382999897003174","3.382999897003174","3.382999897003174"
"621","18189","18189","18189","1.0119999647140503","1.0119999647140503","1.0119999647140503","33230","33230","33230","1.0120000839233398","1.0120000839233398","1.0120000839233398","18130","18130","18130","3.126999855041504","3.126999855041504","3.126999855041504"
"622","18191","18191","18191","3.0199999809265137","3.0199999809265137","3.0199999809265137","33232","33232","33232","0.9919999837875366","0.9919999837875366","0.9919999837875366","18132","18132","18132","3.1349997520446777","3.1349997520446777","3.1349997520446777"
"623","18193","18193","18193","3.0269999504089355","3.0269999504089355","3.0269999504089355","33234","33234","33234","3.1449999809265137","3.1449999809265137","3.1449999809265137","18134","18134","18134","3.132999897003174","3.132999897003174","3.132999897003174"
"624","18195","18195","18195","1.2619999647140503","1.2619999647140503","1.2619999647140503","33236","33236","33236","1.2619997262954712","1.2619997262954712","1.2619997262954712","18136","18136","18136","3.2579994201660156","3.2579994201660156","3.2579994201660156"
"625","18197","18197","18197","3.191999912261963","3.191999912261963","3.191999912261963","33238","33238","33238","3.2160000801086426","3.2160000801086426","3.2160000801086426","18138","18138","18138","3.3350000381469727","3.3350000381469727","3.3350000381469727"
"626","18199","18199","18199","3.321000099182129","3.321000099182129","3.321000099182129","33240","33240","33240","3.302000045776367","3.302000045776367","3.302000045776367","18140","18140","18140","3.3489999771118164","3.3489999771118164","3.3489999771118164"
"627","18201","18201","18201","1.2619997262954712","1.2619997262954712","1.2619997262954712","33242","33242","33242","1.2619997262954712","1.2619997262954712","1.2619997262954712","18142","18142","18142","3.2569994926452637","3.2569994926452637","3.2569994926452637"
"628","18203","18203","18203","3.180999755859375","3.180999755859375","3.180999755859375","33244","33244","33244","3.2109999656677246","3.2109999656677246","3.2109999656677246","18144","18144","18144","3.388000011444092","3.388000011444092","3.388000011444092"
"629","18205","18205","18205","3.361999988555908","3.361999988555908","3.361999988555908","33246","33246","33246","3.4029998779296875","3.4029998779296875","3.4029998779296875","18146","18146","18146","3.4029998779296875","3.4029998779296875","3.4029998779296875"
"630","18365","18365","18365","1.0120000839233398","1.0120000839233398","1.0120000839233398","33563","33563","33563","1.0120002031326294","1.0120002031326294","1.0120002031326294","18306","18306","18306","2.994999885559082","2.994999885559082","2.994999885559082"
"631","18367","18367","18367","3.071000099182129","3.071000099182129","3.071000099182129","33565","33565","33565","0.9919999837875366","0.9919999837875366","0.9919999837875366","18308","18308","18308","3.114999771118164","3.114999771118164","3.114999771118164"
"632","18369","18369","18369","3.128999710083008","3.128999710083008","3.128999710083008","33567","33567","33567","3.0309998989105225","3.0309998989105225","3.0309998989105225","18310","18310","18310","3.1750001907348633","3.1750001907348633","3.1750001907348633"
"633","18371","18371","18371","3.1219992637634277","3.1219992637634277","3.1219992637634277","33569","33569","33569","1.2619997262954712","1.2619997262954712","1.2619997262954712","18312","18312","18312","3.2599992752075195","3.2599992752075195","3.2599992752075195"
"634","18373","18373","18373","3.3309998512268066","3.3309998512268066","3.3309998512268066","33571","33571","33571","3.2129998207092285","3.2129998207092285","3.2129998207092285","18314","18314","18314","3.3590002059936523","3.3590002059936523","3.3590002059936523"
"635","18375","18375","18375","3.3359999656677246","3.3359999656677246","3.3359999656677246","33573","33573","33573","3.322999954223633","3.322999954223633","3.322999954223633","18316","18316","18316","3.3470001220703125","3.3470001220703125","3.3470001220703125"
"636","18377","18377","18377","3.122999668121338","3.122999668121338","3.122999668121338","33575","33575","33575","1.2619996070861816","1.2619996070861816","1.2619996070861816","18318","18318","18318","3.301999568939209","3.301999568939209","3.301999568939209"
"637","18379","18379","18379","3.3239998817443848","3.3239998817443848","3.3239998817443848","33577","33577","33577","3.2120003700256348","3.2120003700256348","3.2120003700256348","18320","18320","18320","3.38700008392334","3.38700008392334","3.38700008392334"
"638","18381","18381","18381","3.322999954223633","3.322999954223633","3.322999954223633","33579","33579","33579","3.309999942779541","3.309999942779541","3.309999942779541","18322","18322","18322","3.4019999504089355","3.4019999504089355","3.4019999504089355"
"639","18544","18544","18544","1.0119998455047607","1.0119998455047607","1.0119998455047607","33895","33895","33895","1.0119999647140503","1.0119999647140503","1.0119999647140503","18483","18483","18483","3.0989999771118164","3.0989999771118164","3.0989999771118164"
"640","18546","18546","18546","3.0859999656677246","3.0859999656677246","3.0859999656677246","33897","33897","33897","0.9919999837875366","0.9919999837875366","0.9919999837875366","18485","18485","18485","3.1409997940063477","3.1409997940063477","3.1409997940063477"
"641","18548","18548","18548","3.121000289916992","3.121000289916992","3.121000289916992","33899","33899","33899","3.1030001640319824","3.1030001640319824","3.1030001640319824","18487","18487","18487","3.1430001258850098","3.1430001258850098","3.1430001258850098"
"642","18550","18550","18550","1.2619996070861816","1.2619996070861816","1.2619996070861816","33901","33901","33901","1.2619998455047607","1.2619998455047607","1.2619998455047607","18489","18489","18489","3.2519993782043457","3.2519993782043457","3.2519993782043457"
"643","18552","18552","18552","3.2769999504089355","3.2769999504089355","3.2769999504089355","33903","33903","33903","3.298999786376953","3.298999786376953","3.298999786376953","18491","18491","18491","3.3559999465942383","3.3559999465942383","3.3559999465942383"
"644","18554","18554","18554","3.3309998512268066","3.3309998512268066","3.3309998512268066","33905","33905","33905","3.3569998741149902","3.3569998741149902","3.3569998741149902","18493","18493","18493","3.357999801635742","3.357999801635742","3.357999801635742"
"645","18556","18556","18556","3.2549996376037598","3.2549996376037598","3.2549996376037598","33907","33907","33907","1.2619997262954712","1.2619997262954712","1.2619997262954712","18495","18495","18495","3.2709999084472656","3.2709999084472656","3.2709999084472656"
"646","18558","18558","18558","3.354999542236328","3.354999542236328","3.354999542236328","33909","33909","33909","3.2150001525878906","3.2150001525878906","3.2150001525878906","18497","18497","18497","3.4010000228881836","3.4010000228881836","3.4010000228881836"
"647","18560","18560","18560","3.311999797821045","3.311999797821045","3.311999797821045","33911","33911","33911","3.4029998779296875","3.4029998779296875","3.4029998779296875","18499","18499","18499","3.38700008392334","3.38700008392334","3.38700008392334"
"648","18720","18720","18720","1.0120000839233398","1.0120000839233398","1.0120000839233398","34227","34227","34227","1.0119999647140503","1.0119999647140503","1.0119999647140503","18661","18661","18661","1.0120000839233398","1.0120000839233398","1.0120000839233398"
"649","18722","18722","18722","3.0850000381469727","3.0850000381469727","3.0850000381469727","34229","34229","34229","3.013000011444092","3.013000011444092","3.013000011444092","18663","18663","18663","3.11899995803833","3.11899995803833","3.11899995803833"
"650","18724","18724","18724","3.136000156402588","3.136000156402588","3.136000156402588","34231","34231","34231","3.0759999752044678","3.0759999752044678","3.0759999752044678","18665","18665","18665","3.1409997940063477","3.1409997940063477","3.1409997940063477"
"651","18726","18726","18726","3.128999710083008","3.128999710083008","3.128999710083008","34233","34233","34233","1.2619997262954712","1.2619997262954712","1.2619997262954712","18667","18667","18667","3.243999481201172","3.243999481201172","3.243999481201172"
"652","18728","18728","18728","3.3339996337890625","3.3339996337890625","3.3339996337890625","34235","34235","34235","3.292999744415283","3.292999744415283","3.292999744415283","18669","18669","18669","3.3480000495910645","3.3480000495910645","3.3480000495910645"
"653","18730","18730","18730","3.3319997787475586","3.3319997787475586","3.3319997787475586","34237","34237","34237","3.3309998512268066","3.3309998512268066","3.3309998512268066","18671","18671","18671","3.3340001106262207","3.3340001106262207","3.3340001106262207"
"654","18732","18732","18732","3.1429996490478516","3.1429996490478516","3.1429996490478516","34239","34239","34239","1.2619996070861816","1.2619996070861816","1.2619996070861816","18673","18673","18673","3.24299955368042","3.24299955368042","3.24299955368042"
"655","18734","18734","18734","3.382999897003174","3.382999897003174","3.382999897003174","34241","34241","34241","3.2080001831054688","3.2080001831054688","3.2080001831054688","18675","18675","18675","3.3849997520446777","3.3849997520446777","3.3849997520446777"
"656","18736","18736","18736","3.37399959564209","3.37399959564209","3.37399959564209","34243","34243","34243","3.4049997329711914","3.4049997329711914","3.4049997329711914","18677","18677","18677","3.4029998779296875","3.4029998779296875","3.4029998779296875"
"657","18901","18901","18901","1.0120000839233398","1.0120000839233398","1.0120000839233398","34560","34560","34560","1.0120002031326294","1.0120002031326294","1.0120002031326294","18839","18839","18839","3.122000217437744","3.122000217437744","3.122000217437744"
"658","18903","18903","18903","3.0949997901916504","3.0949997901916504","3.0949997901916504","34562","34562","34562","3.0959997177124023","3.0959997177124023","3.0959997177124023","18841","18841","18841","3.0269999504089355","3.0269999504089355","3.0269999504089355"
"659","18905","18905","18905","3.1489996910095215","3.1489996910095215","3.1489996910095215","34564","34564","34564","3.0949997901916504","3.0949997901916504","3.0949997901916504","18843","18843","18843","3.0830001831054688","3.0830001831054688","3.0830001831054688"
"660","18907","18907","18907","1.2619997262954712","1.2619997262954712","1.2619997262954712","34566","34566","34566","1.2619997262954712","1.2619997262954712","1.2619997262954712","18845","18845","18845","3.24899959564209","3.24899959564209","3.24899959564209"
"661","18909","18909","18909","3.3400001525878906","3.3400001525878906","3.3400001525878906","34568","34568","34568","3.2210001945495605","3.2210001945495605","3.2210001945495605","18847","18847","18847","3.3489999771118164","3.3489999771118164","3.3489999771118164"
"662","18911","18911","18911","3.3309998512268066","3.3309998512268066","3.3309998512268066","34570","34570","34570","3.3439998626708984","3.3439998626708984","3.3439998626708984","18849","18849","18849","3.332000255584717","3.332000255584717","3.332000255584717"
"663","18913","18913","18913","3.1429996490478516","3.1429996490478516","3.1429996490478516","34572","34572","34572","3.2609996795654297","3.2609996795654297","3.2609996795654297","18851","18851","18851","3.2559995651245117","3.2559995651245117","3.2559995651245117"
"664","18915","18915","18915","3.359999656677246","3.359999656677246","3.359999656677246","34574","34574","34574","3.388000011444092","3.388000011444092","3.388000011444092","18853","18853","18853","3.38700008392334","3.38700008392334","3.38700008392334"
"665","18917","18917","18917","3.4099998474121094","3.4099998474121094","3.4099998474121094","34576","34576","34576","3.4029998779296875","3.4029998779296875","3.4029998779296875","18855","18855","18855","3.4000000953674316","3.4000000953674316","3.4000000953674316"
"666","19081","19081","19081","1.0120000839233398","1.0120000839233398","1.0120000839233398","34892","34892","34892","1.0119998455047607","1.0119998455047607","1.0119998455047607","19017","19017","19017","1.0120002031326294","1.0120002031326294","1.0120002031326294"
"667","19083","19083","19083","3.066999912261963","3.066999912261963","3.066999912261963","34894","34894","34894","0.9919998645782471","0.9919998645782471","0.9919998645782471","19019","19019","19019","3.129000186920166","3.129000186920166","3.129000186920166"
"668","19085","19085","19085","0.9919998645782471","0.9919998645782471","0.9919998645782471","34896","34896","34896","0.9919998645782471","0.9919998645782471","0.9919998645782471","19021","19021","19021","3.059000015258789","3.059000015258789","3.059000015258789"
"669","19087","19087","19087","3.122999668121338","3.122999668121338","3.122999668121338","34898","34898","34898","3.2739996910095215","3.2739996910095215","3.2739996910095215","19023","19023","19023","3.1489996910095215","3.1489996910095215","3.1489996910095215"
"670","19089","19089","19089","3.316999912261963","3.316999912261963","3.316999912261963","34900","34900","34900","3.2100000381469727","3.2100000381469727","3.2100000381469727","19025","19025","19025","3.364999771118164","3.364999771118164","3.364999771118164"
"671","19091","19091","19091","3.320000171661377","3.320000171661377","3.320000171661377","34902","34902","34902","3.3449997901916504","3.3449997901916504","3.3449997901916504","19027","19027","19027","3.3480000495910645","3.3480000495910645","3.3480000495910645"
"672","19093","19093","19093","3.1429996490478516","3.1429996490478516","3.1429996490478516","34904","34904","34904","1.2619998455047607","1.2619998455047607","1.2619998455047607","19029","19029","19029","3.1499996185302734","3.1499996185302734","3.1499996185302734"
"673","19095","19095","19095","3.200000286102295","3.200000286102295","3.200000286102295","34906","34906","34906","3.200000286102295","3.200000286102295","3.200000286102295","19031","19031","19031","3.3949999809265137","3.3949999809265137","3.3949999809265137"
"674","19097","19097","19097","3.3859996795654297","3.3859996795654297","3.3859996795654297","34908","34908","34908","3.381999969482422","3.381999969482422","3.381999969482422","19033","19033","19033","3.376999855041504","3.376999855041504","3.376999855041504"
"675","19258","19258","19258","1.0120000839233398","1.0120000839233398","1.0120000839233398","35224","35224","35224","1.0120000839233398","1.0120000839233398","1.0120000839233398","19191","19191","19191","1.0119999647140503","1.0119999647140503","1.0119999647140503"
"676","19260","19260","19260","3.135000228881836","3.135000228881836","3.135000228881836","35226","35226","35226","3.000999927520752","3.000999927520752","3.000999927520752","19193","19193","19193","3","3","3"
"677","19262","19262","19262","3.135000228881836","3.135000228881836","3.135000228881836","35228","35228","35228","3.074000120162964","3.074000120162964","3.074000120162964","19195","19195","19195","3.128999710083008","3.128999710083008","3.128999710083008"
"678","19264","19264","19264","3.1469993591308594","3.1469993591308594","3.1469993591308594","35230","35230","35230","1.2619997262954712","1.2619997262954712","1.2619997262954712","19197","19197","19197","3.1459994316101074","3.1459994316101074","3.1459994316101074"
"679","19266","19266","19266","3.1690001487731934","3.1690001487731934","3.1690001487731934","35232","35232","35232","3.195000171661377","3.195000171661377","3.195000171661377","19199","19199","19199","3.3480000495910645","3.3480000495910645","3.3480000495910645"
"680","19268","19268","19268","3.313000202178955","3.313000202178955","3.313000202178955","35234","35234","35234","3.3309998512268066","3.3309998512268066","3.3309998512268066","19201","19201","19201","3.3449997901916504","3.3449997901916504","3.3449997901916504"
"681","19270","19270","19270","3.1429996490478516","3.1429996490478516","3.1429996490478516","35236","35236","35236","1.2619998455047607","1.2619998455047607","1.2619998455047607","19203","19203","19203","3.1579995155334473","3.1579995155334473","3.1579995155334473"
"682","19272","19272","19272","3.184000015258789","3.184000015258789","3.184000015258789","35238","35238","35238","3.2210001945495605","3.2210001945495605","3.2210001945495605","19205","19205","19205","3.3979997634887695","3.3979997634887695","3.3979997634887695"
"683","19274","19274","19274","3.3849997520446777","3.3849997520446777","3.3849997520446777","35240","35240","35240","3.4000000953674316","3.4000000953674316","3.4000000953674316","19207","19207","19207","3.3889999389648438","3.3889999389648438","3.3889999389648438"
"684","19434","19434","19434","1.0120000839233398","1.0120000839233398","1.0120000839233398","35557","35557","35557","1.0120000839233398","1.0120000839233398","1.0120000839233398","19366","19366","19366","1.0120000839233398","1.0120000839233398","1.0120000839233398"
"685","19436","19436","19436","3.057999610900879","3.057999610900879","3.057999610900879","35559","35559","35559","3.0910000801086426","3.0910000801086426","3.0910000801086426","19368","19368","19368","3.1399998664855957","3.1399998664855957","3.1399998664855957"
"686","19438","19438","19438","3.116000175476074","3.116000175476074","3.116000175476074","35561","35561","35561","3.0939998626708984","3.0939998626708984","3.0939998626708984","19370","19370","19370","3.1399998664855957","3.1399998664855957","3.1399998664855957"
"687","19440","19440","19440","3.118999481201172","3.118999481201172","3.118999481201172","35563","35563","35563","1.2619996070861816","1.2619996070861816","1.2619996070861816","19372","19372","19372","3.24299955368042","3.24299955368042","3.24299955368042"
"688","19442","19442","19442","3.3470001220703125","3.3470001220703125","3.3470001220703125","35565","35565","35565","3.2129998207092285","3.2129998207092285","3.2129998207092285","19374","19374","19374","3.361999988555908","3.361999988555908","3.361999988555908"
"689","19444","19444","19444","3.3239998817443848","3.3239998817443848","3.3239998817443848","35567","35567","35567","3.3459997177124023","3.3459997177124023","3.3459997177124023","19376","19376","19376","3.3390002250671387","3.3390002250671387","3.3390002250671387"
"690","19446","19446","19446","3.1579995155334473","3.1579995155334473","3.1579995155334473","35569","35569","35569","1.2619998455047607","1.2619998455047607","1.2619998455047607","19378","19378","19378","3.228999614715576","3.228999614715576","3.228999614715576"
"691","19448","19448","19448","3.3959999084472656","3.3959999084472656","3.3959999084472656","35571","35571","35571","3.2280001640319824","3.2280001640319824","3.2280001640319824","19380","19380","19380","3.4010000228881836","3.4010000228881836","3.4010000228881836"
"692","19450","19450","19450","3.3849997520446777","3.3849997520446777","3.3849997520446777","35573","35573","35573","3.3849997520446777","3.3849997520446777","3.3849997520446777","19382","19382","19382","3.4010000228881836","3.4010000228881836","3.4010000228881836"
"693","19613","19613","19613","1.0120000839233398","1.0120000839233398","1.0120000839233398","35889","35889","35889","1.0119999647140503","1.0119999647140503","1.0119999647140503","19542","19542","19542","1.0120000839233398","1.0120000839233398","1.0120000839233398"
"694","19615","19615","19615","3.068999767303467","3.068999767303467","3.068999767303467","35891","35891","35891","3.003999948501587","3.003999948501587","3.003999948501587","19544","19544","19544","3.109999656677246","3.109999656677246","3.109999656677246"
"695","19617","19617","19617","3.1489996910095215","3.1489996910095215","3.1489996910095215","35893","35893","35893","3.0789999961853027","3.0789999961853027","3.0789999961853027","19546","19546","19546","3.067000150680542","3.067000150680542","3.067000150680542"
"696","19619","19619","19619","3.192999839782715","3.192999839782715","3.192999839782715","35895","35895","35895","1.2619997262954712","1.2619997262954712","1.2619997262954712","19548","19548","19548","3.247999668121338","3.247999668121338","3.247999668121338"
"697","19621","19621","19621","3.252999782562256","3.252999782562256","3.252999782562256","35897","35897","35897","3.2950000762939453","3.2950000762939453","3.2950000762939453","19550","19550","19550","3.3439998626708984","3.3439998626708984","3.3439998626708984"
"698","19623","19623","19623","3.363999843597412","3.363999843597412","3.363999843597412","35899","35899","35899","3.321000099182129","3.321000099182129","3.321000099182129","19552","19552","19552","3.3239998817443848","3.3239998817443848","3.3239998817443848"
"699","19625","19625","19625","3.229999542236328","3.229999542236328","3.229999542236328","35901","35901","35901","1.2619998455047607","1.2619998455047607","1.2619998455047607","19554","19554","19554","3.253999710083008","3.253999710083008","3.253999710083008"
"700","19627","19627","19627","3.369999885559082","3.369999885559082","3.369999885559082","35903","35903","35903","3.2230000495910645","3.2230000495910645","3.2230000495910645","19556","19556","19556","3.4029998779296875","3.4029998779296875","3.4029998779296875"
"701","19629","19629","19629","3.379000186920166","3.379000186920166","3.379000186920166","35905","35905","35905","3.4049997329711914","3.4049997329711914","3.4049997329711914","19558","19558","19558","3.3859996795654297","3.3859996795654297","3.3859996795654297"
"702","19791","19791","19791","1.0120000839233398","1.0120000839233398","1.0120000839233398","36222","36222","36222","1.0120000839233398","1.0120000839233398","1.0120000839233398","19719","19719","19719","1.0119999647140503","1.0119999647140503","1.0119999647140503"
"703","19793","19793","19793","3.0799999237060547","3.0799999237060547","3.0799999237060547","36224","36224","36224","0.9919999837875366","0.9919999837875366","0.9919999837875366","19721","19721","19721","3.048999786376953","3.048999786376953","3.048999786376953"
"704","19795","19795","19795","3.117000102996826","3.117000102996826","3.117000102996826","36226","36226","36226","3.1130003929138184","3.1130003929138184","3.1130003929138184","19723","19723","19723","3.1469998359680176","3.1469998359680176","3.1469998359680176"
"705","19797","19797","19797","1.2619997262954712","1.2619997262954712","1.2619997262954712","36228","36228","36228","1.2619998455047607","1.2619998455047607","1.2619998455047607","19725","19725","19725","3.314999580383301","3.314999580383301","3.314999580383301"
"706","19799","19799","19799","3.3340001106262207","3.3340001106262207","3.3340001106262207","36230","36230","36230","3.2179999351501465","3.2179999351501465","3.2179999351501465","19727","19727","19727","3.3499999046325684","3.3499999046325684","3.3499999046325684"
"707","19801","19801","19801","3.3359999656677246","3.3359999656677246","3.3359999656677246","36232","36232","36232","3.3299999237060547","3.3299999237060547","3.3299999237060547","19729","19729","19729","3.3559999465942383","3.3559999465942383","3.3559999465942383"
"708","19803","19803","19803","3.1429996490478516","3.1429996490478516","3.1429996490478516","36234","36234","36234","1.2619997262954712","1.2619997262954712","1.2619997262954712","19731","19731","19731","3.3410000801086426","3.3410000801086426","3.3410000801086426"
"709","19805","19805","19805","3.352999687194824","3.352999687194824","3.352999687194824","36236","36236","36236","3.2100000381469727","3.2100000381469727","3.2100000381469727","19733","19733","19733","3.378999710083008","3.378999710083008","3.378999710083008"
"710","19807","19807","19807","3.3949999809265137","3.3949999809265137","3.3949999809265137","36238","36238","36238","3.3889999389648438","3.3889999389648438","3.3889999389648438","19735","19735","19735","3.4049997329711914","3.4049997329711914","3.4049997329711914"
"711","19966","19966","19966","1.0120000839233398","1.0120000839233398","1.0120000839233398","36554","36554","36554","1.0120000839233398","1.0120000839233398","1.0120000839233398","19893","19893","19893","1.0119999647140503","1.0119999647140503","1.0119999647140503"
"712","19968","19968","19968","3.0789999961853027","3.0789999961853027","3.0789999961853027","36556","36556","36556","3.0169999599456787","3.0169999599456787","3.0169999599456787","19895","19895","19895","3.1449999809265137","3.1449999809265137","3.1449999809265137"
"713","19970","19970","19970","3.1489996910095215","3.1489996910095215","3.1489996910095215","36558","36558","36558","3.059999942779541","3.059999942779541","3.059999942779541","19897","19897","19897","3.121999740600586","3.121999740600586","3.121999740600586"
"714","19972","19972","19972","1.2619996070861816","1.2619996070861816","1.2619996070861816","36560","36560","36560","1.2620000839233398","1.2620000839233398","1.2620000839233398","19899","19899","19899","3.243999481201172","3.243999481201172","3.243999481201172"
"715","19974","19974","19974","3.3439998626708984","3.3439998626708984","3.3439998626708984","36562","36562","36562","3.2160000801086426","3.2160000801086426","3.2160000801086426","19901","19901","19901","3.3610000610351562","3.3610000610351562","3.3610000610351562"
"716","19976","19976","19976","1.241999864578247","1.241999864578247","1.241999864578247","36564","36564","36564","3.317999839782715","3.317999839782715","3.317999839782715","19903","19903","19903","3.3420000076293945","3.3420000076293945","3.3420000076293945"
"717","19978","19978","19978","3.2549996376037598","3.2549996376037598","3.2549996376037598","36566","36566","36566","1.2619996070861816","1.2619996070861816","1.2619996070861816","19905","19905","19905","3.24899959564209","3.24899959564209","3.24899959564209"
"718","19980","19980","19980","3.362999439239502","3.362999439239502","3.362999439239502","36568","36568","36568","3.2269997596740723","3.2269997596740723","3.2269997596740723","19907","19907","19907","3.3449997901916504","3.3449997901916504","3.3449997901916504"
"719","19982","19982","19982","1.3419997692108154","1.3419997692108154","1.3419997692108154","36570","36570","36570","3.3010001182556152","3.3010001182556152","3.3010001182556152","19909","19909","19909","3.3849997520446777","3.3849997520446777","3.3849997520446777"
"720","20142","20142","20142","1.0120000839233398","1.0120000839233398","1.0120000839233398","36886","36886","36886","1.0120000839233398","1.0120000839233398","1.0120000839233398","20071","20071","20071","1.0120000839233398","1.0120000839233398","1.0120000839233398"
"721","20144","20144","20144","3.0699996948242188","3.0699996948242188","3.0699996948242188","36888","36888","36888","3.0290000438690186","3.0290000438690186","3.0290000438690186","20073","20073","20073","3.01200008392334","3.01200008392334","3.01200008392334"
"722","20146","20146","20146","3.047999858856201","3.047999858856201","3.047999858856201","36890","36890","36890","3.0319998264312744","3.0319998264312744","3.0319998264312744","20075","20075","20075","3.1419997215270996","3.1419997215270996","3.1419997215270996"
"723","20148","20148","20148","3.2659997940063477","3.2659997940063477","3.2659997940063477","36892","36892","36892","1.2619996070861816","1.2619996070861816","1.2619996070861816","20077","20077","20077","3.1319994926452637","3.1319994926452637","3.1319994926452637"
"724","20150","20150","20150","3.3410000801086426","3.3410000801086426","3.3410000801086426","36894","36894","36894","3.1440000534057617","3.1440000534057617","3.1440000534057617","20079","20079","20079","3.3350000381469727","3.3350000381469727","3.3350000381469727"
"725","20152","20152","20152","3.2649998664855957","3.2649998664855957","3.2649998664855957","36896","36896","36896","3.3379998207092285","3.3379998207092285","3.3379998207092285","20081","20081","20081","3.3550000190734863","3.3550000190734863","3.3550000190734863"
"726","20154","20154","20154","3.2569994926452637","3.2569994926452637","3.2569994926452637","36898","36898","36898","1.2619997262954712","1.2619997262954712","1.2619997262954712","20083","20083","20083","3.2649993896484375","3.2649993896484375","3.2649993896484375"
"727","20156","20156","20156","3.3899998664855957","3.3899998664855957","3.3899998664855957","36900","36900","36900","3.2319998741149902","3.2319998741149902","3.2319998741149902","20085","20085","20085","3.379000186920166","3.379000186920166","3.379000186920166"
"728","20158","20158","20158","3.2109999656677246","3.2109999656677246","3.2109999656677246","36902","36902","36902","3.4059996604919434","3.4059996604919434","3.4059996604919434","20087","20087","20087","3.377999782562256","3.377999782562256","3.377999782562256"
"729","20325","20325","20325","1.0119999647140503","1.0119999647140503","1.0119999647140503","37219","37219","37219","1.0119998455047607","1.0119998455047607","1.0119998455047607","20250","20250","20250","1.0120000839233398","1.0120000839233398","1.0120000839233398"
"730","20327","20327","20327","3.068999767303467","3.068999767303467","3.068999767303467","37221","37221","37221","3.0920004844665527","3.0920004844665527","3.0920004844665527","20252","20252","20252","3.0139999389648438","3.0139999389648438","3.0139999389648438"
"731","20329","20329","20329","3.131999969482422","3.131999969482422","3.131999969482422","37223","37223","37223","0.9919997453689575","0.9919997453689575","0.9919997453689575","20254","20254","20254","3.121999740600586","3.121999740600586","3.121999740600586"
"732","20331","20331","20331","1.2619998455047607","1.2619998455047607","1.2619998455047607","37225","37225","37225","1.2619998455047607","1.2619998455047607","1.2619998455047607","20256","20256","20256","3.258999824523926","3.258999824523926","3.258999824523926"
"733","20333","20333","20333","3.3319997787475586","3.3319997787475586","3.3319997787475586","37227","37227","37227","3.2909998893737793","3.2909998893737793","3.2909998893737793","20258","20258","20258","3.3340001106262207","3.3340001106262207","3.3340001106262207"
"734","20335","20335","20335","3.317999839782715","3.317999839782715","3.317999839782715","37229","37229","37229","3.3420000076293945","3.3420000076293945","3.3420000076293945","20260","20260","20260","3.3509998321533203","3.3509998321533203","3.3509998321533203"
"735","20337","20337","20337","3.1339993476867676","3.1339993476867676","3.1339993476867676","37231","37231","37231","1.2619997262954712","1.2619997262954712","1.2619997262954712","20262","20262","20262","3.2639994621276855","3.2639994621276855","3.2639994621276855"
"736","20339","20339","20339","3.3259997367858887","3.3259997367858887","3.3259997367858887","37233","37233","37233","3.354999542236328","3.354999542236328","3.354999542236328","20264","20264","20264","3.311999797821045","3.311999797821045","3.311999797821045"
"737","20341","20341","20341","3.4049997329711914","3.4049997329711914","3.4049997329711914","37235","37235","37235","3.2200002670288086","3.2200002670288086","3.2200002670288086","20266","20266","20266","3.3859996795654297","3.3859996795654297","3.3859996795654297"
"738","20499","20499","20499","1.0119999647140503","1.0119999647140503","1.0119999647140503","37551","37551","37551","1.0119998455047607","1.0119998455047607","1.0119998455047607","20424","20424","20424","1.0120002031326294","1.0120002031326294","1.0120002031326294"
"739","20501","20501","20501","3.138000011444092","3.138000011444092","3.138000011444092","37553","37553","37553","2.99399995803833","2.99399995803833","2.99399995803833","20426","20426","20426","3.007999897003174","3.007999897003174","3.007999897003174"
"740","20503","20503","20503","3.138000011444092","3.138000011444092","3.138000011444092","37555","37555","37555","3.00600004196167","3.00600004196167","3.00600004196167","20428","20428","20428","3.130000114440918","3.130000114440918","3.130000114440918"
"741","20505","20505","20505","3.1269993782043457","3.1269993782043457","3.1269993782043457","37557","37557","37557","1.2619996070861816","1.2619996070861816","1.2619996070861816","20430","20430","20430","3.3279995918273926","3.3279995918273926","3.3279995918273926"
"742","20507","20507","20507","3.184999942779541","3.184999942779541","3.184999942779541","37559","37559","37559","3.2160000801086426","3.2160000801086426","3.2160000801086426","20432","20432","20432","3.3340001106262207","3.3340001106262207","3.3340001106262207"
"743","20509","20509","20509","3.3610000610351562","3.3610000610351562","3.3610000610351562","37561","37561","37561","3.309999942779541","3.309999942779541","3.309999942779541","20434","20434","20434","3.3520002365112305","3.3520002365112305","3.3520002365112305"
"744","20511","20511","20511","3.1449995040893555","3.1449995040893555","3.1449995040893555","37563","37563","37563","1.2619997262954712","1.2619997262954712","1.2619997262954712","20436","20436","20436","3.2689995765686035","3.2689995765686035","3.2689995765686035"
"745","20513","20513","20513","3.3499999046325684","3.3499999046325684","3.3499999046325684","37565","37565","37565","3.2249999046325684","3.2249999046325684","3.2249999046325684","20438","20438","20438","3.3959999084472656","3.3959999084472656","3.3959999084472656"
"746","20515","20515","20515","3.4049997329711914","3.4049997329711914","3.4049997329711914","37567","37567","37567","3.3849997520446777","3.3849997520446777","3.3849997520446777","20440","20440","20440","3.36899995803833","3.36899995803833","3.36899995803833"
"747","20680","20680","20680","1.0119997262954712","1.0119997262954712","1.0119997262954712","37884","37884","37884","1.0119999647140503","1.0119999647140503","1.0119999647140503","20601","20601","20601","1.0120000839233398","1.0120000839233398","1.0120000839233398"
"748","20682","20682","20682","3.051999807357788","3.051999807357788","3.051999807357788","37886","37886","37886","3.069000005722046","3.069000005722046","3.069000005722046","20603","20603","20603","3.135000228881836","3.135000228881836","3.135000228881836"
"749","20684","20684","20684","3.124000072479248","3.124000072479248","3.124000072479248","37888","37888","37888","3.1050000190734863","3.1050000190734863","3.1050000190734863","20605","20605","20605","3.068000078201294","3.068000078201294","3.068000078201294"
"750","20686","20686","20686","3.124999523162842","3.124999523162842","3.124999523162842","37890","37890","37890","1.2619997262954712","1.2619997262954712","1.2619997262954712","20607","20607","20607","3.243999481201172","3.243999481201172","3.243999481201172"
"751","20688","20688","20688","3.332000255584717","3.332000255584717","3.332000255584717","37892","37892","37892","3.3319997787475586","3.3319997787475586","3.3319997787475586","20609","20609","20609","3.357999801635742","3.357999801635742","3.357999801635742"
"752","20690","20690","20690","3.3309998512268066","3.3309998512268066","3.3309998512268066","37894","37894","37894","3.3460001945495605","3.3460001945495605","3.3460001945495605","20611","20611","20611","3.311999797821045","3.311999797821045","3.311999797821045"
"753","20692","20692","20692","3.2709994316101074","3.2709994316101074","3.2709994316101074","37896","37896","37896","1.2619999647140503","1.2619999647140503","1.2619999647140503","20613","20613","20613","3.258999824523926","3.258999824523926","3.258999824523926"
"754","20694","20694","20694","3.38700008392334","3.38700008392334","3.38700008392334","37898","37898","37898","3.383999824523926","3.383999824523926","3.383999824523926","20615","20615","20615","3.383999824523926","3.383999824523926","3.383999824523926"
"755","20696","20696","20696","3.4049997329711914","3.4049997329711914","3.4049997329711914","37900","37900","37900","3.4029998779296875","3.4029998779296875","3.4029998779296875","20617","20617","20617","3.3869996070861816","3.3869996070861816","3.3869996070861816"
"756","20854","20854","20854","1.0120000839233398","1.0120000839233398","1.0120000839233398","38216","38216","38216","1.0119999647140503","1.0119999647140503","1.0119999647140503","20777","20777","20777","1.0120000839233398","1.0120000839233398","1.0120000839233398"
"757","20856","20856","20856","3.131999969482422","3.131999969482422","3.131999969482422","38218","38218","38218","3.076000213623047","3.076000213623047","3.076000213623047","20779","20779","20779","3.129000186920166","3.129000186920166","3.129000186920166"
"758","20858","20858","20858","3.132999897003174","3.132999897003174","3.132999897003174","38220","38220","38220","3.1640000343322754","3.1640000343322754","3.1640000343322754","20781","20781","20781","3.111999988555908","3.111999988555908","3.111999988555908"
"759","20860","20860","20860","3.1449995040893555","3.1449995040893555","3.1449995040893555","38222","38222","38222","1.2619997262954712","1.2619997262954712","1.2619997262954712","20783","20783","20783","3.3209996223449707","3.3209996223449707","3.3209996223449707"
"760","20862","20862","20862","3.3389997482299805","3.3389997482299805","3.3389997482299805","38224","38224","38224","3.328000068664551","3.328000068664551","3.328000068664551","20785","20785","20785","3.3610000610351562","3.3610000610351562","3.3610000610351562"
"761","20864","20864","20864","3.318999767303467","3.318999767303467","3.318999767303467","38226","38226","38226","3.3480000495910645","3.3480000495910645","3.3480000495910645","20787","20787","20787","3.313000202178955","3.313000202178955","3.313000202178955"
"762","20866","20866","20866","3.2599997520446777","3.2599997520446777","3.2599997520446777","38228","38228","38228","1.2619996070861816","1.2619996070861816","1.2619996070861816","20789","20789","20789","3.311999797821045","3.311999797821045","3.311999797821045"
"763","20868","20868","20868","3.3569998741149902","3.3569998741149902","3.3569998741149902","38230","38230","38230","3.354999542236328","3.354999542236328","3.354999542236328","20791","20791","20791","3.38700008392334","3.38700008392334","3.38700008392334"
"764","20870","20870","20870","3.3849997520446777","3.3849997520446777","3.3849997520446777","38232","38232","38232","3.309999942779541","3.309999942779541","3.309999942779541","20793","20793","20793","3.3889999389648438","3.3889999389648438","3.3889999389648438"
"765","21033","21033","21033","1.0120000839233398","1.0120000839233398","1.0120000839233398","38548","38548","38548","1.0119999647140503","1.0119999647140503","1.0119999647140503","20950","20950","20950","3.1150002479553223","3.1150002479553223","3.1150002479553223"
"766","21035","21035","21035","3.0389997959136963","3.0389997959136963","3.0389997959136963","38550","38550","38550","3.1510000228881836","3.1510000228881836","3.1510000228881836","20952","20952","20952","3.111999988555908","3.111999988555908","3.111999988555908"
"767","21037","21037","21037","3.121000289916992","3.121000289916992","3.121000289916992","38552","38552","38552","3.0460000038146973","3.0460000038146973","3.0460000038146973","20954","20954","20954","3.1110000610351562","3.1110000610351562","3.1110000610351562"
"768","21039","21039","21039","3.2230000495910645","3.2230000495910645","3.2230000495910645","38554","38554","38554","3.193999767303467","3.193999767303467","3.193999767303467","20956","20956","20956","3.2509994506835938","3.2509994506835938","3.2509994506835938"
"769","21041","21041","21041","3.261000156402588","3.261000156402588","3.261000156402588","38556","38556","38556","3.2690000534057617","3.2690000534057617","3.2690000534057617","20958","20958","20958","3.3429999351501465","3.3429999351501465","3.3429999351501465"
"770","21043","21043","21043","3.3429999351501465","3.3429999351501465","3.3429999351501465","38558","38558","38558","3.3289999961853027","3.3289999961853027","3.3289999961853027","20960","20960","20960","3.3459997177124023","3.3459997177124023","3.3459997177124023"
"771","21045","21045","21045","3.238999843597412","3.238999843597412","3.238999843597412","38560","38560","38560","1.2619997262954712","1.2619997262954712","1.2619997262954712","20962","20962","20962","3.2569994926452637","3.2569994926452637","3.2569994926452637"
"772","21047","21047","21047","3.354999542236328","3.354999542236328","3.354999542236328","38562","38562","38562","3.3339996337890625","3.3339996337890625","3.3339996337890625","20964","20964","20964","3.383999824523926","3.383999824523926","3.383999824523926"
"773","21049","21049","21049","3.4019999504089355","3.4019999504089355","3.4019999504089355","38564","38564","38564","3.3849997520446777","3.3849997520446777","3.3849997520446777","20966","20966","20966","3.383999824523926","3.383999824523926","3.383999824523926"
"774","21205","21205","21205","1.0119999647140503","1.0119999647140503","1.0119999647140503","38881","38881","38881","1.0120000839233398","1.0120000839233398","1.0120000839233398","21131","21131","21131","3.062000036239624","3.062000036239624","3.062000036239624"
"775","21207","21207","21207","3.0889997482299805","3.0889997482299805","3.0889997482299805","38883","38883","38883","3.0980000495910645","3.0980000495910645","3.0980000495910645","21133","21133","21133","3.0309998989105225","3.0309998989105225","3.0309998989105225"
"776","21209","21209","21209","3.1110000610351562","3.1110000610351562","3.1110000610351562","38885","38885","38885","3.0789999961853027","3.0789999961853027","3.0789999961853027","21135","21135","21135","3.11899995803833","3.11899995803833","3.11899995803833"
"777","21211","21211","21211","3.2639999389648438","3.2639999389648438","3.2639999389648438","38887","38887","38887","3.2829995155334473","3.2829995155334473","3.2829995155334473","21137","21137","21137","3.309999942779541","3.309999942779541","3.309999942779541"
"778","21213","21213","21213","3.2769999504089355","3.2769999504089355","3.2769999504089355","38889","38889","38889","3.2719998359680176","3.2719998359680176","3.2719998359680176","21139","21139","21139","3.3420000076293945","3.3420000076293945","3.3420000076293945"
"779","21215","21215","21215","3.3499999046325684","3.3499999046325684","3.3499999046325684","38891","38891","38891","3.3450002670288086","3.3450002670288086","3.3450002670288086","21141","21141","21141","3.3499999046325684","3.3499999046325684","3.3499999046325684"
"780","21217","21217","21217","3.252999782562256","3.252999782562256","3.252999782562256","38893","38893","38893","3.296999454498291","3.296999454498291","3.296999454498291","21143","21143","21143","3.258999824523926","3.258999824523926","3.258999824523926"
"781","21219","21219","21219","3.3359994888305664","3.3359994888305664","3.3359994888305664","38895","38895","38895","3.2119998931884766","3.2119998931884766","3.2119998931884766","21145","21145","21145","3.4010000228881836","3.4010000228881836","3.4010000228881836"
"782","21221","21221","21221","3.4019999504089355","3.4019999504089355","3.4019999504089355","38897","38897","38897","3.3869996070861816","3.3869996070861816","3.3869996070861816","21147","21147","21147","3.372000217437744","3.372000217437744","3.372000217437744"
"783","21384","21384","21384","1.0119999647140503","1.0119999647140503","1.0119999647140503","39213","39213","39213","1.0120000839233398","1.0120000839233398","1.0120000839233398","21305","21305","21305","2.993000030517578","2.993000030517578","2.993000030517578"
"784","21386","21386","21386","3.131999969482422","3.131999969482422","3.131999969482422","39215","39215","39215","0.9919999837875366","0.9919999837875366","0.9919999837875366","21307","21307","21307","3.123000144958496","3.123000144958496","3.123000144958496"
"785","21388","21388","21388","3.13700008392334","3.13700008392334","3.13700008392334","39217","39217","39217","0.991999626159668","0.991999626159668","0.991999626159668","21309","21309","21309","3.13100004196167","3.13100004196167","3.13100004196167"
"786","21390","21390","21390","3.238999366760254","3.238999366760254","3.238999366760254","39219","39219","39219","3.256999969482422","3.256999969482422","3.256999969482422","21311","21311","21311","3.237999439239502","3.237999439239502","3.237999439239502"
"787","21392","21392","21392","3.3439998626708984","3.3439998626708984","3.3439998626708984","39221","39221","39221","3.250999927520752","3.250999927520752","3.250999927520752","21313","21313","21313","3.3489999771118164","3.3489999771118164","3.3489999771118164"
"788","21394","21394","21394","3.313000202178955","3.313000202178955","3.313000202178955","39223","39223","39223","3.352999687194824","3.352999687194824","3.352999687194824","21315","21315","21315","3.3519997596740723","3.3519997596740723","3.3519997596740723"
"789","21396","21396","21396","3.246999740600586","3.246999740600586","3.246999740600586","39225","39225","39225","3.2809996604919434","3.2809996604919434","3.2809996604919434","21317","21317","21317","3.2639994621276855","3.2639994621276855","3.2639994621276855"
"790","21398","21398","21398","3.359999656677246","3.359999656677246","3.359999656677246","39227","39227","39227","3.3499999046325684","3.3499999046325684","3.3499999046325684","21319","21319","21319","3.3849997520446777","3.3849997520446777","3.3849997520446777"
"791","21400","21400","21400","3.2210001945495605","3.2210001945495605","3.2210001945495605","39229","39229","39229","3.383999824523926","3.383999824523926","3.383999824523926","21321","21321","21321","3.383999824523926","3.383999824523926","3.383999824523926"
"792","21560","21560","21560","1.0119998455047607","1.0119998455047607","1.0119998455047607","39545","39545","39545","1.0119999647140503","1.0119999647140503","1.0119999647140503","21480","21480","21480","3.005000114440918","3.005000114440918","3.005000114440918"
"793","21562","21562","21562","3.1110000610351562","3.1110000610351562","3.1110000610351562","39547","39547","39547","3.046999931335449","3.046999931335449","3.046999931335449","21482","21482","21482","3.133999824523926","3.133999824523926","3.133999824523926"
"794","21564","21564","21564","0.9919997453689575","0.9919997453689575","0.9919997453689575","39549","39549","39549","3.1590003967285156","3.1590003967285156","3.1590003967285156","21484","21484","21484","3.1440000534057617","3.1440000534057617","3.1440000534057617"
"795","21566","21566","21566","3.23799991607666","3.23799991607666","3.23799991607666","39551","39551","39551","1.0619999170303345","1.0619999170303345","1.0619999170303345","21486","21486","21486","3.2579994201660156","3.2579994201660156","3.2579994201660156"
"796","21568","21568","21568","3.247000217437744","3.247000217437744","3.247000217437744","39553","39553","39553","3.3340001106262207","3.3340001106262207","3.3340001106262207","21488","21488","21488","3.313000202178955","3.313000202178955","3.313000202178955"
"797","21570","21570","21570","3.3559999465942383","3.3559999465942383","3.3559999465942383","39555","39555","39555","3.357999801635742","3.357999801635742","3.357999801635742","21490","21490","21490","3.3460001945495605","3.3460001945495605","3.3460001945495605"
"798","21572","21572","21572","3.2599997520446777","3.2599997520446777","3.2599997520446777","39557","39557","39557","2.9789998531341553","2.9789998531341553","2.9789998531341553","21492","21492","21492","3.2569994926452637","3.2569994926452637","3.2569994926452637"
"799","21574","21574","21574","3.354999542236328","3.354999542236328","3.354999542236328","39559","39559","39559","3.381999969482422","3.381999969482422","3.381999969482422","21494","21494","21494","3.3339996337890625","3.3339996337890625","3.3339996337890625"
"800","21576","21576","21576","3.3889999389648438","3.3889999389648438","3.3889999389648438","39561","39561","39561","3.309999942779541","3.309999942779541","3.309999942779541","21496","21496","21496","3.2249999046325684","3.2249999046325684","3.2249999046325684"
"801","21739","21739","21739","1.0119998455047607","1.0119998455047607","1.0119998455047607","39878","39878","39878","1.0119999647140503","1.0119999647140503","1.0119999647140503","21658","21658","21658","2.8410000801086426","2.8410000801086426","2.8410000801086426"
"802","21741","21741","21741","3.0759997367858887","3.0759997367858887","3.0759997367858887","39880","39880","39880","3.070000171661377","3.070000171661377","3.070000171661377","21660","21660","21660","3.125","3.125","3.125"
"803","21743","21743","21743","3.146000385284424","3.146000385284424","3.146000385284424","39882","39882","39882","0.9919998645782471","0.9919998645782471","0.9919998645782471","21662","21662","21662","3.1440000534057617","3.1440000534057617","3.1440000534057617"
"804","21745","21745","21745","1.2619996070861816","1.2619996070861816","1.2619996070861816","39884","39884","39884","1.2619997262954712","1.2619997262954712","1.2619997262954712","21664","21664","21664","3.2659997940063477","3.2659997940063477","3.2659997940063477"
"805","21747","21747","21747","3.258999824523926","3.258999824523926","3.258999824523926","39886","39886","39886","3.3460001945495605","3.3460001945495605","3.3460001945495605","21666","21666","21666","3.3550000190734863","3.3550000190734863","3.3550000190734863"
"806","21749","21749","21749","3.326000213623047","3.326000213623047","3.326000213623047","39888","39888","39888","3.3289999961853027","3.3289999961853027","3.3289999961853027","21668","21668","21668","3.36299991607666","3.36299991607666","3.36299991607666"
"807","21751","21751","21751","3.2549996376037598","3.2549996376037598","3.2549996376037598","39890","39890","39890","1.2619996070861816","1.2619996070861816","1.2619996070861816","21670","21670","21670","3.23099946975708","3.23099946975708","3.23099946975708"
"808","21753","21753","21753","3.3379998207092285","3.3379998207092285","3.3379998207092285","39892","39892","39892","3.3409996032714844","3.3409996032714844","3.3409996032714844","21672","21672","21672","3.3869996070861816","3.3869996070861816","3.3869996070861816"
"809","21755","21755","21755","3.37399959564209","3.37399959564209","3.37399959564209","39894","39894","39894","3.388000011444092","3.388000011444092","3.388000011444092","21674","21674","21674","3.4000000953674316","3.4000000953674316","3.4000000953674316"
"810","21917","21917","21917","1.0120000839233398","1.0120000839233398","1.0120000839233398","40210","40210","40210","1.0120000839233398","1.0120000839233398","1.0120000839233398","21837","21837","21837","3.0249998569488525","3.0249998569488525","3.0249998569488525"
"811","21919","21919","21919","3.118000030517578","3.118000030517578","3.118000030517578","40212","40212","40212","3.0769999027252197","3.0769999027252197","3.0769999027252197","21839","21839","21839","3.0309998989105225","3.0309998989105225","3.0309998989105225"
"812","21921","21921","21921","3.138000011444092","3.138000011444092","3.138000011444092","40214","40214","40214","3.0900001525878906","3.0900001525878906","3.0900001525878906","21841","21841","21841","3.1680002212524414","3.1680002212524414","3.1680002212524414"
"813","21923","21923","21923","3.1419997215270996","3.1419997215270996","3.1419997215270996","40216","40216","40216","3.303999900817871","3.303999900817871","3.303999900817871","21843","21843","21843","3.3209996223449707","3.3209996223449707","3.3209996223449707"
"814","21925","21925","21925","3.261000156402588","3.261000156402588","3.261000156402588","40218","40218","40218","3.303999900817871","3.303999900817871","3.303999900817871","21845","21845","21845","3.3309998512268066","3.3309998512268066","3.3309998512268066"
"815","21927","21927","21927","3.303999900817871","3.303999900817871","3.303999900817871","40220","40220","40220","3.357999801635742","3.357999801635742","3.357999801635742","21847","21847","21847","3.3460001945495605","3.3460001945495605","3.3460001945495605"
"816","21929","21929","21929","3.114999294281006","3.114999294281006","3.114999294281006","40222","40222","40222","3.2789998054504395","3.2789998054504395","3.2789998054504395","21849","21849","21849","3.3480000495910645","3.3480000495910645","3.3480000495910645"
"817","21931","21931","21931","3.354999542236328","3.354999542236328","3.354999542236328","40224","40224","40224","3.3489999771118164","3.3489999771118164","3.3489999771118164","21851","21851","21851","3.4010000228881836","3.4010000228881836","3.4010000228881836"
"818","21933","21933","21933","3.309999942779541","3.309999942779541","3.309999942779541","40226","40226","40226","3.4000000953674316","3.4000000953674316","3.4000000953674316","21853","21853","21853","3.3889999389648438","3.3889999389648438","3.3889999389648438"
"819","22094","22094","22094","1.0120000839233398","1.0120000839233398","1.0120000839233398","40543","40543","40543","1.0119999647140503","1.0119999647140503","1.0119999647140503","22015","22015","22015","2.993000030517578","2.993000030517578","2.993000030517578"
"820","22096","22096","22096","3.1440000534057617","3.1440000534057617","3.1440000534057617","40545","40545","40545","0.9920001029968262","0.9920001029968262","0.9920001029968262","22017","22017","22017","3.132999897003174","3.132999897003174","3.132999897003174"
"821","22098","22098","22098","3.138000011444092","3.138000011444092","3.138000011444092","40547","40547","40547","3.134000301361084","3.134000301361084","3.134000301361084","22019","22019","22019","3.132999897003174","3.132999897003174","3.132999897003174"
"822","22100","22100","22100","3.253999710083008","3.253999710083008","3.253999710083008","40549","40549","40549","1.2619997262954712","1.2619997262954712","1.2619997262954712","22021","22021","22021","3.322999954223633","3.322999954223633","3.322999954223633"
"823","22102","22102","22102","3.3330001831054688","3.3330001831054688","3.3330001831054688","40551","40551","40551","3.2909998893737793","3.2909998893737793","3.2909998893737793","22023","22023","22023","3.3239998817443848","3.3239998817443848","3.3239998817443848"
"824","22104","22104","22104","3.357999801635742","3.357999801635742","3.357999801635742","40553","40553","40553","3.3309998512268066","3.3309998512268066","3.3309998512268066","22025","22025","22025","1.241999864578247","1.241999864578247","1.241999864578247"
"825","22106","22106","22106","3.2689995765686035","3.2689995765686035","3.2689995765686035","40555","40555","40555","1.2619997262954712","1.2619997262954712","1.2619997262954712","22027","22027","22027","3.321000099182129","3.321000099182129","3.321000099182129"
"826","22108","22108","22108","3.3899998664855957","3.3899998664855957","3.3899998664855957","40557","40557","40557","3.2239999771118164","3.2239999771118164","3.2239999771118164","22029","22029","22029","3.3899998664855957","3.3899998664855957","3.3899998664855957"
"827","22110","22110","22110","3.368000030517578","3.368000030517578","3.368000030517578","40559","40559","40559","3.382999897003174","3.382999897003174","3.382999897003174","22031","22031","22031","3.4010000228881836","3.4010000228881836","3.4010000228881836"
"828","22272","22272","22272","1.0120000839233398","1.0120000839233398","1.0120000839233398","40875","40875","40875","1.0119999647140503","1.0119999647140503","1.0119999647140503","22189","22189","22189","1.0120000839233398","1.0120000839233398","1.0120000839233398"
"829","22274","22274","22274","3.068999767303467","3.068999767303467","3.068999767303467","40877","40877","40877","0.9919998645782471","0.9919998645782471","0.9919998645782471","22191","22191","22191","3.0239999294281006","3.0239999294281006","3.0239999294281006"
"830","22276","22276","22276","3.1030001640319824","3.1030001640319824","3.1030001640319824","40879","40879","40879","3.0870003700256348","3.0870003700256348","3.0870003700256348","22193","22193","22193","3.126999855041504","3.126999855041504","3.126999855041504"
"831","22278","22278","22278","3.2639999389648438","3.2639999389648438","3.2639999389648438","40881","40881","40881","3.253999710083008","3.253999710083008","3.253999710083008","22195","22195","22195","3.3339996337890625","3.3339996337890625","3.3339996337890625"
"832","22280","22280","22280","3.3369998931884766","3.3369998931884766","3.3369998931884766","40883","40883","40883","3.2160000801086426","3.2160000801086426","3.2160000801086426","22197","22197","22197","3.3429999351501465","3.3429999351501465","3.3429999351501465"
"833","22282","22282","22282","3.3379998207092285","3.3379998207092285","3.3379998207092285","40885","40885","40885","3.328000068664551","3.328000068664551","3.328000068664551","22199","22199","22199","3.3470001220703125","3.3470001220703125","3.3470001220703125"
"834","22284","22284","22284","3.2739996910095215","3.2739996910095215","3.2739996910095215","40887","40887","40887","1.2619996070861816","1.2619996070861816","1.2619996070861816","22201","22201","22201","3.312000274658203","3.312000274658203","3.312000274658203"
"835","22286","22286","22286","3.3859996795654297","3.3859996795654297","3.3859996795654297","40889","40889","40889","3.2109999656677246","3.2109999656677246","3.2109999656677246","22203","22203","22203","3.3899998664855957","3.3899998664855957","3.3899998664855957"
"836","22288","22288","22288","3.4029998779296875","3.4029998779296875","3.4029998779296875","40891","40891","40891","3.383999824523926","3.383999824523926","3.383999824523926","22205","22205","22205","3.38700008392334","3.38700008392334","3.38700008392334"
"837","22453","22453","22453","1.0120002031326294","1.0120002031326294","1.0120002031326294","41207","41207","41207","1.0120000839233398","1.0120000839233398","1.0120000839233398","22366","22366","22366","3.0249998569488525","3.0249998569488525","3.0249998569488525"
"838","22455","22455","22455","3.1359996795654297","3.1359996795654297","3.1359996795654297","41209","41209","41209","3.0890002250671387","3.0890002250671387","3.0890002250671387","22368","22368","22368","3.124000072479248","3.124000072479248","3.124000072479248"
"839","22457","22457","22457","3.11299991607666","3.11299991607666","3.11299991607666","41211","41211","41211","3.0990004539489746","3.0990004539489746","3.0990004539489746","22370","22370","22370","3.1110000610351562","3.1110000610351562","3.1110000610351562"
"840","22459","22459","22459","3.2809996604919434","3.2809996604919434","3.2809996604919434","41213","41213","41213","3.2809996604919434","3.2809996604919434","3.2809996604919434","22372","22372","22372","3.3209996223449707","3.3209996223449707","3.3209996223449707"
"841","22461","22461","22461","3.3439998626708984","3.3439998626708984","3.3439998626708984","41215","41215","41215","3.352999687194824","3.352999687194824","3.352999687194824","22374","22374","22374","3.3480000495910645","3.3480000495910645","3.3480000495910645"
"842","22463","22463","22463","3.3449997901916504","3.3449997901916504","3.3449997901916504","41217","41217","41217","3.368000030517578","3.368000030517578","3.368000030517578","22376","22376","22376","3.3319997787475586","3.3319997787475586","3.3319997787475586"
"843","22465","22465","22465","3.184999942779541","3.184999942779541","3.184999942779541","41219","41219","41219","3.288999557495117","3.288999557495117","3.288999557495117","22378","22378","22378","3.3050003051757812","3.3050003051757812","3.3050003051757812"
"844","22467","22467","22467","3.3239998817443848","3.3239998817443848","3.3239998817443848","41221","41221","41221","3.3159995079040527","3.3159995079040527","3.3159995079040527","22380","22380","22380","3.4029998779296875","3.4029998779296875","3.4029998779296875"
"845","22469","22469","22469","3.386000156402588","3.386000156402588","3.386000156402588","41223","41223","41223","3.2200002670288086","3.2200002670288086","3.2200002670288086","22382","22382","22382","3.4029998779296875","3.4029998779296875","3.4029998779296875"
"846","22629","22629","22629","1.0120000839233398","1.0120000839233398","1.0120000839233398","41540","41540","41540","1.0120000839233398","1.0120000839233398","1.0120000839233398","22541","22541","22541","3.002999782562256","3.002999782562256","3.002999782562256"
"847","22631","22631","22631","3.0850000381469727","3.0850000381469727","3.0850000381469727","41542","41542","41542","0.9919999837875366","0.9919999837875366","0.9919999837875366","22543","22543","22543","3.1020002365112305","3.1020002365112305","3.1020002365112305"
"848","22633","22633","22633","3.11899995803833","3.11899995803833","3.11899995803833","41544","41544","41544","3.116000175476074","3.116000175476074","3.116000175476074","22545","22545","22545","3.080000400543213","3.080000400543213","3.080000400543213"
"849","22635","22635","22635","3.256999969482422","3.256999969482422","3.256999969482422","41546","41546","41546","3.303999900817871","3.303999900817871","3.303999900817871","22547","22547","22547","3.3329997062683105","3.3329997062683105","3.3329997062683105"
"850","22637","22637","22637","3.26200008392334","3.26200008392334","3.26200008392334","41548","41548","41548","3.2729997634887695","3.2729997634887695","3.2729997634887695","22549","22549","22549","3.3559999465942383","3.3559999465942383","3.3559999465942383"
"851","22639","22639","22639","3.308000087738037","3.308000087738037","3.308000087738037","41550","41550","41550","3.3309998512268066","3.3309998512268066","3.3309998512268066","22551","22551","22551","1.241999864578247","1.241999864578247","1.241999864578247"
"852","22641","22641","22641","3.2819995880126953","3.2819995880126953","3.2819995880126953","41552","41552","41552","3.2809996604919434","3.2809996604919434","3.2809996604919434","22553","22553","22553","3.3350000381469727","3.3350000381469727","3.3350000381469727"
"853","22643","22643","22643","3.357999801635742","3.357999801635742","3.357999801635742","41554","41554","41554","3.2239999771118164","3.2239999771118164","3.2239999771118164","22555","22555","22555","3.37399959564209","3.37399959564209","3.37399959564209"
"854","22645","22645","22645","3.322999954223633","3.322999954223633","3.322999954223633","41556","41556","41556","3.3859996795654297","3.3859996795654297","3.3859996795654297","22557","22557","22557","3.4049997329711914","3.4049997329711914","3.4049997329711914"
"855","22805","22805","22805","3.0900001525878906","3.0900001525878906","3.0900001525878906","41872","41872","41872","1.0120000839233398","1.0120000839233398","1.0120000839233398","22716","22716","22716","3.059000015258789","3.059000015258789","3.059000015258789"
"856","22807","22807","22807","3.13700008392334","3.13700008392334","3.13700008392334","41874","41874","41874","3.058000087738037","3.058000087738037","3.058000087738037","22718","22718","22718","3.123000144958496","3.123000144958496","3.123000144958496"
"857","22809","22809","22809","0.9919998645782471","0.9919998645782471","0.9919998645782471","41876","41876","41876","3.114999771118164","3.114999771118164","3.114999771118164","22720","22720","22720","3.132999897003174","3.132999897003174","3.132999897003174"
"858","22811","22811","22811","3.2619996070861816","3.2619996070861816","3.2619996070861816","41878","41878","41878","3.24899959564209","3.24899959564209","3.24899959564209","22722","22722","22722","3.318999767303467","3.318999767303467","3.318999767303467"
"859","22813","22813","22813","3.322000026702881","3.322000026702881","3.322000026702881","41880","41880","41880","3.299999713897705","3.299999713897705","3.299999713897705","22724","22724","22724","3.3340001106262207","3.3340001106262207","3.3340001106262207"
"860","22815","22815","22815","3.3359999656677246","3.3359999656677246","3.3359999656677246","41882","41882","41882","3.317999839782715","3.317999839782715","3.317999839782715","22726","22726","22726","3.3470001220703125","3.3470001220703125","3.3470001220703125"
"861","22817","22817","22817","3.2829999923706055","3.2829999923706055","3.2829999923706055","41884","41884","41884","3.2829999923706055","3.2829999923706055","3.2829999923706055","22728","22728","22728","3.245999813079834","3.245999813079834","3.245999813079834"
"862","22819","22819","22819","3.3389997482299805","3.3389997482299805","3.3389997482299805","41886","41886","41886","3.2269997596740723","3.2269997596740723","3.2269997596740723","22730","22730","22730","3.4010000228881836","3.4010000228881836","3.4010000228881836"
"863","22821","22821","22821","3.2239999771118164","3.2239999771118164","3.2239999771118164","41888","41888","41888","3.3859996795654297","3.3859996795654297","3.3859996795654297","22732","22732","22732","1.3419997692108154","1.3419997692108154","1.3419997692108154"
"864","22984","22984","22984","3.071000099182129","3.071000099182129","3.071000099182129","42205","42205","42205","1.0119999647140503","1.0119999647140503","1.0119999647140503","22890","22890","22890","1.0120000839233398","1.0120000839233398","1.0120000839233398"
"865","22986","22986","22986","3.0869998931884766","3.0869998931884766","3.0869998931884766","42207","42207","42207","3.128999710083008","3.128999710083008","3.128999710083008","22892","22892","22892","3.111999988555908","3.111999988555908","3.111999988555908"
"866","22988","22988","22988","3.116000175476074","3.116000175476074","3.116000175476074","42209","42209","42209","3.0980000495910645","3.0980000495910645","3.0980000495910645","22894","22894","22894","3.13700008392334","3.13700008392334","3.13700008392334"
"867","22990","22990","22990","3.255000114440918","3.255000114440918","3.255000114440918","42211","42211","42211","3.239999771118164","3.239999771118164","3.239999771118164","22896","22896","22896","3.3339996337890625","3.3339996337890625","3.3339996337890625"
"868","22992","22992","22992","3.2769999504089355","3.2769999504089355","3.2769999504089355","42213","42213","42213","3.2249999046325684","3.2249999046325684","3.2249999046325684","22898","22898","22898","3.3249998092651367","3.3249998092651367","3.3249998092651367"
"869","22994","22994","22994","3.308000087738037","3.308000087738037","3.308000087738037","42215","42215","42215","3.2769999504089355","3.2769999504089355","3.2769999504089355","22900","22900","22900","1.241999864578247","1.241999864578247","1.241999864578247"
"870","22996","22996","22996","3.2869997024536133","3.2869997024536133","3.2869997024536133","42217","42217","42217","3.2729997634887695","3.2729997634887695","3.2729997634887695","22902","22902","22902","3.322000026702881","3.322000026702881","3.322000026702881"
"871","22998","22998","22998","3.180999755859375","3.180999755859375","3.180999755859375","42219","42219","42219","3.2220001220703125","3.2220001220703125","3.2220001220703125","22904","22904","22904","3.4079999923706055","3.4079999923706055","3.4079999923706055"
"872","23000","23000","23000","3.3859996795654297","3.3859996795654297","3.3859996795654297","42221","42221","42221","3.380000114440918","3.380000114440918","3.380000114440918","22906","22906","22906","3.3849997520446777","3.3849997520446777","3.3849997520446777"
"873","23159","23159","23159","1.0119998455047607","1.0119998455047607","1.0119998455047607","42537","42537","42537","1.0120002031326294","1.0120002031326294","1.0120002031326294","23063","23063","23063","1.0119999647140503","1.0119999647140503","1.0119999647140503"
"874","23161","23161","23161","3.125","3.125","3.125","42539","42539","42539","3.082000255584717","3.082000255584717","3.082000255584717","23065","23065","23065","3.120999813079834","3.120999813079834","3.120999813079834"
"875","23163","23163","23163","3.1100001335144043","3.1100001335144043","3.1100001335144043","42541","42541","42541","3.1630001068115234","3.1630001068115234","3.1630001068115234","23067","23067","23067","3.119999885559082","3.119999885559082","3.119999885559082"
"876","23165","23165","23165","3.2569994926452637","3.2569994926452637","3.2569994926452637","42543","42543","42543","3.2819995880126953","3.2819995880126953","3.2819995880126953","23069","23069","23069","3.3219995498657227","3.3219995498657227","3.3219995498657227"
"877","23167","23167","23167","3.3369998931884766","3.3369998931884766","3.3369998931884766","42545","42545","42545","3.2690000534057617","3.2690000534057617","3.2690000534057617","23071","23071","23071","3.3499999046325684","3.3499999046325684","3.3499999046325684"
"878","23169","23169","23169","3.3480000495910645","3.3480000495910645","3.3480000495910645","42547","42547","42547","3.3400001525878906","3.3400001525878906","3.3400001525878906","23073","23073","23073","3.3489999771118164","3.3489999771118164","3.3489999771118164"
"879","23171","23171","23171","3.2739996910095215","3.2739996910095215","3.2739996910095215","42549","42549","42549","3.292999744415283","3.292999744415283","3.292999744415283","23075","23075","23075","3.332000255584717","3.332000255584717","3.332000255584717"
"880","23173","23173","23173","3.352999687194824","3.352999687194824","3.352999687194824","42551","42551","42551","3.310999870300293","3.310999870300293","3.310999870300293","23077","23077","23077","3.381999969482422","3.381999969482422","3.381999969482422"
"881","23175","23175","23175","3.3859996795654297","3.3859996795654297","3.3859996795654297","42553","42553","42553","3.3849997520446777","3.3849997520446777","3.3849997520446777","23079","23079","23079","3.3849997520446777","3.3849997520446777","3.3849997520446777"
"882","23336","23336","23336","1.0120000839233398","1.0120000839233398","1.0120000839233398","42869","42869","42869","1.0120000839233398","1.0120000839233398","1.0120000839233398","23239","23239","23239","3.1019997596740723","3.1019997596740723","3.1019997596740723"
"883","23338","23338","23338","3.0859999656677246","3.0859999656677246","3.0859999656677246","42871","42871","42871","0.9919998645782471","0.9919998645782471","0.9919998645782471","23241","23241","23241","3.0480000972747803","3.0480000972747803","3.0480000972747803"
"884","23340","23340","23340","3.1440000534057617","3.1440000534057617","3.1440000534057617","42873","42873","42873","3.124000072479248","3.124000072479248","3.124000072479248","23243","23243","23243","3.142000198364258","3.142000198364258","3.142000198364258"
"885","23342","23342","23342","3.2619996070861816","3.2619996070861816","3.2619996070861816","42875","42875","42875","3.244999885559082","3.244999885559082","3.244999885559082","23245","23245","23245","3.3209996223449707","3.3209996223449707","3.3209996223449707"
"886","23344","23344","23344","3.309999942779541","3.309999942779541","3.309999942779541","42877","42877","42877","3.2109999656677246","3.2109999656677246","3.2109999656677246","23247","23247","23247","3.3550000190734863","3.3550000190734863","3.3550000190734863"
"887","23346","23346","23346","3.332000255584717","3.332000255584717","3.332000255584717","42879","42879","42879","3.3420000076293945","3.3420000076293945","3.3420000076293945","23249","23249","23249","3.3480000495910645","3.3480000495910645","3.3480000495910645"
"888","23348","23348","23348","3.2839999198913574","3.2839999198913574","3.2839999198913574","42881","42881","42881","3.246999740600586","3.246999740600586","3.246999740600586","23251","23251","23251","3.3309998512268066","3.3309998512268066","3.3309998512268066"
"889","23350","23350","23350","3.186999797821045","3.186999797821045","3.186999797821045","42883","42883","42883","3.2140002250671387","3.2140002250671387","3.2140002250671387","23253","23253","23253","3.379000186920166","3.379000186920166","3.379000186920166"
"890","23352","23352","23352","3.3849997520446777","3.3849997520446777","3.3849997520446777","42885","42885","42885","3.322999954223633","3.322999954223633","3.322999954223633","23255","23255","23255","1.241999864578247","1.241999864578247","1.241999864578247"
"891","23512","23512","23512","3.1020002365112305","3.1020002365112305","3.1020002365112305","43202","43202","43202","1.0120000839233398","1.0120000839233398","1.0120000839233398","23416","23416","23416","3.059000015258789","3.059000015258789","3.059000015258789"
"892","23514","23514","23514","3.0799999237060547","3.0799999237060547","3.0799999237060547","43204","43204","43204","0.9919999837875366","0.9919999837875366","0.9919999837875366","23418","23418","23418","3.0739998817443848","3.0739998817443848","3.0739998817443848"
"893","23516","23516","23516","3.13700008392334","3.13700008392334","3.13700008392334","43206","43206","43206","3.078000068664551","3.078000068664551","3.078000068664551","23420","23420","23420","3.068000078201294","3.068000078201294","3.068000078201294"
"894","23518","23518","23518","3.238999843597412","3.238999843597412","3.238999843597412","43208","43208","43208","3.2719998359680176","3.2719998359680176","3.2719998359680176","23422","23422","23422","3.313999652862549","3.313999652862549","3.313999652862549"
"895","23520","23520","23520","3.2699999809265137","3.2699999809265137","3.2699999809265137","43210","43210","43210","3.26200008392334","3.26200008392334","3.26200008392334","23424","23424","23424","3.2599997520446777","3.2599997520446777","3.2599997520446777"
"896","23522","23522","23522","3.2760000228881836","3.2760000228881836","3.2760000228881836","43212","43212","43212","3.313000202178955","3.313000202178955","3.313000202178955","23426","23426","23426","3.3299999237060547","3.3299999237060547","3.3299999237060547"
"897","23524","23524","23524","3.296999454498291","3.296999454498291","3.296999454498291","43214","43214","43214","3.2789998054504395","3.2789998054504395","3.2789998054504395","23428","23428","23428","3.318000316619873","3.318000316619873","3.318000316619873"
"898","23526","23526","23526","3.359999656677246","3.359999656677246","3.359999656677246","43216","43216","43216","3.180999755859375","3.180999755859375","3.180999755859375","23430","23430","23430","3.357999801635742","3.357999801635742","3.357999801635742"
"899","23528","23528","23528","3.3849997520446777","3.3849997520446777","3.3849997520446777","43218","43218","43218","3.292999744415283","3.292999744415283","3.292999744415283","23432","23432","23432","3.322000026702881","3.322000026702881","3.322000026702881"
"900","23686","23686","23686","3.0280001163482666","3.0280001163482666","3.0280001163482666","43534","43534","43534","1.0119999647140503","1.0119999647140503","1.0119999647140503","23593","23593","23593","2.874000072479248","2.874000072479248","2.874000072479248"
"901","23688","23688","23688","3.0269999504089355","3.0269999504089355","3.0269999504089355","43536","43536","43536","3.1730003356933594","3.1730003356933594","3.1730003356933594","23595","23595","23595","3.080000400543213","3.080000400543213","3.080000400543213"
"902","23690","23690","23690","3.124000072479248","3.124000072479248","3.124000072479248","43538","43538","43538","0.9919997453689575","0.9919997453689575","0.9919997453689575","23597","23597","23597","3.132999897003174","3.132999897003174","3.132999897003174"
"903","23692","23692","23692","3.258999824523926","3.258999824523926","3.258999824523926","43540","43540","43540","3.256999969482422","3.256999969482422","3.256999969482422","23599","23599","23599","3.3359994888305664","3.3359994888305664","3.3359994888305664"
"904","23694","23694","23694","3.2659997940063477","3.2659997940063477","3.2659997940063477","43542","43542","43542","3.3319997787475586","3.3319997787475586","3.3319997787475586","23601","23601","23601","3.3509998321533203","3.3509998321533203","3.3509998321533203"
"905","23696","23696","23696","3.332000255584717","3.332000255584717","3.332000255584717","43544","43544","43544","3.3580002784729004","3.3580002784729004","3.3580002784729004","23603","23603","23603","3.3499999046325684","3.3499999046325684","3.3499999046325684"
"906","23698","23698","23698","3.2549996376037598","3.2549996376037598","3.2549996376037598","43546","43546","43546","3.2319998741149902","3.2319998741149902","3.2319998741149902","23605","23605","23605","3.3570003509521484","3.3570003509521484","3.3570003509521484"
"907","23700","23700","23700","3.3569998741149902","3.3569998741149902","3.3569998741149902","43548","43548","43548","3.3409996032714844","3.3409996032714844","3.3409996032714844","23607","23607","23607","3.200000286102295","3.200000286102295","3.200000286102295"
"908","23702","23702","23702","3.306999683380127","3.306999683380127","3.306999683380127","43550","43550","43550","3.377999782562256","3.377999782562256","3.377999782562256","23609","23609","23609","3.4000000953674316","3.4000000953674316","3.4000000953674316"
"909","23865","23865","23865","3.0360000133514404","3.0360000133514404","3.0360000133514404","43867","43867","43867","1.0120000839233398","1.0120000839233398","1.0120000839233398","23767","23767","23767","3.066999912261963","3.066999912261963","3.066999912261963"
"910","23867","23867","23867","3.13700008392334","3.13700008392334","3.13700008392334","43869","43869","43869","3.1590003967285156","3.1590003967285156","3.1590003967285156","23769","23769","23769","3.119999885559082","3.119999885559082","3.119999885559082"
"911","23869","23869","23869","3.1349997520446777","3.1349997520446777","3.1349997520446777","43871","43871","43871","0.9919997453689575","0.9919997453689575","0.9919997453689575","23771","23771","23771","3.1409997940063477","3.1409997940063477","3.1409997940063477"
"912","23871","23871","23871","3.2739996910095215","3.2739996910095215","3.2739996910095215","43873","43873","43873","3.244999885559082","3.244999885559082","3.244999885559082","23773","23773","23773","3.3209996223449707","3.3209996223449707","3.3209996223449707"
"913","23873","23873","23873","3.3449997901916504","3.3449997901916504","3.3449997901916504","43875","43875","43875","3.3389997482299805","3.3389997482299805","3.3389997482299805","23775","23775","23775","3.3489999771118164","3.3489999771118164","3.3489999771118164"
"914","23875","23875","23875","3.3459997177124023","3.3459997177124023","3.3459997177124023","43877","43877","43877","3.3340001106262207","3.3340001106262207","3.3340001106262207","23777","23777","23777","3.3460001945495605","3.3460001945495605","3.3460001945495605"
"915","23877","23877","23877","3.2829999923706055","3.2829999923706055","3.2829999923706055","43879","43879","43879","3.2629995346069336","3.2629995346069336","3.2629995346069336","23779","23779","23779","3.3340001106262207","3.3340001106262207","3.3340001106262207"
"916","23879","23879","23879","3.3369998931884766","3.3369998931884766","3.3369998931884766","43881","43881","43881","3.3849997520446777","3.3849997520446777","3.3849997520446777","23781","23781","23781","3.381999969482422","3.381999969482422","3.381999969482422"
"917","23881","23881","23881","3.3859996795654297","3.3859996795654297","3.3859996795654297","43883","43883","43883","3.36899995803833","3.36899995803833","3.36899995803833","23783","23783","23783","3.375999927520752","3.375999927520752","3.375999927520752"
"918","24049","24049","24049","3.0410001277923584","3.0410001277923584","3.0410001277923584","44199","44199","44199","1.0120000839233398","1.0120000839233398","1.0120000839233398","23942","23942","23942","3.047999858856201","3.047999858856201","3.047999858856201"
"919","24051","24051","24051","3.049999713897705","3.049999713897705","3.049999713897705","44201","44201","44201","3.056999921798706","3.056999921798706","3.056999921798706","23944","23944","23944","3.0850000381469727","3.0850000381469727","3.0850000381469727"
"920","24053","24053","24053","3.135000228881836","3.135000228881836","3.135000228881836","44203","44203","44203","3.125","3.125","3.125","23946","23946","23946","3.0460000038146973","3.0460000038146973","3.0460000038146973"
"921","24055","24055","24055","1.2619997262954712","1.2619997262954712","1.2619997262954712","44205","44205","44205","3.258999824523926","3.258999824523926","3.258999824523926","23948","23948","23948","3.3269996643066406","3.3269996643066406","3.3269996643066406"
"922","24057","24057","24057","3.2669997215270996","3.2669997215270996","3.2669997215270996","44207","44207","44207","3.193999767303467","3.193999767303467","3.193999767303467","23950","23950","23950","3.352999687194824","3.352999687194824","3.352999687194824"
"923","24059","24059","24059","3.358999729156494","3.358999729156494","3.358999729156494","44209","44209","44209","3.316999912261963","3.316999912261963","3.316999912261963","23952","23952","23952","3.3239998817443848","3.3239998817443848","3.3239998817443848"
"924","24061","24061","24061","3.2789998054504395","3.2789998054504395","3.2789998054504395","44211","44211","44211","3.2749996185302734","3.2749996185302734","3.2749996185302734","23954","23954","23954","3.3330001831054688","3.3330001831054688","3.3330001831054688"
"925","24063","24063","24063","3.38700008392334","3.38700008392334","3.38700008392334","44213","44213","44213","3.369999885559082","3.369999885559082","3.369999885559082","23956","23956","23956","3.3849997520446777","3.3849997520446777","3.3849997520446777"
"926","24065","24065","24065","3.3899998664855957","3.3899998664855957","3.3899998664855957","44215","44215","44215","3.322999954223633","3.322999954223633","3.322999954223633","23958","23958","23958","3.3859996795654297","3.3859996795654297","3.3859996795654297"
"927","24227","24227","24227","1.0119999647140503","1.0119999647140503","1.0119999647140503","44531","44531","44531","1.0120000839233398","1.0120000839233398","1.0120000839233398","24122","24122","24122","3.1019997596740723","3.1019997596740723","3.1019997596740723"
"928","24229","24229","24229","3.067999839782715","3.067999839782715","3.067999839782715","44533","44533","44533","0.9919999837875366","0.9919999837875366","0.9919999837875366","24124","24124","24124","3.13100004196167","3.13100004196167","3.13100004196167"
"929","24231","24231","24231","0.9919997453689575","0.9919997453689575","0.9919997453689575","44535","44535","44535","0.9919998645782471","0.9919998645782471","0.9919998645782471","24126","24126","24126","3.1640000343322754","3.1640000343322754","3.1640000343322754"
"930","24233","24233","24233","3.238999843597412","3.238999843597412","3.238999843597412","44537","44537","44537","3.2629995346069336","3.2629995346069336","3.2629995346069336","24128","24128","24128","3.256999969482422","3.256999969482422","3.256999969482422"
"931","24235","24235","24235","3.173999786376953","3.173999786376953","3.173999786376953","44539","44539","44539","3.1690001487731934","3.1690001487731934","3.1690001487731934","24130","24130","24130","3.3489999771118164","3.3489999771118164","3.3489999771118164"
"932","24237","24237","24237","3.3480000495910645","3.3480000495910645","3.3480000495910645","44541","44541","44541","3.309999942779541","3.309999942779541","3.309999942779541","24132","24132","24132","3.3509998321533203","3.3509998321533203","3.3509998321533203"
"933","24239","24239","24239","3.2829999923706055","3.2829999923706055","3.2829999923706055","44543","44543","44543","3.292999744415283","3.292999744415283","3.292999744415283","24134","24134","24134","3.3560004234313965","3.3560004234313965","3.3560004234313965"
"934","24241","24241","24241","3.178999900817871","3.178999900817871","3.178999900817871","44545","44545","44545","3.354999542236328","3.354999542236328","3.354999542236328","24136","24136","24136","3.317999839782715","3.317999839782715","3.317999839782715"
"935","24243","24243","24243","3.311999797821045","3.311999797821045","3.311999797821045","44547","44547","44547","3.3869996070861816","3.3869996070861816","3.3869996070861816","24138","24138","24138","3.3889999389648438","3.3889999389648438","3.3889999389648438"
"936","24406","24406","24406","3.0360000133514404","3.0360000133514404","3.0360000133514404","44864","44864","44864","1.0119999647140503","1.0119999647140503","1.0119999647140503","24295","24295","24295","3.047999858856201","3.047999858856201","3.047999858856201"
"937","24408","24408","24408","3.0949997901916504","3.0949997901916504","3.0949997901916504","44866","44866","44866","0.9920001029968262","0.9920001029968262","0.9920001029968262","24297","24297","24297","3.1570000648498535","3.1570000648498535","3.1570000648498535"
"938","24410","24410","24410","3.123000144958496","3.123000144958496","3.123000144958496","44868","44868","44868","3.1579999923706055","3.1579999923706055","3.1579999923706055","24299","24299","24299","3.1760001182556152","3.1760001182556152","3.1760001182556152"
"939","24412","24412","24412","3.23799991607666","3.23799991607666","3.23799991607666","44870","44870","44870","1.2619997262954712","1.2619997262954712","1.2619997262954712","24301","24301","24301","3.3329997062683105","3.3329997062683105","3.3329997062683105"
"940","24414","24414","24414","3.1700000762939453","3.1700000762939453","3.1700000762939453","44872","44872","44872","3.292999744415283","3.292999744415283","3.292999744415283","24303","24303","24303","3.3339996337890625","3.3339996337890625","3.3339996337890625"
"941","24416","24416","24416","3.3309998512268066","3.3309998512268066","3.3309998512268066","44874","44874","44874","3.3460001945495605","3.3460001945495605","3.3460001945495605","24305","24305","24305","3.3499999046325684","3.3499999046325684","3.3499999046325684"
"942","24418","24418","24418","3.2839999198913574","3.2839999198913574","3.2839999198913574","44876","44876","44876","1.2619998455047607","1.2619998455047607","1.2619998455047607","24307","24307","24307","3.3400001525878906","3.3400001525878906","3.3400001525878906"
"943","24420","24420","24420","3.184999942779541","3.184999942779541","3.184999942779541","44878","44878","44878","3.193000316619873","3.193000316619873","3.193000316619873","24309","24309","24309","3.354999542236328","3.354999542236328","3.354999542236328"
"944","24422","24422","24422","3.3849997520446777","3.3849997520446777","3.3849997520446777","44880","44880","44880","3.4000000953674316","3.4000000953674316","3.4000000953674316","24311","24311","24311","3.386000156402588","3.386000156402588","3.386000156402588"
"945","24587","24587","24587","1.0119999647140503","1.0119999647140503","1.0119999647140503","45196","45196","45196","1.0120000839233398","1.0120000839233398","1.0120000839233398","24471","24471","24471","3.049999713897705","3.049999713897705","3.049999713897705"
"946","24589","24589","24589","3.122000217437744","3.122000217437744","3.122000217437744","45198","45198","45198","0.991999626159668","0.991999626159668","0.991999626159668","24473","24473","24473","3.000999927520752","3.000999927520752","3.000999927520752"
"947","24591","24591","24591","3.131999969482422","3.131999969482422","3.131999969482422","45200","45200","45200","0.9919997453689575","0.9919997453689575","0.9919997453689575","24475","24475","24475","3.0840001106262207","3.0840001106262207","3.0840001106262207"
"948","24593","24593","24593","3.2659997940063477","3.2659997940063477","3.2659997940063477","45202","45202","45202","3.127999782562256","3.127999782562256","3.127999782562256","24477","24477","24477","3.322999954223633","3.322999954223633","3.322999954223633"
"949","24595","24595","24595","3.3319997787475586","3.3319997787475586","3.3319997787475586","45204","45204","45204","3.3239998817443848","3.3239998817443848","3.3239998817443848","24479","24479","24479","3.3309998512268066","3.3309998512268066","3.3309998512268066"
"950","24597","24597","24597","3.3410000801086426","3.3410000801086426","3.3410000801086426","45206","45206","45206","3.361999988555908","3.361999988555908","3.361999988555908","24481","24481","24481","1.241999864578247","1.241999864578247","1.241999864578247"
"951","24599","24599","24599","3.24299955368042","3.24299955368042","3.24299955368042","45208","45208","45208","1.2619997262954712","1.2619997262954712","1.2619997262954712","24483","24483","24483","3.328000068664551","3.328000068664551","3.328000068664551"
"952","24601","24601","24601","3.369999885559082","3.369999885559082","3.369999885559082","45210","45210","45210","3.359999656677246","3.359999656677246","3.359999656677246","24485","24485","24485","3.2239999771118164","3.2239999771118164","3.2239999771118164"
"953","24603","24603","24603","3.3889999389648438","3.3889999389648438","3.3889999389648438","45212","45212","45212","3.3899998664855957","3.3899998664855957","3.3899998664855957","24487","24487","24487","3.3849997520446777","3.3849997520446777","3.3849997520446777"
"954","24762","24762","24762","3.0360000133514404","3.0360000133514404","3.0360000133514404","45528","45528","45528","1.0120000839233398","1.0120000839233398","1.0120000839233398","24647","24647","24647","1.0120000839233398","1.0120000839233398","1.0120000839233398"
"955","24764","24764","24764","3.072000026702881","3.072000026702881","3.072000026702881","45530","45530","45530","3.1620001792907715","3.1620001792907715","3.1620001792907715","24649","24649","24649","3.0870003700256348","3.0870003700256348","3.0870003700256348"
"956","24766","24766","24766","3.129000186920166","3.129000186920166","3.129000186920166","45532","45532","45532","0.991999626159668","0.991999626159668","0.991999626159668","24651","24651","24651","3.1430001258850098","3.1430001258850098","3.1430001258850098"
"957","24768","24768","24768","3.253999710083008","3.253999710083008","3.253999710083008","45534","45534","45534","3.1379995346069336","3.1379995346069336","3.1379995346069336","24653","24653","24653","3.3209996223449707","3.3209996223449707","3.3209996223449707"
"958","24770","24770","24770","3.261000156402588","3.261000156402588","3.261000156402588","45536","45536","45536","3.263000011444092","3.263000011444092","3.263000011444092","24655","24655","24655","3.3350000381469727","3.3350000381469727","3.3350000381469727"
"959","24772","24772","24772","3.3289999961853027","3.3289999961853027","3.3289999961853027","45538","45538","45538","3.3449997901916504","3.3449997901916504","3.3449997901916504","24657","24657","24657","3.3299999237060547","3.3299999237060547","3.3299999237060547"
"960","24774","24774","24774","3.2760000228881836","3.2760000228881836","3.2760000228881836","45540","45540","45540","1.2619997262954712","1.2619997262954712","1.2619997262954712","24659","24659","24659","3.321000099182129","3.321000099182129","3.321000099182129"
"961","24776","24776","24776","3.352999687194824","3.352999687194824","3.352999687194824","45542","45542","45542","3.3339996337890625","3.3339996337890625","3.3339996337890625","24661","24661","24661","3.190999984741211","3.190999984741211","3.190999984741211"
"962","24778","24778","24778","3.375999927520752","3.375999927520752","3.375999927520752","45544","45544","45544","3.3889999389648438","3.3889999389648438","3.3889999389648438","24663","24663","24663","3.3859996795654297","3.3859996795654297","3.3859996795654297"
"963","24937","24937","24937","3.0490000247955322","3.0490000247955322","3.0490000247955322","45861","45861","45861","1.0120002031326294","1.0120002031326294","1.0120002031326294","24820","24820","24820","3.0249998569488525","3.0249998569488525","3.0249998569488525"
"964","24939","24939","24939","3.13700008392334","3.13700008392334","3.13700008392334","45863","45863","45863","3.0840001106262207","3.0840001106262207","3.0840001106262207","24822","24822","24822","3.1440000534057617","3.1440000534057617","3.1440000534057617"
"965","24941","24941","24941","3.1100001335144043","3.1100001335144043","3.1100001335144043","45865","45865","45865","0.9919997453689575","0.9919997453689575","0.9919997453689575","24824","24824","24824","3.1419997215270996","3.1419997215270996","3.1419997215270996"
"966","24943","24943","24943","3.257999897003174","3.257999897003174","3.257999897003174","45867","45867","45867","3.258999824523926","3.258999824523926","3.258999824523926","24826","24826","24826","3.306999683380127","3.306999683380127","3.306999683380127"
"967","24945","24945","24945","3.3239998817443848","3.3239998817443848","3.3239998817443848","45869","45869","45869","3.2160000801086426","3.2160000801086426","3.2160000801086426","24828","24828","24828","3.3379998207092285","3.3379998207092285","3.3379998207092285"
"968","24947","24947","24947","3.3299999237060547","3.3299999237060547","3.3299999237060547","45871","45871","45871","3.3489999771118164","3.3489999771118164","3.3489999771118164","24830","24830","24830","3.3610000610351562","3.3610000610351562","3.3610000610351562"
"969","24949","24949","24949","3.2619996070861816","3.2619996070861816","3.2619996070861816","45873","45873","45873","3.1710000038146973","3.1710000038146973","3.1710000038146973","24832","24832","24832","3.3340001106262207","3.3340001106262207","3.3340001106262207"
"970","24951","24951","24951","3.3600001335144043","3.3600001335144043","3.3600001335144043","45875","45875","45875","3.3439998626708984","3.3439998626708984","3.3439998626708984","24834","24834","24834","3.3949999809265137","3.3949999809265137","3.3949999809265137"
"971","24953","24953","24953","3.3859996795654297","3.3859996795654297","3.3859996795654297","45877","45877","45877","3.3899998664855957","3.3899998664855957","3.3899998664855957","24836","24836","24836","3.3899998664855957","3.3899998664855957","3.3899998664855957"
"972","25111","25111","25111","1.0119998455047607","1.0119998455047607","1.0119998455047607","46193","46193","46193","1.0120000839233398","1.0120000839233398","1.0120000839233398","24995","24995","24995","3.049999713897705","3.049999713897705","3.049999713897705"
"973","25113","25113","25113","3.1200003623962402","3.1200003623962402","3.1200003623962402","46195","46195","46195","0.9919998645782471","0.9919998645782471","0.9919998645782471","24997","24997","24997","3.0220000743865967","3.0220000743865967","3.0220000743865967"
"974","25115","25115","25115","3.124000072479248","3.124000072479248","3.124000072479248","46197","46197","46197","0.991999626159668","0.991999626159668","0.991999626159668","24999","24999","24999","3.118000030517578","3.118000030517578","3.118000030517578"
"975","25117","25117","25117","3.292999744415283","3.292999744415283","3.292999744415283","46199","46199","46199","3.2509994506835938","3.2509994506835938","3.2509994506835938","25001","25001","25001","3.2589993476867676","3.2589993476867676","3.2589993476867676"
"976","25119","25119","25119","3.1640000343322754","3.1640000343322754","3.1640000343322754","46201","46201","46201","3.2280001640319824","3.2280001640319824","3.2280001640319824","25003","25003","25003","3.3309998512268066","3.3309998512268066","3.3309998512268066"
"977","25121","25121","25121","3.3400001525878906","3.3400001525878906","3.3400001525878906","46203","46203","46203","3.3319997787475586","3.3319997787475586","3.3319997787475586","25005","25005","25005","3.3309998512268066","3.3309998512268066","3.3309998512268066"
"978","25123","25123","25123","3.2880001068115234","3.2880001068115234","3.2880001068115234","46205","46205","46205","3.227999687194824","3.227999687194824","3.227999687194824","25007","25007","25007","3.2559995651245117","3.2559995651245117","3.2559995651245117"
"979","25125","25125","25125","3.3329997062683105","3.3329997062683105","3.3329997062683105","46207","46207","46207","3.2100000381469727","3.2100000381469727","3.2100000381469727","25009","25009","25009","3.3879995346069336","3.3879995346069336","3.3879995346069336"
"980","25127","25127","25127","3.3889999389648438","3.3889999389648438","3.3889999389648438","46209","46209","46209","3.4019999504089355","3.4019999504089355","3.4019999504089355","25011","25011","25011","3.4000000953674316","3.4000000953674316","3.4000000953674316"
"981","25289","25289","25289","1.0120000839233398","1.0120000839233398","1.0120000839233398","46526","46526","46526","1.0120000839233398","1.0120000839233398","1.0120000839233398","25170","25170","25170","1.0119999647140503","1.0119999647140503","1.0119999647140503"
"982","25291","25291","25291","3.072999954223633","3.072999954223633","3.072999954223633","46528","46528","46528","3.1640000343322754","3.1640000343322754","3.1640000343322754","25172","25172","25172","3.108999729156494","3.108999729156494","3.108999729156494"
"983","25293","25293","25293","3.1440000534057617","3.1440000534057617","3.1440000534057617","46530","46530","46530","3.077000141143799","3.077000141143799","3.077000141143799","25174","25174","25174","3.132999897003174","3.132999897003174","3.132999897003174"
"984","25295","25295","25295","1.2619996070861816","1.2619996070861816","1.2619996070861816","46532","46532","46532","3.2569994926452637","3.2569994926452637","3.2569994926452637","25176","25176","25176","3.3309998512268066","3.3309998512268066","3.3309998512268066"
"985","25297","25297","25297","3.2719998359680176","3.2719998359680176","3.2719998359680176","46534","46534","46534","3.298999786376953","3.298999786376953","3.298999786376953","25178","25178","25178","3.3369998931884766","3.3369998931884766","3.3369998931884766"
"986","25299","25299","25299","3.327000141143799","3.327000141143799","3.327000141143799","46536","46536","46536","3.310999870300293","3.310999870300293","3.310999870300293","25180","25180","25180","3.3600001335144043","3.3600001335144043","3.3600001335144043"
"987","25301","25301","25301","3.2690000534057617","3.2690000534057617","3.2690000534057617","46538","46538","46538","3.2779998779296875","3.2779998779296875","3.2779998779296875","25182","25182","25182","3.3299999237060547","3.3299999237060547","3.3299999237060547"
"988","25303","25303","25303","3.2200002670288086","3.2200002670288086","3.2200002670288086","46540","46540","46540","3.2239999771118164","3.2239999771118164","3.2239999771118164","25184","25184","25184","3.3979997634887695","3.3979997634887695","3.3979997634887695"
"989","25305","25305","25305","3.3889999389648438","3.3889999389648438","3.3889999389648438","46542","46542","46542","3.4049997329711914","3.4049997329711914","3.4049997329711914","25186","25186","25186","3.388000011444092","3.388000011444092","3.388000011444092"
"990","25472","25472","25472","1.0119998455047607","1.0119998455047607","1.0119998455047607","46858","46858","46858","1.0120000839233398","1.0120000839233398","1.0120000839233398","25345","25345","25345","1.0120002031326294","1.0120002031326294","1.0120002031326294"
"991","25474","25474","25474","3.1040000915527344","3.1040000915527344","3.1040000915527344","46860","46860","46860","3.0999999046325684","3.0999999046325684","3.0999999046325684","25347","25347","25347","3.13100004196167","3.13100004196167","3.13100004196167"
"992","25476","25476","25476","0.9919998645782471","0.9919998645782471","0.9919998645782471","46862","46862","46862","0.9919998645782471","0.9919998645782471","0.9919998645782471","25349","25349","25349","3.124000072479248","3.124000072479248","3.124000072479248"
"993","25478","25478","25478","3.2849998474121094","3.2849998474121094","3.2849998474121094","46864","46864","46864","3.2669997215270996","3.2669997215270996","3.2669997215270996","25351","25351","25351","3.3249998092651367","3.3249998092651367","3.3249998092651367"
"994","25480","25480","25480","1.241999864578247","1.241999864578247","1.241999864578247","46866","46866","46866","3.2360000610351562","3.2360000610351562","3.2360000610351562","25353","25353","25353","3.3389997482299805","3.3389997482299805","3.3389997482299805"
"995","25482","25482","25482","3.3480000495910645","3.3480000495910645","3.3480000495910645","46868","46868","46868","3.327000141143799","3.327000141143799","3.327000141143799","25355","25355","25355","3.3420000076293945","3.3420000076293945","3.3420000076293945"
"996","25484","25484","25484","3.293999671936035","3.293999671936035","3.293999671936035","46870","46870","46870","3.296999454498291","3.296999454498291","3.296999454498291","25357","25357","25357","3.328000068664551","3.328000068664551","3.328000068664551"
"997","25486","25486","25486","3.382999897003174","3.382999897003174","3.382999897003174","46872","46872","46872","3.2140002250671387","3.2140002250671387","3.2140002250671387","25359","25359","25359","3.352999687194824","3.352999687194824","3.352999687194824"
"998","25488","25488","25488","3.388000011444092","3.388000011444092","3.388000011444092","46874","46874","46874","3.3859996795654297","3.3859996795654297","3.3859996795654297","25361","25361","25361","3.3859996795654297","3.3859996795654297","3.3859996795654297"
"999","25654","25654","25654","1.0119999647140503","1.0119999647140503","1.0119999647140503","47190","47190","47190","1.0120000839233398","1.0120000839233398","1.0120000839233398","25517","25517","25517","3.0809998512268066","3.0809998512268066","3.0809998512268066"
"1000","25656","25656","25656","3.0269999504089355","3.0269999504089355","3.0269999504089355","47192","47192","47192","3.0819997787475586","3.0819997787475586","3.0819997787475586","25519","25519","25519","0.991999626159668","0.991999626159668","0.991999626159668"
"1001","25658","25658","25658","3.124000072479248","3.124000072479248","3.124000072479248","47194","47194","47194","3.0900001525878906","3.0900001525878906","3.0900001525878906","25521","25521","25521","3.1580004692077637","3.1580004692077637","3.1580004692077637"
"1002","25660","25660","25660","3.2579994201660156","3.2579994201660156","3.2579994201660156","47196","47196","47196","3.239999771118164","3.239999771118164","3.239999771118164","25523","25523","25523","3.309999942779541","3.309999942779541","3.309999942779541"
"1003","25662","25662","25662","3.1690001487731934","3.1690001487731934","3.1690001487731934","47198","47198","47198","3.2940001487731934","3.2940001487731934","3.2940001487731934","25525","25525","25525","3.36799955368042","3.36799955368042","3.36799955368042"
"1004","25664","25664","25664","3.328000068664551","3.328000068664551","3.328000068664551","47200","47200","47200","3.3299999237060547","3.3299999237060547","3.3299999237060547","25527","25527","25527","3.3420000076293945","3.3420000076293945","3.3420000076293945"
"1005","25666","25666","25666","3.2809996604919434","3.2809996604919434","3.2809996604919434","47202","47202","47202","3.2779998779296875","3.2779998779296875","3.2779998779296875","25529","25529","25529","3.3489999771118164","3.3489999771118164","3.3489999771118164"
"1006","25668","25668","25668","3.354999542236328","3.354999542236328","3.354999542236328","47204","47204","47204","3.315000057220459","3.315000057220459","3.315000057220459","25531","25531","25531","3.358999729156494","3.358999729156494","3.358999729156494"
"1007","25670","25670","25670","3.4049997329711914","3.4049997329711914","3.4049997329711914","47206","47206","47206","3.385000228881836","3.385000228881836","3.385000228881836","25533","25533","25533","3.36899995803833","3.36899995803833","3.36899995803833"
"1008","25830","25830","25830","1.0119998455047607","1.0119998455047607","1.0119998455047607","47523","47523","47523","1.0120000839233398","1.0120000839233398","1.0120000839233398","25692","25692","25692","3.1389999389648438","3.1389999389648438","3.1389999389648438"
"1009","25832","25832","25832","3.068000078201294","3.068000078201294","3.068000078201294","47525","47525","47525","3.0269999504089355","3.0269999504089355","3.0269999504089355","25694","25694","25694","3.0329999923706055","3.0329999923706055","3.0329999923706055"
"1010","25834","25834","25834","3.129000186920166","3.129000186920166","3.129000186920166","47527","47527","47527","3.1150002479553223","3.1150002479553223","3.1150002479553223","25696","25696","25696","3.0870003700256348","3.0870003700256348","3.0870003700256348"
"1011","25836","25836","25836","3.256999969482422","3.256999969482422","3.256999969482422","47529","47529","47529","3.256999969482422","3.256999969482422","3.256999969482422","25698","25698","25698","3.3349995613098145","3.3349995613098145","3.3349995613098145"
"1012","25838","25838","25838","3.2669997215270996","3.2669997215270996","3.2669997215270996","47531","47531","47531","3.2189998626708984","3.2189998626708984","3.2189998626708984","25700","25700","25700","3.3289999961853027","3.3289999961853027","3.3289999961853027"
"1013","25840","25840","25840","3.3470001220703125","3.3470001220703125","3.3470001220703125","47533","47533","47533","3.3400001525878906","3.3400001525878906","3.3400001525878906","25702","25702","25702","3.307000160217285","3.307000160217285","3.307000160217285"
"1014","25842","25842","25842","3.2839999198913574","3.2839999198913574","3.2839999198913574","47535","47535","47535","3.2879996299743652","3.2879996299743652","3.2879996299743652","25704","25704","25704","3.3390002250671387","3.3390002250671387","3.3390002250671387"
"1015","25844","25844","25844","3.3499999046325684","3.3499999046325684","3.3499999046325684","47537","47537","47537","3.2210001945495605","3.2210001945495605","3.2210001945495605","25706","25706","25706","3.3849997520446777","3.3849997520446777","3.3849997520446777"
"1016","25846","25846","25846","3.3849997520446777","3.3849997520446777","3.3849997520446777","47539","47539","47539","3.3869996070861816","3.3869996070861816","3.3869996070861816","25708","25708","25708","3.388000011444092","3.388000011444092","3.388000011444092"
"1017","26007","26007","26007","1.0119998455047607","1.0119998455047607","1.0119998455047607","47855","47855","47855","1.0120000839233398","1.0120000839233398","1.0120000839233398","25865","25865","25865","1.0120000839233398","1.0120000839233398","1.0120000839233398"
"1018","26009","26009","26009","3.0840001106262207","3.0840001106262207","3.0840001106262207","47857","47857","47857","3.078000068664551","3.078000068664551","3.078000068664551","25867","25867","25867","3.118000030517578","3.118000030517578","3.118000030517578"
"1019","26011","26011","26011","3.13700008392334","3.13700008392334","3.13700008392334","47859","47859","47859","3.13800048828125","3.13800048828125","3.13800048828125","25869","25869","25869","3.125","3.125","3.125"
"1020","26013","26013","26013","3.197000026702881","3.197000026702881","3.197000026702881","47861","47861","47861","3.244999885559082","3.244999885559082","3.244999885559082","25871","25871","25871","3.3199996948242188","3.3199996948242188","3.3199996948242188"
"1021","26015","26015","26015","3.315000057220459","3.315000057220459","3.315000057220459","47863","47863","47863","3.2280001640319824","3.2280001640319824","3.2280001640319824","25873","25873","25873","3.363999843597412","3.363999843597412","3.363999843597412"
"1022","26017","26017","26017","3.3359999656677246","3.3359999656677246","3.3359999656677246","47865","47865","47865","3.3459997177124023","3.3459997177124023","3.3459997177124023","25875","25875","25875","3.3410000801086426","3.3410000801086426","3.3410000801086426"
"1023","26019","26019","26019","3.179999828338623","3.179999828338623","3.179999828338623","47867","47867","47867","3.2769999504089355","3.2769999504089355","3.2769999504089355","25877","25877","25877","3.332000255584717","3.332000255584717","3.332000255584717"
"1024","26021","26021","26021","3.38700008392334","3.38700008392334","3.38700008392334","47869","47869","47869","3.190000057220459","3.190000057220459","3.190000057220459","25879","25879","25879","3.4010000228881836","3.4010000228881836","3.4010000228881836"
"1025","26023","26023","26023","3.3849997520446777","3.3849997520446777","3.3849997520446777","47871","47871","47871","3.383999824523926","3.383999824523926","3.383999824523926","25881","25881","25881","3.307000160217285","3.307000160217285","3.307000160217285"
"1026","26183","26183","26183","1.0119998455047607","1.0119998455047607","1.0119998455047607","48187","48187","48187","1.0120000839233398","1.0120000839233398","1.0120000839233398","26044","26044","26044","3.0450000762939453","3.0450000762939453","3.0450000762939453"
"1027","26185","26185","26185","3.060999631881714","3.060999631881714","3.060999631881714","48189","48189","48189","0.9919998645782471","0.9919998645782471","0.9919998645782471","26046","26046","26046","3.0309998989105225","3.0309998989105225","3.0309998989105225"
"1028","26187","26187","26187","3.138000011444092","3.138000011444092","3.138000011444092","48191","48191","48191","0.991999626159668","0.991999626159668","0.991999626159668","26048","26048","26048","3.0870003700256348","3.0870003700256348","3.0870003700256348"
"1029","26189","26189","26189","3.2189993858337402","3.2189993858337402","3.2189993858337402","48193","48193","48193","3.253999710083008","3.253999710083008","3.253999710083008","26050","26050","26050","3.3249998092651367","3.3249998092651367","3.3249998092651367"
"1030","26191","26191","26191","3.250999927520752","3.250999927520752","3.250999927520752","48195","48195","48195","3.2170000076293945","3.2170000076293945","3.2170000076293945","26052","26052","26052","3.3390002250671387","3.3390002250671387","3.3390002250671387"
"1031","26193","26193","26193","3.311999797821045","3.311999797821045","3.311999797821045","48197","48197","48197","3.3429999351501465","3.3429999351501465","3.3429999351501465","26054","26054","26054","3.309000015258789","3.309000015258789","3.309000015258789"
"1032","26195","26195","26195","3.190999984741211","3.190999984741211","3.190999984741211","48199","48199","48199","3.295999526977539","3.295999526977539","3.295999526977539","26056","26056","26056","3.320000171661377","3.320000171661377","3.320000171661377"
"1033","26197","26197","26197","3.370999813079834","3.370999813079834","3.370999813079834","48201","48201","48201","3.3519997596740723","3.3519997596740723","3.3519997596740723","26058","26058","26058","3.4029998779296875","3.4029998779296875","3.4029998779296875"
"1034","26199","26199","26199","3.382999897003174","3.382999897003174","3.382999897003174","48203","48203","48203","3.4059996604919434","3.4059996604919434","3.4059996604919434","26060","26060","26060","3.386000156402588","3.386000156402588","3.386000156402588"
"1035","26360","26360","26360","1.0120000839233398","1.0120000839233398","1.0120000839233398","48520","48520","48520","1.0119998455047607","1.0119998455047607","1.0119998455047607","26219","26219","26219","3.047999858856201","3.047999858856201","3.047999858856201"
"1036","26362","26362","26362","3.132999897003174","3.132999897003174","3.132999897003174","48522","48522","48522","3.058000087738037","3.058000087738037","3.058000087738037","26221","26221","26221","3.1570000648498535","3.1570000648498535","3.1570000648498535"
"1037","26364","26364","26364","3.125","3.125","3.125","48524","48524","48524","0.9919998645782471","0.9919998645782471","0.9919998645782471","26223","26223","26223","3.121000289916992","3.121000289916992","3.121000289916992"
"1038","26366","26366","26366","3.23799991607666","3.23799991607666","3.23799991607666","48526","48526","48526","3.257999897003174","3.257999897003174","3.257999897003174","26225","26225","26225","1.061999797821045","1.061999797821045","1.061999797821045"
"1039","26368","26368","26368","3.250999927520752","3.250999927520752","3.250999927520752","48528","48528","48528","3.3470001220703125","3.3470001220703125","3.3470001220703125","26227","26227","26227","1.241999864578247","1.241999864578247","1.241999864578247"
"1040","26370","26370","26370","3.326000213623047","3.326000213623047","3.326000213623047","48530","48530","48530","3.3460001945495605","3.3460001945495605","3.3460001945495605","26229","26229","26229","3.358999729156494","3.358999729156494","3.358999729156494"
"1041","26372","26372","26372","3.291999340057373","3.291999340057373","3.291999340057373","48532","48532","48532","3.293999671936035","3.293999671936035","3.293999671936035","26231","26231","26231","3.322000026702881","3.322000026702881","3.322000026702881"
"1042","26374","26374","26374","3.2100000381469727","3.2100000381469727","3.2100000381469727","48534","48534","48534","3.358999729156494","3.358999729156494","3.358999729156494","26233","26233","26233","3.3899998664855957","3.3899998664855957","3.3899998664855957"
"1043","26376","26376","26376","3.317999839782715","3.317999839782715","3.317999839782715","48536","48536","48536","3.4000000953674316","3.4000000953674316","3.4000000953674316","26235","26235","26235","3.3859996795654297","3.3859996795654297","3.3859996795654297"
"1044","26538","26538","26538","1.0120000839233398","1.0120000839233398","1.0120000839233398","48852","48852","48852","1.0120000839233398","1.0120000839233398","1.0120000839233398","26396","26396","26396","3.1009998321533203","3.1009998321533203","3.1009998321533203"
"1045","26540","26540","26540","3.0879998207092285","3.0879998207092285","3.0879998207092285","48854","48854","48854","3.080000400543213","3.080000400543213","3.080000400543213","26398","26398","26398","3.1040000915527344","3.1040000915527344","3.1040000915527344"
"1046","26542","26542","26542","3.135000228881836","3.135000228881836","3.135000228881836","48856","48856","48856","3.0950002670288086","3.0950002670288086","3.0950002670288086","26400","26400","26400","3.1409997940063477","3.1409997940063477","3.1409997940063477"
"1047","26544","26544","26544","3.2220001220703125","3.2220001220703125","3.2220001220703125","48858","48858","48858","3.23799991607666","3.23799991607666","3.23799991607666","26402","26402","26402","3.313999652862549","3.313999652862549","3.313999652862549"
"1048","26546","26546","26546","3.327000141143799","3.327000141143799","3.327000141143799","48860","48860","48860","3.3350000381469727","3.3350000381469727","3.3350000381469727","26404","26404","26404","3.3410000801086426","3.3410000801086426","3.3410000801086426"
"1049","26548","26548","26548","3.3449997901916504","3.3449997901916504","3.3449997901916504","48862","48862","48862","3.363999843597412","3.363999843597412","3.363999843597412","26406","26406","26406","3.316999912261963","3.316999912261963","3.316999912261963"
"1050","26550","26550","26550","3.245999813079834","3.245999813079834","3.245999813079834","48864","48864","48864","3.2659997940063477","3.2659997940063477","3.2659997940063477","26408","26408","26408","3.320000171661377","3.320000171661377","3.320000171661377"
"1051","26552","26552","26552","3.38700008392334","3.38700008392334","3.38700008392334","48866","48866","48866","3.2100000381469727","3.2100000381469727","3.2100000381469727","26410","26410","26410","3.3899998664855957","3.3899998664855957","3.3899998664855957"
"1052","26554","26554","26554","3.388000011444092","3.388000011444092","3.388000011444092","48868","48868","48868","3.4049997329711914","3.4049997329711914","3.4049997329711914","26412","26412","26412","3.3849997520446777","3.3849997520446777","3.3849997520446777"
"1053","26719","26719","26719","1.0120002031326294","1.0120002031326294","1.0120002031326294","49185","49185","49185","1.0120000839233398","1.0120000839233398","1.0120000839233398","26575","26575","26575","2.9099998474121094","2.9099998474121094","2.9099998474121094"
"1054","26721","26721","26721","3.125","3.125","3.125","49187","49187","49187","0.991999626159668","0.991999626159668","0.991999626159668","26577","26577","26577","3.108999729156494","3.108999729156494","3.108999729156494"
"1055","26723","26723","26723","3.130000114440918","3.130000114440918","3.130000114440918","49189","49189","49189","0.9919997453689575","0.9919997453689575","0.9919997453689575","26579","26579","26579","3.13100004196167","3.13100004196167","3.13100004196167"
"1056","26725","26725","26725","3.2639994621276855","3.2639994621276855","3.2639994621276855","49191","49191","49191","1.2619998455047607","1.2619998455047607","1.2619998455047607","26581","26581","26581","3.3329997062683105","3.3329997062683105","3.3329997062683105"
"1057","26727","26727","26727","3.3509998321533203","3.3509998321533203","3.3509998321533203","49193","49193","49193","3.2950000762939453","3.2950000762939453","3.2950000762939453","26583","26583","26583","3.363999843597412","3.363999843597412","3.363999843597412"
"1058","26729","26729","26729","3.3540000915527344","3.3540000915527344","3.3540000915527344","49195","49195","49195","3.3420000076293945","3.3420000076293945","3.3420000076293945","26585","26585","26585","3.3439998626708984","3.3439998626708984","3.3439998626708984"
"1059","26731","26731","26731","3.2639994621276855","3.2639994621276855","3.2639994621276855","49197","49197","49197","1.2619999647140503","1.2619999647140503","1.2619999647140503","26587","26587","26587","3.315000057220459","3.315000057220459","3.315000057220459"
"1060","26733","26733","26733","3.3949999809265137","3.3949999809265137","3.3949999809265137","49199","49199","49199","3.2140002250671387","3.2140002250671387","3.2140002250671387","26589","26589","26589","3.379000186920166","3.379000186920166","3.379000186920166"
"1061","26735","26735","26735","3.4029998779296875","3.4029998779296875","3.4029998779296875","49201","49201","49201","3.3849997520446777","3.3849997520446777","3.3849997520446777","26591","26591","26591","3.3849997520446777","3.3849997520446777","3.3849997520446777"
"1062","26899","26899","26899","1.0120002031326294","1.0120002031326294","1.0120002031326294","49517","49517","49517","1.0119998455047607","1.0119998455047607","1.0119998455047607","26753","26753","26753","1.0120000839233398","1.0120000839233398","1.0120000839233398"
"1063","26901","26901","26901","3.0759997367858887","3.0759997367858887","3.0759997367858887","49519","49519","49519","0.9919999837875366","0.9919999837875366","0.9919999837875366","26755","26755","26755","3.1489996910095215","3.1489996910095215","3.1489996910095215"
"1064","26903","26903","26903","3.1389999389648438","3.1389999389648438","3.1389999389648438","49521","49521","49521","3.0900001525878906","3.0900001525878906","3.0900001525878906","26757","26757","26757","3.066999912261963","3.066999912261963","3.066999912261963"
"1065","26905","26905","26905","3.238999843597412","3.238999843597412","3.238999843597412","49523","49523","49523","3.258999824523926","3.258999824523926","3.258999824523926","26759","26759","26759","3.25","3.25","3.25"
"1066","26907","26907","26907","3.363999843597412","3.363999843597412","3.363999843597412","49525","49525","49525","3.2960000038146973","3.2960000038146973","3.2960000038146973","26761","26761","26761","3.3429999351501465","3.3429999351501465","3.3429999351501465"
"1067","26909","26909","26909","3.322999954223633","3.322999954223633","3.322999954223633","49527","49527","49527","3.3460001945495605","3.3460001945495605","3.3460001945495605","26763","26763","26763","1.241999864578247","1.241999864578247","1.241999864578247"
"1068","26911","26911","26911","3.23799991607666","3.23799991607666","3.23799991607666","49529","49529","49529","1.2619998455047607","1.2619998455047607","1.2619998455047607","26765","26765","26765","3.3369998931884766","3.3369998931884766","3.3369998931884766"
"1069","26913","26913","26913","3.3249998092651367","3.3249998092651367","3.3249998092651367","49531","49531","49531","3.304999828338623","3.304999828338623","3.304999828338623","26767","26767","26767","3.3849997520446777","3.3849997520446777","3.3849997520446777"
"1070","26915","26915","26915","3.388000011444092","3.388000011444092","3.388000011444092","49533","49533","49533","3.3999996185302734","3.3999996185302734","3.3999996185302734","26769","26769","26769","3.3999996185302734","3.3999996185302734","3.3999996185302734"
"1071","27080","27080","27080","1.0120000839233398","1.0120000839233398","1.0120000839233398","49849","49849","49849","1.0120002031326294","1.0120002031326294","1.0120002031326294","26925","26925","26925","2.9509999752044678","2.9509999752044678","2.9509999752044678"
"1072","27082","27082","27082","3.1059999465942383","3.1059999465942383","3.1059999465942383","49851","49851","49851","0.9919998645782471","0.9919998645782471","0.9919998645782471","26927","26927","26927","3.0299999713897705","3.0299999713897705","3.0299999713897705"
"1073","27084","27084","27084","3.129000186920166","3.129000186920166","3.129000186920166","49853","49853","49853","3.078000068664551","3.078000068664551","3.078000068664551","26929","26929","26929","3.113999843597412","3.113999843597412","3.113999843597412"
"1074","27086","27086","27086","3.289999485015869","3.289999485015869","3.289999485015869","49855","49855","49855","3.256999969482422","3.256999969482422","3.256999969482422","26931","26931","26931","3.3319997787475586","3.3319997787475586","3.3319997787475586"
"1075","27088","27088","27088","3.3449997901916504","3.3449997901916504","3.3449997901916504","49857","49857","49857","3.207000255584717","3.207000255584717","3.207000255584717","26933","26933","26933","3.364999771118164","3.364999771118164","3.364999771118164"
"1076","27090","27090","27090","3.358999729156494","3.358999729156494","3.358999729156494","49859","49859","49859","3.3330001831054688","3.3330001831054688","3.3330001831054688","26935","26935","26935","3.361999988555908","3.361999988555908","3.361999988555908"
"1077","27092","27092","27092","3.2619996070861816","3.2619996070861816","3.2619996070861816","49861","49861","49861","3.2789998054504395","3.2789998054504395","3.2789998054504395","26937","26937","26937","3.327000141143799","3.327000141143799","3.327000141143799"
"1078","27094","27094","27094","3.3449997901916504","3.3449997901916504","3.3449997901916504","49863","49863","49863","3.2100000381469727","3.2100000381469727","3.2100000381469727","26939","26939","26939","3.3979997634887695","3.3979997634887695","3.3979997634887695"
"1079","27096","27096","27096","3.3930001258850098","3.3930001258850098","3.3930001258850098","49865","49865","49865","3.3899998664855957","3.3899998664855957","3.3899998664855957","26941","26941","26941","3.3899998664855957","3.3899998664855957","3.3899998664855957"
"1080","27258","27258","27258","3.0769999027252197","3.0769999027252197","3.0769999027252197","50182","50182","50182","1.0119999647140503","1.0119999647140503","1.0119999647140503","27099","27099","27099","3.049999713897705","3.049999713897705","3.049999713897705"
"1081","27260","27260","27260","3.047999858856201","3.047999858856201","3.047999858856201","50184","50184","50184","0.9919998645782471","0.9919998645782471","0.9919998645782471","27101","27101","27101","3.0220000743865967","3.0220000743865967","3.0220000743865967"
"1082","27262","27262","27262","3.1479997634887695","3.1479997634887695","3.1479997634887695","50186","50186","50186","0.9919997453689575","0.9919997453689575","0.9919997453689575","27103","27103","27103","3.056999921798706","3.056999921798706","3.056999921798706"
"1083","27264","27264","27264","3.316999912261963","3.316999912261963","3.316999912261963","50188","50188","50188","3.24399995803833","3.24399995803833","3.24399995803833","27105","27105","27105","3.314999580383301","3.314999580383301","3.314999580383301"
"1084","27266","27266","27266","3.191999912261963","3.191999912261963","3.191999912261963","50190","50190","50190","3.2170000076293945","3.2170000076293945","3.2170000076293945","27107","27107","27107","3.3410000801086426","3.3410000801086426","3.3410000801086426"
"1085","27268","27268","27268","3.3499999046325684","3.3499999046325684","3.3499999046325684","50192","50192","50192","3.328000068664551","3.328000068664551","3.328000068664551","27109","27109","27109","3.3369998931884766","3.3369998931884766","3.3369998931884766"
"1086","27270","27270","27270","3.332000255584717","3.332000255584717","3.332000255584717","50194","50194","50194","1.2619997262954712","1.2619997262954712","1.2619997262954712","27111","27111","27111","3.312000274658203","3.312000274658203","3.312000274658203"
"1087","27272","27272","27272","3.23799991607666","3.23799991607666","3.23799991607666","50196","50196","50196","3.2250003814697266","3.2250003814697266","3.2250003814697266","27113","27113","27113","3.4079999923706055","3.4079999923706055","3.4079999923706055"
"1088","27274","27274","27274","3.3849997520446777","3.3849997520446777","3.3849997520446777","50198","50198","50198","3.322000026702881","3.322000026702881","3.322000026702881","27115","27115","27115","3.3889999389648438","3.3889999389648438","3.3889999389648438"
"1089","27434","27434","27434","1.0120000839233398","1.0120000839233398","1.0120000839233398","50514","50514","50514","1.0120000839233398","1.0120000839233398","1.0120000839233398","27274","27274","27274","2.952000141143799","2.952000141143799","2.952000141143799"
"1090","27436","27436","27436","3.135000228881836","3.135000228881836","3.135000228881836","50516","50516","50516","0.991999626159668","0.991999626159668","0.991999626159668","27276","27276","27276","3.06600022315979","3.06600022315979","3.06600022315979"
"1091","27438","27438","27438","3.147000312805176","3.147000312805176","3.147000312805176","50518","50518","50518","0.991999626159668","0.991999626159668","0.991999626159668","27278","27278","27278","3.1430001258850098","3.1430001258850098","3.1430001258850098"
"1092","27440","27440","27440","3.2639999389648438","3.2639999389648438","3.2639999389648438","50520","50520","50520","3.24299955368042","3.24299955368042","3.24299955368042","27280","27280","27280","3.3389997482299805","3.3389997482299805","3.3389997482299805"
"1093","27442","27442","27442","3.3439998626708984","3.3439998626708984","3.3439998626708984","50522","50522","50522","3.2100000381469727","3.2100000381469727","3.2100000381469727","27282","27282","27282","3.3340001106262207","3.3340001106262207","3.3340001106262207"
"1094","27444","27444","27444","3.3470001220703125","3.3470001220703125","3.3470001220703125","50524","50524","50524","3.314000129699707","3.314000129699707","3.314000129699707","27284","27284","27284","3.3559999465942383","3.3559999465942383","3.3559999465942383"
"1095","27446","27446","27446","3.293999671936035","3.293999671936035","3.293999671936035","50526","50526","50526","2.989999771118164","2.989999771118164","2.989999771118164","27286","27286","27286","3.318000316619873","3.318000316619873","3.318000316619873"
"1096","27448","27448","27448","3.2270002365112305","3.2270002365112305","3.2270002365112305","50528","50528","50528","3.2220001220703125","3.2220001220703125","3.2220001220703125","27288","27288","27288","3.369999885559082","3.369999885559082","3.369999885559082"
"1097","27450","27450","27450","3.3859996795654297","3.3859996795654297","3.3859996795654297","50530","50530","50530","1.241999864578247","1.241999864578247","1.241999864578247","27290","27290","27290","3.386000156402588","3.386000156402588","3.386000156402588"
"1098","27612","27612","27612","1.0120000839233398","1.0120000839233398","1.0120000839233398","50847","50847","50847","1.0120000839233398","1.0120000839233398","1.0120000839233398","27452","27452","27452","1.0119998455047607","1.0119998455047607","1.0119998455047607"
"1099","27614","27614","27614","3.0739996433258057","3.0739996433258057","3.0739996433258057","50849","50849","50849","3.077000141143799","3.077000141143799","3.077000141143799","27454","27454","27454","3.125","3.125","3.125"
"1100","27616","27616","27616","3.1670002937316895","3.1670002937316895","3.1670002937316895","50851","50851","50851","0.991999626159668","0.991999626159668","0.991999626159668","27456","27456","27456","3.127999782562256","3.127999782562256","3.127999782562256"
"1101","27618","27618","27618","3.24299955368042","3.24299955368042","3.24299955368042","50853","50853","50853","3.24399995803833","3.24399995803833","3.24399995803833","27458","27458","27458","3.3339996337890625","3.3339996337890625","3.3339996337890625"
"1102","27620","27620","27620","3.3530001640319824","3.3530001640319824","3.3530001640319824","50855","50855","50855","3.2919998168945312","3.2919998168945312","3.2919998168945312","27460","27460","27460","3.3470001220703125","3.3470001220703125","3.3470001220703125"
"1103","27622","27622","27622","3.3470001220703125","3.3470001220703125","3.3470001220703125","50857","50857","50857","3.3429999351501465","3.3429999351501465","3.3429999351501465","27462","27462","27462","3.3470001220703125","3.3470001220703125","3.3470001220703125"
"1104","27624","27624","27624","3.2619996070861816","3.2619996070861816","3.2619996070861816","50859","50859","50859","3.2789998054504395","3.2789998054504395","3.2789998054504395","27464","27464","27464","3.310999870300293","3.310999870300293","3.310999870300293"
"1105","27626","27626","27626","3.382999897003174","3.382999897003174","3.382999897003174","50861","50861","50861","3.2270002365112305","3.2270002365112305","3.2270002365112305","27466","27466","27466","3.3859996795654297","3.3859996795654297","3.3859996795654297"
"1106","27628","27628","27628","3.3899998664855957","3.3899998664855957","3.3899998664855957","50863","50863","50863","3.4029998779296875","3.4029998779296875","3.4029998779296875","27468","27468","27468","3.3869996070861816","3.3869996070861816","3.3869996070861816"
"1107","27786","27786","27786","2.8439998626708984","2.8439998626708984","2.8439998626708984","51179","51179","51179","1.0120000839233398","1.0120000839233398","1.0120000839233398","27626","27626","27626","1.0120000839233398","1.0120000839233398","1.0120000839233398"
"1108","27788","27788","27788","3.0460000038146973","3.0460000038146973","3.0460000038146973","51181","51181","51181","0.9919999837875366","0.9919999837875366","0.9919999837875366","27628","27628","27628","3.0990004539489746","3.0990004539489746","3.0990004539489746"
"1109","27790","27790","27790","3.0789999961853027","3.0789999961853027","3.0789999961853027","51183","51183","51183","3.0890002250671387","3.0890002250671387","3.0890002250671387","27630","27630","27630","3.0840001106262207","3.0840001106262207","3.0840001106262207"
"1110","27792","27792","27792","3.2619996070861816","3.2619996070861816","3.2619996070861816","51185","51185","51185","3.258999824523926","3.258999824523926","3.258999824523926","27632","27632","27632","3.3359994888305664","3.3359994888305664","3.3359994888305664"
"1111","27794","27794","27794","3.2769999504089355","3.2769999504089355","3.2769999504089355","51187","51187","51187","3.2160000801086426","3.2160000801086426","3.2160000801086426","27634","27634","27634","3.358999729156494","3.358999729156494","3.358999729156494"
"1112","27796","27796","27796","3.322000026702881","3.322000026702881","3.322000026702881","51189","51189","51189","3.3530001640319824","3.3530001640319824","3.3530001640319824","27636","27636","27636","3.3420000076293945","3.3420000076293945","3.3420000076293945"
"1113","27798","27798","27798","3.2810001373291016","3.2810001373291016","3.2810001373291016","51191","51191","51191","1.2619999647140503","1.2619999647140503","1.2619999647140503","27638","27638","27638","3.312000274658203","3.312000274658203","3.312000274658203"
"1114","27800","27800","27800","3.3610000610351562","3.3610000610351562","3.3610000610351562","51193","51193","51193","3.207000255584717","3.207000255584717","3.207000255584717","27640","27640","27640","3.3949999809265137","3.3949999809265137","3.3949999809265137"
"1115","27802","27802","27802","3.383999824523926","3.383999824523926","3.383999824523926","51195","51195","51195","3.321000099182129","3.321000099182129","3.321000099182129","27642","27642","27642","3.4019999504089355","3.4019999504089355","3.4019999504089355"
"1116","27962","27962","27962","1.0119999647140503","1.0119999647140503","1.0119999647140503","51511","51511","51511","1.0119999647140503","1.0119999647140503","1.0119999647140503","27803","27803","27803","3.0850000381469727","3.0850000381469727","3.0850000381469727"
"1117","27964","27964","27964","3.1409997940063477","3.1409997940063477","3.1409997940063477","51513","51513","51513","3.1760001182556152","3.1760001182556152","3.1760001182556152","27805","27805","27805","3.0950002670288086","3.0950002670288086","3.0950002670288086"
"1118","27966","27966","27966","3.1640000343322754","3.1640000343322754","3.1640000343322754","51515","51515","51515","0.9919998645782471","0.9919998645782471","0.9919998645782471","27807","27807","27807","3.082000255584717","3.082000255584717","3.082000255584717"
"1119","27968","27968","27968","3.2729997634887695","3.2729997634887695","3.2729997634887695","51517","51517","51517","3.258999824523926","3.258999824523926","3.258999824523926","27809","27809","27809","3.239999771118164","3.239999771118164","3.239999771118164"
"1120","27970","27970","27970","3.2820000648498535","3.2820000648498535","3.2820000648498535","51519","51519","51519","3.3309998512268066","3.3309998512268066","3.3309998512268066","27811","27811","27811","3.3569998741149902","3.3569998741149902","3.3569998741149902"
"1121","27972","27972","27972","3.3359999656677246","3.3359999656677246","3.3359999656677246","51521","51521","51521","3.308000087738037","3.308000087738037","3.308000087738037","27813","27813","27813","3.3460001945495605","3.3460001945495605","3.3460001945495605"
"1122","27974","27974","27974","3.2829999923706055","3.2829999923706055","3.2829999923706055","51523","51523","51523","1.2619998455047607","1.2619998455047607","1.2619998455047607","27815","27815","27815","3.321000099182129","3.321000099182129","3.321000099182129"
"1123","27976","27976","27976","3.2270002365112305","3.2270002365112305","3.2270002365112305","51525","51525","51525","3.3869996070861816","3.3869996070861816","3.3869996070861816","27817","27817","27817","3.3879995346069336","3.3879995346069336","3.3879995346069336"
"1124","27978","27978","27978","3.3849997520446777","3.3849997520446777","3.3849997520446777","51527","51527","51527","3.382999897003174","3.382999897003174","3.382999897003174","27819","27819","27819","3.322999954223633","3.322999954223633","3.322999954223633"
"1125","28144","28144","28144","2.870999813079834","2.870999813079834","2.870999813079834","51844","51844","51844","1.0119999647140503","1.0119999647140503","1.0119999647140503","27978","27978","27978","2.86899995803833","2.86899995803833","2.86899995803833"
"1126","28146","28146","28146","3.0850000381469727","3.0850000381469727","3.0850000381469727","51846","51846","51846","0.9919998645782471","0.9919998645782471","0.9919998645782471","27980","27980","27980","3.124000072479248","3.124000072479248","3.124000072479248"
"1127","28148","28148","28148","3.1520004272460938","3.1520004272460938","3.1520004272460938","51848","51848","51848","0.9919998645782471","0.9919998645782471","0.9919998645782471","27982","27982","27982","3.115999698638916","3.115999698638916","3.115999698638916"
"1128","28150","28150","28150","3.227999687194824","3.227999687194824","3.227999687194824","51850","51850","51850","3.238999843597412","3.238999843597412","3.238999843597412","27984","27984","27984","3.318999767303467","3.318999767303467","3.318999767303467"
"1129","28152","28152","28152","3.1989998817443848","3.1989998817443848","3.1989998817443848","51852","51852","51852","3.261000156402588","3.261000156402588","3.261000156402588","27986","27986","27986","3.3470001220703125","3.3470001220703125","3.3470001220703125"
"1130","28154","28154","28154","3.3359999656677246","3.3359999656677246","3.3359999656677246","51854","51854","51854","3.318999767303467","3.318999767303467","3.318999767303467","27988","27988","27988","3.3600001335144043","3.3600001335144043","3.3600001335144043"
"1131","28156","28156","28156","3.2829999923706055","3.2829999923706055","3.2829999923706055","51856","51856","51856","1.2619999647140503","1.2619999647140503","1.2619999647140503","27990","27990","27990","3.326000213623047","3.326000213623047","3.326000213623047"
"1132","28158","28158","28158","3.361999988555908","3.361999988555908","3.361999988555908","51858","51858","51858","3.352999687194824","3.352999687194824","3.352999687194824","27992","27992","27992","3.388000011444092","3.388000011444092","3.388000011444092"
"1133","28160","28160","28160","3.3859996795654297","3.3859996795654297","3.3859996795654297","51860","51860","51860","3.3899998664855957","3.3899998664855957","3.3899998664855957","27994","27994","27994","3.386000156402588","3.386000156402588","3.386000156402588"
"1134","28322","28322","28322","1.0120002031326294","1.0120002031326294","1.0120002031326294","52176","52176","52176","1.0120000839233398","1.0120000839233398","1.0120000839233398","28152","28152","28152","3.047999858856201","3.047999858856201","3.047999858856201"
"1135","28324","28324","28324","3.0320000648498535","3.0320000648498535","3.0320000648498535","52178","52178","52178","3.1010003089904785","3.1010003089904785","3.1010003089904785","28154","28154","28154","3.1710000038146973","3.1710000038146973","3.1710000038146973"
"1136","28326","28326","28326","3.11299991607666","3.11299991607666","3.11299991607666","52180","52180","52180","0.9919998645782471","0.9919998645782471","0.9919998645782471","28156","28156","28156","3.081000328063965","3.081000328063965","3.081000328063965"
"1137","28328","28328","28328","3.2809996604919434","3.2809996604919434","3.2809996604919434","52182","52182","52182","3.2769994735717773","3.2769994735717773","3.2769994735717773","28158","28158","28158","3.3319997787475586","3.3319997787475586","3.3319997787475586"
"1138","28330","28330","28330","3.3309998512268066","3.3309998512268066","3.3309998512268066","52184","52184","52184","3.2769999504089355","3.2769999504089355","3.2769999504089355","28160","28160","28160","3.3499999046325684","3.3499999046325684","3.3499999046325684"
"1139","28332","28332","28332","3.3359999656677246","3.3359999656677246","3.3359999656677246","52186","52186","52186","3.322000026702881","3.322000026702881","3.322000026702881","28162","28162","28162","3.3569998741149902","3.3569998741149902","3.3569998741149902"
"1140","28334","28334","28334","3.263000011444092","3.263000011444092","3.263000011444092","52188","52188","52188","3.302999496459961","3.302999496459961","3.302999496459961","28164","28164","28164","3.332000255584717","3.332000255584717","3.332000255584717"
"1141","28336","28336","28336","3.354999542236328","3.354999542236328","3.354999542236328","52190","52190","52190","3.2230000495910645","3.2230000495910645","3.2230000495910645","28166","28166","28166","3.3899998664855957","3.3899998664855957","3.3899998664855957"
"1142","28338","28338","28338","3.382999897003174","3.382999897003174","3.382999897003174","52192","52192","52192","3.2239999771118164","3.2239999771118164","3.2239999771118164","28168","28168","28168","3.4019999504089355","3.4019999504089355","3.4019999504089355"
"1143","28500","28500","28500","1.0120002031326294","1.0120002031326294","1.0120002031326294","52508","52508","52508","1.0120000839233398","1.0120000839233398","1.0120000839233398","28325","28325","28325","3.0269999504089355","3.0269999504089355","3.0269999504089355"
"1144","28502","28502","28502","3.015000104904175","3.015000104904175","3.015000104904175","52510","52510","52510","0.9919998645782471","0.9919998645782471","0.9919998645782471","28327","28327","28327","3.128999710083008","3.128999710083008","3.128999710083008"
"1145","28504","28504","28504","3.1469998359680176","3.1469998359680176","3.1469998359680176","52512","52512","52512","0.9919998645782471","0.9919998645782471","0.9919998645782471","28329","28329","28329","3.120999813079834","3.120999813079834","3.120999813079834"
"1146","28506","28506","28506","3.256999969482422","3.256999969482422","3.256999969482422","52514","52514","52514","3.296999931335449","3.296999931335449","3.296999931335449","28331","28331","28331","3.314999580383301","3.314999580383301","3.314999580383301"
"1147","28508","28508","28508","3.2150001525878906","3.2150001525878906","3.2150001525878906","52516","52516","52516","3.2140002250671387","3.2140002250671387","3.2140002250671387","28333","28333","28333","3.3339996337890625","3.3339996337890625","3.3339996337890625"
"1148","28510","28510","28510","3.3460001945495605","3.3460001945495605","3.3460001945495605","52518","52518","52518","3.3400001525878906","3.3400001525878906","3.3400001525878906","28335","28335","28335","3.3359999656677246","3.3359999656677246","3.3359999656677246"
"1149","28512","28512","28512","3.2779998779296875","3.2779998779296875","3.2779998779296875","52520","52520","52520","3.293999671936035","3.293999671936035","3.293999671936035","28337","28337","28337","3.332000255584717","3.332000255584717","3.332000255584717"
"1150","28514","28514","28514","3.2090001106262207","3.2090001106262207","3.2090001106262207","52522","52522","52522","3.2100000381469727","3.2100000381469727","3.2100000381469727","28339","28339","28339","3.2249999046325684","3.2249999046325684","3.2249999046325684"
"1151","28516","28516","28516","3.3859996795654297","3.3859996795654297","3.3859996795654297","52524","52524","52524","3.3969998359680176","3.3969998359680176","3.3969998359680176","28341","28341","28341","3.3849997520446777","3.3849997520446777","3.3849997520446777"
"1152","28675","28675","28675","1.0120002031326294","1.0120002031326294","1.0120002031326294","52841","52841","52841","1.0119998455047607","1.0119998455047607","1.0119998455047607","28500","28500","28500","2.9049999713897705","2.9049999713897705","2.9049999713897705"
"1153","28677","28677","28677","3.11899995803833","3.11899995803833","3.11899995803833","52843","52843","52843","0.9919999837875366","0.9919999837875366","0.9919999837875366","28502","28502","28502","3.0959997177124023","3.0959997177124023","3.0959997177124023"
"1154","28679","28679","28679","3.11899995803833","3.11899995803833","3.11899995803833","52845","52845","52845","0.991999626159668","0.991999626159668","0.991999626159668","28504","28504","28504","3.132999897003174","3.132999897003174","3.132999897003174"
"1155","28681","28681","28681","3.2779998779296875","3.2779998779296875","3.2779998779296875","52847","52847","52847","1.2619996070861816","1.2619996070861816","1.2619996070861816","28506","28506","28506","3.3379998207092285","3.3379998207092285","3.3379998207092285"
"1156","28683","28683","28683","3.3339996337890625","3.3339996337890625","3.3339996337890625","52849","52849","52849","3.2319998741149902","3.2319998741149902","3.2319998741149902","28508","28508","28508","3.3359999656677246","3.3359999656677246","3.3359999656677246"
"1157","28685","28685","28685","3.315000057220459","3.315000057220459","3.315000057220459","52851","52851","52851","3.3319997787475586","3.3319997787475586","3.3319997787475586","28510","28510","28510","3.3480000495910645","3.3480000495910645","3.3480000495910645"
"1158","28687","28687","28687","3.2639999389648438","3.2639999389648438","3.2639999389648438","52853","52853","52853","3.306999683380127","3.306999683380127","3.306999683380127","28512","28512","28512","3.3429999351501465","3.3429999351501465","3.3429999351501465"
"1159","28689","28689","28689","3.352999687194824","3.352999687194824","3.352999687194824","52855","52855","52855","3.2200002670288086","3.2200002670288086","3.2200002670288086","28514","28514","28514","3.388000011444092","3.388000011444092","3.388000011444092"
"1160","28691","28691","28691","3.3849997520446777","3.3849997520446777","3.3849997520446777","52857","52857","52857","3.3859996795654297","3.3859996795654297","3.3859996795654297","28516","28516","28516","3.4000000953674316","3.4000000953674316","3.4000000953674316"
"1161","28851","28851","28851","1.0120000839233398","1.0120000839233398","1.0120000839233398","53173","53173","53173","1.0120000839233398","1.0120000839233398","1.0120000839233398","28676","28676","28676","3.072999954223633","3.072999954223633","3.072999954223633"
"1162","28853","28853","28853","3.0789999961853027","3.0789999961853027","3.0789999961853027","53175","53175","53175","0.9919997453689575","0.9919997453689575","0.9919997453689575","28678","28678","28678","3.1750001907348633","3.1750001907348633","3.1750001907348633"
"1163","28855","28855","28855","3.147000312805176","3.147000312805176","3.147000312805176","53177","53177","53177","0.9919999837875366","0.9919999837875366","0.9919999837875366","28680","28680","28680","3.1110000610351562","3.1110000610351562","3.1110000610351562"
"1164","28857","28857","28857","3.256999969482422","3.256999969482422","3.256999969482422","53179","53179","53179","3.23799991607666","3.23799991607666","3.23799991607666","28682","28682","28682","3.2659997940063477","3.2659997940063477","3.2659997940063477"
"1165","28859","28859","28859","3.1690001487731934","3.1690001487731934","3.1690001487731934","53181","53181","53181","3.2049999237060547","3.2049999237060547","3.2049999237060547","28684","28684","28684","3.328000068664551","3.328000068664551","3.328000068664551"
"1166","28861","28861","28861","3.3299999237060547","3.3299999237060547","3.3299999237060547","53183","53183","53183","3.3350000381469727","3.3350000381469727","3.3350000381469727","28686","28686","28686","3.308000087738037","3.308000087738037","3.308000087738037"
"1167","28863","28863","28863","3.2789998054504395","3.2789998054504395","3.2789998054504395","53185","53185","53185","3.2809996604919434","3.2809996604919434","3.2809996604919434","28688","28688","28688","3.313000202178955","3.313000202178955","3.313000202178955"
"1168","28865","28865","28865","3.38700008392334","3.38700008392334","3.38700008392334","53187","53187","53187","3.2150001525878906","3.2150001525878906","3.2150001525878906","28690","28690","28690","3.4079999923706055","3.4079999923706055","3.4079999923706055"
"1169","28867","28867","28867","3.3899998664855957","3.3899998664855957","3.3899998664855957","53189","53189","53189","3.3859996795654297","3.3859996795654297","3.3859996795654297","28692","28692","28692","3.3889999389648438","3.3889999389648438","3.3889999389648438"
"1170","29030","29030","29030","1.0120000839233398","1.0120000839233398","1.0120000839233398","53505","53505","53505","1.0119999647140503","1.0119999647140503","1.0119999647140503","28851","28851","28851","3.114999771118164","3.114999771118164","3.114999771118164"
"1171","29032","29032","29032","3.125","3.125","3.125","53507","53507","53507","0.991999626159668","0.991999626159668","0.991999626159668","28853","28853","28853","3.129000186920166","3.129000186920166","3.129000186920166"
"1172","29034","29034","29034","3.124000072479248","3.124000072479248","3.124000072479248","53509","53509","53509","3.081000328063965","3.081000328063965","3.081000328063965","28855","28855","28855","3.1490001678466797","3.1490001678466797","3.1490001678466797"
"1173","29036","29036","29036","3.24299955368042","3.24299955368042","3.24299955368042","53511","53511","53511","3.2629995346069336","3.2629995346069336","3.2629995346069336","28857","28857","28857","3.314999580383301","3.314999580383301","3.314999580383301"
"1174","29038","29038","29038","3.3319997787475586","3.3319997787475586","3.3319997787475586","53513","53513","53513","3.3339996337890625","3.3339996337890625","3.3339996337890625","28859","28859","28859","3.3449997901916504","3.3449997901916504","3.3449997901916504"
"1175","29040","29040","29040","3.3600001335144043","3.3600001335144043","3.3600001335144043","53515","53515","53515","3.3249998092651367","3.3249998092651367","3.3249998092651367","28861","28861","28861","3.3410000801086426","3.3410000801086426","3.3410000801086426"
"1176","29042","29042","29042","3.253999710083008","3.253999710083008","3.253999710083008","53517","53517","53517","3.244999885559082","3.244999885559082","3.244999885559082","28863","28863","28863","3.3340001106262207","3.3340001106262207","3.3340001106262207"
"1177","29044","29044","29044","3.3610000610351562","3.3610000610351562","3.3610000610351562","53519","53519","53519","3.3849997520446777","3.3849997520446777","3.3849997520446777","28865","28865","28865","3.382999897003174","3.382999897003174","3.382999897003174"
"1178","29046","29046","29046","3.3899998664855957","3.3899998664855957","3.3899998664855957","53521","53521","53521","3.3849997520446777","3.3849997520446777","3.3849997520446777","28867","28867","28867","3.386000156402588","3.386000156402588","3.386000156402588"
"1179","29208","29208","29208","1.0120002031326294","1.0120002031326294","1.0120002031326294","53838","53838","53838","1.0120002031326294","1.0120002031326294","1.0120002031326294","29025","29025","29025","3.071000099182129","3.071000099182129","3.071000099182129"
"1180","29210","29210","29210","3.1110000610351562","3.1110000610351562","3.1110000610351562","53840","53840","53840","3.120999813079834","3.120999813079834","3.120999813079834","29027","29027","29027","3.0380001068115234","3.0380001068115234","3.0380001068115234"
"1181","29212","29212","29212","3.139000415802002","3.139000415802002","3.139000415802002","53842","53842","53842","3.078000068664551","3.078000068664551","3.078000068664551","29029","29029","29029","3.1150002479553223","3.1150002479553223","3.1150002479553223"
"1182","29214","29214","29214","3.2579994201660156","3.2579994201660156","3.2579994201660156","53844","53844","53844","1.061999797821045","1.061999797821045","1.061999797821045","29031","29031","29031","3.310999870300293","3.310999870300293","3.310999870300293"
"1183","29216","29216","29216","3.2139997482299805","3.2139997482299805","3.2139997482299805","53846","53846","53846","3.245999813079834","3.245999813079834","3.245999813079834","29033","29033","29033","3.309000015258789","3.309000015258789","3.309000015258789"
"1184","29218","29218","29218","3.36299991607666","3.36299991607666","3.36299991607666","53848","53848","53848","3.3319997787475586","3.3319997787475586","3.3319997787475586","29035","29035","29035","3.3480000495910645","3.3480000495910645","3.3480000495910645"
"1185","29220","29220","29220","3.244999885559082","3.244999885559082","3.244999885559082","53850","53850","53850","3.2799997329711914","3.2799997329711914","3.2799997329711914","29037","29037","29037","3.310999870300293","3.310999870300293","3.310999870300293"
"1186","29222","29222","29222","3.354999542236328","3.354999542236328","3.354999542236328","53852","53852","53852","3.3489999771118164","3.3489999771118164","3.3489999771118164","29039","29039","29039","3.4010000228881836","3.4010000228881836","3.4010000228881836"
"1187","29224","29224","29224","3.383999824523926","3.383999824523926","3.383999824523926","53854","53854","53854","3.318000316619873","3.318000316619873","3.318000316619873","29041","29041","29041","3.3899998664855957","3.3899998664855957","3.3899998664855957"
"1188","29389","29389","29389","1.0120000839233398","1.0120000839233398","1.0120000839233398","54170","54170","54170","1.0119999647140503","1.0119999647140503","1.0119999647140503","29200","29200","29200","2.9559998512268066","2.9559998512268066","2.9559998512268066"
"1189","29391","29391","29391","3.0190000534057617","3.0190000534057617","3.0190000534057617","54172","54172","54172","0.9919999837875366","0.9919999837875366","0.9919999837875366","29202","29202","29202","3.128999710083008","3.128999710083008","3.128999710083008"
"1190","29393","29393","29393","3.142000198364258","3.142000198364258","3.142000198364258","54174","54174","54174","0.9919997453689575","0.9919997453689575","0.9919997453689575","29204","29204","29204","3.1589999198913574","3.1589999198913574","3.1589999198913574"
"1191","29395","29395","29395","3.2639999389648438","3.2639999389648438","3.2639999389648438","54176","54176","54176","1.062000036239624","1.062000036239624","1.062000036239624","29206","29206","29206","3.313999652862549","3.313999652862549","3.313999652862549"
"1192","29397","29397","29397","3.250999927520752","3.250999927520752","3.250999927520752","54178","54178","54178","3.2150001525878906","3.2150001525878906","3.2150001525878906","29208","29208","29208","3.3509998321533203","3.3509998321533203","3.3509998321533203"
"1193","29399","29399","29399","3.3410000801086426","3.3410000801086426","3.3410000801086426","54180","54180","54180","3.3350000381469727","3.3350000381469727","3.3350000381469727","29210","29210","29210","3.3610000610351562","3.3610000610351562","3.3610000610351562"
"1194","29401","29401","29401","3.2639994621276855","3.2639994621276855","3.2639994621276855","54182","54182","54182","2.9769999980926514","2.9769999980926514","2.9769999980926514","29212","29212","29212","3.3330001831054688","3.3330001831054688","3.3330001831054688"
"1195","29403","29403","29403","3.3349995613098145","3.3349995613098145","3.3349995613098145","54184","54184","54184","3.190999984741211","3.190999984741211","3.190999984741211","29214","29214","29214","3.374000072479248","3.374000072479248","3.374000072479248"
"1196","29405","29405","29405","3.4029998779296875","3.4029998779296875","3.4029998779296875","54186","54186","54186","3.3849997520446777","3.3849997520446777","3.3849997520446777","29216","29216","29216","3.383999824523926","3.383999824523926","3.383999824523926"
"1197","29567","29567","29567","1.0120002031326294","1.0120002031326294","1.0120002031326294","54502","54502","54502","1.0120000839233398","1.0120000839233398","1.0120000839233398","29376","29376","29376","2.994999885559082","2.994999885559082","2.994999885559082"
"1198","29569","29569","29569","3.0269999504089355","3.0269999504089355","3.0269999504089355","54504","54504","54504","3.063000202178955","3.063000202178955","3.063000202178955","29378","29378","29378","3.111999988555908","3.111999988555908","3.111999988555908"
"1199","29571","29571","29571","3.0870003700256348","3.0870003700256348","3.0870003700256348","54506","54506","54506","0.9919997453689575","0.9919997453689575","0.9919997453689575","29380","29380","29380","3.1440000534057617","3.1440000534057617","3.1440000534057617"
"1200","29573","29573","29573","3.2719998359680176","3.2719998359680176","3.2719998359680176","54508","54508","54508","3.244999885559082","3.244999885559082","3.244999885559082","29382","29382","29382","3.295999526977539","3.295999526977539","3.295999526977539"
"1201","29575","29575","29575","3.3330001831054688","3.3330001831054688","3.3330001831054688","54510","54510","54510","3.304999828338623","3.304999828338623","3.304999828338623","29384","29384","29384","3.3530001640319824","3.3530001640319824","3.3530001640319824"
"1202","29577","29577","29577","3.321000099182129","3.321000099182129","3.321000099182129","54512","54512","54512","3.3350000381469727","3.3350000381469727","3.3350000381469727","29386","29386","29386","3.3590002059936523","3.3590002059936523","3.3590002059936523"
"1203","29579","29579","29579","3.1519994735717773","3.1519994735717773","3.1519994735717773","54514","54514","54514","1.2619998455047607","1.2619998455047607","1.2619998455047607","29388","29388","29388","3.3340001106262207","3.3340001106262207","3.3340001106262207"
"1204","29581","29581","29581","3.3979997634887695","3.3979997634887695","3.3979997634887695","54516","54516","54516","3.357999801635742","3.357999801635742","3.357999801635742","29390","29390","29390","3.4010000228881836","3.4010000228881836","3.4010000228881836"
"1205","29583","29583","29583","3.4049997329711914","3.4049997329711914","3.4049997329711914","54518","54518","54518","3.3859996795654297","3.3859996795654297","3.3859996795654297","29392","29392","29392","3.382999897003174","3.382999897003174","3.382999897003174"
"1206","29743","29743","29743","1.0119998455047607","1.0119998455047607","1.0119998455047607","54835","54835","54835","1.0120000839233398","1.0120000839233398","1.0120000839233398","29549","29549","29549","1.0120000839233398","1.0120000839233398","1.0120000839233398"
"1207","29745","29745","29745","3.13700008392334","3.13700008392334","3.13700008392334","54837","54837","54837","0.9919998645782471","0.9919998645782471","0.9919998645782471","29551","29551","29551","3.0940003395080566","3.0940003395080566","3.0940003395080566"
"1208","29747","29747","29747","3.082000255584717","3.082000255584717","3.082000255584717","54839","54839","54839","3.0759999752044678","3.0759999752044678","3.0759999752044678","29553","29553","29553","3.1600003242492676","3.1600003242492676","3.1600003242492676"
"1209","29749","29749","29749","3.2809996604919434","3.2809996604919434","3.2809996604919434","54841","54841","54841","3.2819995880126953","3.2819995880126953","3.2819995880126953","29555","29555","29555","3.3159995079040527","3.3159995079040527","3.3159995079040527"
"1210","29751","29751","29751","3.327000141143799","3.327000141143799","3.327000141143799","54843","54843","54843","3.3429999351501465","3.3429999351501465","3.3429999351501465","29557","29557","29557","3.3470001220703125","3.3470001220703125","3.3470001220703125"
"1211","29753","29753","29753","3.3470001220703125","3.3470001220703125","3.3470001220703125","54845","54845","54845","3.3319997787475586","3.3319997787475586","3.3319997787475586","29559","29559","29559","3.3530001640319824","3.3530001640319824","3.3530001640319824"
"1212","29755","29755","29755","3.2869997024536133","3.2869997024536133","3.2869997024536133","54847","54847","54847","1.2619998455047607","1.2619998455047607","1.2619998455047607","29561","29561","29561","3.322999954223633","3.322999954223633","3.322999954223633"
"1213","29757","29757","29757","3.371999740600586","3.371999740600586","3.371999740600586","54849","54849","54849","3.2319998741149902","3.2319998741149902","3.2319998741149902","29563","29563","29563","3.382999897003174","3.382999897003174","3.382999897003174"
"1214","29759","29759","29759","3.3849997520446777","3.3849997520446777","3.3849997520446777","54851","54851","54851","3.383999824523926","3.383999824523926","3.383999824523926","29565","29565","29565","3.388000011444092","3.388000011444092","3.388000011444092"
"1215","29924","29924","29924","1.0119999647140503","1.0119999647140503","1.0119999647140503","55167","55167","55167","1.0120002031326294","1.0120002031326294","1.0120002031326294","29726","29726","29726","1.0120000839233398","1.0120000839233398","1.0120000839233398"
"1216","29926","29926","29926","3.0239999294281006","3.0239999294281006","3.0239999294281006","55169","55169","55169","3.132999897003174","3.132999897003174","3.132999897003174","29728","29728","29728","3.05400013923645","3.05400013923645","3.05400013923645"
"1217","29928","29928","29928","3.147000312805176","3.147000312805176","3.147000312805176","55171","55171","55171","3.082000255584717","3.082000255584717","3.082000255584717","29730","29730","29730","3.0850000381469727","3.0850000381469727","3.0850000381469727"
"1218","29930","29930","29930","3.283999443054199","3.283999443054199","3.283999443054199","55173","55173","55173","1.2619998455047607","1.2619998455047607","1.2619998455047607","29732","29732","29732","3.318999767303467","3.318999767303467","3.318999767303467"
"1219","29932","29932","29932","3.3339996337890625","3.3339996337890625","3.3339996337890625","55175","55175","55175","3.3509998321533203","3.3509998321533203","3.3509998321533203","29734","29734","29734","3.3470001220703125","3.3470001220703125","3.3470001220703125"
"1220","29934","29934","29934","3.332000255584717","3.332000255584717","3.332000255584717","55177","55177","55177","3.363999843597412","3.363999843597412","3.363999843597412","29736","29736","29736","3.3499999046325684","3.3499999046325684","3.3499999046325684"
"1221","29936","29936","29936","3.2829999923706055","3.2829999923706055","3.2829999923706055","55179","55179","55179","3.0260000228881836","3.0260000228881836","3.0260000228881836","29738","29738","29738","3.3289999961853027","3.3289999961853027","3.3289999961853027"
"1222","29938","29938","29938","3.4010000228881836","3.4010000228881836","3.4010000228881836","55181","55181","55181","3.3499999046325684","3.3499999046325684","3.3499999046325684","29740","29740","29740","3.3859996795654297","3.3859996795654297","3.3859996795654297"
"1223","29940","29940","29940","3.4099998474121094","3.4099998474121094","3.4099998474121094","55183","55183","55183","3.317999839782715","3.317999839782715","3.317999839782715","29742","29742","29742","3.3869996070861816","3.3869996070861816","3.3869996070861816"
"1224","30106","30106","30106","1.0120000839233398","1.0120000839233398","1.0120000839233398","55500","55500","55500","1.0120000839233398","1.0120000839233398","1.0120000839233398","29902","29902","29902","2.9149999618530273","2.9149999618530273","2.9149999618530273"
"1225","30108","30108","30108","3.074000120162964","3.074000120162964","3.074000120162964","55502","55502","55502","3.05400013923645","3.05400013923645","3.05400013923645","29904","29904","29904","3.1409997940063477","3.1409997940063477","3.1409997940063477"
"1226","30110","30110","30110","3.1349997520446777","3.1349997520446777","3.1349997520446777","55504","55504","55504","3.0759999752044678","3.0759999752044678","3.0759999752044678","29906","29906","29906","3.1389999389648438","3.1389999389648438","3.1389999389648438"
"1227","30112","30112","30112","3.252999782562256","3.252999782562256","3.252999782562256","55506","55506","55506","1.2619999647140503","1.2619999647140503","1.2619999647140503","29908","29908","29908","3.296999454498291","3.296999454498291","3.296999454498291"
"1228","30114","30114","30114","3.352999687194824","3.352999687194824","3.352999687194824","55508","55508","55508","3.250999927520752","3.250999927520752","3.250999927520752","29910","29910","29910","3.3330001831054688","3.3330001831054688","3.3330001831054688"
"1229","30116","30116","30116","3.3429999351501465","3.3429999351501465","3.3429999351501465","55510","55510","55510","3.3390002250671387","3.3390002250671387","3.3390002250671387","29912","29912","29912","3.3420000076293945","3.3420000076293945","3.3420000076293945"
"1230","30118","30118","30118","3.2809996604919434","3.2809996604919434","3.2809996604919434","55512","55512","55512","3.046999931335449","3.046999931335449","3.046999931335449","29914","29914","29914","3.312000274658203","3.312000274658203","3.312000274658203"
"1231","30120","30120","30120","3.359999656677246","3.359999656677246","3.359999656677246","55514","55514","55514","3.2150001525878906","3.2150001525878906","3.2150001525878906","29916","29916","29916","3.3849997520446777","3.3849997520446777","3.3849997520446777"
"1232","30122","30122","30122","3.4049997329711914","3.4049997329711914","3.4049997329711914","55516","55516","55516","3.3849997520446777","3.3849997520446777","3.3849997520446777","29918","29918","29918","3.4049997329711914","3.4049997329711914","3.4049997329711914"
"1233","30285","30285","30285","3.0900001525878906","3.0900001525878906","3.0900001525878906","55832","55832","55832","1.0119999647140503","1.0119999647140503","1.0119999647140503","30078","30078","30078","2.8540000915527344","2.8540000915527344","2.8540000915527344"
"1234","30287","30287","30287","3.1519999504089355","3.1519999504089355","3.1519999504089355","55834","55834","55834","3.0989999771118164","3.0989999771118164","3.0989999771118164","30080","30080","30080","3.055000066757202","3.055000066757202","3.055000066757202"
"1235","30289","30289","30289","3.1510000228881836","3.1510000228881836","3.1510000228881836","55836","55836","55836","3.1630001068115234","3.1630001068115234","3.1630001068115234","30082","30082","30082","3.1140003204345703","3.1140003204345703","3.1140003204345703"
"1236","30291","30291","30291","3.2639999389648438","3.2639999389648438","3.2639999389648438","55838","55838","55838","1.2619998455047607","1.2619998455047607","1.2619998455047607","30084","30084","30084","3.3349995613098145","3.3349995613098145","3.3349995613098145"
"1237","30293","30293","30293","3.327000141143799","3.327000141143799","3.327000141143799","55840","55840","55840","3.2100000381469727","3.2100000381469727","3.2100000381469727","30086","30086","30086","3.3449997901916504","3.3449997901916504","3.3449997901916504"
"1238","30295","30295","30295","3.3460001945495605","3.3460001945495605","3.3460001945495605","55842","55842","55842","3.3299999237060547","3.3299999237060547","3.3299999237060547","30088","30088","30088","3.316999912261963","3.316999912261963","3.316999912261963"
"1239","30297","30297","30297","3.308999538421631","3.308999538421631","3.308999538421631","55844","55844","55844","1.2619998455047607","1.2619998455047607","1.2619998455047607","30090","30090","30090","3.3330001831054688","3.3330001831054688","3.3330001831054688"
"1240","30299","30299","30299","3.366000175476074","3.366000175476074","3.366000175476074","55846","55846","55846","3.2080001831054688","3.2080001831054688","3.2080001831054688","30092","30092","30092","3.3849997520446777","3.3849997520446777","3.3849997520446777"
"1241","30301","30301","30301","3.316999912261963","3.316999912261963","3.316999912261963","55848","55848","55848","3.383999824523926","3.383999824523926","3.383999824523926","30094","30094","30094","3.4049997329711914","3.4049997329711914","3.4049997329711914"
"1242","30460","30460","30460","2.925999641418457","2.925999641418457","2.925999641418457","56164","56164","56164","1.0120000839233398","1.0120000839233398","1.0120000839233398","30255","30255","30255","2.9099998474121094","2.9099998474121094","2.9099998474121094"
"1243","30462","30462","30462","3.117000102996826","3.117000102996826","3.117000102996826","56166","56166","56166","3.0390000343322754","3.0390000343322754","3.0390000343322754","30257","30257","30257","3.0799999237060547","3.0799999237060547","3.0799999237060547"
"1244","30464","30464","30464","3.0950002670288086","3.0950002670288086","3.0950002670288086","56168","56168","56168","0.9919997453689575","0.9919997453689575","0.9919997453689575","30259","30259","30259","3.125","3.125","3.125"
"1245","30466","30466","30466","3.2549996376037598","3.2549996376037598","3.2549996376037598","56170","56170","56170","3.238999843597412","3.238999843597412","3.238999843597412","30261","30261","30261","3.3329997062683105","3.3329997062683105","3.3329997062683105"
"1246","30468","30468","30468","3.3350000381469727","3.3350000381469727","3.3350000381469727","56172","56172","56172","3.2750000953674316","3.2750000953674316","3.2750000953674316","30263","30263","30263","3.3559999465942383","3.3559999465942383","3.3559999465942383"
"1247","30470","30470","30470","3.357999801635742","3.357999801635742","3.357999801635742","56174","56174","56174","3.319000244140625","3.319000244140625","3.319000244140625","30265","30265","30265","3.3480000495910645","3.3480000495910645","3.3480000495910645"
"1248","30472","30472","30472","3.2829999923706055","3.2829999923706055","3.2829999923706055","56176","56176","56176","3.2639999389648438","3.2639999389648438","3.2639999389648438","30267","30267","30267","3.3480000495910645","3.3480000495910645","3.3480000495910645"
"1249","30474","30474","30474","3.2119998931884766","3.2119998931884766","3.2119998931884766","56178","56178","56178","3.359999656677246","3.359999656677246","3.359999656677246","30269","30269","30269","3.381999969482422","3.381999969482422","3.381999969482422"
"1250","30476","30476","30476","3.4029998779296875","3.4029998779296875","3.4029998779296875","56180","56180","56180","3.383999824523926","3.383999824523926","3.383999824523926","30271","30271","30271","3.3859996795654297","3.3859996795654297","3.3859996795654297"
"1251","30640","30640","30640","2.9079999923706055","2.9079999923706055","2.9079999923706055","56497","56497","56497","1.0120000839233398","1.0120000839233398","1.0120000839233398","30431","30431","30431","3.0320000648498535","3.0320000648498535","3.0320000648498535"
"1252","30642","30642","30642","3.0399999618530273","3.0399999618530273","3.0399999618530273","56499","56499","56499","3.05400013923645","3.05400013923645","3.05400013923645","30433","30433","30433","3.1539998054504395","3.1539998054504395","3.1539998054504395"
"1253","30644","30644","30644","0.9919998645782471","0.9919998645782471","0.9919998645782471","56501","56501","56501","0.9919997453689575","0.9919997453689575","0.9919997453689575","30435","30435","30435","3.1359996795654297","3.1359996795654297","3.1359996795654297"
"1254","30646","30646","30646","3.24399995803833","3.24399995803833","3.24399995803833","56503","56503","56503","3.2549996376037598","3.2549996376037598","3.2549996376037598","30437","30437","30437","3.3329997062683105","3.3329997062683105","3.3329997062683105"
"1255","30648","30648","30648","3.3319997787475586","3.3319997787475586","3.3319997787475586","56505","56505","56505","3.190000057220459","3.190000057220459","3.190000057220459","30439","30439","30439","3.3350000381469727","3.3350000381469727","3.3350000381469727"
"1256","30650","30650","30650","3.3499999046325684","3.3499999046325684","3.3499999046325684","56507","56507","56507","3.3319997787475586","3.3319997787475586","3.3319997787475586","30441","30441","30441","3.326000213623047","3.326000213623047","3.326000213623047"
"1257","30652","30652","30652","3.2879996299743652","3.2879996299743652","3.2879996299743652","56509","56509","56509","3.2869997024536133","3.2869997024536133","3.2869997024536133","30443","30443","30443","3.310999870300293","3.310999870300293","3.310999870300293"
"1258","30654","30654","30654","3.367000102996826","3.367000102996826","3.367000102996826","56511","56511","56511","3.2109999656677246","3.2109999656677246","3.2109999656677246","30445","30445","30445","3.381999969482422","3.381999969482422","3.381999969482422"
"1259","30656","30656","30656","3.3930001258850098","3.3930001258850098","3.3930001258850098","56513","56513","56513","3.3869996070861816","3.3869996070861816","3.3869996070861816","30447","30447","30447","3.328000068664551","3.328000068664551","3.328000068664551"
"1260","30820","30820","30820","2.9019999504089355","2.9019999504089355","2.9019999504089355","56829","56829","56829","1.0120000839233398","1.0120000839233398","1.0120000839233398","30608","30608","30608","3.047999858856201","3.047999858856201","3.047999858856201"
"1261","30822","30822","30822","3.0320000648498535","3.0320000648498535","3.0320000648498535","56831","56831","56831","0.9919998645782471","0.9919998645782471","0.9919998645782471","30610","30610","30610","3.13700008392334","3.13700008392334","3.13700008392334"
"1262","30824","30824","30824","3.0900001525878906","3.0900001525878906","3.0900001525878906","56833","56833","56833","3.11299991607666","3.11299991607666","3.11299991607666","30612","30612","30612","3.1589999198913574","3.1589999198913574","3.1589999198913574"
"1263","30826","30826","30826","3.24399995803833","3.24399995803833","3.24399995803833","56835","56835","56835","3.242000102996826","3.242000102996826","3.242000102996826","30614","30614","30614","3.318999767303467","3.318999767303467","3.318999767303467"
"1264","30828","30828","30828","3.3569998741149902","3.3569998741149902","3.3569998741149902","56837","56837","56837","3.297999858856201","3.297999858856201","3.297999858856201","30616","30616","30616","3.3470001220703125","3.3470001220703125","3.3470001220703125"
"1265","30830","30830","30830","3.3350000381469727","3.3350000381469727","3.3350000381469727","56839","56839","56839","3.3439998626708984","3.3439998626708984","3.3439998626708984","30618","30618","30618","3.3309998512268066","3.3309998512268066","3.3309998512268066"
"1266","30832","30832","30832","3.256999969482422","3.256999969482422","3.256999969482422","56841","56841","56841","1.2619999647140503","1.2619999647140503","1.2619999647140503","30620","30620","30620","3.3390002250671387","3.3390002250671387","3.3390002250671387"
"1267","30834","30834","30834","3.2150001525878906","3.2150001525878906","3.2150001525878906","56843","56843","56843","3.2170000076293945","3.2170000076293945","3.2170000076293945","30622","30622","30622","3.3879995346069336","3.3879995346069336","3.3879995346069336"
"1268","30836","30836","30836","3.321000099182129","3.321000099182129","3.321000099182129","56845","56845","56845","3.307000160217285","3.307000160217285","3.307000160217285","30624","30624","30624","3.3849997520446777","3.3849997520446777","3.3849997520446777"
"1269","31000","31000","31000","3.01200008392334","3.01200008392334","3.01200008392334","57161","57161","57161","1.0120000839233398","1.0120000839233398","1.0120000839233398","30786","30786","30786","3.047999858856201","3.047999858856201","3.047999858856201"
"1270","31002","31002","31002","3.1579999923706055","3.1579999923706055","3.1579999923706055","57163","57163","57163","3.1190004348754883","3.1190004348754883","3.1190004348754883","30788","30788","30788","3.1510000228881836","3.1510000228881836","3.1510000228881836"
"1271","31004","31004","31004","3.1579999923706055","3.1579999923706055","3.1579999923706055","57165","57165","57165","3.082000255584717","3.082000255584717","3.082000255584717","30790","30790","30790","3.1409997940063477","3.1409997940063477","3.1409997940063477"
"1272","31006","31006","31006","3.239999771118164","3.239999771118164","3.239999771118164","57167","57167","57167","3.2799997329711914","3.2799997329711914","3.2799997329711914","30792","30792","30792","3.294999599456787","3.294999599456787","3.294999599456787"
"1273","31008","31008","31008","3.257999897003174","3.257999897003174","3.257999897003174","57169","57169","57169","3.25600004196167","3.25600004196167","3.25600004196167","30794","30794","30794","3.328000068664551","3.328000068664551","3.328000068664551"
"1274","31010","31010","31010","3.3600001335144043","3.3600001335144043","3.3600001335144043","57171","57171","57171","3.319000244140625","3.319000244140625","3.319000244140625","30796","30796","30796","3.3330001831054688","3.3330001831054688","3.3330001831054688"
"1275","31012","31012","31012","3.295999526977539","3.295999526977539","3.295999526977539","57173","57173","57173","3.2639999389648438","3.2639999389648438","3.2639999389648438","30798","30798","30798","3.3289999961853027","3.3289999961853027","3.3289999961853027"
"1276","31014","31014","31014","3.2270002365112305","3.2270002365112305","3.2270002365112305","57175","57175","57175","3.3319997787475586","3.3319997787475586","3.3319997787475586","30800","30800","30800","3.380000114440918","3.380000114440918","3.380000114440918"
"1277","31016","31016","31016","1.2420001029968262","1.2420001029968262","1.2420001029968262","57177","57177","57177","3.4039998054504395","3.4039998054504395","3.4039998054504395","30802","30802","30802","3.4049997329711914","3.4049997329711914","3.4049997329711914"
"1278","31178","31178","31178","2.9029998779296875","2.9029998779296875","2.9029998779296875","57494","57494","57494","1.0120000839233398","1.0120000839233398","1.0120000839233398","30963","30963","30963","3.0310001373291016","3.0310001373291016","3.0310001373291016"
"1279","31180","31180","31180","3.0260000228881836","3.0260000228881836","3.0260000228881836","57496","57496","57496","0.9919997453689575","0.9919997453689575","0.9919997453689575","30965","30965","30965","3.130000114440918","3.130000114440918","3.130000114440918"
"1280","31182","31182","31182","3.151000499725342","3.151000499725342","3.151000499725342","57498","57498","57498","3.0950002670288086","3.0950002670288086","3.0950002670288086","30967","30967","30967","3.1589999198913574","3.1589999198913574","3.1589999198913574"
"1281","31184","31184","31184","3.2009997367858887","3.2009997367858887","3.2009997367858887","57500","57500","57500","1.2619996070861816","1.2619996070861816","1.2619996070861816","30969","30969","30969","3.3339996337890625","3.3339996337890625","3.3339996337890625"
"1282","31186","31186","31186","3.3559999465942383","3.3559999465942383","3.3559999465942383","57502","57502","57502","3.2699999809265137","3.2699999809265137","3.2699999809265137","30971","30971","30971","3.332000255584717","3.332000255584717","3.332000255584717"
"1283","31188","31188","31188","3.3550000190734863","3.3550000190734863","3.3550000190734863","57504","57504","57504","3.357999801635742","3.357999801635742","3.357999801635742","30973","30973","30973","3.3460001945495605","3.3460001945495605","3.3460001945495605"
"1284","31190","31190","31190","2.997999906539917","2.997999906539917","2.997999906539917","57506","57506","57506","3.288999557495117","3.288999557495117","3.288999557495117","30975","30975","30975","3.332000255584717","3.332000255584717","3.332000255584717"
"1285","31192","31192","31192","3.3349995613098145","3.3349995613098145","3.3349995613098145","57508","57508","57508","3.3389997482299805","3.3389997482299805","3.3389997482299805","30977","30977","30977","3.4029998779296875","3.4029998779296875","3.4029998779296875"
"1286","31194","31194","31194","3.388000011444092","3.388000011444092","3.388000011444092","57510","57510","57510","3.3869996070861816","3.3869996070861816","3.3869996070861816","30979","30979","30979","3.3899998664855957","3.3899998664855957","3.3899998664855957"
"1287","31355","31355","31355","3.1150002479553223","3.1150002479553223","3.1150002479553223","57826","57826","57826","1.0119999647140503","1.0119999647140503","1.0119999647140503","31143","31143","31143","2.878999710083008","2.878999710083008","2.878999710083008"
"1288","31357","31357","31357","3.072999954223633","3.072999954223633","3.072999954223633","57828","57828","57828","3.0950002670288086","3.0950002670288086","3.0950002670288086","31145","31145","31145","3.111999988555908","3.111999988555908","3.111999988555908"
"1289","31359","31359","31359","3.123000144958496","3.123000144958496","3.123000144958496","57830","57830","57830","0.9919998645782471","0.9919998645782471","0.9919998645782471","31147","31147","31147","3.1570000648498535","3.1570000648498535","3.1570000648498535"
"1290","31361","31361","31361","3.2619996070861816","3.2619996070861816","3.2619996070861816","57832","57832","57832","1.2619998455047607","1.2619998455047607","1.2619998455047607","31149","31149","31149","3.313999652862549","3.313999652862549","3.313999652862549"
"1291","31363","31363","31363","3.3319997787475586","3.3319997787475586","3.3319997787475586","57834","57834","57834","3.352999687194824","3.352999687194824","3.352999687194824","31151","31151","31151","3.3369998931884766","3.3369998931884766","3.3369998931884766"
"1292","31365","31365","31365","3.3350000381469727","3.3350000381469727","3.3350000381469727","57836","57836","57836","3.3359999656677246","3.3359999656677246","3.3359999656677246","31153","31153","31153","3.3600001335144043","3.3600001335144043","3.3600001335144043"
"1293","31367","31367","31367","3.2619996070861816","3.2619996070861816","3.2619996070861816","57838","57838","57838","2.99399995803833","2.99399995803833","2.99399995803833","31155","31155","31155","3.3289999961853027","3.3289999961853027","3.3289999961853027"
"1294","31369","31369","31369","3.359999656677246","3.359999656677246","3.359999656677246","57840","57840","57840","3.3249998092651367","3.3249998092651367","3.3249998092651367","31157","31157","31157","3.4079999923706055","3.4079999923706055","3.4079999923706055"
"1295","31371","31371","31371","3.3889999389648438","3.3889999389648438","3.3889999389648438","57842","57842","57842","3.4049997329711914","3.4049997329711914","3.4049997329711914","31159","31159","31159","3.386000156402588","3.386000156402588","3.386000156402588"
"1296","31537","31537","31537","3.1090002059936523","3.1090002059936523","3.1090002059936523","58158","58158","58158","1.0119999647140503","1.0119999647140503","1.0119999647140503","31320","31320","31320","1.0120000839233398","1.0120000839233398","1.0120000839233398"
"1297","31539","31539","31539","3.138000011444092","3.138000011444092","3.138000011444092","58160","58160","58160","3.0230000019073486","3.0230000019073486","3.0230000019073486","31322","31322","31322","3.0530002117156982","3.0530002117156982","3.0530002117156982"
"1298","31541","31541","31541","0.9919998645782471","0.9919998645782471","0.9919998645782471","58162","58162","58162","3.0420000553131104","3.0420000553131104","3.0420000553131104","31324","31324","31324","3.1059999465942383","3.1059999465942383","3.1059999465942383"
"1299","31543","31543","31543","3.24299955368042","3.24299955368042","3.24299955368042","58164","58164","58164","1.2619998455047607","1.2619998455047607","1.2619998455047607","31326","31326","31326","3.302999973297119","3.302999973297119","3.302999973297119"
"1300","31545","31545","31545","3.3350000381469727","3.3350000381469727","3.3350000381469727","58166","58166","58166","3.3359999656677246","3.3359999656677246","3.3359999656677246","31328","31328","31328","3.3449997901916504","3.3449997901916504","3.3449997901916504"
"1301","31547","31547","31547","3.357999801635742","3.357999801635742","3.357999801635742","58168","58168","58168","3.3520002365112305","3.3520002365112305","3.3520002365112305","31330","31330","31330","3.3359999656677246","3.3359999656677246","3.3359999656677246"
"1302","31549","31549","31549","3.332000255584717","3.332000255584717","3.332000255584717","58170","58170","58170","1.2620000839233398","1.2620000839233398","1.2620000839233398","31332","31332","31332","3.3289999961853027","3.3289999961853027","3.3289999961853027"
"1303","31551","31551","31551","3.354999542236328","3.354999542236328","3.354999542236328","58172","58172","58172","3.3869996070861816","3.3869996070861816","3.3869996070861816","31334","31334","31334","3.382999897003174","3.382999897003174","3.382999897003174"
"1304","31553","31553","31553","3.388000011444092","3.388000011444092","3.388000011444092","58174","58174","58174","3.4019999504089355","3.4019999504089355","3.4019999504089355","31336","31336","31336","1.241999864578247","1.241999864578247","1.241999864578247"
"1305","31715","31715","31715","3.0180001258850098","3.0180001258850098","3.0180001258850098","58491","58491","58491","1.0119999647140503","1.0119999647140503","1.0119999647140503","31493","31493","31493","2.9159998893737793","2.9159998893737793","2.9159998893737793"
"1306","31717","31717","31717","3.118000030517578","3.118000030517578","3.118000030517578","58493","58493","58493","3.065999984741211","3.065999984741211","3.065999984741211","31495","31495","31495","3.11299991607666","3.11299991607666","3.11299991607666"
"1307","31719","31719","31719","3.13100004196167","3.13100004196167","3.13100004196167","58495","58495","58495","0.9919999837875366","0.9919999837875366","0.9919999837875366","31497","31497","31497","3.1100001335144043","3.1100001335144043","3.1100001335144043"
"1308","31721","31721","31721","3.2639999389648438","3.2639999389648438","3.2639999389648438","58497","58497","58497","3.2719998359680176","3.2719998359680176","3.2719998359680176","31499","31499","31499","3.3409996032714844","3.3409996032714844","3.3409996032714844"
"1309","31723","31723","31723","3.257999897003174","3.257999897003174","3.257999897003174","58499","58499","58499","3.2150001525878906","3.2150001525878906","3.2150001525878906","31501","31501","31501","3.361999988555908","3.361999988555908","3.361999988555908"
"1310","31725","31725","31725","3.357999801635742","3.357999801635742","3.357999801635742","58501","58501","58501","3.3330001831054688","3.3330001831054688","3.3330001831054688","31503","31503","31503","3.3309998512268066","3.3309998512268066","3.3309998512268066"
"1311","31727","31727","31727","3.0429999828338623","3.0429999828338623","3.0429999828338623","58503","58503","58503","3.2809996604919434","3.2809996604919434","3.2809996604919434","31505","31505","31505","3.326000213623047","3.326000213623047","3.326000213623047"
"1312","31729","31729","31729","3.263000011444092","3.263000011444092","3.263000011444092","58505","58505","58505","3.3279995918273926","3.3279995918273926","3.3279995918273926","31507","31507","31507","3.38700008392334","3.38700008392334","3.38700008392334"
"1313","31731","31731","31731","3.3899998664855957","3.3899998664855957","3.3899998664855957","58507","58507","58507","3.38100004196167","3.38100004196167","3.38100004196167","31509","31509","31509","3.3889999389648438","3.3889999389648438","3.3889999389648438"
"1314","31897","31897","31897","3.1020002365112305","3.1020002365112305","3.1020002365112305","58823","58823","58823","1.0120000839233398","1.0120000839233398","1.0120000839233398","31668","31668","31668","2.9000000953674316","2.9000000953674316","2.9000000953674316"
"1315","31899","31899","31899","3.145000457763672","3.145000457763672","3.145000457763672","58825","58825","58825","3.0840001106262207","3.0840001106262207","3.0840001106262207","31670","31670","31670","3.055000066757202","3.055000066757202","3.055000066757202"
"1316","31901","31901","31901","3.131999969482422","3.131999969482422","3.131999969482422","58827","58827","58827","3.133999824523926","3.133999824523926","3.133999824523926","31672","31672","31672","3.1479997634887695","3.1479997634887695","3.1479997634887695"
"1317","31903","31903","31903","3.2619996070861816","3.2619996070861816","3.2619996070861816","58829","58829","58829","3.249000072479248","3.249000072479248","3.249000072479248","31674","31674","31674","3.295999526977539","3.295999526977539","3.295999526977539"
"1318","31905","31905","31905","3.25600004196167","3.25600004196167","3.25600004196167","58831","58831","58831","3.3340001106262207","3.3340001106262207","3.3340001106262207","31676","31676","31676","3.3499999046325684","3.3499999046325684","3.3499999046325684"
"1319","31907","31907","31907","3.358999729156494","3.358999729156494","3.358999729156494","58833","58833","58833","3.3469996452331543","3.3469996452331543","3.3469996452331543","31678","31678","31678","3.358999729156494","3.358999729156494","3.358999729156494"
"1320","31909","31909","31909","3.2819995880126953","3.2819995880126953","3.2819995880126953","58835","58835","58835","3.237999439239502","3.237999439239502","3.237999439239502","31680","31680","31680","3.3340001106262207","3.3340001106262207","3.3340001106262207"
"1321","31911","31911","31911","3.358999729156494","3.358999729156494","3.358999729156494","58837","58837","58837","3.359999656677246","3.359999656677246","3.359999656677246","31682","31682","31682","3.374000072479248","3.374000072479248","3.374000072479248"
"1322","31913","31913","31913","3.318999767303467","3.318999767303467","3.318999767303467","58839","58839","58839","3.383999824523926","3.383999824523926","3.383999824523926","31684","31684","31684","3.361999988555908","3.361999988555908","3.361999988555908"
"1323","32072","32072","32072","3.1040000915527344","3.1040000915527344","3.1040000915527344","59156","59156","59156","1.0120000839233398","1.0120000839233398","1.0120000839233398","31845","31845","31845","1.0120000839233398","1.0120000839233398","1.0120000839233398"
"1324","32074","32074","32074","3.13100004196167","3.13100004196167","3.13100004196167","59158","59158","59158","3.115999698638916","3.115999698638916","3.115999698638916","31847","31847","31847","3.132999897003174","3.132999897003174","3.132999897003174"
"1325","32076","32076","32076","3.108999729156494","3.108999729156494","3.108999729156494","59160","59160","59160","0.9919998645782471","0.9919998645782471","0.9919998645782471","31849","31849","31849","3.0970001220703125","3.0970001220703125","3.0970001220703125"
"1326","32078","32078","32078","3.2739996910095215","3.2739996910095215","3.2739996910095215","59162","59162","59162","3.2659997940063477","3.2659997940063477","3.2659997940063477","31851","31851","31851","3.3339996337890625","3.3339996337890625","3.3339996337890625"
"1327","32080","32080","32080","3.1690001487731934","3.1690001487731934","3.1690001487731934","59164","59164","59164","3.2769999504089355","3.2769999504089355","3.2769999504089355","31853","31853","31853","3.3439998626708984","3.3439998626708984","3.3439998626708984"
"1328","32082","32082","32082","3.3429999351501465","3.3429999351501465","3.3429999351501465","59166","59166","59166","3.3470001220703125","3.3470001220703125","3.3470001220703125","31855","31855","31855","3.314000129699707","3.314000129699707","3.314000129699707"
"1329","32084","32084","32084","3.2829999923706055","3.2829999923706055","3.2829999923706055","59168","59168","59168","3.258999824523926","3.258999824523926","3.258999824523926","31857","31857","31857","3.306999683380127","3.306999683380127","3.306999683380127"
"1330","32086","32086","32086","3.3489999771118164","3.3489999771118164","3.3489999771118164","59170","59170","59170","3.354999542236328","3.354999542236328","3.354999542236328","31859","31859","31859","3.3849997520446777","3.3849997520446777","3.3849997520446777"
"1331","32088","32088","32088","3.383999824523926","3.383999824523926","3.383999824523926","59172","59172","59172","1.241999864578247","1.241999864578247","1.241999864578247","31861","31861","31861","3.3899998664855957","3.3899998664855957","3.3899998664855957"
"1332","32250","32250","32250","2.8420000076293945","2.8420000076293945","2.8420000076293945","59488","59488","59488","1.0120002031326294","1.0120002031326294","1.0120002031326294","32018","32018","32018","2.939000129699707","2.939000129699707","2.939000129699707"
"1333","32252","32252","32252","3.0320000648498535","3.0320000648498535","3.0320000648498535","59490","59490","59490","3.13800048828125","3.13800048828125","3.13800048828125","32020","32020","32020","3.1539998054504395","3.1539998054504395","3.1539998054504395"
"1334","32254","32254","32254","0.9919998645782471","0.9919998645782471","0.9919998645782471","59492","59492","59492","3.142000198364258","3.142000198364258","3.142000198364258","32022","32022","32022","3.123000144958496","3.123000144958496","3.123000144958496"
"1335","32256","32256","32256","3.3269996643066406","3.3269996643066406","3.3269996643066406","59494","59494","59494","3.2639999389648438","3.2639999389648438","3.2639999389648438","32024","32024","32024","3.3159995079040527","3.3159995079040527","3.3159995079040527"
"1336","32258","32258","32258","3.3489999771118164","3.3489999771118164","3.3489999771118164","59496","59496","59496","3.2179999351501465","3.2179999351501465","3.2179999351501465","32026","32026","32026","3.3289999961853027","3.3289999961853027","3.3289999961853027"
"1337","32260","32260","32260","3.332000255584717","3.332000255584717","3.332000255584717","59498","59498","59498","3.314000129699707","3.314000129699707","3.314000129699707","32028","32028","32028","3.3530001640319824","3.3530001640319824","3.3530001640319824"
"1338","32262","32262","32262","3.330000400543213","3.330000400543213","3.330000400543213","59500","59500","59500","3.2639999389648438","3.2639999389648438","3.2639999389648438","32030","32030","32030","3.3330001831054688","3.3330001831054688","3.3330001831054688"
"1339","32264","32264","32264","3.360999584197998","3.360999584197998","3.360999584197998","59502","59502","59502","3.2270002365112305","3.2270002365112305","3.2270002365112305","32032","32032","32032","3.3849997520446777","3.3849997520446777","3.3849997520446777"
"1340","32266","32266","32266","3.3889999389648438","3.3889999389648438","3.3889999389648438","59504","59504","59504","3.3859996795654297","3.3859996795654297","3.3859996795654297","32034","32034","32034","3.3889999389648438","3.3889999389648438","3.3889999389648438"
"1341","32430","32430","32430","2.883999824523926","2.883999824523926","2.883999824523926","59820","59820","59820","1.0120000839233398","1.0120000839233398","1.0120000839233398","32195","32195","32195","2.9010000228881836","2.9010000228881836","2.9010000228881836"
"1342","32432","32432","32432","3.0269999504089355","3.0269999504089355","3.0269999504089355","59822","59822","59822","3.127000331878662","3.127000331878662","3.127000331878662","32197","32197","32197","3.1449999809265137","3.1449999809265137","3.1449999809265137"
"1343","32434","32434","32434","3.0490000247955322","3.0490000247955322","3.0490000247955322","59824","59824","59824","0.9919997453689575","0.9919997453689575","0.9919997453689575","32199","32199","32199","3.1579999923706055","3.1579999923706055","3.1579999923706055"
"1344","32436","32436","32436","3.3169994354248047","3.3169994354248047","3.3169994354248047","59826","59826","59826","3.257999897003174","3.257999897003174","3.257999897003174","32201","32201","32201","3.3219995498657227","3.3219995498657227","3.3219995498657227"
"1345","32438","32438","32438","3.2599997520446777","3.2599997520446777","3.2599997520446777","59828","59828","59828","3.1690001487731934","3.1690001487731934","3.1690001487731934","32203","32203","32203","3.3499999046325684","3.3499999046325684","3.3499999046325684"
"1346","32440","32440","32440","3.3489999771118164","3.3489999771118164","3.3489999771118164","59830","59830","59830","3.3340001106262207","3.3340001106262207","3.3340001106262207","32205","32205","32205","3.361999988555908","3.361999988555908","3.361999988555908"
"1347","32442","32442","32442","3.315999984741211","3.315999984741211","3.315999984741211","59832","59832","59832","1.2619998455047607","1.2619998455047607","1.2619998455047607","32207","32207","32207","3.306000232696533","3.306000232696533","3.306000232696533"
"1348","32444","32444","32444","3.3409996032714844","3.3409996032714844","3.3409996032714844","59834","59834","59834","3.322999954223633","3.322999954223633","3.322999954223633","32209","32209","32209","3.375","3.375","3.375"
"1349","32446","32446","32446","3.4089999198913574","3.4089999198913574","3.4089999198913574","59836","59836","59836","3.319000244140625","3.319000244140625","3.319000244140625","32211","32211","32211","3.3889999389648438","3.3889999389648438","3.3889999389648438"
"1350","32606","32606","32606","3.0859999656677246","3.0859999656677246","3.0859999656677246","60153","60153","60153","1.0120000839233398","1.0120000839233398","1.0120000839233398","32373","32373","32373","2.9079999923706055","2.9079999923706055","2.9079999923706055"
"1351","32608","32608","32608","3.1389999389648438","3.1389999389648438","3.1389999389648438","60155","60155","60155","3.0900001525878906","3.0900001525878906","3.0900001525878906","32375","32375","32375","3.0300002098083496","3.0300002098083496","3.0300002098083496"
"1352","32610","32610","32610","3.142000198364258","3.142000198364258","3.142000198364258","60157","60157","60157","0.991999626159668","0.991999626159668","0.991999626159668","32377","32377","32377","3.1489996910095215","3.1489996910095215","3.1489996910095215"
"1353","32612","32612","32612","3.2669997215270996","3.2669997215270996","3.2669997215270996","60159","60159","60159","3.127999782562256","3.127999782562256","3.127999782562256","32379","32379","32379","3.3169994354248047","3.3169994354248047","3.3169994354248047"
"1354","32614","32614","32614","3.326000213623047","3.326000213623047","3.326000213623047","60161","60161","60161","3.2109999656677246","3.2109999656677246","3.2109999656677246","32381","32381","32381","3.3369998931884766","3.3369998931884766","3.3369998931884766"
"1355","32616","32616","32616","3.3480000495910645","3.3480000495910645","3.3480000495910645","60163","60163","60163","3.3350000381469727","3.3350000381469727","3.3350000381469727","32383","32383","32383","3.321000099182129","3.321000099182129","3.321000099182129"
"1356","32618","32618","32618","3.2880001068115234","3.2880001068115234","3.2880001068115234","60165","60165","60165","1.2619999647140503","1.2619999647140503","1.2619999647140503","32385","32385","32385","3.309000015258789","3.309000015258789","3.309000015258789"
"1357","32620","32620","32620","3.2160000801086426","3.2160000801086426","3.2160000801086426","60167","60167","60167","3.3899998664855957","3.3899998664855957","3.3899998664855957","32387","32387","32387","3.3979997634887695","3.3979997634887695","3.3979997634887695"
"1358","32622","32622","32622","3.4029998779296875","3.4029998779296875","3.4029998779296875","60169","60169","60169","3.3899998664855957","3.3899998664855957","3.3899998664855957","32389","32389","32389","3.3889999389648438","3.3889999389648438","3.3889999389648438"
"1359","32783","32783","32783","3.1050000190734863","3.1050000190734863","3.1050000190734863","60485","60485","60485","1.0120002031326294","1.0120002031326294","1.0120002031326294","32546","32546","32546","1.0119998455047607","1.0119998455047607","1.0119998455047607"
"1360","32785","32785","32785","3.078000068664551","3.078000068664551","3.078000068664551","60487","60487","60487","0.9919997453689575","0.9919997453689575","0.9919997453689575","32548","32548","32548","3.111999988555908","3.111999988555908","3.111999988555908"
"1361","32787","32787","32787","3.062000036239624","3.062000036239624","3.062000036239624","60489","60489","60489","3.081000328063965","3.081000328063965","3.081000328063965","32550","32550","32550","3.13100004196167","3.13100004196167","3.13100004196167"
"1362","32789","32789","32789","3.263000011444092","3.263000011444092","3.263000011444092","60491","60491","60491","3.124999523162842","3.124999523162842","3.124999523162842","32552","32552","32552","3.3239998817443848","3.3239998817443848","3.3239998817443848"
"1363","32791","32791","32791","3.3239998817443848","3.3239998817443848","3.3239998817443848","60493","60493","60493","3.2179999351501465","3.2179999351501465","3.2179999351501465","32554","32554","32554","3.3299999237060547","3.3299999237060547","3.3299999237060547"
"1364","32793","32793","32793","3.3359999656677246","3.3359999656677246","3.3359999656677246","60495","60495","60495","3.3420000076293945","3.3420000076293945","3.3420000076293945","32556","32556","32556","3.3359999656677246","3.3359999656677246","3.3359999656677246"
"1365","32795","32795","32795","3.25600004196167","3.25600004196167","3.25600004196167","60497","60497","60497","1.2619997262954712","1.2619997262954712","1.2619997262954712","32558","32558","32558","3.3460001945495605","3.3460001945495605","3.3460001945495605"
"1366","32797","32797","32797","3.3349995613098145","3.3349995613098145","3.3349995613098145","60499","60499","60499","3.2220001220703125","3.2220001220703125","3.2220001220703125","32560","32560","32560","3.2249999046325684","3.2249999046325684","3.2249999046325684"
"1367","32799","32799","32799","3.2220001220703125","3.2220001220703125","3.2220001220703125","60501","60501","60501","3.3849997520446777","3.3849997520446777","3.3849997520446777","32562","32562","32562","3.3869996070861816","3.3869996070861816","3.3869996070861816"
"1368","32962","32962","32962","3.072999954223633","3.072999954223633","3.072999954223633","60817","60817","60817","1.0120000839233398","1.0120000839233398","1.0120000839233398","32725","32725","32725","2.877999782562256","2.877999782562256","2.877999782562256"
"1369","32964","32964","32964","3.0420000553131104","3.0420000553131104","3.0420000553131104","60819","60819","60819","3.05400013923645","3.05400013923645","3.05400013923645","32727","32727","32727","3.1529998779296875","3.1529998779296875","3.1529998779296875"
"1370","32966","32966","32966","3.070000171661377","3.070000171661377","3.070000171661377","60821","60821","60821","0.991999626159668","0.991999626159668","0.991999626159668","32729","32729","32729","3.1409997940063477","3.1409997940063477","3.1409997940063477"
"1371","32968","32968","32968","3.258999824523926","3.258999824523926","3.258999824523926","60823","60823","60823","3.1429996490478516","3.1429996490478516","3.1429996490478516","32731","32731","32731","3.3409996032714844","3.3409996032714844","3.3409996032714844"
"1372","32970","32970","32970","3.1700000762939453","3.1700000762939453","3.1700000762939453","60825","60825","60825","3.25","3.25","3.25","32733","32733","32733","3.3470001220703125","3.3470001220703125","3.3470001220703125"
"1373","32972","32972","32972","3.3469996452331543","3.3469996452331543","3.3469996452331543","60827","60827","60827","3.3610000610351562","3.3610000610351562","3.3610000610351562","32735","32735","32735","3.3449997901916504","3.3449997901916504","3.3449997901916504"
"1374","32974","32974","32974","3.2569994926452637","3.2569994926452637","3.2569994926452637","60829","60829","60829","1.2619998455047607","1.2619998455047607","1.2619998455047607","32737","32737","32737","3.322999954223633","3.322999954223633","3.322999954223633"
"1375","32976","32976","32976","3.353999614715576","3.353999614715576","3.353999614715576","60831","60831","60831","3.2260003089904785","3.2260003089904785","3.2260003089904785","32739","32739","32739","3.3849997520446777","3.3849997520446777","3.3849997520446777"
"1376","32978","32978","32978","3.307000160217285","3.307000160217285","3.307000160217285","60833","60833","60833","3.322000026702881","3.322000026702881","3.322000026702881","32741","32741","32741","1.241999864578247","1.241999864578247","1.241999864578247"
"1377","33140","33140","33140","3.0850000381469727","3.0850000381469727","3.0850000381469727","61150","61150","61150","1.0119999647140503","1.0119999647140503","1.0119999647140503","32897","32897","32897","2.9060001373291016","2.9060001373291016","2.9060001373291016"
"1378","33142","33142","33142","3.1539998054504395","3.1539998054504395","3.1539998054504395","61152","61152","61152","3.1130003929138184","3.1130003929138184","3.1130003929138184","32899","32899","32899","3.0739998817443848","3.0739998817443848","3.0739998817443848"
"1379","33144","33144","33144","3.071000099182129","3.071000099182129","3.071000099182129","61154","61154","61154","3.081000328063965","3.081000328063965","3.081000328063965","32901","32901","32901","3.1110000610351562","3.1110000610351562","3.1110000610351562"
"1380","33146","33146","33146","3.2619996070861816","3.2619996070861816","3.2619996070861816","61156","61156","61156","3.24399995803833","3.24399995803833","3.24399995803833","32903","32903","32903","3.314999580383301","3.314999580383301","3.314999580383301"
"1381","33148","33148","33148","3.2059998512268066","3.2059998512268066","3.2059998512268066","61158","61158","61158","3.258999824523926","3.258999824523926","3.258999824523926","32905","32905","32905","3.3650002479553223","3.3650002479553223","3.3650002479553223"
"1382","33150","33150","33150","3.3299999237060547","3.3299999237060547","3.3299999237060547","61160","61160","61160","3.3390002250671387","3.3390002250671387","3.3390002250671387","32907","32907","32907","3.3319997787475586","3.3319997787475586","3.3319997787475586"
"1383","33152","33152","33152","3.332000255584717","3.332000255584717","3.332000255584717","61162","61162","61162","1.2619999647140503","1.2619999647140503","1.2619999647140503","32909","32909","32909","3.3289999961853027","3.3289999961853027","3.3289999961853027"
"1384","33154","33154","33154","3.3610000610351562","3.3610000610351562","3.3610000610351562","61164","61164","61164","3.2280001640319824","3.2280001640319824","3.2280001640319824","32911","32911","32911","3.364999771118164","3.364999771118164","3.364999771118164"
"1385","33156","33156","33156","3.3899998664855957","3.3899998664855957","3.3899998664855957","61166","61166","61166","3.3859996795654297","3.3859996795654297","3.3859996795654297","32913","32913","32913","3.3849997520446777","3.3849997520446777","3.3849997520446777"
"1386","33319","33319","33319","3.118000030517578","3.118000030517578","3.118000030517578","61482","61482","61482","1.0120000839233398","1.0120000839233398","1.0120000839233398","33073","33073","33073","1.0120000839233398","1.0120000839233398","1.0120000839233398"
"1387","33321","33321","33321","3.13100004196167","3.13100004196167","3.13100004196167","61484","61484","61484","3.062000036239624","3.062000036239624","3.062000036239624","33075","33075","33075","3.0850000381469727","3.0850000381469727","3.0850000381469727"
"1388","33323","33323","33323","3.1620001792907715","3.1620001792907715","3.1620001792907715","61486","61486","61486","3.130000114440918","3.130000114440918","3.130000114440918","33077","33077","33077","3.1530003547668457","3.1530003547668457","3.1530003547668457"
"1389","33325","33325","33325","3.2619996070861816","3.2619996070861816","3.2619996070861816","61488","61488","61488","3.24399995803833","3.24399995803833","3.24399995803833","33079","33079","33079","3.3199996948242188","3.3199996948242188","3.3199996948242188"
"1390","33327","33327","33327","1.241999864578247","1.241999864578247","1.241999864578247","61490","61490","61490","3.258999824523926","3.258999824523926","3.258999824523926","33081","33081","33081","3.3509998321533203","3.3509998321533203","3.3509998321533203"
"1391","33329","33329","33329","3.36299991607666","3.36299991607666","3.36299991607666","61492","61492","61492","3.3610000610351562","3.3610000610351562","3.3610000610351562","33083","33083","33083","3.3330001831054688","3.3330001831054688","3.3330001831054688"
"1392","33331","33331","33331","3.2599997520446777","3.2599997520446777","3.2599997520446777","61494","61494","61494","1.2619998455047607","1.2619998455047607","1.2619998455047607","33085","33085","33085","3.3330001831054688","3.3330001831054688","3.3330001831054688"
"1393","33333","33333","33333","3.4019999504089355","3.4019999504089355","3.4019999504089355","61496","61496","61496","3.2260003089904785","3.2260003089904785","3.2260003089904785","33087","33087","33087","3.381999969482422","3.381999969482422","3.381999969482422"
"1394","33335","33335","33335","3.3849997520446777","3.3849997520446777","3.3849997520446777","61498","61498","61498","3.3869996070861816","3.3869996070861816","3.3869996070861816","33089","33089","33089","3.386000156402588","3.386000156402588","3.386000156402588"
"1395","33496","33496","33496","2.8470001220703125","2.8470001220703125","2.8470001220703125","61814","61814","61814","1.0120000839233398","1.0120000839233398","1.0120000839233398","33249","33249","33249","3.0929999351501465","3.0929999351501465","3.0929999351501465"
"1396","33498","33498","33498","3.0850000381469727","3.0850000381469727","3.0850000381469727","61816","61816","61816","3.1100001335144043","3.1100001335144043","3.1100001335144043","33251","33251","33251","3.0759999752044678","3.0759999752044678","3.0759999752044678"
"1397","33500","33500","33500","3.0789999961853027","3.0789999961853027","3.0789999961853027","61818","61818","61818","3.078000068664551","3.078000068664551","3.078000068664551","33253","33253","33253","3.1760001182556152","3.1760001182556152","3.1760001182556152"
"1398","33502","33502","33502","3.3169994354248047","3.3169994354248047","3.3169994354248047","61820","61820","61820","1.2619996070861816","1.2619996070861816","1.2619996070861816","33255","33255","33255","3.3199996948242188","3.3199996948242188","3.3199996948242188"
"1399","33504","33504","33504","3.3449997901916504","3.3449997901916504","3.3449997901916504","61822","61822","61822","3.2090001106262207","3.2090001106262207","3.2090001106262207","33257","33257","33257","3.3489999771118164","3.3489999771118164","3.3489999771118164"
"1400","33506","33506","33506","3.3540000915527344","3.3540000915527344","3.3540000915527344","61824","61824","61824","3.318999767303467","3.318999767303467","3.318999767303467","33259","33259","33259","3.3530001640319824","3.3530001640319824","3.3530001640319824"
"1401","33508","33508","33508","3.3369998931884766","3.3369998931884766","3.3369998931884766","61826","61826","61826","1.2619998455047607","1.2619998455047607","1.2619998455047607","33261","33261","33261","3.318000316619873","3.318000316619873","3.318000316619873"
"1402","33510","33510","33510","3.3899998664855957","3.3899998664855957","3.3899998664855957","61828","61828","61828","3.3339996337890625","3.3339996337890625","3.3339996337890625","33263","33263","33263","3.4029998779296875","3.4029998779296875","3.4029998779296875"
"1403","33512","33512","33512","3.4019999504089355","3.4019999504089355","3.4019999504089355","61830","61830","61830","1.241999864578247","1.241999864578247","1.241999864578247","33265","33265","33265","3.3849997520446777","3.3849997520446777","3.3849997520446777"
"1404","33673","33673","33673","3.1070003509521484","3.1070003509521484","3.1070003509521484","62147","62147","62147","1.0120000839233398","1.0120000839233398","1.0120000839233398","33427","33427","33427","1.0120000839233398","1.0120000839233398","1.0120000839233398"
"1405","33675","33675","33675","3.074000120162964","3.074000120162964","3.074000120162964","62149","62149","62149","0.9919998645782471","0.9919998645782471","0.9919998645782471","33429","33429","33429","3.1080002784729004","3.1080002784729004","3.1080002784729004"
"1406","33677","33677","33677","3.0840001106262207","3.0840001106262207","3.0840001106262207","62151","62151","62151","3.1600003242492676","3.1600003242492676","3.1600003242492676","33431","33431","33431","3.1090002059936523","3.1090002059936523","3.1090002059936523"
"1407","33679","33679","33679","3.24399995803833","3.24399995803833","3.24399995803833","62153","62153","62153","3.191999912261963","3.191999912261963","3.191999912261963","33433","33433","33433","3.3339996337890625","3.3339996337890625","3.3339996337890625"
"1408","33681","33681","33681","3.2769999504089355","3.2769999504089355","3.2769999504089355","62155","62155","62155","3.257999897003174","3.257999897003174","3.257999897003174","33435","33435","33435","3.326000213623047","3.326000213623047","3.326000213623047"
"1409","33683","33683","33683","3.3309998512268066","3.3309998512268066","3.3309998512268066","62157","62157","62157","3.3350000381469727","3.3350000381469727","3.3350000381469727","33437","33437","33437","3.3319997787475586","3.3319997787475586","3.3319997787475586"
"1410","33685","33685","33685","3.241999626159668","3.241999626159668","3.241999626159668","62159","62159","62159","2.999000072479248","2.999000072479248","2.999000072479248","33439","33439","33439","3.332000255584717","3.332000255584717","3.332000255584717"
"1411","33687","33687","33687","3.3610000610351562","3.3610000610351562","3.3610000610351562","62161","62161","62161","3.4039998054504395","3.4039998054504395","3.4039998054504395","33441","33441","33441","3.3859996795654297","3.3859996795654297","3.3859996795654297"
"1412","33689","33689","33689","3.317999839782715","3.317999839782715","3.317999839782715","62163","62163","62163","3.319000244140625","3.319000244140625","3.319000244140625","33443","33443","33443","3.4049997329711914","3.4049997329711914","3.4049997329711914"
"1413","33851","33851","33851","3.0950002670288086","3.0950002670288086","3.0950002670288086","62479","62479","62479","1.0120000839233398","1.0120000839233398","1.0120000839233398","33599","33599","33599","2.9159998893737793","2.9159998893737793","2.9159998893737793"
"1414","33853","33853","33853","3.081000328063965","3.081000328063965","3.081000328063965","62481","62481","62481","3.1100001335144043","3.1100001335144043","3.1100001335144043","33601","33601","33601","3.108999729156494","3.108999729156494","3.108999729156494"
"1415","33855","33855","33855","3.129000186920166","3.129000186920166","3.129000186920166","62483","62483","62483","0.9919998645782471","0.9919998645782471","0.9919998645782471","33603","33603","33603","3.1540002822875977","3.1540002822875977","3.1540002822875977"
"1416","33857","33857","33857","3.1999993324279785","3.1999993324279785","3.1999993324279785","62485","62485","62485","3.302999973297119","3.302999973297119","3.302999973297119","33605","33605","33605","3.3199996948242188","3.3199996948242188","3.3199996948242188"
"1417","33859","33859","33859","3.2179999351501465","3.2179999351501465","3.2179999351501465","62487","62487","62487","3.2249999046325684","3.2249999046325684","3.2249999046325684","33607","33607","33607","3.3289999961853027","3.3289999961853027","3.3289999961853027"
"1418","33861","33861","33861","3.314000129699707","3.314000129699707","3.314000129699707","62489","62489","62489","3.328000068664551","3.328000068664551","3.328000068664551","33609","33609","33609","3.361999988555908","3.361999988555908","3.361999988555908"
"1419","33863","33863","33863","3.2069997787475586","3.2069997787475586","3.2069997787475586","62491","62491","62491","1.2619999647140503","1.2619999647140503","1.2619999647140503","33611","33611","33611","3.3340001106262207","3.3340001106262207","3.3340001106262207"
"1420","33865","33865","33865","3.353999614715576","3.353999614715576","3.353999614715576","62493","62493","62493","3.200000286102295","3.200000286102295","3.200000286102295","33613","33613","33613","3.3859996795654297","3.3859996795654297","3.3859996795654297"
"1421","33867","33867","33867","3.4019999504089355","3.4019999504089355","3.4019999504089355","62495","62495","62495","3.3849997520446777","3.3849997520446777","3.3849997520446777","33615","33615","33615","3.3849997520446777","3.3849997520446777","3.3849997520446777"
"1422","34028","34028","34028","3.0970001220703125","3.0970001220703125","3.0970001220703125","62811","62811","62811","1.0120000839233398","1.0120000839233398","1.0120000839233398","33773","33773","33773","2.9000000953674316","2.9000000953674316","2.9000000953674316"
"1423","34030","34030","34030","3.066999912261963","3.066999912261963","3.066999912261963","62813","62813","62813","3.1020002365112305","3.1020002365112305","3.1020002365112305","33775","33775","33775","3.0910000801086426","3.0910000801086426","3.0910000801086426"
"1424","34032","34032","34032","3.1010003089904785","3.1010003089904785","3.1010003089904785","62815","62815","62815","0.9919998645782471","0.9919998645782471","0.9919998645782471","33777","33777","33777","3.1409997940063477","3.1409997940063477","3.1409997940063477"
"1425","34034","34034","34034","3.2639999389648438","3.2639999389648438","3.2639999389648438","62817","62817","62817","3.305999755859375","3.305999755859375","3.305999755859375","33779","33779","33779","3.3349995613098145","3.3349995613098145","3.3349995613098145"
"1426","34036","34036","34036","3.3309998512268066","3.3309998512268066","3.3309998512268066","62819","62819","62819","3.2100000381469727","3.2100000381469727","3.2100000381469727","33781","33781","33781","3.3480000495910645","3.3480000495910645","3.3480000495910645"
"1427","34038","34038","34038","3.319000244140625","3.319000244140625","3.319000244140625","62821","62821","62821","3.3379998207092285","3.3379998207092285","3.3379998207092285","33783","33783","33783","3.3319997787475586","3.3319997787475586","3.3319997787475586"
"1428","34040","34040","34040","3.244999885559082","3.244999885559082","3.244999885559082","62823","62823","62823","1.2619997262954712","1.2619997262954712","1.2619997262954712","33785","33785","33785","3.3309998512268066","3.3309998512268066","3.3309998512268066"
"1429","34042","34042","34042","3.2140002250671387","3.2140002250671387","3.2140002250671387","62825","62825","62825","3.192000389099121","3.192000389099121","3.192000389099121","33787","33787","33787","3.4009995460510254","3.4009995460510254","3.4009995460510254"
"1430","34044","34044","34044","3.3869996070861816","3.3869996070861816","3.3869996070861816","62827","62827","62827","3.3849997520446777","3.3849997520446777","3.3849997520446777","33789","33789","33789","3.321000099182129","3.321000099182129","3.321000099182129"
"1431","34206","34206","34206","2.931999683380127","2.931999683380127","2.931999683380127","63144","63144","63144","1.0119999647140503","1.0119999647140503","1.0119999647140503","33950","33950","33950","2.880000114440918","2.880000114440918","2.880000114440918"
"1432","34208","34208","34208","3.1409997940063477","3.1409997940063477","3.1409997940063477","63146","63146","63146","3.05400013923645","3.05400013923645","3.05400013923645","33952","33952","33952","3.123000144958496","3.123000144958496","3.123000144958496"
"1433","34210","34210","34210","3.1490001678466797","3.1490001678466797","3.1490001678466797","63148","63148","63148","3.082000255584717","3.082000255584717","3.082000255584717","33954","33954","33954","3.127999782562256","3.127999782562256","3.127999782562256"
"1434","34212","34212","34212","3.2609996795654297","3.2609996795654297","3.2609996795654297","63150","63150","63150","1.061999797821045","1.061999797821045","1.061999797821045","33956","33956","33956","3.3379998207092285","3.3379998207092285","3.3379998207092285"
"1435","34214","34214","34214","3.302000045776367","3.302000045776367","3.302000045776367","63152","63152","63152","3.2059998512268066","3.2059998512268066","3.2059998512268066","33958","33958","33958","3.3489999771118164","3.3489999771118164","3.3489999771118164"
"1436","34216","34216","34216","3.361999988555908","3.361999988555908","3.361999988555908","63154","63154","63154","3.328000068664551","3.328000068664551","3.328000068664551","33960","33960","33960","3.3520002365112305","3.3520002365112305","3.3520002365112305"
"1437","34218","34218","34218","3.3299999237060547","3.3299999237060547","3.3299999237060547","63156","63156","63156","3.23799991607666","3.23799991607666","3.23799991607666","33962","33962","33962","3.3450002670288086","3.3450002670288086","3.3450002670288086"
"1438","34220","34220","34220","3.3569998741149902","3.3569998741149902","3.3569998741149902","63158","63158","63158","3.2250003814697266","3.2250003814697266","3.2250003814697266","33964","33964","33964","3.4029998779296875","3.4029998779296875","3.4029998779296875"
"1439","34222","34222","34222","3.316999912261963","3.316999912261963","3.316999912261963","63160","63160","63160","3.322999954223633","3.322999954223633","3.322999954223633","33966","33966","33966","3.3859996795654297","3.3859996795654297","3.3859996795654297"
"1440","34383","34383","34383","2.8499999046325684","2.8499999046325684","2.8499999046325684","63476","63476","63476","1.0120002031326294","1.0120002031326294","1.0120002031326294","34128","34128","34128","2.941999912261963","2.941999912261963","2.941999912261963"
"1441","34385","34385","34385","3.000999927520752","3.000999927520752","3.000999927520752","63478","63478","63478","3.118000030517578","3.118000030517578","3.118000030517578","34130","34130","34130","3.0799999237060547","3.0799999237060547","3.0799999237060547"
"1442","34387","34387","34387","0.9919998645782471","0.9919998645782471","0.9919998645782471","63480","63480","63480","3.1540002822875977","3.1540002822875977","3.1540002822875977","34132","34132","34132","3.1359996795654297","3.1359996795654297","3.1359996795654297"
"1443","34389","34389","34389","3.258999824523926","3.258999824523926","3.258999824523926","63482","63482","63482","3.238999843597412","3.238999843597412","3.238999843597412","34134","34134","34134","3.314999580383301","3.314999580383301","3.314999580383301"
"1444","34391","34391","34391","3.2160000801086426","3.2160000801086426","3.2160000801086426","63484","63484","63484","3.2829999923706055","3.2829999923706055","3.2829999923706055","34136","34136","34136","3.332000255584717","3.332000255584717","3.332000255584717"
"1445","34393","34393","34393","3.3239998817443848","3.3239998817443848","3.3239998817443848","63486","63486","63486","3.3569998741149902","3.3569998741149902","3.3569998741149902","34138","34138","34138","3.3439998626708984","3.3439998626708984","3.3439998626708984"
"1446","34395","34395","34395","3.3380002975463867","3.3380002975463867","3.3380002975463867","63488","63488","63488","3.2569994926452637","3.2569994926452637","3.2569994926452637","34140","34140","34140","3.3560004234313965","3.3560004234313965","3.3560004234313965"
"1447","34397","34397","34397","3.2170000076293945","3.2170000076293945","3.2170000076293945","63490","63490","63490","3.322999954223633","3.322999954223633","3.322999954223633","34142","34142","34142","3.388000011444092","3.388000011444092","3.388000011444092"
"1448","34399","34399","34399","3.3849997520446777","3.3849997520446777","3.3849997520446777","63492","63492","63492","3.383999824523926","3.383999824523926","3.383999824523926","34144","34144","34144","3.4019999504089355","3.4019999504089355","3.4019999504089355"
"1449","34558","34558","34558","2.819999933242798","2.819999933242798","2.819999933242798","63809","63809","63809","1.0120000839233398","1.0120000839233398","1.0120000839233398","34301","34301","34301","2.947000026702881","2.947000026702881","2.947000026702881"
"1450","34560","34560","34560","3.1419997215270996","3.1419997215270996","3.1419997215270996","63811","63811","63811","3.1560001373291016","3.1560001373291016","3.1560001373291016","34303","34303","34303","3.1100001335144043","3.1100001335144043","3.1100001335144043"
"1451","34562","34562","34562","3.1100001335144043","3.1100001335144043","3.1100001335144043","63813","63813","63813","3.1730003356933594","3.1730003356933594","3.1730003356933594","34305","34305","34305","3.108999729156494","3.108999729156494","3.108999729156494"
"1452","34564","34564","34564","3.314999580383301","3.314999580383301","3.314999580383301","63815","63815","63815","3.24399995803833","3.24399995803833","3.24399995803833","34307","34307","34307","3.3339996337890625","3.3339996337890625","3.3339996337890625"
"1453","34566","34566","34566","3.196000099182129","3.196000099182129","3.196000099182129","63817","63817","63817","3.252999782562256","3.252999782562256","3.252999782562256","34309","34309","34309","3.3480000495910645","3.3480000495910645","3.3480000495910645"
"1454","34568","34568","34568","3.3470001220703125","3.3470001220703125","3.3470001220703125","63819","63819","63819","3.308000087738037","3.308000087738037","3.308000087738037","34311","34311","34311","3.366000175476074","3.366000175476074","3.366000175476074"
"1455","34570","34570","34570","3.3440003395080566","3.3440003395080566","3.3440003395080566","63821","63821","63821","3.245999813079834","3.245999813079834","3.245999813079834","34313","34313","34313","3.3380002975463867","3.3380002975463867","3.3380002975463867"
"1456","34572","34572","34572","3.352999687194824","3.352999687194824","3.352999687194824","63823","63823","63823","3.354999542236328","3.354999542236328","3.354999542236328","34315","34315","34315","3.370999813079834","3.370999813079834","3.370999813079834"
"1457","34574","34574","34574","3.381999969482422","3.381999969482422","3.381999969482422","63825","63825","63825","3.3899998664855957","3.3899998664855957","3.3899998664855957","34317","34317","34317","3.388000011444092","3.388000011444092","3.388000011444092"
"1458","34733","34733","34733","2.8899998664855957","2.8899998664855957","2.8899998664855957","64141","64141","64141","3.1020002365112305","3.1020002365112305","3.1020002365112305","34479","34479","34479","1.0119999647140503","1.0119999647140503","1.0119999647140503"
"1459","34735","34735","34735","2.9839999675750732","2.9839999675750732","2.9839999675750732","64143","64143","64143","0.9919999837875366","0.9919999837875366","0.9919999837875366","34481","34481","34481","3.1060004234313965","3.1060004234313965","3.1060004234313965"
"1460","34737","34737","34737","0.9919997453689575","0.9919997453689575","0.9919997453689575","64145","64145","64145","3.071000099182129","3.071000099182129","3.071000099182129","34483","34483","34483","3.1130003929138184","3.1130003929138184","3.1130003929138184"
"1461","34739","34739","34739","3.258999824523926","3.258999824523926","3.258999824523926","64147","64147","64147","1.061999797821045","1.061999797821045","1.061999797821045","34485","34485","34485","3.3359994888305664","3.3359994888305664","3.3359994888305664"
"1462","34741","34741","34741","3.2129998207092285","3.2129998207092285","3.2129998207092285","64149","64149","64149","3.2150001525878906","3.2150001525878906","3.2150001525878906","34487","34487","34487","3.3309998512268066","3.3309998512268066","3.3309998512268066"
"1463","34743","34743","34743","3.3459997177124023","3.3459997177124023","3.3459997177124023","64151","64151","64151","3.3319997787475586","3.3319997787475586","3.3319997787475586","34489","34489","34489","3.3499999046325684","3.3499999046325684","3.3499999046325684"
"1464","34745","34745","34745","3.258999824523926","3.258999824523926","3.258999824523926","64153","64153","64153","1.2619999647140503","1.2619999647140503","1.2619999647140503","34491","34491","34491","3.3369998931884766","3.3369998931884766","3.3369998931884766"
"1465","34747","34747","34747","3.2340002059936523","3.2340002059936523","3.2340002059936523","64155","64155","64155","3.3349995613098145","3.3349995613098145","3.3349995613098145","34493","34493","34493","3.4029998779296875","3.4029998779296875","3.4029998779296875"
"1466","34749","34749","34749","3.3999996185302734","3.3999996185302734","3.3999996185302734","64157","64157","64157","3.3849997520446777","3.3849997520446777","3.3849997520446777","34495","34495","34495","3.3889999389648438","3.3889999389648438","3.3889999389648438"
"1467","34913","34913","34913","1.0119999647140503","1.0119999647140503","1.0119999647140503","64473","64473","64473","1.0120000839233398","1.0120000839233398","1.0120000839233398","34659","34659","34659","2.9050002098083496","2.9050002098083496","2.9050002098083496"
"1468","34915","34915","34915","3.006999969482422","3.006999969482422","3.006999969482422","64475","64475","64475","0.9919998645782471","0.9919998645782471","0.9919998645782471","34661","34661","34661","3.126999855041504","3.126999855041504","3.126999855041504"
"1469","34917","34917","34917","3.0830001831054688","3.0830001831054688","3.0830001831054688","64477","64477","64477","3.130000114440918","3.130000114440918","3.130000114440918","34663","34663","34663","3.146000385284424","3.146000385284424","3.146000385284424"
"1470","34919","34919","34919","3.23799991607666","3.23799991607666","3.23799991607666","64479","64479","64479","1.2619996070861816","1.2619996070861816","1.2619996070861816","34665","34665","34665","3.3249998092651367","3.3249998092651367","3.3249998092651367"
"1471","34921","34921","34921","3.2290000915527344","3.2290000915527344","3.2290000915527344","64481","64481","64481","3.2119998931884766","3.2119998931884766","3.2119998931884766","34667","34667","34667","3.3330001831054688","3.3330001831054688","3.3330001831054688"
"1472","34923","34923","34923","3.328000068664551","3.328000068664551","3.328000068664551","64483","64483","64483","3.3289999961853027","3.3289999961853027","3.3289999961853027","34669","34669","34669","3.3540000915527344","3.3540000915527344","3.3540000915527344"
"1473","34925","34925","34925","3.190999984741211","3.190999984741211","3.190999984741211","64485","64485","64485","1.2619998455047607","1.2619998455047607","1.2619998455047607","34671","34671","34671","3.3440003395080566","3.3440003395080566","3.3440003395080566"
"1474","34927","34927","34927","3.2170000076293945","3.2170000076293945","3.2170000076293945","64487","64487","64487","3.2160000801086426","3.2160000801086426","3.2160000801086426","34673","34673","34673","3.38700008392334","3.38700008392334","3.38700008392334"
"1475","34929","34929","34929","3.311999797821045","3.311999797821045","3.311999797821045","64489","64489","64489","3.309999942779541","3.309999942779541","3.309999942779541","34675","34675","34675","3.3899998664855957","3.3899998664855957","3.3899998664855957"
"1476","35090","35090","35090","1.0120000839233398","1.0120000839233398","1.0120000839233398","64806","64806","64806","1.0120000839233398","1.0120000839233398","1.0120000839233398","34834","34834","34834","3.046999931335449","3.046999931335449","3.046999931335449"
"1477","35092","35092","35092","3.1750001907348633","3.1750001907348633","3.1750001907348633","64808","64808","64808","0.9919998645782471","0.9919998645782471","0.9919998645782471","34836","34836","34836","3.0870003700256348","3.0870003700256348","3.0870003700256348"
"1478","35094","35094","35094","3.1349997520446777","3.1349997520446777","3.1349997520446777","64810","64810","64810","3.0900001525878906","3.0900001525878906","3.0900001525878906","34838","34838","34838","3.1140003204345703","3.1140003204345703","3.1140003204345703"
"1479","35096","35096","35096","3.24399995803833","3.24399995803833","3.24399995803833","64812","64812","64812","3.1379995346069336","3.1379995346069336","3.1379995346069336","34840","34840","34840","3.318999767303467","3.318999767303467","3.318999767303467"
"1480","35098","35098","35098","3.3010001182556152","3.3010001182556152","3.3010001182556152","64814","64814","64814","3.3299999237060547","3.3299999237060547","3.3299999237060547","34842","34842","34842","3.3429999351501465","3.3429999351501465","3.3429999351501465"
"1481","35100","35100","35100","3.3519997596740723","3.3519997596740723","3.3519997596740723","64816","64816","64816","3.3350000381469727","3.3350000381469727","3.3350000381469727","34844","34844","34844","3.3429999351501465","3.3429999351501465","3.3429999351501465"
"1482","35102","35102","35102","3.24899959564209","3.24899959564209","3.24899959564209","64818","64818","64818","1.2619998455047607","1.2619998455047607","1.2619998455047607","34846","34846","34846","3.3450002670288086","3.3450002670288086","3.3450002670288086"
"1483","35104","35104","35104","3.2690000534057617","3.2690000534057617","3.2690000534057617","64820","64820","64820","3.3849997520446777","3.3849997520446777","3.3849997520446777","34848","34848","34848","3.3849997520446777","3.3849997520446777","3.3849997520446777"
"1484","35106","35106","35106","3.383999824523926","3.383999824523926","3.383999824523926","64822","64822","64822","3.382999897003174","3.382999897003174","3.382999897003174","34850","34850","34850","3.3849997520446777","3.3849997520446777","3.3849997520446777"
"1485","35266","35266","35266","1.0119999647140503","1.0119999647140503","1.0119999647140503","65138","65138","65138","1.0120002031326294","1.0120002031326294","1.0120002031326294","35010","35010","35010","2.9029998779296875","2.9029998779296875","2.9029998779296875"
"1486","35268","35268","35268","3.1570000648498535","3.1570000648498535","3.1570000648498535","65140","65140","65140","0.991999626159668","0.991999626159668","0.991999626159668","35012","35012","35012","3.117000102996826","3.117000102996826","3.117000102996826"
"1487","35270","35270","35270","3.130000114440918","3.130000114440918","3.130000114440918","65142","65142","65142","0.9919997453689575","0.9919997453689575","0.9919997453689575","35014","35014","35014","3.1440000534057617","3.1440000534057617","3.1440000534057617"
"1488","35272","35272","35272","3.24299955368042","3.24299955368042","3.24299955368042","65144","65144","65144","3.1409993171691895","3.1409993171691895","3.1409993171691895","35016","35016","35016","3.3319997787475586","3.3319997787475586","3.3319997787475586"
"1489","35274","35274","35274","3.3309998512268066","3.3309998512268066","3.3309998512268066","65146","65146","65146","3.2179999351501465","3.2179999351501465","3.2179999351501465","35018","35018","35018","3.3439998626708984","3.3439998626708984","3.3439998626708984"
"1490","35276","35276","35276","3.3559999465942383","3.3559999465942383","3.3559999465942383","65148","65148","65148","3.3569998741149902","3.3569998741149902","3.3569998741149902","35020","35020","35020","3.3330001831054688","3.3330001831054688","3.3330001831054688"
"1491","35278","35278","35278","3.2639999389648438","3.2639999389648438","3.2639999389648438","65150","65150","65150","1.2619998455047607","1.2619998455047607","1.2619998455047607","35022","35022","35022","3.3330001831054688","3.3330001831054688","3.3330001831054688"
"1492","35280","35280","35280","3.2210001945495605","3.2210001945495605","3.2210001945495605","65152","65152","65152","3.2090001106262207","3.2090001106262207","3.2090001106262207","35024","35024","35024","3.3859996795654297","3.3859996795654297","3.3859996795654297"
"1493","35282","35282","35282","3.306999683380127","3.306999683380127","3.306999683380127","65154","65154","65154","3.319000244140625","3.319000244140625","3.319000244140625","35026","35026","35026","1.4819999933242798","1.4819999933242798","1.4819999933242798"
"1494","35447","35447","35447","2.8899998664855957","2.8899998664855957","2.8899998664855957","65470","65470","65470","1.0120002031326294","1.0120002031326294","1.0120002031326294","35184","35184","35184","2.9000000953674316","2.9000000953674316","2.9000000953674316"
"1495","35449","35449","35449","3.0329999923706055","3.0329999923706055","3.0329999923706055","65472","65472","65472","3.082000255584717","3.082000255584717","3.082000255584717","35186","35186","35186","3.123000144958496","3.123000144958496","3.123000144958496"
"1496","35451","35451","35451","3.139000415802002","3.139000415802002","3.139000415802002","65474","65474","65474","3.0960001945495605","3.0960001945495605","3.0960001945495605","35188","35188","35188","3.1700000762939453","3.1700000762939453","3.1700000762939453"
"1497","35453","35453","35453","3.318999767303467","3.318999767303467","3.318999767303467","65476","65476","65476","1.2619997262954712","1.2619997262954712","1.2619997262954712","35190","35190","35190","3.3399996757507324","3.3399996757507324","3.3399996757507324"
"1498","35455","35455","35455","3.298999786376953","3.298999786376953","3.298999786376953","65478","65478","65478","3.2160000801086426","3.2160000801086426","3.2160000801086426","35192","35192","35192","3.3610000610351562","3.3610000610351562","3.3610000610351562"
"1499","35457","35457","35457","3.3449997901916504","3.3449997901916504","3.3449997901916504","65480","65480","65480","3.332000255584717","3.332000255584717","3.332000255584717","35194","35194","35194","3.3330001831054688","3.3330001831054688","3.3330001831054688"
"1500","35459","35459","35459","3.309999942779541","3.309999942779541","3.309999942779541","65482","65482","65482","3.306999683380127","3.306999683380127","3.306999683380127","35196","35196","35196","3.3330001831054688","3.3330001831054688","3.3330001831054688"
"1501","35461","35461","35461","3.2220001220703125","3.2220001220703125","3.2220001220703125","65484","65484","65484","3.3409996032714844","3.3409996032714844","3.3409996032714844","35198","35198","35198","3.3899998664855957","3.3899998664855957","3.3899998664855957"
"1502","35463","35463","35463","3.372999668121338","3.372999668121338","3.372999668121338","65486","65486","65486","3.3899998664855957","3.3899998664855957","3.3899998664855957","35200","35200","35200","3.3889999389648438","3.3889999389648438","3.3889999389648438"
"1503","35622","35622","35622","2.8949999809265137","2.8949999809265137","2.8949999809265137","65803","65803","65803","1.0120000839233398","1.0120000839233398","1.0120000839233398","35364","35364","35364","2.9089999198913574","2.9089999198913574","2.9089999198913574"
"1504","35624","35624","35624","3.0160000324249268","3.0160000324249268","3.0160000324249268","65805","65805","65805","0.9919998645782471","0.9919998645782471","0.9919998645782471","35366","35366","35366","3.0329999923706055","3.0329999923706055","3.0329999923706055"
"1505","35626","35626","35626","3.1150002479553223","3.1150002479553223","3.1150002479553223","65807","65807","65807","3.142000198364258","3.142000198364258","3.142000198364258","35368","35368","35368","3.177999973297119","3.177999973297119","3.177999973297119"
"1506","35628","35628","35628","3.317999839782715","3.317999839782715","3.317999839782715","65809","65809","65809","1.2619997262954712","1.2619997262954712","1.2619997262954712","35370","35370","35370","3.3199996948242188","3.3199996948242188","3.3199996948242188"
"1507","35630","35630","35630","3.2080001831054688","3.2080001831054688","3.2080001831054688","65811","65811","65811","3.2139997482299805","3.2139997482299805","3.2139997482299805","35372","35372","35372","3.3470001220703125","3.3470001220703125","3.3470001220703125"
"1508","35632","35632","35632","3.357999801635742","3.357999801635742","3.357999801635742","65813","65813","65813","3.314000129699707","3.314000129699707","3.314000129699707","35374","35374","35374","3.3469996452331543","3.3469996452331543","3.3469996452331543"
"1509","35634","35634","35634","3.3370003700256348","3.3370003700256348","3.3370003700256348","65815","65815","65815","3.2569994926452637","3.2569994926452637","3.2569994926452637","35376","35376","35376","3.3420000076293945","3.3420000076293945","3.3420000076293945"
"1510","35636","35636","35636","3.3610000610351562","3.3610000610351562","3.3610000610351562","65817","65817","65817","3.3899998664855957","3.3899998664855957","3.3899998664855957","35378","35378","35378","3.2210001945495605","3.2210001945495605","3.2210001945495605"
"1511","35638","35638","35638","3.3869996070861816","3.3869996070861816","3.3869996070861816","65819","65819","65819","3.4010000228881836","3.4010000228881836","3.4010000228881836","35380","35380","35380","3.3849997520446777","3.3849997520446777","3.3849997520446777"
"1512","35800","35800","35800","2.812999963760376","2.812999963760376","2.812999963760376","66135","66135","66135","3.1540002822875977","3.1540002822875977","3.1540002822875977","35545","35545","35545","2.880000114440918","2.880000114440918","2.880000114440918"
"1513","35802","35802","35802","3.007999897003174","3.007999897003174","3.007999897003174","66137","66137","66137","0.9919997453689575","0.9919997453689575","0.9919997453689575","35547","35547","35547","3.1059999465942383","3.1059999465942383","3.1059999465942383"
"1514","35804","35804","35804","3.069000005722046","3.069000005722046","3.069000005722046","66139","66139","66139","3.063000202178955","3.063000202178955","3.063000202178955","35549","35549","35549","3.1640000343322754","3.1640000343322754","3.1640000343322754"
"1515","35806","35806","35806","3.2849998474121094","3.2849998474121094","3.2849998474121094","66141","66141","66141","3.2159996032714844","3.2159996032714844","3.2159996032714844","35551","35551","35551","3.313999652862549","3.313999652862549","3.313999652862549"
"1516","35808","35808","35808","3.296999931335449","3.296999931335449","3.296999931335449","66143","66143","66143","3.305999755859375","3.305999755859375","3.305999755859375","35553","35553","35553","3.3439998626708984","3.3439998626708984","3.3439998626708984"
"1517","35810","35810","35810","3.3480000495910645","3.3480000495910645","3.3480000495910645","66145","66145","66145","3.3420000076293945","3.3420000076293945","3.3420000076293945","35555","35555","35555","3.3610000610351562","3.3610000610351562","3.3610000610351562"
"1518","35812","35812","35812","3.1949996948242188","3.1949996948242188","3.1949996948242188","66147","66147","66147","2.9860000610351562","2.9860000610351562","2.9860000610351562","35557","35557","35557","3.320000171661377","3.320000171661377","3.320000171661377"
"1519","35814","35814","35814","3.2170000076293945","3.2170000076293945","3.2170000076293945","66149","66149","66149","3.2179999351501465","3.2179999351501465","3.2179999351501465","35559","35559","35559","3.3849997520446777","3.3849997520446777","3.3849997520446777"
"1520","35816","35816","35816","3.3899998664855957","3.3899998664855957","3.3899998664855957","66151","66151","66151","3.386000156402588","3.386000156402588","3.386000156402588","35561","35561","35561","3.3849997520446777","3.3849997520446777","3.3849997520446777"
"1521","35975","35975","35975","3.1070003509521484","3.1070003509521484","3.1070003509521484","66467","66467","66467","1.0120000839233398","1.0120000839233398","1.0120000839233398","35723","35723","35723","2.9029998779296875","2.9029998779296875","2.9029998779296875"
"1522","35977","35977","35977","3.0439999103546143","3.0439999103546143","3.0439999103546143","66469","66469","66469","3.0840001106262207","3.0840001106262207","3.0840001106262207","35725","35725","35725","3.1579999923706055","3.1579999923706055","3.1579999923706055"
"1523","35979","35979","35979","3.077000141143799","3.077000141143799","3.077000141143799","66471","66471","66471","3.081000328063965","3.081000328063965","3.081000328063965","35727","35727","35727","3.123000144958496","3.123000144958496","3.123000144958496"
"1524","35981","35981","35981","3.258999824523926","3.258999824523926","3.258999824523926","66473","66473","66473","3.2629995346069336","3.2629995346069336","3.2629995346069336","35729","35729","35729","3.3229994773864746","3.3229994773864746","3.3229994773864746"
"1525","35983","35983","35983","3.2170000076293945","3.2170000076293945","3.2170000076293945","66475","66475","66475","3.247000217437744","3.247000217437744","3.247000217437744","35731","35731","35731","3.3350000381469727","3.3350000381469727","3.3350000381469727"
"1526","35985","35985","35985","3.3610000610351562","3.3610000610351562","3.3610000610351562","66477","66477","66477","3.3299999237060547","3.3299999237060547","3.3299999237060547","35733","35733","35733","3.3480000495910645","3.3480000495910645","3.3480000495910645"
"1527","35987","35987","35987","3.2649998664855957","3.2649998664855957","3.2649998664855957","66479","66479","66479","3.2559995651245117","3.2559995651245117","3.2559995651245117","35735","35735","35735","3.3299999237060547","3.3299999237060547","3.3299999237060547"
"1528","35989","35989","35989","3.195000171661377","3.195000171661377","3.195000171661377","66481","66481","66481","3.3569998741149902","3.3569998741149902","3.3569998741149902","35737","35737","35737","3.3869996070861816","3.3869996070861816","3.3869996070861816"
"1529","35991","35991","35991","3.4049997329711914","3.4049997329711914","3.4049997329711914","66483","66483","66483","3.311999797821045","3.311999797821045","3.311999797821045","35739","35739","35739","3.397000312805176","3.397000312805176","3.397000312805176"
"1530","36157","36157","36157","3.1020002365112305","3.1020002365112305","3.1020002365112305","66800","66800","66800","1.0120000839233398","1.0120000839233398","1.0120000839233398","35900","35900","35900","2.9130001068115234","2.9130001068115234","2.9130001068115234"
"1531","36159","36159","36159","0.991999626159668","0.991999626159668","0.991999626159668","66802","66802","66802","3.1430001258850098","3.1430001258850098","3.1430001258850098","35902","35902","35902","3.0890002250671387","3.0890002250671387","3.0890002250671387"
"1532","36161","36161","36161","0.9919998645782471","0.9919998645782471","0.9919998645782471","66804","66804","66804","0.9919998645782471","0.9919998645782471","0.9919998645782471","35904","35904","35904","3.1570000648498535","3.1570000648498535","3.1570000648498535"
"1533","36163","36163","36163","3.247999668121338","3.247999668121338","3.247999668121338","66806","66806","66806","3.128999710083008","3.128999710083008","3.128999710083008","35906","35906","35906","3.3269996643066406","3.3269996643066406","3.3269996643066406"
"1534","36165","36165","36165","3.2690000534057617","3.2690000534057617","3.2690000534057617","66808","66808","66808","3.251999855041504","3.251999855041504","3.251999855041504","35908","35908","35908","3.313000202178955","3.313000202178955","3.313000202178955"
"1535","36167","36167","36167","3.3480000495910645","3.3480000495910645","3.3480000495910645","66810","66810","66810","3.328000068664551","3.328000068664551","3.328000068664551","35910","35910","35910","3.3480000495910645","3.3480000495910645","3.3480000495910645"
"1536","36169","36169","36169","3.2609996795654297","3.2609996795654297","3.2609996795654297","66812","66812","66812","3.238999843597412","3.238999843597412","3.238999843597412","35912","35912","35912","3.3369998931884766","3.3369998931884766","3.3369998931884766"
"1537","36171","36171","36171","3.3339996337890625","3.3339996337890625","3.3339996337890625","66814","66814","66814","3.352999687194824","3.352999687194824","3.352999687194824","35914","35914","35914","3.37399959564209","3.37399959564209","3.37399959564209"
"1538","36173","36173","36173","3.4029998779296875","3.4029998779296875","3.4029998779296875","66816","66816","66816","3.322999954223633","3.322999954223633","3.322999954223633","35916","35916","35916","3.372000217437744","3.372000217437744","3.372000217437744"
"1539","36335","36335","36335","2.9089999198913574","2.9089999198913574","2.9089999198913574","67132","67132","67132","1.0120002031326294","1.0120002031326294","1.0120002031326294","36074","36074","36074","2.888000011444092","2.888000011444092","2.888000011444092"
"1540","36337","36337","36337","3.072000026702881","3.072000026702881","3.072000026702881","67134","67134","67134","3.1030001640319824","3.1030001640319824","3.1030001640319824","36076","36076","36076","3.1110000610351562","3.1110000610351562","3.1110000610351562"
"1541","36339","36339","36339","3.0840001106262207","3.0840001106262207","3.0840001106262207","67136","67136","67136","3.1020002365112305","3.1020002365112305","3.1020002365112305","36078","36078","36078","3.120999813079834","3.120999813079834","3.120999813079834"
"1542","36341","36341","36341","3.3199996948242188","3.3199996948242188","3.3199996948242188","67138","67138","67138","1.2619996070861816","1.2619996070861816","1.2619996070861816","36080","36080","36080","3.3359994888305664","3.3359994888305664","3.3359994888305664"
"1543","36343","36343","36343","3.2750000953674316","3.2750000953674316","3.2750000953674316","67140","67140","67140","3.3010001182556152","3.3010001182556152","3.3010001182556152","36082","36082","36082","3.3470001220703125","3.3470001220703125","3.3470001220703125"
"1544","36345","36345","36345","3.3410000801086426","3.3410000801086426","3.3410000801086426","67142","67142","67142","3.36899995803833","3.36899995803833","3.36899995803833","36084","36084","36084","3.357999801635742","3.357999801635742","3.357999801635742"
"1545","36347","36347","36347","3.2639999389648438","3.2639999389648438","3.2639999389648438","67144","67144","67144","3.2559995651245117","3.2559995651245117","3.2559995651245117","36086","36086","36086","3.3330001831054688","3.3330001831054688","3.3330001831054688"
"1546","36349","36349","36349","3.2230000495910645","3.2230000495910645","3.2230000495910645","67146","67146","67146","3.3249998092651367","3.3249998092651367","3.3249998092651367","36088","36088","36088","3.3849997520446777","3.3849997520446777","3.3849997520446777"
"1547","36351","36351","36351","3.4049997329711914","3.4049997329711914","3.4049997329711914","67148","67148","67148","3.4010000228881836","3.4010000228881836","3.4010000228881836","36090","36090","36090","3.383999824523926","3.383999824523926","3.383999824523926"
"1548","36513","36513","36513","2.8899998664855957","2.8899998664855957","2.8899998664855957","67465","67465","67465","1.0120000839233398","1.0120000839233398","1.0120000839233398","36255","36255","36255","2.8849997520446777","2.8849997520446777","2.8849997520446777"
"1549","36515","36515","36515","3.081000328063965","3.081000328063965","3.081000328063965","67467","67467","67467","3.086000442504883","3.086000442504883","3.086000442504883","36257","36257","36257","3.0530002117156982","3.0530002117156982","3.0530002117156982"
"1550","36517","36517","36517","3.1590003967285156","3.1590003967285156","3.1590003967285156","67469","67469","67469","3.119999885559082","3.119999885559082","3.119999885559082","36259","36259","36259","3.1040000915527344","3.1040000915527344","3.1040000915527344"
"1551","36519","36519","36519","3.2220001220703125","3.2220001220703125","3.2220001220703125","67471","67471","67471","3.2069997787475586","3.2069997787475586","3.2069997787475586","36261","36261","36261","3.3409996032714844","3.3409996032714844","3.3409996032714844"
"1552","36521","36521","36521","3.258999824523926","3.258999824523926","3.258999824523926","67473","67473","67473","3.2290000915527344","3.2290000915527344","3.2290000915527344","36263","36263","36263","3.3350000381469727","3.3350000381469727","3.3350000381469727"
"1553","36523","36523","36523","3.3469996452331543","3.3469996452331543","3.3469996452331543","67475","67475","67475","3.3350000381469727","3.3350000381469727","3.3350000381469727","36265","36265","36265","3.3410000801086426","3.3410000801086426","3.3410000801086426"
"1554","36525","36525","36525","3.2649998664855957","3.2649998664855957","3.2649998664855957","67477","67477","67477","2.994999885559082","2.994999885559082","2.994999885559082","36267","36267","36267","3.3340001106262207","3.3340001106262207","3.3340001106262207"
"1555","36527","36527","36527","3.2210001945495605","3.2210001945495605","3.2210001945495605","67479","67479","67479","3.2090001106262207","3.2090001106262207","3.2090001106262207","36269","36269","36269","3.4029998779296875","3.4029998779296875","3.4029998779296875"
"1556","36529","36529","36529","3.3849997520446777","3.3849997520446777","3.3849997520446777","67481","67481","67481","3.241000175476074","3.241000175476074","3.241000175476074","36271","36271","36271","3.374000072479248","3.374000072479248","3.374000072479248"
"1557","36688","36688","36688","2.8299999237060547","2.8299999237060547","2.8299999237060547","67797","67797","67797","1.0119999647140503","1.0119999647140503","1.0119999647140503","36428","36428","36428","2.8949999809265137","2.8949999809265137","2.8949999809265137"
"1558","36690","36690","36690","3.0290000438690186","3.0290000438690186","3.0290000438690186","67799","67799","67799","3.080000400543213","3.080000400543213","3.080000400543213","36430","36430","36430","3.111999988555908","3.111999988555908","3.111999988555908"
"1559","36692","36692","36692","3.070000171661377","3.070000171661377","3.070000171661377","67801","67801","67801","3.130000114440918","3.130000114440918","3.130000114440918","36432","36432","36432","3.108999729156494","3.108999729156494","3.108999729156494"
"1560","36694","36694","36694","3.318999767303467","3.318999767303467","3.318999767303467","67803","67803","67803","3.1499996185302734","3.1499996185302734","3.1499996185302734","36434","36434","36434","3.3219995498657227","3.3219995498657227","3.3219995498657227"
"1561","36696","36696","36696","3.2119998931884766","3.2119998931884766","3.2119998931884766","67805","67805","67805","3.2249999046325684","3.2249999046325684","3.2249999046325684","36436","36436","36436","3.357999801635742","3.357999801635742","3.357999801635742"
"1562","36698","36698","36698","3.3469996452331543","3.3469996452331543","3.3469996452331543","67807","67807","67807","3.358999729156494","3.358999729156494","3.358999729156494","36438","36438","36438","3.3449997901916504","3.3449997901916504","3.3449997901916504"
"1563","36700","36700","36700","3.3530001640319824","3.3530001640319824","3.3530001640319824","67809","67809","67809","3.246999740600586","3.246999740600586","3.246999740600586","36440","36440","36440","3.332000255584717","3.332000255584717","3.332000255584717"
"1564","36702","36702","36702","3.2170000076293945","3.2170000076293945","3.2170000076293945","67811","67811","67811","3.354999542236328","3.354999542236328","3.354999542236328","36442","36442","36442","3.388000011444092","3.388000011444092","3.388000011444092"
"1565","36704","36704","36704","3.383999824523926","3.383999824523926","3.383999824523926","67813","67813","67813","3.2039999961853027","3.2039999961853027","3.2039999961853027","36444","36444","36444","3.4010000228881836","3.4010000228881836","3.4010000228881836"
"1566","36863","36863","36863","3.1020002365112305","3.1020002365112305","3.1020002365112305","68129","68129","68129","1.0119998455047607","1.0119998455047607","1.0119998455047607","36610","36610","36610","2.9140000343322754","2.9140000343322754","2.9140000343322754"
"1567","36865","36865","36865","3.0360000133514404","3.0360000133514404","3.0360000133514404","68131","68131","68131","3.119999885559082","3.119999885559082","3.119999885559082","36612","36612","36612","3.111999988555908","3.111999988555908","3.111999988555908"
"1568","36867","36867","36867","3.1020002365112305","3.1020002365112305","3.1020002365112305","68133","68133","68133","3.124000072479248","3.124000072479248","3.124000072479248","36614","36614","36614","3.182000160217285","3.182000160217285","3.182000160217285"
"1569","36869","36869","36869","3.23799991607666","3.23799991607666","3.23799991607666","68135","68135","68135","1.2619997262954712","1.2619997262954712","1.2619997262954712","36616","36616","36616","3.3289999961853027","3.3289999961853027","3.3289999961853027"
"1570","36871","36871","36871","3.3289999961853027","3.3289999961853027","3.3289999961853027","68137","68137","68137","3.3330001831054688","3.3330001831054688","3.3330001831054688","36618","36618","36618","3.3499999046325684","3.3499999046325684","3.3499999046325684"
"1571","36873","36873","36873","3.322999954223633","3.322999954223633","3.322999954223633","68139","68139","68139","3.3489999771118164","3.3489999771118164","3.3489999771118164","36620","36620","36620","3.3480000495910645","3.3480000495910645","3.3480000495910645"
"1572","36875","36875","36875","2.991999864578247","2.991999864578247","2.991999864578247","68141","68141","68141","3.258999824523926","3.258999824523926","3.258999824523926","36622","36622","36622","3.3390002250671387","3.3390002250671387","3.3390002250671387"
"1573","36877","36877","36877","3.2160000801086426","3.2160000801086426","3.2160000801086426","68143","68143","68143","3.2270002365112305","3.2270002365112305","3.2270002365112305","36624","36624","36624","3.3899998664855957","3.3899998664855957","3.3899998664855957"
"1574","36879","36879","36879","3.307000160217285","3.307000160217285","3.307000160217285","68145","68145","68145","3.4000000953674316","3.4000000953674316","3.4000000953674316","36626","36626","36626","3.4010000228881836","3.4010000228881836","3.4010000228881836"
"1575","37039","37039","37039","3.1020002365112305","3.1020002365112305","3.1020002365112305","68462","68462","68462","1.0120000839233398","1.0120000839233398","1.0120000839233398","36787","36787","36787","2.9159998893737793","2.9159998893737793","2.9159998893737793"
"1576","37041","37041","37041","0.9919998645782471","0.9919998645782471","0.9919998645782471","68464","68464","68464","0.9919998645782471","0.9919998645782471","0.9919998645782471","36789","36789","36789","3.13100004196167","3.13100004196167","3.13100004196167"
"1577","37043","37043","37043","3.1590003967285156","3.1590003967285156","3.1590003967285156","68466","68466","68466","3.056999921798706","3.056999921798706","3.056999921798706","36791","36791","36791","3.1640000343322754","3.1640000343322754","3.1640000343322754"
"1578","37045","37045","37045","3.23799991607666","3.23799991607666","3.23799991607666","68468","68468","68468","1.2620002031326294","1.2620002031326294","1.2620002031326294","36793","36793","36793","3.3319997787475586","3.3319997787475586","3.3319997787475586"
"1579","37047","37047","37047","3.261000156402588","3.261000156402588","3.261000156402588","68470","68470","68470","3.2769999504089355","3.2769999504089355","3.2769999504089355","36795","36795","36795","3.3499999046325684","3.3499999046325684","3.3499999046325684"
"1580","37049","37049","37049","3.357999801635742","3.357999801635742","3.357999801635742","68472","68472","68472","3.3489999771118164","3.3489999771118164","3.3489999771118164","36797","36797","36797","3.363999843597412","3.363999843597412","3.363999843597412"
"1581","37051","37051","37051","3.239999771118164","3.239999771118164","3.239999771118164","68474","68474","68474","1.2619998455047607","1.2619998455047607","1.2619998455047607","36799","36799","36799","3.3340001106262207","3.3340001106262207","3.3340001106262207"
"1582","37053","37053","37053","3.3489999771118164","3.3489999771118164","3.3489999771118164","68476","68476","68476","3.3859996795654297","3.3859996795654297","3.3859996795654297","36801","36801","36801","3.381999969482422","3.381999969482422","3.381999969482422"
"1583","37055","37055","37055","3.3889999389648438","3.3889999389648438","3.3889999389648438","68478","68478","68478","3.322999954223633","3.322999954223633","3.322999954223633","36803","36803","36803","3.3859996795654297","3.3859996795654297","3.3859996795654297"
"1584","37217","37217","37217","3.0980000495910645","3.0980000495910645","3.0980000495910645","68794","68794","68794","3.1490001678466797","3.1490001678466797","3.1490001678466797","36965","36965","36965","2.878999710083008","2.878999710083008","2.878999710083008"
"1585","37219","37219","37219","3.003999948501587","3.003999948501587","3.003999948501587","68796","68796","68796","3.059000015258789","3.059000015258789","3.059000015258789","36967","36967","36967","3.117000102996826","3.117000102996826","3.117000102996826"
"1586","37221","37221","37221","3.0500001907348633","3.0500001907348633","3.0500001907348633","68798","68798","68798","3.11899995803833","3.11899995803833","3.11899995803833","36969","36969","36969","3.111999988555908","3.111999988555908","3.111999988555908"
"1587","37223","37223","37223","3.3259997367858887","3.3259997367858887","3.3259997367858887","68800","68800","68800","1.2619997262954712","1.2619997262954712","1.2619997262954712","36971","36971","36971","3.3239998817443848","3.3239998817443848","3.3239998817443848"
"1588","37225","37225","37225","3.2059998512268066","3.2059998512268066","3.2059998512268066","68802","68802","68802","3.1690001487731934","3.1690001487731934","3.1690001487731934","36973","36973","36973","3.3309998512268066","3.3309998512268066","3.3309998512268066"
"1589","37227","37227","37227","3.312000274658203","3.312000274658203","3.312000274658203","68804","68804","68804","3.365999698638916","3.365999698638916","3.365999698638916","36975","36975","36975","3.364999771118164","3.364999771118164","3.364999771118164"
"1590","37229","37229","37229","3.312000274658203","3.312000274658203","3.312000274658203","68806","68806","68806","1.2619999647140503","1.2619999647140503","1.2619999647140503","36977","36977","36977","3.3590002059936523","3.3590002059936523","3.3590002059936523"
"1591","37231","37231","37231","3.354999542236328","3.354999542236328","3.354999542236328","68808","68808","68808","3.184000015258789","3.184000015258789","3.184000015258789","36979","36979","36979","3.3849997520446777","3.3849997520446777","3.3849997520446777"
"1592","37233","37233","37233","3.320000171661377","3.320000171661377","3.320000171661377","68810","68810","68810","3.3859996795654297","3.3859996795654297","3.3859996795654297","36981","36981","36981","3.386000156402588","3.386000156402588","3.386000156402588"
"1593","37397","37397","37397","3.1040000915527344","3.1040000915527344","3.1040000915527344","69127","69127","69127","1.0120000839233398","1.0120000839233398","1.0120000839233398","37138","37138","37138","2.9050002098083496","2.9050002098083496","2.9050002098083496"
"1594","37399","37399","37399","3.1630001068115234","3.1630001068115234","3.1630001068115234","69129","69129","69129","3.13100004196167","3.13100004196167","3.13100004196167","37140","37140","37140","3.1069998741149902","3.1069998741149902","3.1069998741149902"
"1595","37401","37401","37401","3.1590003967285156","3.1590003967285156","3.1590003967285156","69131","69131","69131","3.131999969482422","3.131999969482422","3.131999969482422","37142","37142","37142","3.1550002098083496","3.1550002098083496","3.1550002098083496"
"1596","37403","37403","37403","3.2639999389648438","3.2639999389648438","3.2639999389648438","69133","69133","69133","1.2619996070861816","1.2619996070861816","1.2619996070861816","37144","37144","37144","3.3239998817443848","3.3239998817443848","3.3239998817443848"
"1597","37405","37405","37405","3.2150001525878906","3.2150001525878906","3.2150001525878906","69135","69135","69135","3.2109999656677246","3.2109999656677246","3.2109999656677246","37146","37146","37146","3.3469996452331543","3.3469996452331543","3.3469996452331543"
"1598","37407","37407","37407","3.3299999237060547","3.3299999237060547","3.3299999237060547","69137","69137","69137","3.36899995803833","3.36899995803833","3.36899995803833","37148","37148","37148","3.361999988555908","3.361999988555908","3.361999988555908"
"1599","37409","37409","37409","3.3340001106262207","3.3340001106262207","3.3340001106262207","69139","69139","69139","1.2619997262954712","1.2619997262954712","1.2619997262954712","37150","37150","37150","3.3540000915527344","3.3540000915527344","3.3540000915527344"
"1600","37411","37411","37411","3.2239999771118164","3.2239999771118164","3.2239999771118164","69141","69141","69141","3.2150001525878906","3.2150001525878906","3.2150001525878906","37152","37152","37152","3.3869996070861816","3.3869996070861816","3.3869996070861816"
"1601","37413","37413","37413","3.4000000953674316","3.4000000953674316","3.4000000953674316","69143","69143","69143","3.2909998893737793","3.2909998893737793","3.2909998893737793","37154","37154","37154","3.4029998779296875","3.4029998779296875","3.4029998779296875"
"1602","37574","37574","37574","2.874000072479248","2.874000072479248","2.874000072479248","69459","69459","69459","1.0120002031326294","1.0120002031326294","1.0120002031326294","37314","37314","37314","2.9050002098083496","2.9050002098083496","2.9050002098083496"
"1603","37576","37576","37576","0.9919998645782471","0.9919998645782471","0.9919998645782471","69461","69461","69461","3.1600003242492676","3.1600003242492676","3.1600003242492676","37316","37316","37316","3.117000102996826","3.117000102996826","3.117000102996826"
"1604","37578","37578","37578","3.132999897003174","3.132999897003174","3.132999897003174","69463","69463","69463","0.991999626159668","0.991999626159668","0.991999626159668","37318","37318","37318","3.142000198364258","3.142000198364258","3.142000198364258"
"1605","37580","37580","37580","3.256999969482422","3.256999969482422","3.256999969482422","69465","69465","69465","1.2619998455047607","1.2619998455047607","1.2619998455047607","37320","37320","37320","3.322999954223633","3.322999954223633","3.322999954223633"
"1606","37582","37582","37582","3.2100000381469727","3.2100000381469727","3.2100000381469727","69467","69467","69467","3.2100000381469727","3.2100000381469727","3.2100000381469727","37322","37322","37322","3.3340001106262207","3.3340001106262207","3.3340001106262207"
"1607","37584","37584","37584","3.3559999465942383","3.3559999465942383","3.3559999465942383","69469","69469","69469","3.3299999237060547","3.3299999237060547","3.3299999237060547","37324","37324","37324","1.241999864578247","1.241999864578247","1.241999864578247"
"1608","37586","37586","37586","2.9769997596740723","2.9769997596740723","2.9769997596740723","69471","69471","69471","3.296999454498291","3.296999454498291","3.296999454498291","37326","37326","37326","3.303999423980713","3.303999423980713","3.303999423980713"
"1609","37588","37588","37588","3.2220001220703125","3.2220001220703125","3.2220001220703125","69473","69473","69473","3.2140002250671387","3.2140002250671387","3.2140002250671387","37328","37328","37328","3.381999969482422","3.381999969482422","3.381999969482422"
"1610","37590","37590","37590","3.378999710083008","3.378999710083008","3.378999710083008","69475","69475","69475","3.3859996795654297","3.3859996795654297","3.3859996795654297","37330","37330","37330","3.4070000648498535","3.4070000648498535","3.4070000648498535"
"1611","37753","37753","37753","2.875","2.875","2.875","69791","69791","69791","1.0120000839233398","1.0120000839233398","1.0120000839233398","37486","37486","37486","2.937999963760376","2.937999963760376","2.937999963760376"
"1612","37755","37755","37755","3.069000005722046","3.069000005722046","3.069000005722046","69793","69793","69793","3.067000150680542","3.067000150680542","3.067000150680542","37488","37488","37488","3.125999927520752","3.125999927520752","3.125999927520752"
"1613","37757","37757","37757","3.151000499725342","3.151000499725342","3.151000499725342","69795","69795","69795","3.120999813079834","3.120999813079834","3.120999813079834","37490","37490","37490","3.132999897003174","3.132999897003174","3.132999897003174"
"1614","37759","37759","37759","3.238999843597412","3.238999843597412","3.238999843597412","69797","69797","69797","1.062000036239624","1.062000036239624","1.062000036239624","37492","37492","37492","3.3219995498657227","3.3219995498657227","3.3219995498657227"
"1615","37761","37761","37761","3.2119998931884766","3.2119998931884766","3.2119998931884766","69799","69799","69799","3.3489999771118164","3.3489999771118164","3.3489999771118164","37494","37494","37494","3.3509998321533203","3.3509998321533203","3.3509998321533203"
"1616","37763","37763","37763","3.3429999351501465","3.3429999351501465","3.3429999351501465","69801","69801","69801","3.3340001106262207","3.3340001106262207","3.3340001106262207","37496","37496","37496","3.3359999656677246","3.3359999656677246","3.3359999656677246"
"1617","37765","37765","37765","3.2569994926452637","3.2569994926452637","3.2569994926452637","69803","69803","69803","2.990999937057495","2.990999937057495","2.990999937057495","37498","37498","37498","3.321000099182129","3.321000099182129","3.321000099182129"
"1618","37767","37767","37767","3.359999656677246","3.359999656677246","3.359999656677246","69805","69805","69805","3.381999969482422","3.381999969482422","3.381999969482422","37500","37500","37500","3.3899998664855957","3.3899998664855957","3.3899998664855957"
"1619","37769","37769","37769","3.4040002822875977","3.4040002822875977","3.4040002822875977","69807","69807","69807","3.322999954223633","3.322999954223633","3.322999954223633","37502","37502","37502","1.241999864578247","1.241999864578247","1.241999864578247"
"1620","37928","37928","37928","2.9079999923706055","2.9079999923706055","2.9079999923706055","70123","70123","70123","1.0120000839233398","1.0120000839233398","1.0120000839233398","37659","37659","37659","2.8949999809265137","2.8949999809265137","2.8949999809265137"
"1621","37930","37930","37930","3.0859999656677246","3.0859999656677246","3.0859999656677246","70125","70125","70125","3.11299991607666","3.11299991607666","3.11299991607666","37661","37661","37661","3.0890002250671387","3.0890002250671387","3.0890002250671387"
"1622","37932","37932","37932","3.0510001182556152","3.0510001182556152","3.0510001182556152","70127","70127","70127","0.9919998645782471","0.9919998645782471","0.9919998645782471","37663","37663","37663","3.1539998054504395","3.1539998054504395","3.1539998054504395"
"1623","37934","37934","37934","3.3339996337890625","3.3339996337890625","3.3339996337890625","70129","70129","70129","1.061999797821045","1.061999797821045","1.061999797821045","37665","37665","37665","3.3199996948242188","3.3199996948242188","3.3199996948242188"
"1624","37936","37936","37936","3.2170000076293945","3.2170000076293945","3.2170000076293945","70131","70131","70131","3.332000255584717","3.332000255584717","3.332000255584717","37667","37667","37667","3.3400001525878906","3.3400001525878906","3.3400001525878906"
"1625","37938","37938","37938","3.363999843597412","3.363999843597412","3.363999843597412","70133","70133","70133","3.3350000381469727","3.3350000381469727","3.3350000381469727","37669","37669","37669","3.327000141143799","3.327000141143799","3.327000141143799"
"1626","37940","37940","37940","3.258999824523926","3.258999824523926","3.258999824523926","70135","70135","70135","1.2619998455047607","1.2619998455047607","1.2619998455047607","37671","37671","37671","3.332000255584717","3.332000255584717","3.332000255584717"
"1627","37942","37942","37942","3.322999954223633","3.322999954223633","3.322999954223633","70137","70137","70137","3.4009995460510254","3.4009995460510254","3.4009995460510254","37673","37673","37673","3.382999897003174","3.382999897003174","3.382999897003174"
"1628","37944","37944","37944","3.4099998474121094","3.4099998474121094","3.4099998474121094","70139","70139","70139","3.319000244140625","3.319000244140625","3.319000244140625","37675","37675","37675","3.3899998664855957","3.3899998664855957","3.3899998664855957"
"1629","38108","38108","38108","3.0500001907348633","3.0500001907348633","3.0500001907348633","70456","70456","70456","1.0120002031326294","1.0120002031326294","1.0120002031326294","37834","37834","37834","2.9159998893737793","2.9159998893737793","2.9159998893737793"
"1630","38110","38110","38110","0.9919998645782471","0.9919998645782471","0.9919998645782471","70458","70458","70458","3.119999885559082","3.119999885559082","3.119999885559082","37836","37836","37836","3.108999729156494","3.108999729156494","3.108999729156494"
"1631","38112","38112","38112","0.9919998645782471","0.9919998645782471","0.9919998645782471","70460","70460","70460","3.11899995803833","3.11899995803833","3.11899995803833","37838","37838","37838","3.1529998779296875","3.1529998779296875","3.1529998779296875"
"1632","38114","38114","38114","1.2619997262954712","1.2619997262954712","1.2619997262954712","70462","70462","70462","1.0619999170303345","1.0619999170303345","1.0619999170303345","37840","37840","37840","3.244999885559082","3.244999885559082","3.244999885559082"
"1633","38116","38116","38116","3.2890000343322754","3.2890000343322754","3.2890000343322754","70464","70464","70464","3.191999912261963","3.191999912261963","3.191999912261963","37842","37842","37842","3.3460001945495605","3.3460001945495605","3.3460001945495605"
"1634","38118","38118","38118","3.3460001945495605","3.3460001945495605","3.3460001945495605","70466","70466","70466","3.3460001945495605","3.3460001945495605","3.3460001945495605","37844","37844","37844","3.367000102996826","3.367000102996826","3.367000102996826"
"1635","38120","38120","38120","3.2679996490478516","3.2679996490478516","3.2679996490478516","70468","70468","70468","1.2619998455047607","1.2619998455047607","1.2619998455047607","37846","37846","37846","3.3350000381469727","3.3350000381469727","3.3350000381469727"
"1636","38122","38122","38122","3.381999969482422","3.381999969482422","3.381999969482422","70470","70470","70470","3.185999870300293","3.185999870300293","3.185999870300293","37848","37848","37848","3.381999969482422","3.381999969482422","3.381999969482422"
"1637","38124","38124","38124","3.4049997329711914","3.4049997329711914","3.4049997329711914","70472","70472","70472","3.2270002365112305","3.2270002365112305","3.2270002365112305","37850","37850","37850","3.382999897003174","3.382999897003174","3.382999897003174"
"1638","38282","38282","38282","3.0310001373291016","3.0310001373291016","3.0310001373291016","70788","70788","70788","1.0120000839233398","1.0120000839233398","1.0120000839233398","38007","38007","38007","2.9099998474121094","2.9099998474121094","2.9099998474121094"
"1639","38284","38284","38284","0.9919997453689575","0.9919997453689575","0.9919997453689575","70790","70790","70790","0.9919998645782471","0.9919998645782471","0.9919998645782471","38009","38009","38009","3.126999855041504","3.126999855041504","3.126999855041504"
"1640","38286","38286","38286","3.058000087738037","3.058000087738037","3.058000087738037","70792","70792","70792","0.9919997453689575","0.9919997453689575","0.9919997453689575","38011","38011","38011","3.1440000534057617","3.1440000534057617","3.1440000534057617"
"1641","38288","38288","38288","3.2719998359680176","3.2719998359680176","3.2719998359680176","70794","70794","70794","1.0619999170303345","1.0619999170303345","1.0619999170303345","38013","38013","38013","3.3219995498657227","3.3219995498657227","3.3219995498657227"
"1642","38290","38290","38290","3.3010001182556152","3.3010001182556152","3.3010001182556152","70796","70796","70796","3.193999767303467","3.193999767303467","3.193999767303467","38015","38015","38015","3.3439998626708984","3.3439998626708984","3.3439998626708984"
"1643","38292","38292","38292","3.3429999351501465","3.3429999351501465","3.3429999351501465","70798","70798","70798","3.3410000801086426","3.3410000801086426","3.3410000801086426","38017","38017","38017","3.3470001220703125","3.3470001220703125","3.3470001220703125"
"1644","38294","38294","38294","3.2649998664855957","3.2649998664855957","3.2649998664855957","70800","70800","70800","3.046999931335449","3.046999931335449","3.046999931335449","38019","38019","38019","3.306999683380127","3.306999683380127","3.306999683380127"
"1645","38296","38296","38296","3.2220001220703125","3.2220001220703125","3.2220001220703125","70802","70802","70802","3.363999843597412","3.363999843597412","3.363999843597412","38021","38021","38021","3.3849997520446777","3.3849997520446777","3.3849997520446777"
"1646","38298","38298","38298","3.3849997520446777","3.3849997520446777","3.3849997520446777","70804","70804","70804","3.3849997520446777","3.3849997520446777","3.3849997520446777","38023","38023","38023","3.4010000228881836","3.4010000228881836","3.4010000228881836"
"1647","38460","38460","38460","3.1059999465942383","3.1059999465942383","3.1059999465942383","71120","71120","71120","1.0119999647140503","1.0119999647140503","1.0119999647140503","38185","38185","38185","2.9109997749328613","2.9109997749328613","2.9109997749328613"
"1648","38462","38462","38462","3.055000066757202","3.055000066757202","3.055000066757202","71122","71122","71122","3.119999885559082","3.119999885559082","3.119999885559082","38187","38187","38187","3.102999687194824","3.102999687194824","3.102999687194824"
"1649","38464","38464","38464","3.1560001373291016","3.1560001373291016","3.1560001373291016","71124","71124","71124","3.0930004119873047","3.0930004119873047","3.0930004119873047","38189","38189","38189","3.120999813079834","3.120999813079834","3.120999813079834"
"1650","38466","38466","38466","3.2679996490478516","3.2679996490478516","3.2679996490478516","71126","71126","71126","1.2619997262954712","1.2619997262954712","1.2619997262954712","38191","38191","38191","3.3409996032714844","3.3409996032714844","3.3409996032714844"
"1651","38468","38468","38468","3.263000011444092","3.263000011444092","3.263000011444092","71128","71128","71128","3.25600004196167","3.25600004196167","3.25600004196167","38193","38193","38193","3.3470001220703125","3.3470001220703125","3.3470001220703125"
"1652","38470","38470","38470","3.3509998321533203","3.3509998321533203","3.3509998321533203","71130","71130","71130","3.3400001525878906","3.3400001525878906","3.3400001525878906","38195","38195","38195","3.3520002365112305","3.3520002365112305","3.3520002365112305"
"1653","38472","38472","38472","3.2779998779296875","3.2779998779296875","3.2779998779296875","71132","71132","71132","1.2619998455047607","1.2619998455047607","1.2619998455047607","38197","38197","38197","3.322999954223633","3.322999954223633","3.322999954223633"
"1654","38474","38474","38474","3.2220001220703125","3.2220001220703125","3.2220001220703125","71134","71134","71134","3.307000160217285","3.307000160217285","3.307000160217285","38199","38199","38199","3.4009995460510254","3.4009995460510254","3.4009995460510254"
"1655","38476","38476","38476","3.309999942779541","3.309999942779541","3.309999942779541","71136","71136","71136","3.3889999389648438","3.3889999389648438","3.3889999389648438","38201","38201","38201","3.3849997520446777","3.3849997520446777","3.3849997520446777"
"1656","38638","38638","38638","3.1020002365112305","3.1020002365112305","3.1020002365112305","71453","71453","71453","1.0119999647140503","1.0119999647140503","1.0119999647140503","38362","38362","38362","2.8369998931884766","2.8369998931884766","2.8369998931884766"
"1657","38640","38640","38640","3.0230000019073486","3.0230000019073486","3.0230000019073486","71455","71455","71455","3.0960001945495605","3.0960001945495605","3.0960001945495605","38364","38364","38364","3.1050000190734863","3.1050000190734863","3.1050000190734863"
"1658","38642","38642","38642","0.9919998645782471","0.9919998645782471","0.9919998645782471","71457","71457","71457","3.1369996070861816","3.1369996070861816","3.1369996070861816","38366","38366","38366","3.1490001678466797","3.1490001678466797","3.1490001678466797"
"1659","38644","38644","38644","3.2749996185302734","3.2749996185302734","3.2749996185302734","71459","71459","71459","1.2619997262954712","1.2619997262954712","1.2619997262954712","38368","38368","38368","3.3329997062683105","3.3329997062683105","3.3329997062683105"
"1660","38646","38646","38646","3.2150001525878906","3.2150001525878906","3.2150001525878906","71461","71461","71461","3.2719998359680176","3.2719998359680176","3.2719998359680176","38370","38370","38370","3.3369998931884766","3.3369998931884766","3.3369998931884766"
"1661","38648","38648","38648","3.3460001945495605","3.3460001945495605","3.3460001945495605","71463","71463","71463","3.3299999237060547","3.3299999237060547","3.3299999237060547","38372","38372","38372","3.3350000381469727","3.3350000381469727","3.3350000381469727"
"1662","38650","38650","38650","3.258999824523926","3.258999824523926","3.258999824523926","71465","71465","71465","3.2789998054504395","3.2789998054504395","3.2789998054504395","38374","38374","38374","3.309999942779541","3.309999942779541","3.309999942779541"
"1663","38652","38652","38652","3.2100000381469727","3.2100000381469727","3.2100000381469727","71467","71467","71467","3.382999897003174","3.382999897003174","3.382999897003174","38376","38376","38376","3.236999988555908","3.236999988555908","3.236999988555908"
"1664","38654","38654","38654","3.375","3.375","3.375","71469","71469","71469","3.313000202178955","3.313000202178955","3.313000202178955","38378","38378","38378","3.3869996070861816","3.3869996070861816","3.3869996070861816"
"1665","38816","38816","38816","1.0120000839233398","1.0120000839233398","1.0120000839233398","71785","71785","71785","1.0120002031326294","1.0120002031326294","1.0120002031326294","38538","38538","38538","2.9140000343322754","2.9140000343322754","2.9140000343322754"
"1666","38818","38818","38818","3.0930004119873047","3.0930004119873047","3.0930004119873047","71787","71787","71787","3.0850000381469727","3.0850000381469727","3.0850000381469727","38540","38540","38540","3.115999698638916","3.115999698638916","3.115999698638916"
"1667","38820","38820","38820","3.0789999961853027","3.0789999961853027","3.0789999961853027","71789","71789","71789","3.0950002670288086","3.0950002670288086","3.0950002670288086","38542","38542","38542","3.142000198364258","3.142000198364258","3.142000198364258"
"1668","38822","38822","38822","3.23099946975708","3.23099946975708","3.23099946975708","71791","71791","71791","1.2619997262954712","1.2619997262954712","1.2619997262954712","38544","38544","38544","3.3269996643066406","3.3269996643066406","3.3269996643066406"
"1669","38824","38824","38824","3.2129998207092285","3.2129998207092285","3.2129998207092285","71793","71793","71793","3.3350000381469727","3.3350000381469727","3.3350000381469727","38546","38546","38546","3.364999771118164","3.364999771118164","3.364999771118164"
"1670","38826","38826","38826","3.3470001220703125","3.3470001220703125","3.3470001220703125","71795","71795","71795","3.3499999046325684","3.3499999046325684","3.3499999046325684","38548","38548","38548","3.3470001220703125","3.3470001220703125","3.3470001220703125"
"1671","38828","38828","38828","1.2619997262954712","1.2619997262954712","1.2619997262954712","71797","71797","71797","1.2619998455047607","1.2619998455047607","1.2619998455047607","38550","38550","38550","3.3540000915527344","3.3540000915527344","3.3540000915527344"
"1672","38830","38830","38830","3.3499999046325684","3.3499999046325684","3.3499999046325684","71799","71799","71799","3.373000144958496","3.373000144958496","3.373000144958496","38552","38552","38552","3.3849997520446777","3.3849997520446777","3.3849997520446777"
"1673","38832","38832","38832","3.4029998779296875","3.4029998779296875","3.4029998779296875","71801","71801","71801","3.3990001678466797","3.3990001678466797","3.3990001678466797","38554","38554","38554","3.388000011444092","3.388000011444092","3.388000011444092"
"1674","38997","38997","38997","3.0929999351501465","3.0929999351501465","3.0929999351501465","72118","72118","72118","1.0120000839233398","1.0120000839233398","1.0120000839233398","38711","38711","38711","3.116000175476074","3.116000175476074","3.116000175476074"
"1675","38999","38999","38999","3.078000068664551","3.078000068664551","3.078000068664551","72120","72120","72120","3.114999771118164","3.114999771118164","3.114999771118164","38713","38713","38713","3.052000045776367","3.052000045776367","3.052000045776367"
"1676","39001","39001","39001","3.066999912261963","3.066999912261963","3.066999912261963","72122","72122","72122","3.117000102996826","3.117000102996826","3.117000102996826","38715","38715","38715","3.1449999809265137","3.1449999809265137","3.1449999809265137"
"1677","39003","39003","39003","3.243000030517578","3.243000030517578","3.243000030517578","72124","72124","72124","1.2619997262954712","1.2619997262954712","1.2619997262954712","38717","38717","38717","3.313999652862549","3.313999652862549","3.313999652862549"
"1678","39005","39005","39005","3.2129998207092285","3.2129998207092285","3.2129998207092285","72126","72126","72126","3.250999927520752","3.250999927520752","3.250999927520752","38719","38719","38719","3.3530001640319824","3.3530001640319824","3.3530001640319824"
"1679","39007","39007","39007","3.3400001525878906","3.3400001525878906","3.3400001525878906","72128","72128","72128","3.3340001106262207","3.3340001106262207","3.3340001106262207","38721","38721","38721","3.3359999656677246","3.3359999656677246","3.3359999656677246"
"1680","39009","39009","39009","3.23099946975708","3.23099946975708","3.23099946975708","72130","72130","72130","1.2619998455047607","1.2619998455047607","1.2619998455047607","38723","38723","38723","3.320000171661377","3.320000171661377","3.320000171661377"
"1681","39011","39011","39011","3.2109999656677246","3.2109999656677246","3.2109999656677246","72132","72132","72132","3.354999542236328","3.354999542236328","3.354999542236328","38725","38725","38725","3.4029998779296875","3.4029998779296875","3.4029998779296875"
"1682","39013","39013","39013","3.319000244140625","3.319000244140625","3.319000244140625","72134","72134","72134","3.303999900817871","3.303999900817871","3.303999900817871","38727","38727","38727","3.4079999923706055","3.4079999923706055","3.4079999923706055"
"1683","39178","39178","39178","3.078000068664551","3.078000068664551","3.078000068664551","72450","72450","72450","1.0119999647140503","1.0119999647140503","1.0119999647140503","38887","38887","38887","2.921999931335449","2.921999931335449","2.921999931335449"
"1684","39180","39180","39180","3.0480000972747803","3.0480000972747803","3.0480000972747803","72452","72452","72452","3.122999668121338","3.122999668121338","3.122999668121338","38889","38889","38889","3.1050000190734863","3.1050000190734863","3.1050000190734863"
"1685","39182","39182","39182","3.1620001792907715","3.1620001792907715","3.1620001792907715","72454","72454","72454","3.1299996376037598","3.1299996376037598","3.1299996376037598","38891","38891","38891","3.0989999771118164","3.0989999771118164","3.0989999771118164"
"1686","39184","39184","39184","3.244999885559082","3.244999885559082","3.244999885559082","72456","72456","72456","1.2619997262954712","1.2619997262954712","1.2619997262954712","38893","38893","38893","3.3199996948242188","3.3199996948242188","3.3199996948242188"
"1687","39186","39186","39186","3.3330001831054688","3.3330001831054688","3.3330001831054688","72458","72458","72458","3.2740001678466797","3.2740001678466797","3.2740001678466797","38895","38895","38895","3.3319997787475586","3.3319997787475586","3.3319997787475586"
"1688","39188","39188","39188","3.3299999237060547","3.3299999237060547","3.3299999237060547","72460","72460","72460","3.3480000495910645","3.3480000495910645","3.3480000495910645","38897","38897","38897","3.357999801635742","3.357999801635742","3.357999801635742"
"1689","39190","39190","39190","3.237999439239502","3.237999439239502","3.237999439239502","72462","72462","72462","1.2619998455047607","1.2619998455047607","1.2619998455047607","38899","38899","38899","3.332000255584717","3.332000255584717","3.332000255584717"
"1690","39192","39192","39192","3.3899998664855957","3.3899998664855957","3.3899998664855957","72464","72464","72464","3.3420000076293945","3.3420000076293945","3.3420000076293945","38901","38901","38901","3.3869996070861816","3.3869996070861816","3.3869996070861816"
"1691","39194","39194","39194","3.320000171661377","3.320000171661377","3.320000171661377","72466","72466","72466","3.3849997520446777","3.3849997520446777","3.3849997520446777","38903","38903","38903","3.386000156402588","3.386000156402588","3.386000156402588"
"1692","39352","39352","39352","3.111999988555908","3.111999988555908","3.111999988555908","72782","72782","72782","1.0120000839233398","1.0120000839233398","1.0120000839233398","39060","39060","39060","2.9010000228881836","2.9010000228881836","2.9010000228881836"
"1693","39354","39354","39354","3.068000078201294","3.068000078201294","3.068000078201294","72784","72784","72784","3.0830001831054688","3.0830001831054688","3.0830001831054688","39062","39062","39062","3.126999855041504","3.126999855041504","3.126999855041504"
"1694","39356","39356","39356","3.068000078201294","3.068000078201294","3.068000078201294","72786","72786","72786","0.9919997453689575","0.9919997453689575","0.9919997453689575","39064","39064","39064","3.1500000953674316","3.1500000953674316","3.1500000953674316"
"1695","39358","39358","39358","3.239999771118164","3.239999771118164","3.239999771118164","72788","72788","72788","1.2619996070861816","1.2619996070861816","1.2619996070861816","39066","39066","39066","3.3359994888305664","3.3359994888305664","3.3359994888305664"
"1696","39360","39360","39360","3.2680001258850098","3.2680001258850098","3.2680001258850098","72790","72790","72790","3.250999927520752","3.250999927520752","3.250999927520752","39068","39068","39068","3.309999942779541","3.309999942779541","3.309999942779541"
"1697","39362","39362","39362","3.357999801635742","3.357999801635742","3.357999801635742","72792","72792","72792","3.363999843597412","3.363999843597412","3.363999843597412","39070","39070","39070","3.3340001106262207","3.3340001106262207","3.3340001106262207"
"1698","39364","39364","39364","3.243999481201172","3.243999481201172","3.243999481201172","72794","72794","72794","3.0279998779296875","3.0279998779296875","3.0279998779296875","39072","39072","39072","3.331000328063965","3.331000328063965","3.331000328063965"
"1699","39366","39366","39366","3.352999687194824","3.352999687194824","3.352999687194824","72796","72796","72796","3.36899995803833","3.36899995803833","3.36899995803833","39074","39074","39074","3.4029998779296875","3.4029998779296875","3.4029998779296875"
"1700","39368","39368","39368","3.388000011444092","3.388000011444092","3.388000011444092","72798","72798","72798","3.2140002250671387","3.2140002250671387","3.2140002250671387","39076","39076","39076","3.3889999389648438","3.3889999389648438","3.3889999389648438"
"1701","39531","39531","39531","3.11899995803833","3.11899995803833","3.11899995803833","73115","73115","73115","1.0120000839233398","1.0120000839233398","1.0120000839233398","39234","39234","39234","2.9000000953674316","2.9000000953674316","2.9000000953674316"
"1702","39533","39533","39533","3.1399998664855957","3.1399998664855957","3.1399998664855957","73117","73117","73117","3.0329999923706055","3.0329999923706055","3.0329999923706055","39236","39236","39236","3.111999988555908","3.111999988555908","3.111999988555908"
"1703","39535","39535","39535","3.1480002403259277","3.1480002403259277","3.1480002403259277","73119","73119","73119","3.069000005722046","3.069000005722046","3.069000005722046","39238","39238","39238","3.1560001373291016","3.1560001373291016","3.1560001373291016"
"1704","39537","39537","39537","3.2639999389648438","3.2639999389648438","3.2639999389648438","73121","73121","73121","1.061999797821045","1.061999797821045","1.061999797821045","39240","39240","39240","3.3359994888305664","3.3359994888305664","3.3359994888305664"
"1705","39539","39539","39539","3.2709999084472656","3.2709999084472656","3.2709999084472656","73123","73123","73123","3.2150001525878906","3.2150001525878906","3.2150001525878906","39242","39242","39242","1.2419997453689575","1.2419997453689575","1.2419997453689575"
"1706","39541","39541","39541","3.363999843597412","3.363999843597412","3.363999843597412","73125","73125","73125","3.3429999351501465","3.3429999351501465","3.3429999351501465","39244","39244","39244","3.36299991607666","3.36299991607666","3.36299991607666"
"1707","39543","39543","39543","3.227999687194824","3.227999687194824","3.227999687194824","73127","73127","73127","1.2619998455047607","1.2619998455047607","1.2619998455047607","39246","39246","39246","3.331000328063965","3.331000328063965","3.331000328063965"
"1708","39545","39545","39545","3.2150001525878906","3.2150001525878906","3.2150001525878906","73129","73129","73129","3.375","3.375","3.375","39248","39248","39248","3.369999885559082","3.369999885559082","3.369999885559082"
"1709","39547","39547","39547","3.385000228881836","3.385000228881836","3.385000228881836","73131","73131","73131","3.3899998664855957","3.3899998664855957","3.3899998664855957","39250","39250","39250","3.3859996795654297","3.3859996795654297","3.3859996795654297"
"1710","39713","39713","39713","2.8459999561309814","2.8459999561309814","2.8459999561309814","73447","73447","73447","1.0120000839233398","1.0120000839233398","1.0120000839233398","39406","39406","39406","2.882999897003174","2.882999897003174","2.882999897003174"
"1711","39715","39715","39715","3.1409997940063477","3.1409997940063477","3.1409997940063477","73449","73449","73449","3.1589999198913574","3.1589999198913574","3.1589999198913574","39408","39408","39408","3.130000114440918","3.130000114440918","3.130000114440918"
"1712","39717","39717","39717","0.9919998645782471","0.9919998645782471","0.9919998645782471","73451","73451","73451","3.1579999923706055","3.1579999923706055","3.1579999923706055","39410","39410","39410","3.1449999809265137","3.1449999809265137","3.1449999809265137"
"1713","39719","39719","39719","3.3339996337890625","3.3339996337890625","3.3339996337890625","73453","73453","73453","1.0619999170303345","1.0619999170303345","1.0619999170303345","39412","39412","39412","3.3329997062683105","3.3329997062683105","3.3329997062683105"
"1714","39721","39721","39721","3.2170000076293945","3.2170000076293945","3.2170000076293945","73455","73455","73455","3.2699999809265137","3.2699999809265137","3.2699999809265137","39414","39414","39414","1.241999864578247","1.241999864578247","1.241999864578247"
"1715","39723","39723","39723","3.3420000076293945","3.3420000076293945","3.3420000076293945","73457","73457","73457","3.3420000076293945","3.3420000076293945","3.3420000076293945","39416","39416","39416","3.3460001945495605","3.3460001945495605","3.3460001945495605"
"1716","39725","39725","39725","3.3330001831054688","3.3330001831054688","3.3330001831054688","73459","73459","73459","3.2569994926452637","3.2569994926452637","3.2569994926452637","39418","39418","39418","3.315000057220459","3.315000057220459","3.315000057220459"
"1717","39727","39727","39727","3.2080001831054688","3.2080001831054688","3.2080001831054688","73461","73461","73461","3.3499999046325684","3.3499999046325684","3.3499999046325684","39420","39420","39420","3.3859996795654297","3.3859996795654297","3.3859996795654297"
"1718","39729","39729","39729","3.4010000228881836","3.4010000228881836","3.4010000228881836","73463","73463","73463","3.302000045776367","3.302000045776367","3.302000045776367","39422","39422","39422","3.4029998779296875","3.4029998779296875","3.4029998779296875"
"1719","39887","39887","39887","2.8420000076293945","2.8420000076293945","2.8420000076293945","73779","73779","73779","1.0119999647140503","1.0119999647140503","1.0119999647140503","39582","39582","39582","2.9099998474121094","2.9099998474121094","2.9099998474121094"
"1720","39889","39889","39889","3.133999824523926","3.133999824523926","3.133999824523926","73781","73781","73781","3.115999698638916","3.115999698638916","3.115999698638916","39584","39584","39584","3.1130003929138184","3.1130003929138184","3.1130003929138184"
"1721","39891","39891","39891","0.9919998645782471","0.9919998645782471","0.9919998645782471","73783","73783","73783","3.119999885559082","3.119999885559082","3.119999885559082","39586","39586","39586","3.123000144958496","3.123000144958496","3.123000144958496"
"1722","39893","39893","39893","3.304999828338623","3.304999828338623","3.304999828338623","73785","73785","73785","1.061999797821045","1.061999797821045","1.061999797821045","39588","39588","39588","3.3269996643066406","3.3269996643066406","3.3269996643066406"
"1723","39895","39895","39895","3.3329997062683105","3.3329997062683105","3.3329997062683105","73787","73787","73787","3.2719998359680176","3.2719998359680176","3.2719998359680176","39590","39590","39590","3.3499999046325684","3.3499999046325684","3.3499999046325684"
"1724","39897","39897","39897","3.3429999351501465","3.3429999351501465","3.3429999351501465","73789","73789","73789","3.3470001220703125","3.3470001220703125","3.3470001220703125","39592","39592","39592","3.3610000610351562","3.3610000610351562","3.3610000610351562"
"1725","39899","39899","39899","3.2799997329711914","3.2799997329711914","3.2799997329711914","73791","73791","73791","3.245999813079834","3.245999813079834","3.245999813079834","39594","39594","39594","3.3289999961853027","3.3289999961853027","3.3289999961853027"
"1726","39901","39901","39901","3.3339996337890625","3.3339996337890625","3.3339996337890625","73793","73793","73793","3.3569998741149902","3.3569998741149902","3.3569998741149902","39596","39596","39596","3.38700008392334","3.38700008392334","3.38700008392334"
"1727","39903","39903","39903","3.3899998664855957","3.3899998664855957","3.3899998664855957","73795","73795","73795","3.322999954223633","3.322999954223633","3.322999954223633","39598","39598","39598","3.3849997520446777","3.3849997520446777","3.3849997520446777"
"1728","40064","40064","40064","2.8429999351501465","2.8429999351501465","2.8429999351501465","74112","74112","74112","1.0120002031326294","1.0120002031326294","1.0120002031326294","39760","39760","39760","3.0819997787475586","3.0819997787475586","3.0819997787475586"
"1729","40066","40066","40066","3.120999813079834","3.120999813079834","3.120999813079834","74114","74114","74114","3.146000385284424","3.146000385284424","3.146000385284424","39762","39762","39762","3.1110000610351562","3.1110000610351562","3.1110000610351562"
"1730","40068","40068","40068","3.1640000343322754","3.1640000343322754","3.1640000343322754","74116","74116","74116","3.131999969482422","3.131999969482422","3.131999969482422","39764","39764","39764","3.127999782562256","3.127999782562256","3.127999782562256"
"1731","40070","40070","40070","3.190999984741211","3.190999984741211","3.190999984741211","74118","74118","74118","3.239999294281006","3.239999294281006","3.239999294281006","39766","39766","39766","3.3219995498657227","3.3219995498657227","3.3219995498657227"
"1732","40072","40072","40072","3.2309999465942383","3.2309999465942383","3.2309999465942383","74120","74120","74120","3.2249999046325684","3.2249999046325684","3.2249999046325684","39768","39768","39768","3.363999843597412","3.363999843597412","3.363999843597412"
"1733","40074","40074","40074","3.3610000610351562","3.3610000610351562","3.3610000610351562","74122","74122","74122","3.3460001945495605","3.3460001945495605","3.3460001945495605","39770","39770","39770","3.3480000495910645","3.3480000495910645","3.3480000495910645"
"1734","40076","40076","40076","1.2619996070861816","1.2619996070861816","1.2619996070861816","74124","74124","74124","3.2609996795654297","3.2609996795654297","3.2609996795654297","39772","39772","39772","3.3289999961853027","3.3289999961853027","3.3289999961853027"
"1735","40078","40078","40078","3.200000286102295","3.200000286102295","3.200000286102295","74126","74126","74126","3.2280001640319824","3.2280001640319824","3.2280001640319824","39774","39774","39774","3.4010000228881836","3.4010000228881836","3.4010000228881836"
"1736","40080","40080","40080","3.4089999198913574","3.4089999198913574","3.4089999198913574","74128","74128","74128","3.322999954223633","3.322999954223633","3.322999954223633","39776","39776","39776","3.4049997329711914","3.4049997329711914","3.4049997329711914"
"1737","40246","40246","40246","1.0119999647140503","1.0119999647140503","1.0119999647140503","74444","74444","74444","1.0120002031326294","1.0120002031326294","1.0120002031326294","39937","39937","39937","2.8969998359680176","2.8969998359680176","2.8969998359680176"
"1738","40248","40248","40248","0.9919999837875366","0.9919999837875366","0.9919999837875366","74446","74446","74446","3.059000015258789","3.059000015258789","3.059000015258789","39939","39939","39939","3.13100004196167","3.13100004196167","3.13100004196167"
"1739","40250","40250","40250","3.0950002670288086","3.0950002670288086","3.0950002670288086","74448","74448","74448","0.9919998645782471","0.9919998645782471","0.9919998645782471","39941","39941","39941","3.142000198364258","3.142000198364258","3.142000198364258"
"1740","40252","40252","40252","3.244999885559082","3.244999885559082","3.244999885559082","74450","74450","74450","3.258999824523926","3.258999824523926","3.258999824523926","39943","39943","39943","3.3269996643066406","3.3269996643066406","3.3269996643066406"
"1741","40254","40254","40254","3.258999824523926","3.258999824523926","3.258999824523926","74452","74452","74452","3.263000011444092","3.263000011444092","3.263000011444092","39945","39945","39945","3.3470001220703125","3.3470001220703125","3.3470001220703125"
"1742","40256","40256","40256","3.3460001945495605","3.3460001945495605","3.3460001945495605","74454","74454","74454","3.3340001106262207","3.3340001106262207","3.3340001106262207","39947","39947","39947","3.3489999771118164","3.3489999771118164","3.3489999771118164"
"1743","40258","40258","40258","3.244999408721924","3.244999408721924","3.244999408721924","74456","74456","74456","3.24899959564209","3.24899959564209","3.24899959564209","39949","39949","39949","3.3380002975463867","3.3380002975463867","3.3380002975463867"
"1744","40260","40260","40260","3.2249999046325684","3.2249999046325684","3.2249999046325684","74458","74458","74458","3.370999813079834","3.370999813079834","3.370999813079834","39951","39951","39951","3.383999824523926","3.383999824523926","3.383999824523926"
"1745","40262","40262","40262","3.4019999504089355","3.4019999504089355","3.4019999504089355","74460","74460","74460","1.241999864578247","1.241999864578247","1.241999864578247","39953","39953","39953","3.3849997520446777","3.3849997520446777","3.3849997520446777"
"1746","40422","40422","40422","1.0120002031326294","1.0120002031326294","1.0120002031326294","74776","74776","74776","1.0120000839233398","1.0120000839233398","1.0120000839233398","40113","40113","40113","2.9079999923706055","2.9079999923706055","2.9079999923706055"
"1747","40424","40424","40424","3.074000120162964","3.074000120162964","3.074000120162964","74778","74778","74778","3.129000186920166","3.129000186920166","3.129000186920166","40115","40115","40115","3.142000198364258","3.142000198364258","3.142000198364258"
"1748","40426","40426","40426","3.1640000343322754","3.1640000343322754","3.1640000343322754","74780","74780","74780","0.9919997453689575","0.9919997453689575","0.9919997453689575","40117","40117","40117","3.1529998779296875","3.1529998779296875","3.1529998779296875"
"1749","40428","40428","40428","3.2029995918273926","3.2029995918273926","3.2029995918273926","74782","74782","74782","1.061999797821045","1.061999797821045","1.061999797821045","40119","40119","40119","3.3219995498657227","3.3219995498657227","3.3219995498657227"
"1750","40430","40430","40430","3.3319997787475586","3.3319997787475586","3.3319997787475586","74784","74784","74784","3.2210001945495605","3.2210001945495605","3.2210001945495605","40121","40121","40121","3.3519997596740723","3.3519997596740723","3.3519997596740723"
"1751","40432","40432","40432","3.3309998512268066","3.3309998512268066","3.3309998512268066","74786","74786","74786","3.3359999656677246","3.3359999656677246","3.3359999656677246","40123","40123","40123","3.3569998741149902","3.3569998741149902","3.3569998741149902"
"1752","40434","40434","40434","3.249999523162842","3.249999523162842","3.249999523162842","74788","74788","74788","3.258999824523926","3.258999824523926","3.258999824523926","40125","40125","40125","3.3330001831054688","3.3330001831054688","3.3330001831054688"
"1753","40436","40436","40436","3.4089999198913574","3.4089999198913574","3.4089999198913574","74790","74790","74790","3.37399959564209","3.37399959564209","3.37399959564209","40127","40127","40127","3.3899998664855957","3.3899998664855957","3.3899998664855957"
"1754","40438","40438","40438","3.3849997520446777","3.3849997520446777","3.3849997520446777","74792","74792","74792","3.4000000953674316","3.4000000953674316","3.4000000953674316","40129","40129","40129","3.3849997520446777","3.3849997520446777","3.3849997520446777"
"1755","40601","40601","40601","1.0119999647140503","1.0119999647140503","1.0119999647140503","75109","75109","75109","1.0120000839233398","1.0120000839233398","1.0120000839233398","40290","40290","40290","2.921999931335449","2.921999931335449","2.921999931335449"
"1756","40603","40603","40603","3.074000120162964","3.074000120162964","3.074000120162964","75111","75111","75111","3.133000373840332","3.133000373840332","3.133000373840332","40292","40292","40292","3.0940003395080566","3.0940003395080566","3.0940003395080566"
"1757","40605","40605","40605","3.1730003356933594","3.1730003356933594","3.1730003356933594","75113","75113","75113","3.052999973297119","3.052999973297119","3.052999973297119","40294","40294","40294","3.1570000648498535","3.1570000648498535","3.1570000648498535"
"1758","40607","40607","40607","1.2619996070861816","1.2619996070861816","1.2619996070861816","75115","75115","75115","1.061999797821045","1.061999797821045","1.061999797821045","40296","40296","40296","3.314999580383301","3.314999580383301","3.314999580383301"
"1759","40609","40609","40609","3.2669997215270996","3.2669997215270996","3.2669997215270996","75117","75117","75117","3.255000114440918","3.255000114440918","3.255000114440918","40298","40298","40298","3.308000087738037","3.308000087738037","3.308000087738037"
"1760","40611","40611","40611","3.363999843597412","3.363999843597412","3.363999843597412","75119","75119","75119","3.3469996452331543","3.3469996452331543","3.3469996452331543","40300","40300","40300","1.241999864578247","1.241999864578247","1.241999864578247"
"1761","40613","40613","40613","3.2569994926452637","3.2569994926452637","3.2569994926452637","75121","75121","75121","3.238999843597412","3.238999843597412","3.238999843597412","40302","40302","40302","3.322999954223633","3.322999954223633","3.322999954223633"
"1762","40615","40615","40615","3.185999870300293","3.185999870300293","3.185999870300293","75123","75123","75123","3.354999542236328","3.354999542236328","3.354999542236328","40304","40304","40304","3.4010000228881836","3.4010000228881836","3.4010000228881836"
"1763","40617","40617","40617","3.3859996795654297","3.3859996795654297","3.3859996795654297","75125","75125","75125","3.4009995460510254","3.4009995460510254","3.4009995460510254","40306","40306","40306","3.4010000228881836","3.4010000228881836","3.4010000228881836"
"1764","40781","40781","40781","3.1020002365112305","3.1020002365112305","3.1020002365112305","75441","75441","75441","1.0120000839233398","1.0120000839233398","1.0120000839233398","40469","40469","40469","2.888000011444092","2.888000011444092","2.888000011444092"
"1765","40783","40783","40783","3.0890002250671387","3.0890002250671387","3.0890002250671387","75443","75443","75443","3.134000301361084","3.134000301361084","3.134000301361084","40471","40471","40471","3.113999843597412","3.113999843597412","3.113999843597412"
"1766","40785","40785","40785","3.1560001373291016","3.1560001373291016","3.1560001373291016","75445","75445","75445","0.9919997453689575","0.9919997453689575","0.9919997453689575","40473","40473","40473","3.1549997329711914","3.1549997329711914","3.1549997329711914"
"1767","40787","40787","40787","3.238999843597412","3.238999843597412","3.238999843597412","75447","75447","75447","1.062000036239624","1.062000036239624","1.062000036239624","40475","40475","40475","3.3269996643066406","3.3269996643066406","3.3269996643066406"
"1768","40789","40789","40789","3.3319997787475586","3.3319997787475586","3.3319997787475586","75449","75449","75449","3.2699999809265137","3.2699999809265137","3.2699999809265137","40477","40477","40477","3.3429999351501465","3.3429999351501465","3.3429999351501465"
"1769","40791","40791","40791","3.3429999351501465","3.3429999351501465","3.3429999351501465","75451","75451","75451","3.3249998092651367","3.3249998092651367","3.3249998092651367","40479","40479","40479","3.332000255584717","3.332000255584717","3.332000255584717"
"1770","40793","40793","40793","3.246999740600586","3.246999740600586","3.246999740600586","75453","75453","75453","3.0219998359680176","3.0219998359680176","3.0219998359680176","40481","40481","40481","3.332000255584717","3.332000255584717","3.332000255584717"
"1771","40795","40795","40795","3.184000015258789","3.184000015258789","3.184000015258789","75455","75455","75455","3.2709999084472656","3.2709999084472656","3.2709999084472656","40483","40483","40483","3.3849997520446777","3.3849997520446777","3.3849997520446777"
"1772","40797","40797","40797","3.3889999389648438","3.3889999389648438","3.3889999389648438","75457","75457","75457","3.3849997520446777","3.3849997520446777","3.3849997520446777","40485","40485","40485","3.386000156402588","3.386000156402588","3.386000156402588"
"1773","40961","40961","40961","3.078000068664551","3.078000068664551","3.078000068664551","75774","75774","75774","1.0120000839233398","1.0120000839233398","1.0120000839233398","40644","40644","40644","2.9180002212524414","2.9180002212524414","2.9180002212524414"
"1774","40963","40963","40963","0.9919997453689575","0.9919997453689575","0.9919997453689575","75776","75776","75776","3.118000030517578","3.118000030517578","3.118000030517578","40646","40646","40646","3.058000087738037","3.058000087738037","3.058000087738037"
"1775","40965","40965","40965","3.1600003242492676","3.1600003242492676","3.1600003242492676","75778","75778","75778","3.128999710083008","3.128999710083008","3.128999710083008","40648","40648","40648","3.1050000190734863","3.1050000190734863","3.1050000190734863"
"1776","40967","40967","40967","3.197999954223633","3.197999954223633","3.197999954223633","75780","75780","75780","1.2619996070861816","1.2619996070861816","1.2619996070861816","40650","40650","40650","3.3339996337890625","3.3339996337890625","3.3339996337890625"
"1777","40969","40969","40969","3.251999855041504","3.251999855041504","3.251999855041504","75782","75782","75782","3.3319997787475586","3.3319997787475586","3.3319997787475586","40652","40652","40652","3.36299991607666","3.36299991607666","3.36299991607666"
"1778","40971","40971","40971","3.3519997596740723","3.3519997596740723","3.3519997596740723","75784","75784","75784","3.3289999961853027","3.3289999961853027","3.3289999961853027","40654","40654","40654","3.3350000381469727","3.3350000381469727","3.3350000381469727"
"1779","40973","40973","40973","3.2669997215270996","3.2669997215270996","3.2669997215270996","75786","75786","75786","3.23099946975708","3.23099946975708","3.23099946975708","40656","40656","40656","3.3340001106262207","3.3340001106262207","3.3340001106262207"
"1780","40975","40975","40975","3.3409996032714844","3.3409996032714844","3.3409996032714844","75788","75788","75788","3.322999954223633","3.322999954223633","3.322999954223633","40658","40658","40658","3.381999969482422","3.381999969482422","3.381999969482422"
"1781","40977","40977","40977","3.3899998664855957","3.3899998664855957","3.3899998664855957","75790","75790","75790","3.4059996604919434","3.4059996604919434","3.4059996604919434","40660","40660","40660","3.3869996070861816","3.3869996070861816","3.3869996070861816"
"1782","41141","41141","41141","3.1070003509521484","3.1070003509521484","3.1070003509521484","76106","76106","76106","1.0119999647140503","1.0119999647140503","1.0119999647140503","40817","40817","40817","2.876999855041504","2.876999855041504","2.876999855041504"
"1783","41143","41143","41143","3.069000005722046","3.069000005722046","3.069000005722046","76108","76108","76108","0.991999626159668","0.991999626159668","0.991999626159668","40819","40819","40819","3.0470001697540283","3.0470001697540283","3.0470001697540283"
"1784","41145","41145","41145","3.1750001907348633","3.1750001907348633","3.1750001907348633","76110","76110","76110","0.9919998645782471","0.9919998645782471","0.9919998645782471","40821","40821","40821","3.1140003204345703","3.1140003204345703","3.1140003204345703"
"1785","41147","41147","41147","1.2619997262954712","1.2619997262954712","1.2619997262954712","76112","76112","76112","1.2619998455047607","1.2619998455047607","1.2619998455047607","40823","40823","40823","3.3219995498657227","3.3219995498657227","3.3219995498657227"
"1786","41149","41149","41149","3.173999786376953","3.173999786376953","3.173999786376953","76114","76114","76114","3.257999897003174","3.257999897003174","3.257999897003174","40825","40825","40825","3.363999843597412","3.363999843597412","3.363999843597412"
"1787","41151","41151","41151","3.3470001220703125","3.3470001220703125","3.3470001220703125","76116","76116","76116","3.3480000495910645","3.3480000495910645","3.3480000495910645","40827","40827","40827","3.3610000610351562","3.3610000610351562","3.3610000610351562"
"1788","41153","41153","41153","1.261999487876892","1.261999487876892","1.261999487876892","76118","76118","76118","1.2619998455047607","1.2619998455047607","1.2619998455047607","40829","40829","40829","3.3510003089904785","3.3510003089904785","3.3510003089904785"
"1789","41155","41155","41155","3.35599946975708","3.35599946975708","3.35599946975708","76120","76120","76120","3.359999656677246","3.359999656677246","3.359999656677246","40831","40831","40831","3.38700008392334","3.38700008392334","3.38700008392334"
"1790","41157","41157","41157","3.4029998779296875","3.4029998779296875","3.4029998779296875","76122","76122","76122","3.311999797821045","3.311999797821045","3.311999797821045","40833","40833","40833","3.3969998359680176","3.3969998359680176","3.3969998359680176"
"1791","41318","41318","41318","3.1020002365112305","3.1020002365112305","3.1020002365112305","76438","76438","76438","1.0120000839233398","1.0120000839233398","1.0120000839233398","40995","40995","40995","2.9099998474121094","2.9099998474121094","2.9099998474121094"
"1792","41320","41320","41320","3.058000087738037","3.058000087738037","3.058000087738037","76440","76440","76440","3.0970001220703125","3.0970001220703125","3.0970001220703125","40997","40997","40997","3.115999698638916","3.115999698638916","3.115999698638916"
"1793","41322","41322","41322","0.9919998645782471","0.9919998645782471","0.9919998645782471","76442","76442","76442","3.082000255584717","3.082000255584717","3.082000255584717","40999","40999","40999","3.120999813079834","3.120999813079834","3.120999813079834"
"1794","41324","41324","41324","3.290999412536621","3.290999412536621","3.290999412536621","76444","76444","76444","1.2619997262954712","1.2619997262954712","1.2619997262954712","41001","41001","41001","3.3269996643066406","3.3269996643066406","3.3269996643066406"
"1795","41326","41326","41326","3.3489999771118164","3.3489999771118164","3.3489999771118164","76446","76446","76446","3.3329997062683105","3.3329997062683105","3.3329997062683105","41003","41003","41003","3.3429999351501465","3.3429999351501465","3.3429999351501465"
"1796","41328","41328","41328","3.3359999656677246","3.3359999656677246","3.3359999656677246","76448","76448","76448","3.3460001945495605","3.3460001945495605","3.3460001945495605","41005","41005","41005","3.3569998741149902","3.3569998741149902","3.3569998741149902"
"1797","41330","41330","41330","3.2169995307922363","3.2169995307922363","3.2169995307922363","76450","76450","76450","3.0429999828338623","3.0429999828338623","3.0429999828338623","41007","41007","41007","3.3289999961853027","3.3289999961853027","3.3289999961853027"
"1798","41332","41332","41332","3.2150001525878906","3.2150001525878906","3.2150001525878906","76452","76452","76452","3.3379998207092285","3.3379998207092285","3.3379998207092285","41009","41009","41009","3.38700008392334","3.38700008392334","3.38700008392334"
"1799","41334","41334","41334","3.382999897003174","3.382999897003174","3.382999897003174","76454","76454","76454","3.3899998664855957","3.3899998664855957","3.3899998664855957","41011","41011","41011","3.383999824523926","3.383999824523926","3.383999824523926"
"1800","41494","41494","41494","3.1030001640319824","3.1030001640319824","3.1030001640319824","76771","76771","76771","1.0120000839233398","1.0120000839233398","1.0120000839233398","41174","41174","41174","2.9049997329711914","2.9049997329711914","2.9049997329711914"
"1801","41496","41496","41496","3.1710004806518555","3.1710004806518555","3.1710004806518555","76773","76773","76773","3.063000202178955","3.063000202178955","3.063000202178955","41176","41176","41176","3.130000114440918","3.130000114440918","3.130000114440918"
"1802","41498","41498","41498","3.1520004272460938","3.1520004272460938","3.1520004272460938","76775","76775","76775","3.0880002975463867","3.0880002975463867","3.0880002975463867","41178","41178","41178","3.1579999923706055","3.1579999923706055","3.1579999923706055"
"1803","41500","41500","41500","3.258999824523926","3.258999824523926","3.258999824523926","76777","76777","76777","1.261999487876892","1.261999487876892","1.261999487876892","41180","41180","41180","3.3359994888305664","3.3359994888305664","3.3359994888305664"
"1804","41502","41502","41502","3.263000011444092","3.263000011444092","3.263000011444092","76779","76779","76779","3.2699999809265137","3.2699999809265137","3.2699999809265137","41182","41182","41182","3.3530001640319824","3.3530001640319824","3.3530001640319824"
"1805","41504","41504","41504","3.3610000610351562","3.3610000610351562","3.3610000610351562","76781","76781","76781","3.3439998626708984","3.3439998626708984","3.3439998626708984","41184","41184","41184","3.3330001831054688","3.3330001831054688","3.3330001831054688"
"1806","41506","41506","41506","3.24899959564209","3.24899959564209","3.24899959564209","76783","76783","76783","3.2559995651245117","3.2559995651245117","3.2559995651245117","41186","41186","41186","3.331000328063965","3.331000328063965","3.331000328063965"
"1807","41508","41508","41508","3.322999954223633","3.322999954223633","3.322999954223633","76785","76785","76785","3.354999542236328","3.354999542236328","3.354999542236328","41188","41188","41188","3.36899995803833","3.36899995803833","3.36899995803833"
"1808","41510","41510","41510","3.3899998664855957","3.3899998664855957","3.3899998664855957","76787","76787","76787","3.3869996070861816","3.3869996070861816","3.3869996070861816","41190","41190","41190","3.3849997520446777","3.3849997520446777","3.3849997520446777"
"1809","41672","41672","41672","2.8859996795654297","2.8859996795654297","2.8859996795654297","77103","77103","77103","1.0120000839233398","1.0120000839233398","1.0120000839233398","41352","41352","41352","2.9060001373291016","2.9060001373291016","2.9060001373291016"
"1810","41674","41674","41674","3.1550002098083496","3.1550002098083496","3.1550002098083496","77105","77105","77105","3.077000141143799","3.077000141143799","3.077000141143799","41354","41354","41354","3.115999698638916","3.115999698638916","3.115999698638916"
"1811","41676","41676","41676","3.177999973297119","3.177999973297119","3.177999973297119","77107","77107","77107","3.06000018119812","3.06000018119812","3.06000018119812","41356","41356","41356","3.1490001678466797","3.1490001678466797","3.1490001678466797"
"1812","41678","41678","41678","3.2569994926452637","3.2569994926452637","3.2569994926452637","77109","77109","77109","1.2619997262954712","1.2619997262954712","1.2619997262954712","41358","41358","41358","3.3259997367858887","3.3259997367858887","3.3259997367858887"
"1813","41680","41680","41680","3.3420000076293945","3.3420000076293945","3.3420000076293945","77111","77111","77111","3.250999927520752","3.250999927520752","3.250999927520752","41360","41360","41360","3.3449997901916504","3.3449997901916504","3.3449997901916504"
"1814","41682","41682","41682","3.3569998741149902","3.3569998741149902","3.3569998741149902","77113","77113","77113","3.3350000381469727","3.3350000381469727","3.3350000381469727","41362","41362","41362","3.3439998626708984","3.3439998626708984","3.3439998626708984"
"1815","41684","41684","41684","3.24899959564209","3.24899959564209","3.24899959564209","77115","77115","77115","3.237999439239502","3.237999439239502","3.237999439239502","41364","41364","41364","3.308000087738037","3.308000087738037","3.308000087738037"
"1816","41686","41686","41686","3.247000217437744","3.247000217437744","3.247000217437744","77117","77117","77117","3.383999824523926","3.383999824523926","3.383999824523926","41366","41366","41366","3.3849997520446777","3.3849997520446777","3.3849997520446777"
"1817","41688","41688","41688","3.321000099182129","3.321000099182129","3.321000099182129","77119","77119","77119","3.306999683380127","3.306999683380127","3.306999683380127","41368","41368","41368","3.388000011444092","3.388000011444092","3.388000011444092"
"1818","41849","41849","41849","3.0980000495910645","3.0980000495910645","3.0980000495910645","77435","77435","77435","1.0120000839233398","1.0120000839233398","1.0120000839233398","41529","41529","41529","2.9010000228881836","2.9010000228881836","2.9010000228881836"
"1819","41851","41851","41851","3.0910000801086426","3.0910000801086426","3.0910000801086426","77437","77437","77437","3.0850000381469727","3.0850000381469727","3.0850000381469727","41531","41531","41531","3.117000102996826","3.117000102996826","3.117000102996826"
"1820","41853","41853","41853","3.1510000228881836","3.1510000228881836","3.1510000228881836","77439","77439","77439","3.1540002822875977","3.1540002822875977","3.1540002822875977","41533","41533","41533","3.138000011444092","3.138000011444092","3.138000011444092"
"1821","41855","41855","41855","3.24399995803833","3.24399995803833","3.24399995803833","77441","77441","77441","3.2739996910095215","3.2739996910095215","3.2739996910095215","41535","41535","41535","3.3269996643066406","3.3269996643066406","3.3269996643066406"
"1822","41857","41857","41857","3.2220001220703125","3.2220001220703125","3.2220001220703125","77443","77443","77443","3.186999797821045","3.186999797821045","3.186999797821045","41537","41537","41537","3.361999988555908","3.361999988555908","3.361999988555908"
"1823","41859","41859","41859","3.3420000076293945","3.3420000076293945","3.3420000076293945","77445","77445","77445","3.3309998512268066","3.3309998512268066","3.3309998512268066","41539","41539","41539","3.3489999771118164","3.3489999771118164","3.3489999771118164"
"1824","41861","41861","41861","3.2629995346069336","3.2629995346069336","3.2629995346069336","77447","77447","77447","3.2569994926452637","3.2569994926452637","3.2569994926452637","41541","41541","41541","3.332000255584717","3.332000255584717","3.332000255584717"
"1825","41863","41863","41863","3.3879995346069336","3.3879995346069336","3.3879995346069336","77449","77449","77449","3.3349995613098145","3.3349995613098145","3.3349995613098145","41543","41543","41543","3.38700008392334","3.38700008392334","3.38700008392334"
"1826","41865","41865","41865","3.3909997940063477","3.3909997940063477","3.3909997940063477","77451","77451","77451","3.383999824523926","3.383999824523926","3.383999824523926","41545","41545","41545","3.4029998779296875","3.4029998779296875","3.4029998779296875"
"1827","42025","42025","42025","3.0870003700256348","3.0870003700256348","3.0870003700256348","77768","77768","77768","1.0120000839233398","1.0120000839233398","1.0120000839233398","41707","41707","41707","2.921999931335449","2.921999931335449","2.921999931335449"
"1828","42027","42027","42027","3.059000015258789","3.059000015258789","3.059000015258789","77770","77770","77770","3.119999885559082","3.119999885559082","3.119999885559082","41709","41709","41709","3.126999855041504","3.126999855041504","3.126999855041504"
"1829","42029","42029","42029","3.1570000648498535","3.1570000648498535","3.1570000648498535","77772","77772","77772","3.132999897003174","3.132999897003174","3.132999897003174","41711","41711","41711","2.9160001277923584","2.9160001277923584","2.9160001277923584"
"1830","42031","42031","42031","3.242000102996826","3.242000102996826","3.242000102996826","77774","77774","77774","1.2619997262954712","1.2619997262954712","1.2619997262954712","41713","41713","41713","3.3219995498657227","3.3219995498657227","3.3219995498657227"
"1831","42033","42033","42033","3.2699999809265137","3.2699999809265137","3.2699999809265137","77776","77776","77776","3.2280001640319824","3.2280001640319824","3.2280001640319824","41715","41715","41715","3.201000213623047","3.201000213623047","3.201000213623047"
"1832","42035","42035","42035","3.3489999771118164","3.3489999771118164","3.3489999771118164","77778","77778","77778","3.3309998512268066","3.3309998512268066","3.3309998512268066","41717","41717","41717","3.3459997177124023","3.3459997177124023","3.3459997177124023"
"1833","42037","42037","42037","3.249999523162842","3.249999523162842","3.249999523162842","77780","77780","77780","3.258999824523926","3.258999824523926","3.258999824523926","41719","41719","41719","3.307000160217285","3.307000160217285","3.307000160217285"
"1834","42039","42039","42039","3.320000171661377","3.320000171661377","3.320000171661377","77782","77782","77782","3.185999870300293","3.185999870300293","3.185999870300293","41721","41721","41721","3.381999969482422","3.381999969482422","3.381999969482422"
"1835","42041","42041","42041","3.3849997520446777","3.3849997520446777","3.3849997520446777","77784","77784","77784","1.2419999837875366","1.2419999837875366","1.2419999837875366","41723","41723","41723","3.4029998779296875","3.4029998779296875","3.4029998779296875"
"1836","42204","42204","42204","2.871999979019165","2.871999979019165","2.871999979019165","78100","78100","78100","1.0119999647140503","1.0119999647140503","1.0119999647140503","41880","41880","41880","2.9190001487731934","2.9190001487731934","2.9190001487731934"
"1837","42206","42206","42206","0.9919997453689575","0.9919997453689575","0.9919997453689575","78102","78102","78102","3.0260000228881836","3.0260000228881836","3.0260000228881836","41882","41882","41882","3.115999698638916","3.115999698638916","3.115999698638916"
"1838","42208","42208","42208","3.1550002098083496","3.1550002098083496","3.1550002098083496","78104","78104","78104","3.078000068664551","3.078000068664551","3.078000068664551","41884","41884","41884","3.1459999084472656","3.1459999084472656","3.1459999084472656"
"1839","42210","42210","42210","3.3199996948242188","3.3199996948242188","3.3199996948242188","78106","78106","78106","1.2619996070861816","1.2619996070861816","1.2619996070861816","41886","41886","41886","3.313999652862549","3.313999652862549","3.313999652862549"
"1840","42212","42212","42212","3.302000045776367","3.302000045776367","3.302000045776367","78108","78108","78108","3.2719998359680176","3.2719998359680176","3.2719998359680176","41888","41888","41888","3.3540000915527344","3.3540000915527344","3.3540000915527344"
"1841","42214","42214","42214","3.332000255584717","3.332000255584717","3.332000255584717","78110","78110","78110","3.3330001831054688","3.3330001831054688","3.3330001831054688","41890","41890","41890","3.363999843597412","3.363999843597412","3.363999843597412"
"1842","42216","42216","42216","3.258999824523926","3.258999824523926","3.258999824523926","78112","78112","78112","3.231999397277832","3.231999397277832","3.231999397277832","41892","41892","41892","3.3289999961853027","3.3289999961853027","3.3289999961853027"
"1843","42218","42218","42218","3.3899998664855957","3.3899998664855957","3.3899998664855957","78114","78114","78114","3.354999542236328","3.354999542236328","3.354999542236328","41894","41894","41894","3.2260003089904785","3.2260003089904785","3.2260003089904785"
"1844","42220","42220","42220","3.3859996795654297","3.3859996795654297","3.3859996795654297","78116","78116","78116","3.378999710083008","3.378999710083008","3.378999710083008","41896","41896","41896","3.3849997520446777","3.3849997520446777","3.3849997520446777"
"1845","42380","42380","42380","2.873000144958496","2.873000144958496","2.873000144958496","78432","78432","78432","1.0119999647140503","1.0119999647140503","1.0119999647140503","42057","42057","42057","2.9070000648498535","2.9070000648498535","2.9070000648498535"
"1846","42382","42382","42382","3.004999876022339","3.004999876022339","3.004999876022339","78434","78434","78434","3.1050000190734863","3.1050000190734863","3.1050000190734863","42059","42059","42059","3.117000102996826","3.117000102996826","3.117000102996826"
"1847","42384","42384","42384","3.065000057220459","3.065000057220459","3.065000057220459","78436","78436","78436","3.142000198364258","3.142000198364258","3.142000198364258","42061","42061","42061","3.1599998474121094","3.1599998474121094","3.1599998474121094"
"1848","42386","42386","42386","3.322999954223633","3.322999954223633","3.322999954223633","78438","78438","78438","3.244999408721924","3.244999408721924","3.244999408721924","42063","42063","42063","3.3219995498657227","3.3219995498657227","3.3219995498657227"
"1849","42388","42388","42388","3.298999786376953","3.298999786376953","3.298999786376953","78440","78440","78440","3.3330001831054688","3.3330001831054688","3.3330001831054688","42065","42065","42065","3.3439998626708984","3.3439998626708984","3.3439998626708984"
"1850","42390","42390","42390","3.315999984741211","3.315999984741211","3.315999984741211","78442","78442","78442","3.3600001335144043","3.3600001335144043","3.3600001335144043","42067","42067","42067","3.3309998512268066","3.3309998512268066","3.3309998512268066"
"1851","42392","42392","42392","3.309999942779541","3.309999942779541","3.309999942779541","78444","78444","78444","3.2599997520446777","3.2599997520446777","3.2599997520446777","42069","42069","42069","3.3330001831054688","3.3330001831054688","3.3330001831054688"
"1852","42394","42394","42394","3.3899998664855957","3.3899998664855957","3.3899998664855957","78446","78446","78446","3.359999656677246","3.359999656677246","3.359999656677246","42071","42071","42071","3.4029998779296875","3.4029998779296875","3.4029998779296875"
"1853","42396","42396","42396","3.3899998664855957","3.3899998664855957","3.3899998664855957","78448","78448","78448","3.307000160217285","3.307000160217285","3.307000160217285","42073","42073","42073","3.381999969482422","3.381999969482422","3.381999969482422"
"1854","42560","42560","42560","3.1070003509521484","3.1070003509521484","3.1070003509521484","78765","78765","78765","1.0120000839233398","1.0120000839233398","1.0120000839233398","42235","42235","42235","2.9119997024536133","2.9119997024536133","2.9119997024536133"
"1855","42562","42562","42562","3.1489996910095215","3.1489996910095215","3.1489996910095215","78767","78767","78767","3.080000400543213","3.080000400543213","3.080000400543213","42237","42237","42237","3.1469998359680176","3.1469998359680176","3.1469998359680176"
"1856","42564","42564","42564","3.140000343322754","3.140000343322754","3.140000343322754","78769","78769","78769","3.0970001220703125","3.0970001220703125","3.0970001220703125","42239","42239","42239","3.136000156402588","3.136000156402588","3.136000156402588"
"1857","42566","42566","42566","1.261999487876892","1.261999487876892","1.261999487876892","78771","78771","78771","1.2619997262954712","1.2619997262954712","1.2619997262954712","42241","42241","42241","3.3199996948242188","3.3199996948242188","3.3199996948242188"
"1858","42568","42568","42568","3.2719998359680176","3.2719998359680176","3.2719998359680176","78773","78773","78773","3.2750000953674316","3.2750000953674316","3.2750000953674316","42243","42243","42243","3.201000213623047","3.201000213623047","3.201000213623047"
"1859","42570","42570","42570","3.3450002670288086","3.3450002670288086","3.3450002670288086","78775","78775","78775","3.3519997596740723","3.3519997596740723","3.3519997596740723","42245","42245","42245","3.363999843597412","3.363999843597412","3.363999843597412"
"1860","42572","42572","42572","1.2619997262954712","1.2619997262954712","1.2619997262954712","78777","78777","78777","1.2619999647140503","1.2619999647140503","1.2619999647140503","42247","42247","42247","3.332000255584717","3.332000255584717","3.332000255584717"
"1861","42574","42574","42574","3.352999687194824","3.352999687194824","3.352999687194824","78779","78779","78779","3.3389997482299805","3.3389997482299805","3.3389997482299805","42249","42249","42249","3.3849997520446777","3.3849997520446777","3.3849997520446777"
"1862","42576","42576","42576","3.3849997520446777","3.3849997520446777","3.3849997520446777","78781","78781","78781","3.321000099182129","3.321000099182129","3.321000099182129","42251","42251","42251","3.3869996070861816","3.3869996070861816","3.3869996070861816"
"1863","42740","42740","42740","3.0900001525878906","3.0900001525878906","3.0900001525878906","79097","79097","79097","1.0119998455047607","1.0119998455047607","1.0119998455047607","42408","42408","42408","2.9039998054504395","2.9039998054504395","2.9039998054504395"
"1864","42742","42742","42742","3.0930004119873047","3.0930004119873047","3.0930004119873047","79099","79099","79099","3.0850000381469727","3.0850000381469727","3.0850000381469727","42410","42410","42410","3.1059999465942383","3.1059999465942383","3.1059999465942383"
"1865","42744","42744","42744","0.9919997453689575","0.9919997453689575","0.9919997453689575","79101","79101","79101","3.0840001106262207","3.0840001106262207","3.0840001106262207","42412","42412","42412","3.130000114440918","3.130000114440918","3.130000114440918"
"1866","42746","42746","42746","1.261999487876892","1.261999487876892","1.261999487876892","79103","79103","79103","1.2619998455047607","1.2619998455047607","1.2619998455047607","42414","42414","42414","3.3379998207092285","3.3379998207092285","3.3379998207092285"
"1867","42748","42748","42748","3.1690001487731934","3.1690001487731934","3.1690001487731934","79105","79105","79105","3.25600004196167","3.25600004196167","3.25600004196167","42416","42416","42416","3.369999885559082","3.369999885559082","3.369999885559082"
"1868","42750","42750","42750","3.3340001106262207","3.3340001106262207","3.3340001106262207","79107","79107","79107","3.3550000190734863","3.3550000190734863","3.3550000190734863","42418","42418","42418","3.3470001220703125","3.3470001220703125","3.3470001220703125"
"1869","42752","42752","42752","3.253999710083008","3.253999710083008","3.253999710083008","79109","79109","79109","2.9839999675750732","2.9839999675750732","2.9839999675750732","42420","42420","42420","3.3340001106262207","3.3340001106262207","3.3340001106262207"
"1870","42754","42754","42754","3.322999954223633","3.322999954223633","3.322999954223633","79111","79111","79111","3.368000030517578","3.368000030517578","3.368000030517578","42422","42422","42422","3.4010000228881836","3.4010000228881836","3.4010000228881836"
"1871","42756","42756","42756","3.322999954223633","3.322999954223633","3.322999954223633","79113","79113","79113","3.309999942779541","3.309999942779541","3.309999942779541","42424","42424","42424","3.3889999389648438","3.3889999389648438","3.3889999389648438"
"1872","42913","42913","42913","3.082000255584717","3.082000255584717","3.082000255584717","79430","79430","79430","1.0119999647140503","1.0119999647140503","1.0119999647140503","","","","","",""
"1873","42915","42915","42915","0.9919998645782471","0.9919998645782471","0.9919998645782471","79432","79432","79432","3.0920004844665527","3.0920004844665527","3.0920004844665527","","","","","",""
"1874","42917","42917","42917","3.1540002822875977","3.1540002822875977","3.1540002822875977","79434","79434","79434","0.9919998645782471","0.9919998645782471","0.9919998645782471","","","","","",""
"1875","42919","42919","42919","1.2619996070861816","1.2619996070861816","1.2619996070861816","79436","79436","79436","3.2469992637634277","3.2469992637634277","3.2469992637634277","","","","","",""
"1876","42921","42921","42921","3.1690001487731934","3.1690001487731934","3.1690001487731934","79438","79438","79438","3.2699999809265137","3.2699999809265137","3.2699999809265137","","","","","",""
"1877","42923","42923","42923","3.3429999351501465","3.3429999351501465","3.3429999351501465","79440","79440","79440","3.3559999465942383","3.3559999465942383","3.3559999465942383","","","","","",""
"1878","42925","42925","42925","1.2619997262954712","1.2619997262954712","1.2619997262954712","79442","79442","79442","3.2619996070861816","3.2619996070861816","3.2619996070861816","","","","","",""
"1879","42927","42927","42927","3.2150001525878906","3.2150001525878906","3.2150001525878906","79444","79444","79444","3.382999897003174","3.382999897003174","3.382999897003174","","","","","",""
"1880","42929","42929","42929","3.4029998779296875","3.4029998779296875","3.4029998779296875","79446","79446","79446","3.3849997520446777","3.3849997520446777","3.3849997520446777","","","","","",""
"1881","43087","43087","43087","3.1070003509521484","3.1070003509521484","3.1070003509521484","79762","79762","79762","1.0119999647140503","1.0119999647140503","1.0119999647140503","","","","","",""
"1882","43089","43089","43089","3.1690001487731934","3.1690001487731934","3.1690001487731934","79764","79764","79764","3.125","3.125","3.125","","","","","",""
"1883","43091","43091","43091","3.1730003356933594","3.1730003356933594","3.1730003356933594","79766","79766","79766","3.071000099182129","3.071000099182129","3.071000099182129","","","","","",""
"1884","43093","43093","43093","3.258999824523926","3.258999824523926","3.258999824523926","79768","79768","79768","1.2619997262954712","1.2619997262954712","1.2619997262954712","","","","","",""
"1885","43095","43095","43095","3.3600001335144043","3.3600001335144043","3.3600001335144043","79770","79770","79770","3.2669997215270996","3.2669997215270996","3.2669997215270996","","","","","",""
"1886","43097","43097","43097","3.3530001640319824","3.3530001640319824","3.3530001640319824","79772","79772","79772","3.3519997596740723","3.3519997596740723","3.3519997596740723","","","","","",""
"1887","43099","43099","43099","3.244999885559082","3.244999885559082","3.244999885559082","79774","79774","79774","3.2639994621276855","3.2639994621276855","3.2639994621276855","","","","","",""
"1888","43101","43101","43101","3.2179999351501465","3.2179999351501465","3.2179999351501465","79776","79776","79776","3.4009995460510254","3.4009995460510254","3.4009995460510254","","","","","",""
"1889","43103","43103","43103","3.316999912261963","3.316999912261963","3.316999912261963","79778","79778","79778","3.317999839782715","3.317999839782715","3.317999839782715","","","","","",""
"1890","43269","43269","43269","3.1200003623962402","3.1200003623962402","3.1200003623962402","80094","80094","80094","1.0120002031326294","1.0120002031326294","1.0120002031326294","","","","","",""
"1891","43271","43271","43271","3.067000150680542","3.067000150680542","3.067000150680542","80096","80096","80096","3.058000087738037","3.058000087738037","3.058000087738037","","","","","",""
"1892","43273","43273","43273","0.9919998645782471","0.9919998645782471","0.9919998645782471","80098","80098","80098","3.0960001945495605","3.0960001945495605","3.0960001945495605","","","","","",""
"1893","43275","43275","43275","3.2519993782043457","3.2519993782043457","3.2519993782043457","80100","80100","80100","3.2509994506835938","3.2509994506835938","3.2509994506835938","","","","","",""
"1894","43277","43277","43277","3.1700000762939453","3.1700000762939453","3.1700000762939453","80102","80102","80102","3.2719998359680176","3.2719998359680176","3.2719998359680176","","","","","",""
"1895","43279","43279","43279","3.361999988555908","3.361999988555908","3.361999988555908","80104","80104","80104","3.3309998512268066","3.3309998512268066","3.3309998512268066","","","","","",""
"1896","43281","43281","43281","3.258999824523926","3.258999824523926","3.258999824523926","80106","80106","80106","3.2749996185302734","3.2749996185302734","3.2749996185302734","","","","","",""
"1897","43283","43283","43283","3.3369998931884766","3.3369998931884766","3.3369998931884766","80108","80108","80108","3.2719998359680176","3.2719998359680176","3.2719998359680176","","","","","",""
"1898","43285","43285","43285","3.3899998664855957","3.3899998664855957","3.3899998664855957","80110","80110","80110","3.3849997520446777","3.3849997520446777","3.3849997520446777","","","","","",""
"1899","43443","43443","43443","1.0119999647140503","1.0119999647140503","1.0119999647140503","80427","80427","80427","1.0120002031326294","1.0120002031326294","1.0120002031326294","","","","","",""
"1900","43445","43445","43445","0.9919998645782471","0.9919998645782471","0.9919998645782471","80429","80429","80429","3.080000400543213","3.080000400543213","3.080000400543213","","","","","",""
"1901","43447","43447","43447","3.116000175476074","3.116000175476074","3.116000175476074","80431","80431","80431","3.120999813079834","3.120999813079834","3.120999813079834","","","","","",""
"1902","43449","43449","43449","3.2079992294311523","3.2079992294311523","3.2079992294311523","80433","80433","80433","1.2619997262954712","1.2619997262954712","1.2619997262954712","","","","","",""
"1903","43451","43451","43451","3.2940001487731934","3.2940001487731934","3.2940001487731934","80435","80435","80435","3.252999782562256","3.252999782562256","3.252999782562256","","","","","",""
"1904","43453","43453","43453","1.241999864578247","1.241999864578247","1.241999864578247","80437","80437","80437","3.3410000801086426","3.3410000801086426","3.3410000801086426","","","","","",""
"1905","43455","43455","43455","1.2619996070861816","1.2619996070861816","1.2619996070861816","80439","80439","80439","3.2819995880126953","3.2819995880126953","3.2819995880126953","","","","","",""
"1906","43457","43457","43457","3.354999542236328","3.354999542236328","3.354999542236328","80441","80441","80441","3.35599946975708","3.35599946975708","3.35599946975708","","","","","",""
"1907","43459","43459","43459","3.3869996070861816","3.3869996070861816","3.3869996070861816","80443","80443","80443","3.3849997520446777","3.3849997520446777","3.3849997520446777","","","","","",""
"1908","43624","43624","43624","3.0850000381469727","3.0850000381469727","3.0850000381469727","","","","","","","","","","","",""
"1909","43626","43626","43626","3.1670002937316895","3.1670002937316895","3.1670002937316895","","","","","","","","","","","",""
"1910","43628","43628","43628","3.1589999198913574","3.1589999198913574","3.1589999198913574","","","","","","","","","","","",""
"1911","43630","43630","43630","3.2739996910095215","3.2739996910095215","3.2739996910095215","","","","","","","","","","","",""
"1912","43632","43632","43632","3.2769999504089355","3.2769999504089355","3.2769999504089355","","","","","","","","","","","",""
"1913","43634","43634","43634","3.332000255584717","3.332000255584717","3.332000255584717","","","","","","","","","","","",""
"1914","43636","43636","43636","3.249999523162842","3.249999523162842","3.249999523162842","","","","","","","","","","","",""
"1915","43638","43638","43638","3.2910003662109375","3.2910003662109375","3.2910003662109375","","","","","","","","","","","",""
"1916","43640","43640","43640","3.4019999504089355","3.4019999504089355","3.4019999504089355","","","","","","","","","","","",""
"1917","43803","43803","43803","1.0120000839233398","1.0120000839233398","1.0120000839233398","","","","","","","","","","","",""
"1918","43805","43805","43805","0.9919997453689575","0.9919997453689575","0.9919997453689575","","","","","","","","","","","",""
"1919","43807","43807","43807","3.1480002403259277","3.1480002403259277","3.1480002403259277","","","","","","","","","","","",""
"1920","43809","43809","43809","3.244999885559082","3.244999885559082","3.244999885559082","","","","","","","","","","","",""
"1921","43811","43811","43811","3.1710000038146973","3.1710000038146973","3.1710000038146973","","","","","","","","","","","",""
"1922","43813","43813","43813","3.3550000190734863","3.3550000190734863","3.3550000190734863","","","","","","","","","","","",""
"1923","43815","43815","43815","3.2639999389648438","3.2639999389648438","3.2639999389648438","","","","","","","","","","","",""
"1924","43817","43817","43817","3.2659997940063477","3.2659997940063477","3.2659997940063477","","","","","","","","","","","",""
"1925","43819","43819","43819","3.36899995803833","3.36899995803833","3.36899995803833","","","","","","","","","","","",""
"1926","43982","43982","43982","3.0940003395080566","3.0940003395080566","3.0940003395080566","","","","","","","","","","","",""
"1927","43984","43984","43984","3.0759999752044678","3.0759999752044678","3.0759999752044678","","","","","","","","","","","",""
"1928","43986","43986","43986","3.0890002250671387","3.0890002250671387","3.0890002250671387","","","","","","","","","","","",""
"1929","43988","43988","43988","3.296999931335449","3.296999931335449","3.296999931335449","","","","","","","","","","","",""
"1930","43990","43990","43990","3.3389997482299805","3.3389997482299805","3.3389997482299805","","","","","","","","","","","",""
"1931","43992","43992","43992","3.309000015258789","3.309000015258789","3.309000015258789","","","","","","","","","","","",""
"1932","43994","43994","43994","3.2649998664855957","3.2649998664855957","3.2649998664855957","","","","","","","","","","","",""
"1933","43996","43996","43996","3.375","3.375","3.375","","","","","","","","","","","",""
"1934","43998","43998","43998","3.3899998664855957","3.3899998664855957","3.3899998664855957","","","","","","","","","","","",""
"1935","44157","44157","44157","3.1110000610351562","3.1110000610351562","3.1110000610351562","","","","","","","","","","","",""
"1936","44159","44159","44159","3.062000036239624","3.062000036239624","3.062000036239624","","","","","","","","","","","",""
"1937","44161","44161","44161","3.1579999923706055","3.1579999923706055","3.1579999923706055","","","","","","","","","","","",""
"1938","44163","44163","44163","1.2619993686676025","1.2619993686676025","1.2619993686676025","","","","","","","","","","","",""
"1939","44165","44165","44165","3.3299999237060547","3.3299999237060547","3.3299999237060547","","","","","","","","","","","",""
"1940","44167","44167","44167","3.3480000495910645","3.3480000495910645","3.3480000495910645","","","","","","","","","","","",""
"1941","44169","44169","44169","3.244999885559082","3.244999885559082","3.244999885559082","","","","","","","","","","","",""
"1942","44171","44171","44171","3.3540000915527344","3.3540000915527344","3.3540000915527344","","","","","","","","","","","",""
"1943","44173","44173","44173","3.383999824523926","3.383999824523926","3.383999824523926","","","","","","","","","","","",""
"1944","44330","44330","44330","3.1070003509521484","3.1070003509521484","3.1070003509521484","","","","","","","","","","","",""
"1945","44332","44332","44332","3.1389999389648438","3.1389999389648438","3.1389999389648438","","","","","","","","","","","",""
"1946","44334","44334","44334","3.1589999198913574","3.1589999198913574","3.1589999198913574","","","","","","","","","","","",""
"1947","44336","44336","44336","1.2619997262954712","1.2619997262954712","1.2619997262954712","","","","","","","","","","","",""
"1948","44338","44338","44338","3.2719998359680176","3.2719998359680176","3.2719998359680176","","","","","","","","","","","",""
"1949","44340","44340","44340","3.3519997596740723","3.3519997596740723","3.3519997596740723","","","","","","","","","","","",""
"1950","44342","44342","44342","3.2789998054504395","3.2789998054504395","3.2789998054504395","","","","","","","","","","","",""
"1951","44344","44344","44344","3.357999801635742","3.357999801635742","3.357999801635742","","","","","","","","","","","",""
"1952","44346","44346","44346","3.3859996795654297","3.3859996795654297","3.3859996795654297","","","","","","","","","","","",""
"1953","44508","44508","44508","3.082000255584717","3.082000255584717","3.082000255584717","","","","","","","","","","","",""
"1954","44510","44510","44510","3.1399998664855957","3.1399998664855957","3.1399998664855957","","","","","","","","","","","",""
"1955","44512","44512","44512","0.9919997453689575","0.9919997453689575","0.9919997453689575","","","","","","","","","","","",""
"1956","44514","44514","44514","3.24299955368042","3.24299955368042","3.24299955368042","","","","","","","","","","","",""
"1957","44516","44516","44516","3.3489999771118164","3.3489999771118164","3.3489999771118164","","","","","","","","","","","",""
"1958","44518","44518","44518","3.3610000610351562","3.3610000610351562","3.3610000610351562","","","","","","","","","","","",""
"1959","44520","44520","44520","3.2569994926452637","3.2569994926452637","3.2569994926452637","","","","","","","","","","","",""
"1960","44522","44522","44522","3.3509998321533203","3.3509998321533203","3.3509998321533203","","","","","","","","","","","",""
"1961","44524","44524","44524","3.305999755859375","3.305999755859375","3.305999755859375","","","","","","","","","","","",""
"1962","44689","44689","44689","3.1070003509521484","3.1070003509521484","3.1070003509521484","","","","","","","","","","","",""
"1963","44691","44691","44691","3.13700008392334","3.13700008392334","3.13700008392334","","","","","","","","","","","",""
"1964","44693","44693","44693","3.0840001106262207","3.0840001106262207","3.0840001106262207","","","","","","","","","","","",""
"1965","44695","44695","44695","3.192999839782715","3.192999839782715","3.192999839782715","","","","","","","","","","","",""
"1966","44697","44697","44697","3.24399995803833","3.24399995803833","3.24399995803833","","","","","","","","","","","",""
"1967","44699","44699","44699","3.3610000610351562","3.3610000610351562","3.3610000610351562","","","","","","","","","","","",""
"1968","44701","44701","44701","1.2619997262954712","1.2619997262954712","1.2619997262954712","","","","","","","","","","","",""
"1969","44703","44703","44703","3.3239998817443848","3.3239998817443848","3.3239998817443848","","","","","","","","","","","",""
"1970","44705","44705","44705","3.383999824523926","3.383999824523926","3.383999824523926","","","","","","","","","","","",""
"1971","44869","44869","44869","2.88100004196167","2.88100004196167","2.88100004196167","","","","","","","","","","","",""
"1972","44871","44871","44871","3.1610002517700195","3.1610002517700195","3.1610002517700195","","","","","","","","","","","",""
"1973","44873","44873","44873","3.171999931335449","3.171999931335449","3.171999931335449","","","","","","","","","","","",""
"1974","44875","44875","44875","3.253999710083008","3.253999710083008","3.253999710083008","","","","","","","","","","","",""
"1975","44877","44877","44877","3.2719998359680176","3.2719998359680176","3.2719998359680176","","","","","","","","","","","",""
"1976","44879","44879","44879","3.3450002670288086","3.3450002670288086","3.3450002670288086","","","","","","","","","","","",""
"1977","44881","44881","44881","3.244999885559082","3.244999885559082","3.244999885559082","","","","","","","","","","","",""
"1978","44883","44883","44883","3.180999755859375","3.180999755859375","3.180999755859375","","","","","","","","","","","",""
"1979","44885","44885","44885","3.321000099182129","3.321000099182129","3.321000099182129","","","","","","","","","","","",""
"1980","45045","45045","45045","3.118000030517578","3.118000030517578","3.118000030517578","","","","","","","","","","","",""
"1981","45047","45047","45047","3.074000120162964","3.074000120162964","3.074000120162964","","","","","","","","","","","",""
"1982","45049","45049","45049","3.1550002098083496","3.1550002098083496","3.1550002098083496","","","","","","","","","","","",""
"1983","45051","45051","45051","3.238999366760254","3.238999366760254","3.238999366760254","","","","","","","","","","","",""
"1984","45053","45053","45053","3.3319997787475586","3.3319997787475586","3.3319997787475586","","","","","","","","","","","",""
"1985","45055","45055","45055","3.3420000076293945","3.3420000076293945","3.3420000076293945","","","","","","","","","","","",""
"1986","45057","45057","45057","1.2619996070861816","1.2619996070861816","1.2619996070861816","","","","","","","","","","","",""
"1987","45059","45059","45059","3.3259997367858887","3.3259997367858887","3.3259997367858887","","","","","","","","","","","",""
"1988","45061","45061","45061","3.3869996070861816","3.3869996070861816","3.3869996070861816","","","","","","","","","","","",""
"1989","45219","45219","45219","2.9110000133514404","2.9110000133514404","2.9110000133514404","","","","","","","","","","","",""
"1990","45221","45221","45221","3.0299999713897705","3.0299999713897705","3.0299999713897705","","","","","","","","","","","",""
"1991","45223","45223","45223","3.1700000762939453","3.1700000762939453","3.1700000762939453","","","","","","","","","","","",""
"1992","45225","45225","45225","1.2619996070861816","1.2619996070861816","1.2619996070861816","","","","","","","","","","","",""
"1993","45227","45227","45227","3.2699999809265137","3.2699999809265137","3.2699999809265137","","","","","","","","","","","",""
"1994","45229","45229","45229","3.2760000228881836","3.2760000228881836","3.2760000228881836","","","","","","","","","","","",""
"1995","45231","45231","45231","3.253999710083008","3.253999710083008","3.253999710083008","","","","","","","","","","","",""
"1996","45233","45233","45233","3.354999542236328","3.354999542236328","3.354999542236328","","","","","","","","","","","",""
"1997","45235","45235","45235","3.3899998664855957","3.3899998664855957","3.3899998664855957","","","","","","","","","","","",""
"1998","45395","45395","45395","3.0759999752044678","3.0759999752044678","3.0759999752044678","","","","","","","","","","","",""
"1999","45397","45397","45397","3.052999973297119","3.052999973297119","3.052999973297119","","","","","","","","","","","",""
"2000","45399","45399","45399","3.0809998512268066","3.0809998512268066","3.0809998512268066","","","","","","","","","","","",""
"2001","45401","45401","45401","1.2619996070861816","1.2619996070861816","1.2619996070861816","","","","","","","","","","","",""
"2002","45403","45403","45403","3.3319997787475586","3.3319997787475586","3.3319997787475586","","","","","","","","","","","",""
"2003","45405","45405","45405","3.3550000190734863","3.3550000190734863","3.3550000190734863","","","","","","","","","","","",""
"2004","45407","45407","45407","3.2639999389648438","3.2639999389648438","3.2639999389648438","","","","","","","","","","","",""
"2005","45409","45409","45409","3.321000099182129","3.321000099182129","3.321000099182129","","","","","","","","","","","",""
"2006","45411","45411","45411","3.3899998664855957","3.3899998664855957","3.3899998664855957","","","","","","","","","","","",""
"2007","45576","45576","45576","3.1059999465942383","3.1059999465942383","3.1059999465942383","","","","","","","","","","","",""
"2008","45578","45578","45578","3.1050000190734863","3.1050000190734863","3.1050000190734863","","","","","","","","","","","",""
"2009","45580","45580","45580","3.1589999198913574","3.1589999198913574","3.1589999198913574","","","","","","","","","","","",""
"2010","45582","45582","45582","3.238999366760254","3.238999366760254","3.238999366760254","","","","","","","","","","","",""
"2011","45584","45584","45584","3.173999786376953","3.173999786376953","3.173999786376953","","","","","","","","","","","",""
"2012","45586","45586","45586","3.359999656677246","3.359999656677246","3.359999656677246","","","","","","","","","","","",""
"2013","45588","45588","45588","1.2619996070861816","1.2619996070861816","1.2619996070861816","","","","","","","","","","","",""
"2014","45590","45590","45590","3.3610000610351562","3.3610000610351562","3.3610000610351562","","","","","","","","","","","",""
"2015","45592","45592","45592","3.3859996795654297","3.3859996795654297","3.3859996795654297","","","","","","","","","","","",""
"2016","45752","45752","45752","3.1020002365112305","3.1020002365112305","3.1020002365112305","","","","","","","","","","","",""
"2017","45754","45754","45754","3.1050000190734863","3.1050000190734863","3.1050000190734863","","","","","","","","","","","",""
"2018","45756","45756","45756","3.1560001373291016","3.1560001373291016","3.1560001373291016","","","","","","","","","","","",""
"2019","45758","45758","45758","1.2619997262954712","1.2619997262954712","1.2619997262954712","","","","","","","","","","","",""
"2020","45760","45760","45760","3.258999824523926","3.258999824523926","3.258999824523926","","","","","","","","","","","",""
"2021","45762","45762","45762","3.357999801635742","3.357999801635742","3.357999801635742","","","","","","","","","","","",""
"2022","45764","45764","45764","1.2619996070861816","1.2619996070861816","1.2619996070861816","","","","","","","","","","","",""
"2023","45766","45766","45766","3.3409996032714844","3.3409996032714844","3.3409996032714844","","","","","","","","","","","",""
"2024","45768","45768","45768","3.4010000228881836","3.4010000228881836","3.4010000228881836","","","","","","","","","","","",""
"2025","45935","45935","45935","1.0120002031326294","1.0120002031326294","1.0120002031326294","","","","","","","","","","","",""
"2026","45937","45937","45937","3.1469998359680176","3.1469998359680176","3.1469998359680176","","","","","","","","","","","",""
"2027","45939","45939","45939","0.9919998645782471","0.9919998645782471","0.9919998645782471","","","","","","","","","","","",""
"2028","45941","45941","45941","3.2559995651245117","3.2559995651245117","3.2559995651245117","","","","","","","","","","","",""
"2029","45943","45943","45943","3.3249998092651367","3.3249998092651367","3.3249998092651367","","","","","","","","","","","",""
"2030","45945","45945","45945","1.241999864578247","1.241999864578247","1.241999864578247","","","","","","","","","","","",""
"2031","45947","45947","45947","3.258999824523926","3.258999824523926","3.258999824523926","","","","","","","","","","","",""
"2032","45949","45949","45949","3.379000186920166","3.379000186920166","3.379000186920166","","","","","","","","","","","",""
"2033","45951","45951","45951","3.386000156402588","3.386000156402588","3.386000156402588","","","","","","","","","","","",""
"2034","46117","46117","46117","1.0120002031326294","1.0120002031326294","1.0120002031326294","","","","","","","","","","","",""
"2035","46119","46119","46119","3.1670002937316895","3.1670002937316895","3.1670002937316895","","","","","","","","","","","",""
"2036","46121","46121","46121","3.1579999923706055","3.1579999923706055","3.1579999923706055","","","","","","","","","","","",""
"2037","46123","46123","46123","3.2639994621276855","3.2639994621276855","3.2639994621276855","","","","","","","","","","","",""
"2038","46125","46125","46125","3.257999897003174","3.257999897003174","3.257999897003174","","","","","","","","","","","",""
"2039","46127","46127","46127","3.3459997177124023","3.3459997177124023","3.3459997177124023","","","","","","","","","","","",""
"2040","46129","46129","46129","3.232999801635742","3.232999801635742","3.232999801635742","","","","","","","","","","","",""
"2041","46131","46131","46131","3.3239998817443848","3.3239998817443848","3.3239998817443848","","","","","","","","","","","",""
"2042","46133","46133","46133","3.3249998092651367","3.3249998092651367","3.3249998092651367","","","","","","","","","","","",""
"2043","46298","46298","46298","1.0120002031326294","1.0120002031326294","1.0120002031326294","","","","","","","","","","","",""
"2044","46300","46300","46300","3.117000102996826","3.117000102996826","3.117000102996826","","","","","","","","","","","",""
"2045","46302","46302","46302","3.074000120162964","3.074000120162964","3.074000120162964","","","","","","","","","","","",""
"2046","46304","46304","46304","3.240999221801758","3.240999221801758","3.240999221801758","","","","","","","","","","","",""
"2047","46306","46306","46306","3.302000045776367","3.302000045776367","3.302000045776367","","","","","","","","","","","",""
"2048","46308","46308","46308","3.36299991607666","3.36299991607666","3.36299991607666","","","","","","","","","","","",""
"2049","46310","46310","46310","3.253999710083008","3.253999710083008","3.253999710083008","","","","","","","","","","","",""
"2050","46312","46312","46312","3.4039998054504395","3.4039998054504395","3.4039998054504395","","","","","","","","","","","",""
"2051","46314","46314","46314","3.4029998779296875","3.4029998779296875","3.4029998779296875","","","","","","","","","","","",""
"2052","46476","46476","46476","1.0120000839233398","1.0120000839233398","1.0120000839233398","","","","","","","","","","","",""
"2053","46478","46478","46478","3.062000036239624","3.062000036239624","3.062000036239624","","","","","","","","","","","",""
"2054","46480","46480","46480","3.1030001640319824","3.1030001640319824","3.1030001640319824","","","","","","","","","","","",""
"2055","46482","46482","46482","3.2559995651245117","3.2559995651245117","3.2559995651245117","","","","","","","","","","","",""
"2056","46484","46484","46484","3.250999927520752","3.250999927520752","3.250999927520752","","","","","","","","","","","",""
"2057","46486","46486","46486","3.3309998512268066","3.3309998512268066","3.3309998512268066","","","","","","","","","","","",""
"2058","46488","46488","46488","3.2569994926452637","3.2569994926452637","3.2569994926452637","","","","","","","","","","","",""
"2059","46490","46490","46490","3.3339996337890625","3.3339996337890625","3.3339996337890625","","","","","","","","","","","",""
"2060","46492","46492","46492","3.3849997520446777","3.3849997520446777","3.3849997520446777","","","","","","","","","","","",""
"2061","46653","46653","46653","3.116000175476074","3.116000175476074","3.116000175476074","","","","","","","","","","","",""
"2062","46655","46655","46655","0.9919998645782471","0.9919998645782471","0.9919998645782471","","","","","","","","","","","",""
"2063","46657","46657","46657","3.1720004081726074","3.1720004081726074","3.1720004081726074","","","","","","","","","","","",""
"2064","46659","46659","46659","1.2619996070861816","1.2619996070861816","1.2619996070861816","","","","","","","","","","","",""
"2065","46661","46661","46661","3.3390002250671387","3.3390002250671387","3.3390002250671387","","","","","","","","","","","",""
"2066","46663","46663","46663","3.3410000801086426","3.3410000801086426","3.3410000801086426","","","","","","","","","","","",""
"2067","46665","46665","46665","3.2649998664855957","3.2649998664855957","3.2649998664855957","","","","","","","","","","","",""
"2068","46667","46667","46667","3.3509998321533203","3.3509998321533203","3.3509998321533203","","","","","","","","","","","",""
"2069","46669","46669","46669","3.4019999504089355","3.4019999504089355","3.4019999504089355","","","","","","","","","","","",""
"2070","46833","46833","46833","1.0120000839233398","1.0120000839233398","1.0120000839233398","","","","","","","","","","","",""
"2071","46835","46835","46835","3.1570000648498535","3.1570000648498535","3.1570000648498535","","","","","","","","","","","",""
"2072","46837","46837","46837","3.126999855041504","3.126999855041504","3.126999855041504","","","","","","","","","","","",""
"2073","46839","46839","46839","1.2619996070861816","1.2619996070861816","1.2619996070861816","","","","","","","","","","","",""
"2074","46841","46841","46841","3.2179999351501465","3.2179999351501465","3.2179999351501465","","","","","","","","","","","",""
"2075","46843","46843","46843","3.3489999771118164","3.3489999771118164","3.3489999771118164","","","","","","","","","","","",""
"2076","46845","46845","46845","3.3380002975463867","3.3380002975463867","3.3380002975463867","","","","","","","","","","","",""
"2077","46847","46847","46847","3.2150001525878906","3.2150001525878906","3.2150001525878906","","","","","","","","","","","",""
"2078","46849","46849","46849","3.321000099182129","3.321000099182129","3.321000099182129","","","","","","","","","","","",""
"2079","47012","47012","47012","3.11899995803833","3.11899995803833","3.11899995803833","","","","","","","","","","","",""
"2080","47014","47014","47014","3.117000102996826","3.117000102996826","3.117000102996826","","","","","","","","","","","",""
"2081","47016","47016","47016","3.1389999389648438","3.1389999389648438","3.1389999389648438","","","","","","","","","","","",""
"2082","47018","47018","47018","1.261999487876892","1.261999487876892","1.261999487876892","","","","","","","","","","","",""
"2083","47020","47020","47020","3.3299999237060547","3.3299999237060547","3.3299999237060547","","","","","","","","","","","",""
"2084","47022","47022","47022","3.361999988555908","3.361999988555908","3.361999988555908","","","","","","","","","","","",""
"2085","47024","47024","47024","3.2599997520446777","3.2599997520446777","3.2599997520446777","","","","","","","","","","","",""
"2086","47026","47026","47026","3.2130002975463867","3.2130002975463867","3.2130002975463867","","","","","","","","","","","",""
"2087","47028","47028","47028","3.3849997520446777","3.3849997520446777","3.3849997520446777","","","","","","","","","","","",""
"2088","47188","47188","47188","3.118000030517578","3.118000030517578","3.118000030517578","","","","","","","","","","","",""
"2089","47190","47190","47190","3.0939998626708984","3.0939998626708984","3.0939998626708984","","","","","","","","","","","",""
"2090","47192","47192","47192","3.1589999198913574","3.1589999198913574","3.1589999198913574","","","","","","","","","","","",""
"2091","47194","47194","47194","1.261999487876892","1.261999487876892","1.261999487876892","","","","","","","","","","","",""
"2092","47196","47196","47196","3.2669997215270996","3.2669997215270996","3.2669997215270996","","","","","","","","","","","",""
"2093","47198","47198","47198","3.3340001106262207","3.3340001106262207","3.3340001106262207","","","","","","","","","","","",""
"2094","47200","47200","47200","3.2609996795654297","3.2609996795654297","3.2609996795654297","","","","","","","","","","","",""
"2095","47202","47202","47202","3.321000099182129","3.321000099182129","3.321000099182129","","","","","","","","","","","",""
"2096","47204","47204","47204","3.311999797821045","3.311999797821045","3.311999797821045","","","","","","","","","","","",""
"2097","47367","47367","47367","3.1200003623962402","3.1200003623962402","3.1200003623962402","","","","","","","","","","","",""
"2098","47369","47369","47369","3.11899995803833","3.11899995803833","3.11899995803833","","","","","","","","","","","",""
"2099","47371","47371","47371","3.1480002403259277","3.1480002403259277","3.1480002403259277","","","","","","","","","","","",""
"2100","47373","47373","47373","3.3299994468688965","3.3299994468688965","3.3299994468688965","","","","","","","","","","","",""
"2101","47375","47375","47375","3.296999931335449","3.296999931335449","3.296999931335449","","","","","","","","","","","",""
"2102","47377","47377","47377","3.3530001640319824","3.3530001640319824","3.3530001640319824","","","","","","","","","","","",""
"2103","47379","47379","47379","3.246999740600586","3.246999740600586","3.246999740600586","","","","","","","","","","","",""
"2104","47381","47381","47381","3.3979997634887695","3.3979997634887695","3.3979997634887695","","","","","","","","","","","",""
"2105","47383","47383","47383","3.3859996795654297","3.3859996795654297","3.3859996795654297","","","","","","","","","","","",""
"2106","47542","47542","47542","3.1110000610351562","3.1110000610351562","3.1110000610351562","","","","","","","","","","","",""
"2107","47544","47544","47544","3.0299999713897705","3.0299999713897705","3.0299999713897705","","","","","","","","","","","",""
"2108","47546","47546","47546","3.0830001831054688","3.0830001831054688","3.0830001831054688","","","","","","","","","","","",""
"2109","47548","47548","47548","1.261999487876892","1.261999487876892","1.261999487876892","","","","","","","","","","","",""
"2110","47550","47550","47550","3.257999897003174","3.257999897003174","3.257999897003174","","","","","","","","","","","",""
"2111","47552","47552","47552","3.3309998512268066","3.3309998512268066","3.3309998512268066","","","","","","","","","","","",""
"2112","47554","47554","47554","3.2639994621276855","3.2639994621276855","3.2639994621276855","","","","","","","","","","","",""
"2113","47556","47556","47556","3.3439998626708984","3.3439998626708984","3.3439998626708984","","","","","","","","","","","",""
"2114","47558","47558","47558","3.3889999389648438","3.3889999389648438","3.3889999389648438","","","","","","","","","","","",""
"2115","47718","47718","47718","3.1020002365112305","3.1020002365112305","3.1020002365112305","","","","","","","","","","","",""
"2116","47720","47720","47720","3.135000228881836","3.135000228881836","3.135000228881836","","","","","","","","","","","",""
"2117","47722","47722","47722","3.0970001220703125","3.0970001220703125","3.0970001220703125","","","","","","","","","","","",""
"2118","47724","47724","47724","1.2619996070861816","1.2619996070861816","1.2619996070861816","","","","","","","","","","","",""
"2119","47726","47726","47726","3.2699999809265137","3.2699999809265137","3.2699999809265137","","","","","","","","","","","",""
"2120","47728","47728","47728","3.3459997177124023","3.3459997177124023","3.3459997177124023","","","","","","","","","","","",""
"2121","47730","47730","47730","1.2619996070861816","1.2619996070861816","1.2619996070861816","","","","","","","","","","","",""
"2122","47732","47732","47732","3.3239998817443848","3.3239998817443848","3.3239998817443848","","","","","","","","","","","",""
"2123","47734","47734","47734","3.4029998779296875","3.4029998779296875","3.4029998779296875","","","","","","","","","","","",""
"2124","47895","47895","47895","2.8940000534057617","2.8940000534057617","2.8940000534057617","","","","","","","","","","","",""
"2125","47897","47897","47897","3.1700000762939453","3.1700000762939453","3.1700000762939453","","","","","","","","","","","",""
"2126","47899","47899","47899","3.134000301361084","3.134000301361084","3.134000301361084","","","","","","","","","","","",""
"2127","47901","47901","47901","1.2619997262954712","1.2619997262954712","1.2619997262954712","","","","","","","","","","","",""
"2128","47903","47903","47903","3.26200008392334","3.26200008392334","3.26200008392334","","","","","","","","","","","",""
"2129","47905","47905","47905","3.3469996452331543","3.3469996452331543","3.3469996452331543","","","","","","","","","","","",""
"2130","47907","47907","47907","1.2619996070861816","1.2619996070861816","1.2619996070861816","","","","","","","","","","","",""
"2131","47909","47909","47909","3.370999813079834","3.370999813079834","3.370999813079834","","","","","","","","","","","",""
"2132","47911","47911","47911","3.3849997520446777","3.3849997520446777","3.3849997520446777","","","","","","","","","","","",""
"2133","48073","48073","48073","3.1050000190734863","3.1050000190734863","3.1050000190734863","","","","","","","","","","","",""
"2134","48075","48075","48075","3.0959997177124023","3.0959997177124023","3.0959997177124023","","","","","","","","","","","",""
"2135","48077","48077","48077","3.127999782562256","3.127999782562256","3.127999782562256","","","","","","","","","","","",""
"2136","48079","48079","48079","3.2589993476867676","3.2589993476867676","3.2589993476867676","","","","","","","","","","","",""
"2137","48081","48081","48081","3.3319997787475586","3.3319997787475586","3.3319997787475586","","","","","","","","","","","",""
"2138","48083","48083","48083","3.3359999656677246","3.3359999656677246","3.3359999656677246","","","","","","","","","","","",""
"2139","48085","48085","48085","3.2569994926452637","3.2569994926452637","3.2569994926452637","","","","","","","","","","","",""
"2140","48087","48087","48087","3.357999801635742","3.357999801635742","3.357999801635742","","","","","","","","","","","",""
"2141","48089","48089","48089","3.3859996795654297","3.3859996795654297","3.3859996795654297","","","","","","","","","","","",""
"2142","48253","48253","48253","1.0120000839233398","1.0120000839233398","1.0120000839233398","","","","","","","","","","","",""
"2143","48255","48255","48255","3.1530003547668457","3.1530003547668457","3.1530003547668457","","","","","","","","","","","",""
"2144","48257","48257","48257","3.13700008392334","3.13700008392334","3.13700008392334","","","","","","","","","","","",""
"2145","48259","48259","48259","3.23799991607666","3.23799991607666","3.23799991607666","","","","","","","","","","","",""
"2146","48261","48261","48261","3.2699999809265137","3.2699999809265137","3.2699999809265137","","","","","","","","","","","",""
"2147","48263","48263","48263","3.357999801635742","3.357999801635742","3.357999801635742","","","","","","","","","","","",""
"2148","48265","48265","48265","3.240999698638916","3.240999698638916","3.240999698638916","","","","","","","","","","","",""
"2149","48267","48267","48267","3.361999988555908","3.361999988555908","3.361999988555908","","","","","","","","","","","",""
"2150","48269","48269","48269","3.307000160217285","3.307000160217285","3.307000160217285","","","","","","","","","","","",""
"2151","48429","48429","48429","3.1070003509521484","3.1070003509521484","3.1070003509521484","","","","","","","","","","","",""
"2152","48431","48431","48431","3.1670002937316895","3.1670002937316895","3.1670002937316895","","","","","","","","","","","",""
"2153","48433","48433","48433","3.0920000076293945","3.0920000076293945","3.0920000076293945","","","","","","","","","","","",""
"2154","48435","48435","48435","3.2559995651245117","3.2559995651245117","3.2559995651245117","","","","","","","","","","","",""
"2155","48437","48437","48437","3.261000156402588","3.261000156402588","3.261000156402588","","","","","","","","","","","",""
"2156","48439","48439","48439","3.3610000610351562","3.3610000610351562","3.3610000610351562","","","","","","","","","","","",""
"2157","48441","48441","48441","3.244999885559082","3.244999885559082","3.244999885559082","","","","","","","","","","","",""
"2158","48443","48443","48443","3.364999771118164","3.364999771118164","3.364999771118164","","","","","","","","","","","",""
"2159","48445","48445","48445","3.383999824523926","3.383999824523926","3.383999824523926","","","","","","","","","","","",""
"2160","48605","48605","48605","3.118000030517578","3.118000030517578","3.118000030517578","","","","","","","","","","","",""
"2161","48607","48607","48607","3.1540002822875977","3.1540002822875977","3.1540002822875977","","","","","","","","","","","",""
"2162","48609","48609","48609","3.1579999923706055","3.1579999923706055","3.1579999923706055","","","","","","","","","","","",""
"2163","48611","48611","48611","3.2689995765686035","3.2689995765686035","3.2689995765686035","","","","","","","","","","","",""
"2164","48613","48613","48613","3.2760000228881836","3.2760000228881836","3.2760000228881836","","","","","","","","","","","",""
"2165","48615","48615","48615","3.327000141143799","3.327000141143799","3.327000141143799","","","","","","","","","","","",""
"2166","48617","48617","48617","3.2749996185302734","3.2749996185302734","3.2749996185302734","","","","","","","","","","","",""
"2167","48619","48619","48619","3.374000072479248","3.374000072479248","3.374000072479248","","","","","","","","","","","",""
"2168","48621","48621","48621","3.309999942779541","3.309999942779541","3.309999942779541","","","","","","","","","","","",""
"2169","48786","48786","48786","3.121000289916992","3.121000289916992","3.121000289916992","","","","","","","","","","","",""
"2170","48788","48788","48788","3.1670002937316895","3.1670002937316895","3.1670002937316895","","","","","","","","","","","",""
"2171","48790","48790","48790","3.1589999198913574","3.1589999198913574","3.1589999198913574","","","","","","","","","","","",""
"2172","48792","48792","48792","3.2599997520446777","3.2599997520446777","3.2599997520446777","","","","","","","","","","","",""
"2173","48794","48794","48794","3.257999897003174","3.257999897003174","3.257999897003174","","","","","","","","","","","",""
"2174","48796","48796","48796","3.358999729156494","3.358999729156494","3.358999729156494","","","","","","","","","","","",""
"2175","48798","48798","48798","3.249999523162842","3.249999523162842","3.249999523162842","","","","","","","","","","","",""
"2176","48800","48800","48800","3.3409996032714844","3.3409996032714844","3.3409996032714844","","","","","","","","","","","",""
"2177","48802","48802","48802","3.382999897003174","3.382999897003174","3.382999897003174","","","","","","","","","","","",""
"2178","48960","48960","48960","3.1140003204345703","3.1140003204345703","3.1140003204345703","","","","","","","","","","","",""
"2179","48962","48962","48962","3.1589999198913574","3.1589999198913574","3.1589999198913574","","","","","","","","","","","",""
"2180","48964","48964","48964","3.1710000038146973","3.1710000038146973","3.1710000038146973","","","","","","","","","","","",""
"2181","48966","48966","48966","1.2619993686676025","1.2619993686676025","1.2619993686676025","","","","","","","","","","","",""
"2182","48968","48968","48968","3.256999969482422","3.256999969482422","3.256999969482422","","","","","","","","","","","",""
"2183","48970","48970","48970","3.3449997901916504","3.3449997901916504","3.3449997901916504","","","","","","","","","","","",""
"2184","48972","48972","48972","3.2569994926452637","3.2569994926452637","3.2569994926452637","","","","","","","","","","","",""
"2185","48974","48974","48974","3.267000198364258","3.267000198364258","3.267000198364258","","","","","","","","","","","",""
"2186","48976","48976","48976","3.309999942779541","3.309999942779541","3.309999942779541","","","","","","","","","","","",""
"2187","49138","49138","49138","2.8940000534057617","2.8940000534057617","2.8940000534057617","","","","","","","","","","","",""
"2188","49140","49140","49140","3.138000011444092","3.138000011444092","3.138000011444092","","","","","","","","","","","",""
"2189","49142","49142","49142","3.1579999923706055","3.1579999923706055","3.1579999923706055","","","","","","","","","","","",""
"2190","49144","49144","49144","3.313999652862549","3.313999652862549","3.313999652862549","","","","","","","","","","","",""
"2191","49146","49146","49146","3.1700000762939453","3.1700000762939453","3.1700000762939453","","","","","","","","","","","",""
"2192","49148","49148","49148","3.3309998512268066","3.3309998512268066","3.3309998512268066","","","","","","","","","","","",""
"2193","49150","49150","49150","3.3299999237060547","3.3299999237060547","3.3299999237060547","","","","","","","","","","","",""
"2194","49152","49152","49152","3.197999954223633","3.197999954223633","3.197999954223633","","","","","","","","","","","",""
"2195","49154","49154","49154","3.307000160217285","3.307000160217285","3.307000160217285","","","","","","","","","","","",""
"2196","49320","49320","49320","3.111999988555908","3.111999988555908","3.111999988555908","","","","","","","","","","","",""
"2197","49322","49322","49322","3.135000228881836","3.135000228881836","3.135000228881836","","","","","","","","","","","",""
"2198","49324","49324","49324","3.102999687194824","3.102999687194824","3.102999687194824","","","","","","","","","","","",""
"2199","49326","49326","49326","3.297999858856201","3.297999858856201","3.297999858856201","","","","","","","","","","","",""
"2200","49328","49328","49328","3.263000011444092","3.263000011444092","3.263000011444092","","","","","","","","","","","",""
"2201","49330","49330","49330","3.3460001945495605","3.3460001945495605","3.3460001945495605","","","","","","","","","","","",""
"2202","49332","49332","49332","3.3309998512268066","3.3309998512268066","3.3309998512268066","","","","","","","","","","","",""
"2203","49334","49334","49334","3.2220001220703125","3.2220001220703125","3.2220001220703125","","","","","","","","","","","",""
"2204","49336","49336","49336","1.241999864578247","1.241999864578247","1.241999864578247","","","","","","","","","","","",""
"2205","49494","49494","49494","3.117000102996826","3.117000102996826","3.117000102996826","","","","","","","","","","","",""
"2206","49496","49496","49496","3.108999729156494","3.108999729156494","3.108999729156494","","","","","","","","","","","",""
"2207","49498","49498","49498","3.1440000534057617","3.1440000534057617","3.1440000534057617","","","","","","","","","","","",""
"2208","49500","49500","49500","3.3229994773864746","3.3229994773864746","3.3229994773864746","","","","","","","","","","","",""
"2209","49502","49502","49502","3.365999698638916","3.365999698638916","3.365999698638916","","","","","","","","","","","",""
"2210","49504","49504","49504","3.3449997901916504","3.3449997901916504","3.3449997901916504","","","","","","","","","","","",""
"2211","49506","49506","49506","3.246999740600586","3.246999740600586","3.246999740600586","","","","","","","","","","","",""
"2212","49508","49508","49508","3.359999656677246","3.359999656677246","3.359999656677246","","","","","","","","","","","",""
"2213","49510","49510","49510","3.4029998779296875","3.4029998779296875","3.4029998779296875","","","","","","","","","","","",""
"2214","49672","49672","49672","3.0960001945495605","3.0960001945495605","3.0960001945495605","","","","","","","","","","","",""
"2215","49674","49674","49674","3.080000400543213","3.080000400543213","3.080000400543213","","","","","","","","","","","",""
"2216","49676","49676","49676","0.9919997453689575","0.9919997453689575","0.9919997453689575","","","","","","","","","","","",""
"2217","49678","49678","49678","3.2609996795654297","3.2609996795654297","3.2609996795654297","","","","","","","","","","","",""
"2218","49680","49680","49680","3.2140002250671387","3.2140002250671387","3.2140002250671387","","","","","","","","","","","",""
"2219","49682","49682","49682","3.3519997596740723","3.3519997596740723","3.3519997596740723","","","","","","","","","","","",""
"2220","49684","49684","49684","3.2849998474121094","3.2849998474121094","3.2849998474121094","","","","","","","","","","","",""
"2221","49686","49686","49686","3.2239999771118164","3.2239999771118164","3.2239999771118164","","","","","","","","","","","",""
"2222","49688","49688","49688","3.315999984741211","3.315999984741211","3.315999984741211","","","","","","","","","","","",""
"2223","49852","49852","49852","3.111999988555908","3.111999988555908","3.111999988555908","","","","","","","","","","","",""
"2224","49854","49854","49854","3.111999988555908","3.111999988555908","3.111999988555908","","","","","","","","","","","",""
"2225","49856","49856","49856","3.1540002822875977","3.1540002822875977","3.1540002822875977","","","","","","","","","","","",""
"2226","49858","49858","49858","3.2729997634887695","3.2729997634887695","3.2729997634887695","","","","","","","","","","","",""
"2227","49860","49860","49860","3.2719998359680176","3.2719998359680176","3.2719998359680176","","","","","","","","","","","",""
"2228","49862","49862","49862","3.3350000381469727","3.3350000381469727","3.3350000381469727","","","","","","","","","","","",""
"2229","49864","49864","49864","3.2609996795654297","3.2609996795654297","3.2609996795654297","","","","","","","","","","","",""
"2230","49866","49866","49866","3.2100000381469727","3.2100000381469727","3.2100000381469727","","","","","","","","","","","",""
"2231","49868","49868","49868","3.383999824523926","3.383999824523926","3.383999824523926","","","","","","","","","","","",""
"2232","50032","50032","50032","2.8429999351501465","2.8429999351501465","2.8429999351501465","","","","","","","","","","","",""
"2233","50034","50034","50034","3.102999687194824","3.102999687194824","3.102999687194824","","","","","","","","","","","",""
"2234","50036","50036","50036","3.1589999198913574","3.1589999198913574","3.1589999198913574","","","","","","","","","","","",""
"2235","50038","50038","50038","3.313999652862549","3.313999652862549","3.313999652862549","","","","","","","","","","","",""
"2236","50040","50040","50040","3.2769999504089355","3.2769999504089355","3.2769999504089355","","","","","","","","","","","",""
"2237","50042","50042","50042","3.359999656677246","3.359999656677246","3.359999656677246","","","","","","","","","","","",""
"2238","50044","50044","50044","3.312000274658203","3.312000274658203","3.312000274658203","","","","","","","","","","","",""
"2239","50046","50046","50046","3.2140002250671387","3.2140002250671387","3.2140002250671387","","","","","","","","","","","",""
"2240","50048","50048","50048","3.388000011444092","3.388000011444092","3.388000011444092","","","","","","","","","","","",""
"2241","50209","50209","50209","3.0840001106262207","3.0840001106262207","3.0840001106262207","","","","","","","","","","","",""
"2242","50211","50211","50211","0.9919997453689575","0.9919997453689575","0.9919997453689575","","","","","","","","","","","",""
"2243","50213","50213","50213","0.9919997453689575","0.9919997453689575","0.9919997453689575","","","","","","","","","","","",""
"2244","50215","50215","50215","1.261999487876892","1.261999487876892","1.261999487876892","","","","","","","","","","","",""
"2245","50217","50217","50217","3.263000011444092","3.263000011444092","3.263000011444092","","","","","","","","","","","",""
"2246","50219","50219","50219","3.3590002059936523","3.3590002059936523","3.3590002059936523","","","","","","","","","","","",""
"2247","50221","50221","50221","3.2599997520446777","3.2599997520446777","3.2599997520446777","","","","","","","","","","","",""
"2248","50223","50223","50223","3.3540000915527344","3.3540000915527344","3.3540000915527344","","","","","","","","","","","",""
"2249","50225","50225","50225","3.309999942779541","3.309999942779541","3.309999942779541","","","","","","","","","","","",""
"2250","50388","50388","50388","3.1020002365112305","3.1020002365112305","3.1020002365112305","","","","","","","","","","","",""
"2251","50390","50390","50390","3.114999771118164","3.114999771118164","3.114999771118164","","","","","","","","","","","",""
"2252","50392","50392","50392","3.1040000915527344","3.1040000915527344","3.1040000915527344","","","","","","","","","","","",""
"2253","50394","50394","50394","3.242000102996826","3.242000102996826","3.242000102996826","","","","","","","","","","","",""
"2254","50396","50396","50396","3.2739996910095215","3.2739996910095215","3.2739996910095215","","","","","","","","","","","",""
"2255","50398","50398","50398","3.3460001945495605","3.3460001945495605","3.3460001945495605","","","","","","","","","","","",""
"2256","50400","50400","50400","3.3299999237060547","3.3299999237060547","3.3299999237060547","","","","","","","","","","","",""
"2257","50402","50402","50402","3.3559999465942383","3.3559999465942383","3.3559999465942383","","","","","","","","","","","",""
"2258","50404","50404","50404","3.4039998054504395","3.4039998054504395","3.4039998054504395","","","","","","","","","","","",""
"2259","50567","50567","50567","3.0920000076293945","3.0920000076293945","3.0920000076293945","","","","","","","","","","","",""
"2260","50569","50569","50569","3.1389999389648438","3.1389999389648438","3.1389999389648438","","","","","","","","","","","",""
"2261","50571","50571","50571","3.1700000762939453","3.1700000762939453","3.1700000762939453","","","","","","","","","","","",""
"2262","50573","50573","50573","1.2619996070861816","1.2619996070861816","1.2619996070861816","","","","","","","","","","","",""
"2263","50575","50575","50575","3.1690001487731934","3.1690001487731934","3.1690001487731934","","","","","","","","","","","",""
"2264","50577","50577","50577","3.3519997596740723","3.3519997596740723","3.3519997596740723","","","","","","","","","","","",""
"2265","50579","50579","50579","3.237999439239502","3.237999439239502","3.237999439239502","","","","","","","","","","","",""
"2266","50581","50581","50581","3.352999687194824","3.352999687194824","3.352999687194824","","","","","","","","","","","",""
"2267","50583","50583","50583","3.302000045776367","3.302000045776367","3.302000045776367","","","","","","","","","","","",""
"2268","50748","50748","50748","3.118000030517578","3.118000030517578","3.118000030517578","","","","","","","","","","","",""
"2269","50750","50750","50750","3.109999656677246","3.109999656677246","3.109999656677246","","","","","","","","","","","",""
"2270","50752","50752","50752","3.11299991607666","3.11299991607666","3.11299991607666","","","","","","","","","","","",""
"2271","50754","50754","50754","3.24899959564209","3.24899959564209","3.24899959564209","","","","","","","","","","","",""
"2272","50756","50756","50756","3.184999942779541","3.184999942779541","3.184999942779541","","","","","","","","","","","",""
"2273","50758","50758","50758","1.2419997453689575","1.2419997453689575","1.2419997453689575","","","","","","","","","","","",""
"2274","50760","50760","50760","3.2609996795654297","3.2609996795654297","3.2609996795654297","","","","","","","","","","","",""
"2275","50762","50762","50762","3.3569998741149902","3.3569998741149902","3.3569998741149902","","","","","","","","","","","",""
"2276","50764","50764","50764","3.3849997520446777","3.3849997520446777","3.3849997520446777","","","","","","","","","","","",""
"2277","50926","50926","50926","3.124000072479248","3.124000072479248","3.124000072479248","","","","","","","","","","","",""
"2278","50928","50928","50928","3.1700000762939453","3.1700000762939453","3.1700000762939453","","","","","","","","","","","",""
"2279","50930","50930","50930","3.1540002822875977","3.1540002822875977","3.1540002822875977","","","","","","","","","","","",""
"2280","50932","50932","50932","3.2749996185302734","3.2749996185302734","3.2749996185302734","","","","","","","","","","","",""
"2281","50934","50934","50934","3.3340001106262207","3.3340001106262207","3.3340001106262207","","","","","","","","","","","",""
"2282","50936","50936","50936","3.358999729156494","3.358999729156494","3.358999729156494","","","","","","","","","","","",""
"2283","50938","50938","50938","3.2569994926452637","3.2569994926452637","3.2569994926452637","","","","","","","","","","","",""
"2284","50940","50940","50940","3.2680001258850098","3.2680001258850098","3.2680001258850098","","","","","","","","","","","",""
"2285","50942","50942","50942","3.4040002822875977","3.4040002822875977","3.4040002822875977","","","","","","","","","","","",""
"2286","51103","51103","51103","3.0960001945495605","3.0960001945495605","3.0960001945495605","","","","","","","","","","","",""
"2287","51105","51105","51105","3.1100001335144043","3.1100001335144043","3.1100001335144043","","","","","","","","","","","",""
"2288","51107","51107","51107","3.1589999198913574","3.1589999198913574","3.1589999198913574","","","","","","","","","","","",""
"2289","51109","51109","51109","3.3299999237060547","3.3299999237060547","3.3299999237060547","","","","","","","","","","","",""
"2290","51111","51111","51111","3.250999927520752","3.250999927520752","3.250999927520752","","","","","","","","","","","",""
"2291","51113","51113","51113","3.332000255584717","3.332000255584717","3.332000255584717","","","","","","","","","","","",""
"2292","51115","51115","51115","3.23799991607666","3.23799991607666","3.23799991607666","","","","","","","","","","","",""
"2293","51117","51117","51117","3.3499999046325684","3.3499999046325684","3.3499999046325684","","","","","","","","","","","",""
"2294","51119","51119","51119","3.3889999389648438","3.3889999389648438","3.3889999389648438","","","","","","","","","","","",""
"2295","51277","51277","51277","3.1070003509521484","3.1070003509521484","3.1070003509521484","","","","","","","","","","","",""
"2296","51279","51279","51279","3.1519999504089355","3.1519999504089355","3.1519999504089355","","","","","","","","","","","",""
"2297","51281","51281","51281","3.1579999923706055","3.1579999923706055","3.1579999923706055","","","","","","","","","","","",""
"2298","51283","51283","51283","1.261999487876892","1.261999487876892","1.261999487876892","","","","","","","","","","","",""
"2299","51285","51285","51285","3.2719998359680176","3.2719998359680176","3.2719998359680176","","","","","","","","","","","",""
"2300","51287","51287","51287","3.3469996452331543","3.3469996452331543","3.3469996452331543","","","","","","","","","","","",""
"2301","51289","51289","51289","3.253999710083008","3.253999710083008","3.253999710083008","","","","","","","","","","","",""
"2302","51291","51291","51291","3.3339996337890625","3.3339996337890625","3.3339996337890625","","","","","","","","","","","",""
"2303","51293","51293","51293","3.375","3.375","3.375","","","","","","","","","","","",""
"2304","51451","51451","51451","3.1020002365112305","3.1020002365112305","3.1020002365112305","","","","","","","","","","","",""
"2305","51453","51453","51453","3.1540002822875977","3.1540002822875977","3.1540002822875977","","","","","","","","","","","",""
"2306","51455","51455","51455","3.1579999923706055","3.1579999923706055","3.1579999923706055","","","","","","","","","","","",""
"2307","51457","51457","51457","3.2559995651245117","3.2559995651245117","3.2559995651245117","","","","","","","","","","","",""
"2308","51459","51459","51459","3.257999897003174","3.257999897003174","3.257999897003174","","","","","","","","","","","",""
"2309","51461","51461","51461","3.3469996452331543","3.3469996452331543","3.3469996452331543","","","","","","","","","","","",""
"2310","51463","51463","51463","3.244999885559082","3.244999885559082","3.244999885559082","","","","","","","","","","","",""
"2311","51465","51465","51465","3.327000141143799","3.327000141143799","3.327000141143799","","","","","","","","","","","",""
"2312","51467","51467","51467","3.311999797821045","3.311999797821045","3.311999797821045","","","","","","","","","","","",""
"2313","51629","51629","51629","3.1110000610351562","3.1110000610351562","3.1110000610351562","","","","","","","","","","","",""
"2314","51631","51631","51631","3.1589999198913574","3.1589999198913574","3.1589999198913574","","","","","","","","","","","",""
"2315","51633","51633","51633","3.1560001373291016","3.1560001373291016","3.1560001373291016","","","","","","","","","","","",""
"2316","51635","51635","51635","3.2109994888305664","3.2109994888305664","3.2109994888305664","","","","","","","","","","","",""
"2317","51637","51637","51637","3.2100000381469727","3.2100000381469727","3.2100000381469727","","","","","","","","","","","",""
"2318","51639","51639","51639","3.36299991607666","3.36299991607666","3.36299991607666","","","","","","","","","","","",""
"2319","51641","51641","51641","3.239999771118164","3.239999771118164","3.239999771118164","","","","","","","","","","","",""
"2320","51643","51643","51643","3.184000015258789","3.184000015258789","3.184000015258789","","","","","","","","","","","",""
"2321","51645","51645","51645","3.307000160217285","3.307000160217285","3.307000160217285","","","","","","","","","","","",""
"2322","51808","51808","51808","3.0920000076293945","3.0920000076293945","3.0920000076293945","","","","","","","","","","","",""
"2323","51810","51810","51810","3.110999584197998","3.110999584197998","3.110999584197998","","","","","","","","","","","",""
"2324","51812","51812","51812","3.134000301361084","3.134000301361084","3.134000301361084","","","","","","","","","","","",""
"2325","51814","51814","51814","3.2719998359680176","3.2719998359680176","3.2719998359680176","","","","","","","","","","","",""
"2326","51816","51816","51816","3.3330001831054688","3.3330001831054688","3.3330001831054688","","","","","","","","","","","",""
"2327","51818","51818","51818","3.3469996452331543","3.3469996452331543","3.3469996452331543","","","","","","","","","","","",""
"2328","51820","51820","51820","3.2659997940063477","3.2659997940063477","3.2659997940063477","","","","","","","","","","","",""
"2329","51822","51822","51822","3.3899998664855957","3.3899998664855957","3.3899998664855957","","","","","","","","","","","",""
"2330","51824","51824","51824","3.3849997520446777","3.3849997520446777","3.3849997520446777","","","","","","","","","","","",""
"2331","51984","51984","51984","1.0120002031326294","1.0120002031326294","1.0120002031326294","","","","","","","","","","","",""
"2332","51986","51986","51986","3.1069998741149902","3.1069998741149902","3.1069998741149902","","","","","","","","","","","",""
"2333","51988","51988","51988","3.13700008392334","3.13700008392334","3.13700008392334","","","","","","","","","","","",""
"2334","51990","51990","51990","3.3339996337890625","3.3339996337890625","3.3339996337890625","","","","","","","","","","","",""
"2335","51992","51992","51992","3.1690001487731934","3.1690001487731934","3.1690001487731934","","","","","","","","","","","",""
"2336","51994","51994","51994","3.3499999046325684","3.3499999046325684","3.3499999046325684","","","","","","","","","","","",""
"2337","51996","51996","51996","3.227999687194824","3.227999687194824","3.227999687194824","","","","","","","","","","","",""
"2338","51998","51998","51998","3.354999542236328","3.354999542236328","3.354999542236328","","","","","","","","","","","",""
"2339","52000","52000","52000","3.4099998474121094","3.4099998474121094","3.4099998474121094","","","","","","","","","","","",""
"2340","52164","52164","52164","1.0120000839233398","1.0120000839233398","1.0120000839233398","","","","","","","","","","","",""
"2341","52166","52166","52166","3.1579999923706055","3.1579999923706055","3.1579999923706055","","","","","","","","","","","",""
"2342","52168","52168","52168","3.1150002479553223","3.1150002479553223","3.1150002479553223","","","","","","","","","","","",""
"2343","52170","52170","52170","3.2599997520446777","3.2599997520446777","3.2599997520446777","","","","","","","","","","","",""
"2344","52172","52172","52172","3.3420000076293945","3.3420000076293945","3.3420000076293945","","","","","","","","","","","",""
"2345","52174","52174","52174","3.332000255584717","3.332000255584717","3.332000255584717","","","","","","","","","","","",""
"2346","52176","52176","52176","3.249999523162842","3.249999523162842","3.249999523162842","","","","","","","","","","","",""
"2347","52178","52178","52178","3.3849997520446777","3.3849997520446777","3.3849997520446777","","","","","","","","","","","",""
"2348","52180","52180","52180","3.317999839782715","3.317999839782715","3.317999839782715","","","","","","","","","","","",""
"2349","52337","52337","52337","1.0119999647140503","1.0119999647140503","1.0119999647140503","","","","","","","","","","","",""
"2350","52339","52339","52339","3.1640000343322754","3.1640000343322754","3.1640000343322754","","","","","","","","","","","",""
"2351","52341","52341","52341","3.1700000762939453","3.1700000762939453","3.1700000762939453","","","","","","","","","","","",""
"2352","52343","52343","52343","1.2619996070861816","1.2619996070861816","1.2619996070861816","","","","","","","","","","","",""
"2353","52345","52345","52345","3.2750000953674316","3.2750000953674316","3.2750000953674316","","","","","","","","","","","",""
"2354","52347","52347","52347","3.332000255584717","3.332000255584717","3.332000255584717","","","","","","","","","","","",""
"2355","52349","52349","52349","3.24899959564209","3.24899959564209","3.24899959564209","","","","","","","","","","","",""
"2356","52351","52351","52351","3.354999542236328","3.354999542236328","3.354999542236328","","","","","","","","","","","",""
"2357","52353","52353","52353","3.321000099182129","3.321000099182129","3.321000099182129","","","","","","","","","","","",""
"2358","52511","52511","52511","1.0120002031326294","1.0120002031326294","1.0120002031326294","","","","","","","","","","","",""
"2359","52513","52513","52513","3.0850000381469727","3.0850000381469727","3.0850000381469727","","","","","","","","","","","",""
"2360","52515","52515","52515","3.1690001487731934","3.1690001487731934","3.1690001487731934","","","","","","","","","","","",""
"2361","52517","52517","52517","3.296999931335449","3.296999931335449","3.296999931335449","","","","","","","","","","","",""
"2362","52519","52519","52519","3.2740001678466797","3.2740001678466797","3.2740001678466797","","","","","","","","","","","",""
"2363","52521","52521","52521","3.3330001831054688","3.3330001831054688","3.3330001831054688","","","","","","","","","","","",""
"2364","52523","52523","52523","3.2599997520446777","3.2599997520446777","3.2599997520446777","","","","","","","","","","","",""
"2365","52525","52525","52525","3.184999942779541","3.184999942779541","3.184999942779541","","","","","","","","","","","",""
"2366","52527","52527","52527","3.328000068664551","3.328000068664551","3.328000068664551","","","","","","","","","","","",""
"2367","52690","52690","52690","1.0120000839233398","1.0120000839233398","1.0120000839233398","","","","","","","","","","","",""
"2368","52692","52692","52692","3.1589999198913574","3.1589999198913574","3.1589999198913574","","","","","","","","","","","",""
"2369","52694","52694","52694","3.1700000762939453","3.1700000762939453","3.1700000762939453","","","","","","","","","","","",""
"2370","52696","52696","52696","1.261999487876892","1.261999487876892","1.261999487876892","","","","","","","","","","","",""
"2371","52698","52698","52698","3.2669997215270996","3.2669997215270996","3.2669997215270996","","","","","","","","","","","",""
"2372","52700","52700","52700","3.36299991607666","3.36299991607666","3.36299991607666","","","","","","","","","","","",""
"2373","52702","52702","52702","3.241999626159668","3.241999626159668","3.241999626159668","","","","","","","","","","","",""
"2374","52704","52704","52704","3.3499999046325684","3.3499999046325684","3.3499999046325684","","","","","","","","","","","",""
"2375","52706","52706","52706","3.311999797821045","3.311999797821045","3.311999797821045","","","","","","","","","","","",""
"2376","52866","52866","52866","1.0120000839233398","1.0120000839233398","1.0120000839233398","","","","","","","","","","","",""
"2377","52868","52868","52868","3.1540002822875977","3.1540002822875977","3.1540002822875977","","","","","","","","","","","",""
"2378","52870","52870","52870","3.1589999198913574","3.1589999198913574","3.1589999198913574","","","","","","","","","","","",""
"2379","52872","52872","52872","3.3329997062683105","3.3329997062683105","3.3329997062683105","","","","","","","","","","","",""
"2380","52874","52874","52874","3.2669997215270996","3.2669997215270996","3.2669997215270996","","","","","","","","","","","",""
"2381","52876","52876","52876","3.361999988555908","3.361999988555908","3.361999988555908","","","","","","","","","","","",""
"2382","52878","52878","52878","3.3359999656677246","3.3359999656677246","3.3359999656677246","","","","","","","","","","","",""
"2383","52880","52880","52880","3.184000015258789","3.184000015258789","3.184000015258789","","","","","","","","","","","",""
"2384","52882","52882","52882","3.311999797821045","3.311999797821045","3.311999797821045","","","","","","","","","","","",""
"2385","53049","53049","53049","1.0120000839233398","1.0120000839233398","1.0120000839233398","","","","","","","","","","","",""
"2386","53051","53051","53051","3.1510000228881836","3.1510000228881836","3.1510000228881836","","","","","","","","","","","",""
"2387","53053","53053","53053","3.1730003356933594","3.1730003356933594","3.1730003356933594","","","","","","","","","","","",""
"2388","53055","53055","53055","3.2699999809265137","3.2699999809265137","3.2699999809265137","","","","","","","","","","","",""
"2389","53057","53057","53057","3.257999897003174","3.257999897003174","3.257999897003174","","","","","","","","","","","",""
"2390","53059","53059","53059","3.3429999351501465","3.3429999351501465","3.3429999351501465","","","","","","","","","","","",""
"2391","53061","53061","53061","3.302999496459961","3.302999496459961","3.302999496459961","","","","","","","","","","","",""
"2392","53063","53063","53063","3.3409996032714844","3.3409996032714844","3.3409996032714844","","","","","","","","","","","",""
"2393","53065","53065","53065","3.320000171661377","3.320000171661377","3.320000171661377","","","","","","","","","","","",""
"2394","53225","53225","53225","1.0120000839233398","1.0120000839233398","1.0120000839233398","","","","","","","","","","","",""
"2395","53227","53227","53227","3.1610002517700195","3.1610002517700195","3.1610002517700195","","","","","","","","","","","",""
"2396","53229","53229","53229","3.1670002937316895","3.1670002937316895","3.1670002937316895","","","","","","","","","","","",""
"2397","53231","53231","53231","3.313999652862549","3.313999652862549","3.313999652862549","","","","","","","","","","","",""
"2398","53233","53233","53233","3.2699999809265137","3.2699999809265137","3.2699999809265137","","","","","","","","","","","",""
"2399","53235","53235","53235","3.3309998512268066","3.3309998512268066","3.3309998512268066","","","","","","","","","","","",""
"2400","53237","53237","53237","3.2649993896484375","3.2649993896484375","3.2649993896484375","","","","","","","","","","","",""
"2401","53239","53239","53239","3.354999542236328","3.354999542236328","3.354999542236328","","","","","","","","","","","",""
"2402","53241","53241","53241","3.321000099182129","3.321000099182129","3.321000099182129","","","","","","","","","","","",""
"2403","53404","53404","53404","1.0120000839233398","1.0120000839233398","1.0120000839233398","","","","","","","","","","","",""
"2404","53406","53406","53406","3.134000301361084","3.134000301361084","3.134000301361084","","","","","","","","","","","",""
"2405","53408","53408","53408","3.1589999198913574","3.1589999198913574","3.1589999198913574","","","","","","","","","","","",""
"2406","53410","53410","53410","1.261999487876892","1.261999487876892","1.261999487876892","","","","","","","","","","","",""
"2407","53412","53412","53412","3.2669997215270996","3.2669997215270996","3.2669997215270996","","","","","","","","","","","",""
"2408","53414","53414","53414","3.3469996452331543","3.3469996452331543","3.3469996452331543","","","","","","","","","","","",""
"2409","53416","53416","53416","3.258999824523926","3.258999824523926","3.258999824523926","","","","","","","","","","","",""
"2410","53418","53418","53418","3.195000171661377","3.195000171661377","3.195000171661377","","","","","","","","","","","",""
"2411","53420","53420","53420","3.38100004196167","3.38100004196167","3.38100004196167","","","","","","","","","","","",""
"2412","53580","53580","53580","1.0120002031326294","1.0120002031326294","1.0120002031326294","","","","","","","","","","","",""
"2413","53582","53582","53582","3.078000068664551","3.078000068664551","3.078000068664551","","","","","","","","","","","",""
"2414","53584","53584","53584","3.1710000038146973","3.1710000038146973","3.1710000038146973","","","","","","","","","","","",""
"2415","53586","53586","53586","1.2619996070861816","1.2619996070861816","1.2619996070861816","","","","","","","","","","","",""
"2416","53588","53588","53588","3.2739996910095215","3.2739996910095215","3.2739996910095215","","","","","","","","","","","",""
"2417","53590","53590","53590","3.3400001525878906","3.3400001525878906","3.3400001525878906","","","","","","","","","","","",""
"2418","53592","53592","53592","3.24299955368042","3.24299955368042","3.24299955368042","","","","","","","","","","","",""
"2419","53594","53594","53594","3.383999824523926","3.383999824523926","3.383999824523926","","","","","","","","","","","",""
"2420","53596","53596","53596","3.3849997520446777","3.3849997520446777","3.3849997520446777","","","","","","","","","","","",""
"2421","53757","53757","53757","1.0120000839233398","1.0120000839233398","1.0120000839233398","","","","","","","","","","","",""
"2422","53759","53759","53759","0.9919997453689575","0.9919997453689575","0.9919997453689575","","","","","","","","","","","",""
"2423","53761","53761","53761","3.1579999923706055","3.1579999923706055","3.1579999923706055","","","","","","","","","","","",""
"2424","53763","53763","53763","1.261999487876892","1.261999487876892","1.261999487876892","","","","","","","","","","","",""
"2425","53765","53765","53765","3.26200008392334","3.26200008392334","3.26200008392334","","","","","","","","","","","",""
"2426","53767","53767","53767","3.357999801635742","3.357999801635742","3.357999801635742","","","","","","","","","","","",""
"2427","53769","53769","53769","3.253999710083008","3.253999710083008","3.253999710083008","","","","","","","","","","","",""
"2428","53771","53771","53771","3.38700008392334","3.38700008392334","3.38700008392334","","","","","","","","","","","",""
"2429","53773","53773","53773","3.3849997520446777","3.3849997520446777","3.3849997520446777","","","","","","","","","","","",""
"2430","53931","53931","53931","3.118000030517578","3.118000030517578","3.118000030517578","","","","","","","","","","","",""
"2431","53933","53933","53933","3.1600003242492676","3.1600003242492676","3.1600003242492676","","","","","","","","","","","",""
"2432","53935","53935","53935","3.1530003547668457","3.1530003547668457","3.1530003547668457","","","","","","","","","","","",""
"2433","53937","53937","53937","3.2729997634887695","3.2729997634887695","3.2729997634887695","","","","","","","","","","","",""
"2434","53939","53939","53939","3.173999786376953","3.173999786376953","3.173999786376953","","","","","","","","","","","",""
"2435","53941","53941","53941","3.3420000076293945","3.3420000076293945","3.3420000076293945","","","","","","","","","","","",""
"2436","53943","53943","53943","3.227999687194824","3.227999687194824","3.227999687194824","","","","","","","","","","","",""
"2437","53945","53945","53945","3.38100004196167","3.38100004196167","3.38100004196167","","","","","","","","","","","",""
"2438","53947","53947","53947","3.311999797821045","3.311999797821045","3.311999797821045","","","","","","","","","","","",""
"2439","54109","54109","54109","3.0840001106262207","3.0840001106262207","3.0840001106262207","","","","","","","","","","","",""
"2440","54111","54111","54111","3.1059999465942383","3.1059999465942383","3.1059999465942383","","","","","","","","","","","",""
"2441","54113","54113","54113","3.1050000190734863","3.1050000190734863","3.1050000190734863","","","","","","","","","","","",""
"2442","54115","54115","54115","1.2619993686676025","1.2619993686676025","1.2619993686676025","","","","","","","","","","","",""
"2443","54117","54117","54117","3.2699999809265137","3.2699999809265137","3.2699999809265137","","","","","","","","","","","",""
"2444","54119","54119","54119","3.3509998321533203","3.3509998321533203","3.3509998321533203","","","","","","","","","","","",""
"2445","54121","54121","54121","3.2649998664855957","3.2649998664855957","3.2649998664855957","","","","","","","","","","","",""
"2446","54123","54123","54123","3.3610000610351562","3.3610000610351562","3.3610000610351562","","","","","","","","","","","",""
"2447","54125","54125","54125","3.3899998664855957","3.3899998664855957","3.3899998664855957","","","","","","","","","","","",""
"2448","54285","54285","54285","1.0120000839233398","1.0120000839233398","1.0120000839233398","","","","","","","","","","","",""
"2449","54287","54287","54287","3.146000385284424","3.146000385284424","3.146000385284424","","","","","","","","","","","",""
"2450","54289","54289","54289","3.1540002822875977","3.1540002822875977","3.1540002822875977","","","","","","","","","","","",""
"2451","54291","54291","54291","3.3169994354248047","3.3169994354248047","3.3169994354248047","","","","","","","","","","","",""
"2452","54293","54293","54293","3.257999897003174","3.257999897003174","3.257999897003174","","","","","","","","","","","",""
"2453","54295","54295","54295","3.3600001335144043","3.3600001335144043","3.3600001335144043","","","","","","","","","","","",""
"2454","54297","54297","54297","3.244999885559082","3.244999885559082","3.244999885559082","","","","","","","","","","","",""
"2455","54299","54299","54299","3.3559999465942383","3.3559999465942383","3.3559999465942383","","","","","","","","","","","",""
"2456","54301","54301","54301","3.2960000038146973","3.2960000038146973","3.2960000038146973","","","","","","","","","","","",""
"2457","54464","54464","54464","1.0120000839233398","1.0120000839233398","1.0120000839233398","","","","","","","","","","","",""
"2458","54466","54466","54466","3.1620001792907715","3.1620001792907715","3.1620001792907715","","","","","","","","","","","",""
"2459","54468","54468","54468","3.1700000762939453","3.1700000762939453","3.1700000762939453","","","","","","","","","","","",""
"2460","54470","54470","54470","3.2549996376037598","3.2549996376037598","3.2549996376037598","","","","","","","","","","","",""
"2461","54472","54472","54472","3.305999755859375","3.305999755859375","3.305999755859375","","","","","","","","","","","",""
"2462","54474","54474","54474","3.3350000381469727","3.3350000381469727","3.3350000381469727","","","","","","","","","","","",""
"2463","54476","54476","54476","3.258999824523926","3.258999824523926","3.258999824523926","","","","","","","","","","","",""
"2464","54478","54478","54478","3.3159995079040527","3.3159995079040527","3.3159995079040527","","","","","","","","","","","",""
"2465","54480","54480","54480","3.2319998741149902","3.2319998741149902","3.2319998741149902","","","","","","","","","","","",""
"2466","54636","54636","54636","3.121000289916992","3.121000289916992","3.121000289916992","","","","","","","","","","","",""
"2467","54638","54638","54638","3.122999668121338","3.122999668121338","3.122999668121338","","","","","","","","","","","",""
"2468","54640","54640","54640","3.146000385284424","3.146000385284424","3.146000385284424","","","","","","","","","","","",""
"2469","54642","54642","54642","3.2749996185302734","3.2749996185302734","3.2749996185302734","","","","","","","","","","","",""
"2470","54644","54644","54644","3.261000156402588","3.261000156402588","3.261000156402588","","","","","","","","","","","",""
"2471","54646","54646","54646","3.363999843597412","3.363999843597412","3.363999843597412","","","","","","","","","","","",""
"2472","54648","54648","54648","3.2649998664855957","3.2649998664855957","3.2649998664855957","","","","","","","","","","","",""
"2473","54650","54650","54650","3.354999542236328","3.354999542236328","3.354999542236328","","","","","","","","","","","",""
"2474","54652","54652","54652","3.322999954223633","3.322999954223633","3.322999954223633","","","","","","","","","","","",""
"2475","54812","54812","54812","1.0120000839233398","1.0120000839233398","1.0120000839233398","","","","","","","","","","","",""
"2476","54814","54814","54814","3.0999999046325684","3.0999999046325684","3.0999999046325684","","","","","","","","","","","",""
"2477","54816","54816","54816","3.1760001182556152","3.1760001182556152","3.1760001182556152","","","","","","","","","","","",""
"2478","54818","54818","54818","3.243999481201172","3.243999481201172","3.243999481201172","","","","","","","","","","","",""
"2479","54820","54820","54820","3.251999855041504","3.251999855041504","3.251999855041504","","","","","","","","","","","",""
"2480","54822","54822","54822","3.3480000495910645","3.3480000495910645","3.3480000495910645","","","","","","","","","","","",""
"2481","54824","54824","54824","3.249999523162842","3.249999523162842","3.249999523162842","","","","","","","","","","","",""
"2482","54826","54826","54826","3.2919998168945312","3.2919998168945312","3.2919998168945312","","","","","","","","","","","",""
"2483","54828","54828","54828","3.311999797821045","3.311999797821045","3.311999797821045","","","","","","","","","","","",""
"2484","54990","54990","54990","1.0119999647140503","1.0119999647140503","1.0119999647140503","","","","","","","","","","","",""
"2485","54992","54992","54992","3.1589999198913574","3.1589999198913574","3.1589999198913574","","","","","","","","","","","",""
"2486","54994","54994","54994","3.1589999198913574","3.1589999198913574","3.1589999198913574","","","","","","","","","","","",""
"2487","54996","54996","54996","1.2619996070861816","1.2619996070861816","1.2619996070861816","","","","","","","","","","","",""
"2488","54998","54998","54998","3.2769999504089355","3.2769999504089355","3.2769999504089355","","","","","","","","","","","",""
"2489","55000","55000","55000","3.352999687194824","3.352999687194824","3.352999687194824","","","","","","","","","","","",""
"2490","55002","55002","55002","3.302999496459961","3.302999496459961","3.302999496459961","","","","","","","","","","","",""
"2491","55004","55004","55004","3.359999656677246","3.359999656677246","3.359999656677246","","","","","","","","","","","",""
"2492","55006","55006","55006","3.4039998054504395","3.4039998054504395","3.4039998054504395","","","","","","","","","","","",""
"2493","55163","55163","55163","1.0120000839233398","1.0120000839233398","1.0120000839233398","","","","","","","","","","","",""
"2494","55165","55165","55165","3.002000093460083","3.002000093460083","3.002000093460083","","","","","","","","","","","",""
"2495","55167","55167","55167","3.0930004119873047","3.0930004119873047","3.0930004119873047","","","","","","","","","","","",""
"2496","55169","55169","55169","3.245999813079834","3.245999813079834","3.245999813079834","","","","","","","","","","","",""
"2497","55171","55171","55171","3.3309998512268066","3.3309998512268066","3.3309998512268066","","","","","","","","","","","",""
"2498","55173","55173","55173","3.3309998512268066","3.3309998512268066","3.3309998512268066","","","","","","","","","","","",""
"2499","55175","55175","55175","3.327000141143799","3.327000141143799","3.327000141143799","","","","","","","","","","","",""
"2500","55177","55177","55177","3.4039998054504395","3.4039998054504395","3.4039998054504395","","","","","","","","","","","",""
"2501","55179","55179","55179","3.322999954223633","3.322999954223633","3.322999954223633","","","","","","","","","","","",""
"2502","55337","55337","55337","1.0120000839233398","1.0120000839233398","1.0120000839233398","","","","","","","","","","","",""
"2503","55339","55339","55339","3.1610002517700195","3.1610002517700195","3.1610002517700195","","","","","","","","","","","",""
"2504","55341","55341","55341","3.1760001182556152","3.1760001182556152","3.1760001182556152","","","","","","","","","","","",""
"2505","55343","55343","55343","3.2599997520446777","3.2599997520446777","3.2599997520446777","","","","","","","","","","","",""
"2506","55345","55345","55345","3.1690001487731934","3.1690001487731934","3.1690001487731934","","","","","","","","","","","",""
"2507","55347","55347","55347","3.3559999465942383","3.3559999465942383","3.3559999465942383","","","","","","","","","","","",""
"2508","55349","55349","55349","3.258999824523926","3.258999824523926","3.258999824523926","","","","","","","","","","","",""
"2509","55351","55351","55351","3.3389997482299805","3.3389997482299805","3.3389997482299805","","","","","","","","","","","",""
"2510","55353","55353","55353","3.3859996795654297","3.3859996795654297","3.3859996795654297","","","","","","","","","","","",""
"2511","55511","55511","55511","3.1020002365112305","3.1020002365112305","3.1020002365112305","","","","","","","","","","","",""
"2512","55513","55513","55513","3.0999999046325684","3.0999999046325684","3.0999999046325684","","","","","","","","","","","",""
"2513","55515","55515","55515","3.1760001182556152","3.1760001182556152","3.1760001182556152","","","","","","","","","","","",""
"2514","55517","55517","55517","1.261999487876892","1.261999487876892","1.261999487876892","","","","","","","","","","","",""
"2515","55519","55519","55519","3.3299999237060547","3.3299999237060547","3.3299999237060547","","","","","","","","","","","",""
"2516","55521","55521","55521","3.3610000610351562","3.3610000610351562","3.3610000610351562","","","","","","","","","","","",""
"2517","55523","55523","55523","3.249999523162842","3.249999523162842","3.249999523162842","","","","","","","","","","","",""
"2518","55525","55525","55525","3.2210001945495605","3.2210001945495605","3.2210001945495605","","","","","","","","","","","",""
"2519","55527","55527","55527","3.4019999504089355","3.4019999504089355","3.4019999504089355","","","","","","","","","","","",""
"2520","55688","55688","55688","1.0120000839233398","1.0120000839233398","1.0120000839233398","","","","","","","","","","","",""
"2521","55690","55690","55690","3.1690001487731934","3.1690001487731934","3.1690001487731934","","","","","","","","","","","",""
"2522","55692","55692","55692","3.1530003547668457","3.1530003547668457","3.1530003547668457","","","","","","","","","","","",""
"2523","55694","55694","55694","3.2679996490478516","3.2679996490478516","3.2679996490478516","","","","","","","","","","","",""
"2524","55696","55696","55696","3.2719998359680176","3.2719998359680176","3.2719998359680176","","","","","","","","","","","",""
"2525","55698","55698","55698","3.3359999656677246","3.3359999656677246","3.3359999656677246","","","","","","","","","","","",""
"2526","55700","55700","55700","3.258999824523926","3.258999824523926","3.258999824523926","","","","","","","","","","","",""
"2527","55702","55702","55702","3.3289999961853027","3.3289999961853027","3.3289999961853027","","","","","","","","","","","",""
"2528","55704","55704","55704","3.383999824523926","3.383999824523926","3.383999824523926","","","","","","","","","","","",""
"2529","55868","55868","55868","1.0120000839233398","1.0120000839233398","1.0120000839233398","","","","","","","","","","","",""
"2530","55870","55870","55870","3.1510000228881836","3.1510000228881836","3.1510000228881836","","","","","","","","","","","",""
"2531","55872","55872","55872","3.1700000762939453","3.1700000762939453","3.1700000762939453","","","","","","","","","","","",""
"2532","55874","55874","55874","3.2709999084472656","3.2709999084472656","3.2709999084472656","","","","","","","","","","","",""
"2533","55876","55876","55876","3.257999897003174","3.257999897003174","3.257999897003174","","","","","","","","","","","",""
"2534","55878","55878","55878","3.3299999237060547","3.3299999237060547","3.3299999237060547","","","","","","","","","","","",""
"2535","55880","55880","55880","3.2319998741149902","3.2319998741149902","3.2319998741149902","","","","","","","","","","","",""
"2536","55882","55882","55882","3.352999687194824","3.352999687194824","3.352999687194824","","","","","","","","","","","",""
"2537","55884","55884","55884","3.388000011444092","3.388000011444092","3.388000011444092","","","","","","","","","","","",""
"2538","56047","56047","56047","1.0119999647140503","1.0119999647140503","1.0119999647140503","","","","","","","","","","","",""
"2539","56049","56049","56049","3.1540002822875977","3.1540002822875977","3.1540002822875977","","","","","","","","","","","",""
"2540","56051","56051","56051","3.140000343322754","3.140000343322754","3.140000343322754","","","","","","","","","","","",""
"2541","56053","56053","56053","3.2509994506835938","3.2509994506835938","3.2509994506835938","","","","","","","","","","","",""
"2542","56055","56055","56055","3.257999897003174","3.257999897003174","3.257999897003174","","","","","","","","","","","",""
"2543","56057","56057","56057","3.3359999656677246","3.3359999656677246","3.3359999656677246","","","","","","","","","","","",""
"2544","56059","56059","56059","3.2649998664855957","3.2649998664855957","3.2649998664855957","","","","","","","","","","","",""
"2545","56061","56061","56061","3.4039998054504395","3.4039998054504395","3.4039998054504395","","","","","","","","","","","",""
"2546","56063","56063","56063","3.3889999389648438","3.3889999389648438","3.3889999389648438","","","","","","","","","","","",""
"2547","56223","56223","56223","3.118000030517578","3.118000030517578","3.118000030517578","","","","","","","","","","","",""
"2548","56225","56225","56225","3.0439999103546143","3.0439999103546143","3.0439999103546143","","","","","","","","","","","",""
"2549","56227","56227","56227","3.141000270843506","3.141000270843506","3.141000270843506","","","","","","","","","","","",""
"2550","56229","56229","56229","3.3249998092651367","3.3249998092651367","3.3249998092651367","","","","","","","","","","","",""
"2551","56231","56231","56231","3.2719998359680176","3.2719998359680176","3.2719998359680176","","","","","","","","","","","",""
"2552","56233","56233","56233","3.3359999656677246","3.3359999656677246","3.3359999656677246","","","","","","","","","","","",""
"2553","56235","56235","56235","1.2619996070861816","1.2619996070861816","1.2619996070861816","","","","","","","","","","","",""
"2554","56237","56237","56237","3.352999687194824","3.352999687194824","3.352999687194824","","","","","","","","","","","",""
"2555","56239","56239","56239","3.383999824523926","3.383999824523926","3.383999824523926","","","","","","","","","","","",""
"2556","56397","56397","56397","3.11299991607666","3.11299991607666","3.11299991607666","","","","","","","","","","","",""
"2557","56399","56399","56399","0.9919998645782471","0.9919998645782471","0.9919998645782471","","","","","","","","","","","",""
"2558","56401","56401","56401","3.177000045776367","3.177000045776367","3.177000045776367","","","","","","","","","","","",""
"2559","56403","56403","56403","3.2739996910095215","3.2739996910095215","3.2739996910095215","","","","","","","","","","","",""
"2560","56405","56405","56405","3.263000011444092","3.263000011444092","3.263000011444092","","","","","","","","","","","",""
"2561","56407","56407","56407","3.3610000610351562","3.3610000610351562","3.3610000610351562","","","","","","","","","","","",""
"2562","56409","56409","56409","3.247999668121338","3.247999668121338","3.247999668121338","","","","","","","","","","","",""
"2563","56411","56411","56411","3.3499999046325684","3.3499999046325684","3.3499999046325684","","","","","","","","","","","",""
"2564","56413","56413","56413","3.368000030517578","3.368000030517578","3.368000030517578","","","","","","","","","","","",""
"2565","56576","56576","56576","3.0840001106262207","3.0840001106262207","3.0840001106262207","","","","","","","","","","","",""
"2566","56578","56578","56578","3.0309998989105225","3.0309998989105225","3.0309998989105225","","","","","","","","","","","",""
"2567","56580","56580","56580","3.1630001068115234","3.1630001068115234","3.1630001068115234","","","","","","","","","","","",""
"2568","56582","56582","56582","3.2739996910095215","3.2739996910095215","3.2739996910095215","","","","","","","","","","","",""
"2569","56584","56584","56584","3.326000213623047","3.326000213623047","3.326000213623047","","","","","","","","","","","",""
"2570","56586","56586","56586","3.366000175476074","3.366000175476074","3.366000175476074","","","","","","","","","","","",""
"2571","56588","56588","56588","3.2669997215270996","3.2669997215270996","3.2669997215270996","","","","","","","","","","","",""
"2572","56590","56590","56590","3.203000068664551","3.203000068664551","3.203000068664551","","","","","","","","","","","",""
"2573","56592","56592","56592","3.383999824523926","3.383999824523926","3.383999824523926","","","","","","","","","","","",""
"2574","56751","56751","56751","3.1030001640319824","3.1030001640319824","3.1030001640319824","","","","","","","","","","","",""
"2575","56753","56753","56753","3.0460000038146973","3.0460000038146973","3.0460000038146973","","","","","","","","","","","",""
"2576","56755","56755","56755","3.1649999618530273","3.1649999618530273","3.1649999618530273","","","","","","","","","","","",""
"2577","56757","56757","56757","3.3319997787475586","3.3319997787475586","3.3319997787475586","","","","","","","","","","","",""
"2578","56759","56759","56759","3.2699999809265137","3.2699999809265137","3.2699999809265137","","","","","","","","","","","",""
"2579","56761","56761","56761","3.3610000610351562","3.3610000610351562","3.3610000610351562","","","","","","","","","","","",""
"2580","56763","56763","56763","3.2609996795654297","3.2609996795654297","3.2609996795654297","","","","","","","","","","","",""
"2581","56765","56765","56765","3.37399959564209","3.37399959564209","3.37399959564209","","","","","","","","","","","",""
"2582","56767","56767","56767","3.3859996795654297","3.3859996795654297","3.3859996795654297","","","","","","","","","","","",""
"2583","56933","56933","56933","3.1110000610351562","3.1110000610351562","3.1110000610351562","","","","","","","","","","","",""
"2584","56935","56935","56935","3.0910000801086426","3.0910000801086426","3.0910000801086426","","","","","","","","","","","",""
"2585","56937","56937","56937","3.142000198364258","3.142000198364258","3.142000198364258","","","","","","","","","","","",""
"2586","56939","56939","56939","3.2559995651245117","3.2559995651245117","3.2559995651245117","","","","","","","","","","","",""
"2587","56941","56941","56941","3.26200008392334","3.26200008392334","3.26200008392334","","","","","","","","","","","",""
"2588","56943","56943","56943","3.3469996452331543","3.3469996452331543","3.3469996452331543","","","","","","","","","","","",""
"2589","56945","56945","56945","3.2569994926452637","3.2569994926452637","3.2569994926452637","","","","","","","","","","","",""
"2590","56947","56947","56947","3.365999698638916","3.365999698638916","3.365999698638916","","","","","","","","","","","",""
"2591","56949","56949","56949","3.383999824523926","3.383999824523926","3.383999824523926","","","","","","","","","","","",""
"2592","57110","57110","57110","3.1070003509521484","3.1070003509521484","3.1070003509521484","","","","","","","","","","","",""
"2593","57112","57112","57112","3.0910000801086426","3.0910000801086426","3.0910000801086426","","","","","","","","","","","",""
"2594","57114","57114","57114","3.0989999771118164","3.0989999771118164","3.0989999771118164","","","","","","","","","","","",""
"2595","57116","57116","57116","3.240999698638916","3.240999698638916","3.240999698638916","","","","","","","","","","","",""
"2596","57118","57118","57118","3.3299999237060547","3.3299999237060547","3.3299999237060547","","","","","","","","","","","",""
"2597","57120","57120","57120","3.36299991607666","3.36299991607666","3.36299991607666","","","","","","","","","","","",""
"2598","57122","57122","57122","3.258999824523926","3.258999824523926","3.258999824523926","","","","","","","","","","","",""
"2599","57124","57124","57124","3.38100004196167","3.38100004196167","3.38100004196167","","","","","","","","","","","",""
"2600","57126","57126","57126","3.383999824523926","3.383999824523926","3.383999824523926","","","","","","","","","","","",""
"2601","57288","57288","57288","1.0120000839233398","1.0120000839233398","1.0120000839233398","","","","","","","","","","","",""
"2602","57290","57290","57290","3.113999843597412","3.113999843597412","3.113999843597412","","","","","","","","","","","",""
"2603","57292","57292","57292","3.1519999504089355","3.1519999504089355","3.1519999504089355","","","","","","","","","","","",""
"2604","57294","57294","57294","3.2559995651245117","3.2559995651245117","3.2559995651245117","","","","","","","","","","","",""
"2605","57296","57296","57296","3.3489999771118164","3.3489999771118164","3.3489999771118164","","","","","","","","","","","",""
"2606","57298","57298","57298","3.332000255584717","3.332000255584717","3.332000255584717","","","","","","","","","","","",""
"2607","57300","57300","57300","3.258999824523926","3.258999824523926","3.258999824523926","","","","","","","","","","","",""
"2608","57302","57302","57302","3.4039998054504395","3.4039998054504395","3.4039998054504395","","","","","","","","","","","",""
"2609","57304","57304","57304","3.3990001678466797","3.3990001678466797","3.3990001678466797","","","","","","","","","","","",""
"2610","57464","57464","57464","3.081000328063965","3.081000328063965","3.081000328063965","","","","","","","","","","","",""
"2611","57466","57466","57466","0.9919997453689575","0.9919997453689575","0.9919997453689575","","","","","","","","","","","",""
"2612","57468","57468","57468","2.9040000438690186","2.9040000438690186","2.9040000438690186","","","","","","","","","","","",""
"2613","57470","57470","57470","3.244999885559082","3.244999885559082","3.244999885559082","","","","","","","","","","","",""
"2614","57472","57472","57472","3.261000156402588","3.261000156402588","3.261000156402588","","","","","","","","","","","",""
"2615","57474","57474","57474","3.332000255584717","3.332000255584717","3.332000255584717","","","","","","","","","","","",""
"2616","57476","57476","57476","1.2619996070861816","1.2619996070861816","1.2619996070861816","","","","","","","","","","","",""
"2617","57478","57478","57478","3.353999614715576","3.353999614715576","3.353999614715576","","","","","","","","","","","",""
"2618","57480","57480","57480","1.3420000076293945","1.3420000076293945","1.3420000076293945","","","","","","","","","","","",""
"2619","57637","57637","57637","3.116000175476074","3.116000175476074","3.116000175476074","","","","","","","","","","","",""
"2620","57639","57639","57639","3.125999927520752","3.125999927520752","3.125999927520752","","","","","","","","","","","",""
"2621","57641","57641","57641","3.118000030517578","3.118000030517578","3.118000030517578","","","","","","","","","","","",""
"2622","57643","57643","57643","3.2649993896484375","3.2649993896484375","3.2649993896484375","","","","","","","","","","","",""
"2623","57645","57645","57645","3.261000156402588","3.261000156402588","3.261000156402588","","","","","","","","","","","",""
"2624","57647","57647","57647","3.3359999656677246","3.3359999656677246","3.3359999656677246","","","","","","","","","","","",""
"2625","57649","57649","57649","3.237999439239502","3.237999439239502","3.237999439239502","","","","","","","","","","","",""
"2626","57651","57651","57651","3.3499999046325684","3.3499999046325684","3.3499999046325684","","","","","","","","","","","",""
"2627","57653","57653","57653","3.311999797821045","3.311999797821045","3.311999797821045","","","","","","","","","","","",""
"2628","57816","57816","57816","3.118000030517578","3.118000030517578","3.118000030517578","","","","","","","","","","","",""
"2629","57818","57818","57818","3.0910000801086426","3.0910000801086426","3.0910000801086426","","","","","","","","","","","",""
"2630","57820","57820","57820","3.1640000343322754","3.1640000343322754","3.1640000343322754","","","","","","","","","","","",""
"2631","57822","57822","57822","3.3219995498657227","3.3219995498657227","3.3219995498657227","","","","","","","","","","","",""
"2632","57824","57824","57824","3.196000099182129","3.196000099182129","3.196000099182129","","","","","","","","","","","",""
"2633","57826","57826","57826","3.3469996452331543","3.3469996452331543","3.3469996452331543","","","","","","","","","","","",""
"2634","57828","57828","57828","3.2749996185302734","3.2749996185302734","3.2749996185302734","","","","","","","","","","","",""
"2635","57830","57830","57830","3.2170000076293945","3.2170000076293945","3.2170000076293945","","","","","","","","","","","",""
"2636","57832","57832","57832","3.3869996070861816","3.3869996070861816","3.3869996070861816","","","","","","","","","","","",""
"2637","57994","57994","57994","3.1070003509521484","3.1070003509521484","3.1070003509521484","","","","","","","","","","","",""
"2638","57996","57996","57996","3.0880002975463867","3.0880002975463867","3.0880002975463867","","","","","","","","","","","",""
"2639","57998","57998","57998","3.1589999198913574","3.1589999198913574","3.1589999198913574","","","","","","","","","","","",""
"2640","58000","58000","58000","3.2729997634887695","3.2729997634887695","3.2729997634887695","","","","","","","","","","","",""
"2641","58002","58002","58002","3.1690001487731934","3.1690001487731934","3.1690001487731934","","","","","","","","","","","",""
"2642","58004","58004","58004","3.3359999656677246","3.3359999656677246","3.3359999656677246","","","","","","","","","","","",""
"2643","58006","58006","58006","3.241999626159668","3.241999626159668","3.241999626159668","","","","","","","","","","","",""
"2644","58008","58008","58008","3.3499999046325684","3.3499999046325684","3.3499999046325684","","","","","","","","","","","",""
"2645","58010","58010","58010","3.3859996795654297","3.3859996795654297","3.3859996795654297","","","","","","","","","","","",""
"2646","58173","58173","58173","1.0120000839233398","1.0120000839233398","1.0120000839233398","","","","","","","","","","","",""
"2647","58175","58175","58175","3.1700000762939453","3.1700000762939453","3.1700000762939453","","","","","","","","","","","",""
"2648","58177","58177","58177","3.1730003356933594","3.1730003356933594","3.1730003356933594","","","","","","","","","","","",""
"2649","58179","58179","58179","3.2719993591308594","3.2719993591308594","3.2719993591308594","","","","","","","","","","","",""
"2650","58181","58181","58181","3.2699999809265137","3.2699999809265137","3.2699999809265137","","","","","","","","","","","",""
"2651","58183","58183","58183","3.357999801635742","3.357999801635742","3.357999801635742","","","","","","","","","","","",""
"2652","58185","58185","58185","3.23799991607666","3.23799991607666","3.23799991607666","","","","","","","","","","","",""
"2653","58187","58187","58187","3.3439998626708984","3.3439998626708984","3.3439998626708984","","","","","","","","","","","",""
"2654","58189","58189","58189","3.321000099182129","3.321000099182129","3.321000099182129","","","","","","","","","","","",""
"2655","58350","58350","58350","1.0120000839233398","1.0120000839233398","1.0120000839233398","","","","","","","","","","","",""
"2656","58352","58352","58352","0.9919997453689575","0.9919997453689575","0.9919997453689575","","","","","","","","","","","",""
"2657","58354","58354","58354","3.1730003356933594","3.1730003356933594","3.1730003356933594","","","","","","","","","","","",""
"2658","58356","58356","58356","3.244999885559082","3.244999885559082","3.244999885559082","","","","","","","","","","","",""
"2659","58358","58358","58358","3.257999897003174","3.257999897003174","3.257999897003174","","","","","","","","","","","",""
"2660","58360","58360","58360","3.3429999351501465","3.3429999351501465","3.3429999351501465","","","","","","","","","","","",""
"2661","58362","58362","58362","3.253999710083008","3.253999710083008","3.253999710083008","","","","","","","","","","","",""
"2662","58364","58364","58364","3.3569998741149902","3.3569998741149902","3.3569998741149902","","","","","","","","","","","",""
"2663","58366","58366","58366","3.3249998092651367","3.3249998092651367","3.3249998092651367","","","","","","","","","","","",""
"2664","58530","58530","58530","3.1070003509521484","3.1070003509521484","3.1070003509521484","","","","","","","","","","","",""
"2665","58532","58532","58532","3.1570000648498535","3.1570000648498535","3.1570000648498535","","","","","","","","","","","",""
"2666","58534","58534","58534","3.1419997215270996","3.1419997215270996","3.1419997215270996","","","","","","","","","","","",""
"2667","58536","58536","58536","1.2619996070861816","1.2619996070861816","1.2619996070861816","","","","","","","","","","","",""
"2668","58538","58538","58538","3.252999782562256","3.252999782562256","3.252999782562256","","","","","","","","","","","",""
"2669","58540","58540","58540","3.3519997596740723","3.3519997596740723","3.3519997596740723","","","","","","","","","","","",""
"2670","58542","58542","58542","3.2639994621276855","3.2639994621276855","3.2639994621276855","","","","","","","","","","","",""
"2671","58544","58544","58544","3.3319997787475586","3.3319997787475586","3.3319997787475586","","","","","","","","","","","",""
"2672","58546","58546","58546","3.4039998054504395","3.4039998054504395","3.4039998054504395","","","","","","","","","","","",""
"2673","58703","58703","58703","1.0120000839233398","1.0120000839233398","1.0120000839233398","","","","","","","","","","","",""
"2674","58705","58705","58705","3.1589999198913574","3.1589999198913574","3.1589999198913574","","","","","","","","","","","",""
"2675","58707","58707","58707","3.1589999198913574","3.1589999198913574","3.1589999198913574","","","","","","","","","","","",""
"2676","58709","58709","58709","3.239999771118164","3.239999771118164","3.239999771118164","","","","","","","","","","","",""
"2677","58711","58711","58711","3.2699999809265137","3.2699999809265137","3.2699999809265137","","","","","","","","","","","",""
"2678","58713","58713","58713","3.359999656677246","3.359999656677246","3.359999656677246","","","","","","","","","","","",""
"2679","58715","58715","58715","3.253999710083008","3.253999710083008","3.253999710083008","","","","","","","","","","","",""
"2680","58717","58717","58717","3.203000068664551","3.203000068664551","3.203000068664551","","","","","","","","","","","",""
"2681","58719","58719","58719","3.383999824523926","3.383999824523926","3.383999824523926","","","","","","","","","","","",""
"2682","58879","58879","58879","1.0120000839233398","1.0120000839233398","1.0120000839233398","","","","","","","","","","","",""
"2683","58881","58881","58881","3.1510000228881836","3.1510000228881836","3.1510000228881836","","","","","","","","","","","",""
"2684","58883","58883","58883","3.0910000801086426","3.0910000801086426","3.0910000801086426","","","","","","","","","","","",""
"2685","58885","58885","58885","3.239999771118164","3.239999771118164","3.239999771118164","","","","","","","","","","","",""
"2686","58887","58887","58887","3.252999782562256","3.252999782562256","3.252999782562256","","","","","","","","","","","",""
"2687","58889","58889","58889","3.3359999656677246","3.3359999656677246","3.3359999656677246","","","","","","","","","","","",""
"2688","58891","58891","58891","3.244999408721924","3.244999408721924","3.244999408721924","","","","","","","","","","","",""
"2689","58893","58893","58893","3.3349995613098145","3.3349995613098145","3.3349995613098145","","","","","","","","","","","",""
"2690","58895","58895","58895","3.2150001525878906","3.2150001525878906","3.2150001525878906","","","","","","","","","","","",""
"2691","59056","59056","59056","1.0120000839233398","1.0120000839233398","1.0120000839233398","","","","","","","","","","","",""
"2692","59058","59058","59058","3.1560001373291016","3.1560001373291016","3.1560001373291016","","","","","","","","","","","",""
"2693","59060","59060","59060","3.1570000648498535","3.1570000648498535","3.1570000648498535","","","","","","","","","","","",""
"2694","59062","59062","59062","3.253999710083008","3.253999710083008","3.253999710083008","","","","","","","","","","","",""
"2695","59064","59064","59064","3.173999786376953","3.173999786376953","3.173999786376953","","","","","","","","","","","",""
"2696","59066","59066","59066","3.3309998512268066","3.3309998512268066","3.3309998512268066","","","","","","","","","","","",""
"2697","59068","59068","59068","3.229999542236328","3.229999542236328","3.229999542236328","","","","","","","","","","","",""
"2698","59070","59070","59070","3.317999839782715","3.317999839782715","3.317999839782715","","","","","","","","","","","",""
"2699","59072","59072","59072","3.378999710083008","3.378999710083008","3.378999710083008","","","","","","","","","","","",""
"2700","59232","59232","59232","1.0120002031326294","1.0120002031326294","1.0120002031326294","","","","","","","","","","","",""
"2701","59234","59234","59234","3.1540002822875977","3.1540002822875977","3.1540002822875977","","","","","","","","","","","",""
"2702","59236","59236","59236","3.1730003356933594","3.1730003356933594","3.1730003356933594","","","","","","","","","","","",""
"2703","59238","59238","59238","3.2549996376037598","3.2549996376037598","3.2549996376037598","","","","","","","","","","","",""
"2704","59240","59240","59240","3.3390002250671387","3.3390002250671387","3.3390002250671387","","","","","","","","","","","",""
"2705","59242","59242","59242","3.3289999961853027","3.3289999961853027","3.3289999961853027","","","","","","","","","","","",""
"2706","59244","59244","59244","3.24899959564209","3.24899959564209","3.24899959564209","","","","","","","","","","","",""
"2707","59246","59246","59246","3.354999542236328","3.354999542236328","3.354999542236328","","","","","","","","","","","",""
"2708","59248","59248","59248","3.383999824523926","3.383999824523926","3.383999824523926","","","","","","","","","","","",""
"2709","59409","59409","59409","1.0120000839233398","1.0120000839233398","1.0120000839233398","","","","","","","","","","","",""
"2710","59411","59411","59411","3.1590003967285156","3.1590003967285156","3.1590003967285156","","","","","","","","","","","",""
"2711","59413","59413","59413","3.1740002632141113","3.1740002632141113","3.1740002632141113","","","","","","","","","","","",""
"2712","59415","59415","59415","3.3169994354248047","3.3169994354248047","3.3169994354248047","","","","","","","","","","","",""
"2713","59417","59417","59417","3.2699999809265137","3.2699999809265137","3.2699999809265137","","","","","","","","","","","",""
"2714","59419","59419","59419","3.3449997901916504","3.3449997901916504","3.3449997901916504","","","","","","","","","","","",""
"2715","59421","59421","59421","3.318000316619873","3.318000316619873","3.318000316619873","","","","","","","","","","","",""
"2716","59423","59423","59423","3.184999942779541","3.184999942779541","3.184999942779541","","","","","","","","","","","",""
"2717","59425","59425","59425","3.321000099182129","3.321000099182129","3.321000099182129","","","","","","","","","","","",""
"2718","59585","59585","59585","1.0120000839233398","1.0120000839233398","1.0120000839233398","","","","","","","","","","","",""
"2719","59587","59587","59587","3.1600003242492676","3.1600003242492676","3.1600003242492676","","","","","","","","","","","",""
"2720","59589","59589","59589","3.1430001258850098","3.1430001258850098","3.1430001258850098","","","","","","","","","","","",""
"2721","59591","59591","59591","3.3199996948242188","3.3199996948242188","3.3199996948242188","","","","","","","","","","","",""
"2722","59593","59593","59593","3.2760000228881836","3.2760000228881836","3.2760000228881836","","","","","","","","","","","",""
"2723","59595","59595","59595","3.3429999351501465","3.3429999351501465","3.3429999351501465","","","","","","","","","","","",""
"2724","59597","59597","59597","3.2669997215270996","3.2669997215270996","3.2669997215270996","","","","","","","","","","","",""
"2725","59599","59599","59599","3.2680001258850098","3.2680001258850098","3.2680001258850098","","","","","","","","","","","",""
"2726","59601","59601","59601","3.3889999389648438","3.3889999389648438","3.3889999389648438","","","","","","","","","","","",""
"2727","59766","59766","59766","1.0120000839233398","1.0120000839233398","1.0120000839233398","","","","","","","","","","","",""
"2728","59768","59768","59768","3.125999927520752","3.125999927520752","3.125999927520752","","","","","","","","","","","",""
"2729","59770","59770","59770","3.138000011444092","3.138000011444092","3.138000011444092","","","","","","","","","","","",""
"2730","59772","59772","59772","3.2699995040893555","3.2699995040893555","3.2699995040893555","","","","","","","","","","","",""
"2731","59774","59774","59774","3.2100000381469727","3.2100000381469727","3.2100000381469727","","","","","","","","","","","",""
"2732","59776","59776","59776","3.3449997901916504","3.3449997901916504","3.3449997901916504","","","","","","","","","","","",""
"2733","59778","59778","59778","3.253999710083008","3.253999710083008","3.253999710083008","","","","","","","","","","","",""
"2734","59780","59780","59780","3.2160000801086426","3.2160000801086426","3.2160000801086426","","","","","","","","","","","",""
"2735","59782","59782","59782","3.383999824523926","3.383999824523926","3.383999824523926","","","","","","","","","","","",""
"2736","59942","59942","59942","1.0119999647140503","1.0119999647140503","1.0119999647140503","","","","","","","","","","","",""
"2737","59944","59944","59944","3.1579999923706055","3.1579999923706055","3.1579999923706055","","","","","","","","","","","",""
"2738","59946","59946","59946","3.1570000648498535","3.1570000648498535","3.1570000648498535","","","","","","","","","","","",""
"2739","59948","59948","59948","3.2649993896484375","3.2649993896484375","3.2649993896484375","","","","","","","","","","","",""
"2740","59950","59950","59950","3.2740001678466797","3.2740001678466797","3.2740001678466797","","","","","","","","","","","",""
"2741","59952","59952","59952","3.332000255584717","3.332000255584717","3.332000255584717","","","","","","","","","","","",""
"2742","59954","59954","59954","3.2269997596740723","3.2269997596740723","3.2269997596740723","","","","","","","","","","","",""
"2743","59956","59956","59956","3.184000015258789","3.184000015258789","3.184000015258789","","","","","","","","","","","",""
"2744","59958","59958","59958","3.380000114440918","3.380000114440918","3.380000114440918","","","","","","","","","","","",""
"2745","60119","60119","60119","1.0120000839233398","1.0120000839233398","1.0120000839233398","","","","","","","","","","","",""
"2746","60121","60121","60121","3.1009998321533203","3.1009998321533203","3.1009998321533203","","","","","","","","","","","",""
"2747","60123","60123","60123","3.146000385284424","3.146000385284424","3.146000385284424","","","","","","","","","","","",""
"2748","60125","60125","60125","3.253999710083008","3.253999710083008","3.253999710083008","","","","","","","","","","","",""
"2749","60127","60127","60127","3.255000114440918","3.255000114440918","3.255000114440918","","","","","","","","","","","",""
"2750","60129","60129","60129","3.364999771118164","3.364999771118164","3.364999771118164","","","","","","","","","","","",""
"2751","60131","60131","60131","3.2549996376037598","3.2549996376037598","3.2549996376037598","","","","","","","","","","","",""
"2752","60133","60133","60133","3.2109999656677246","3.2109999656677246","3.2109999656677246","","","","","","","","","","","",""
"2753","60135","60135","60135","3.292999744415283","3.292999744415283","3.292999744415283","","","","","","","","","","","",""
"2754","60293","60293","60293","3.1020002365112305","3.1020002365112305","3.1020002365112305","","","","","","","","","","","",""
"2755","60295","60295","60295","3.1010003089904785","3.1010003089904785","3.1010003089904785","","","","","","","","","","","",""
"2756","60297","60297","60297","3.141000270843506","3.141000270843506","3.141000270843506","","","","","","","","","","","",""
"2757","60299","60299","60299","3.2679996490478516","3.2679996490478516","3.2679996490478516","","","","","","","","","","","",""
"2758","60301","60301","60301","3.2140002250671387","3.2140002250671387","3.2140002250671387","","","","","","","","","","","",""
"2759","60303","60303","60303","3.327000141143799","3.327000141143799","3.327000141143799","","","","","","","","","","","",""
"2760","60305","60305","60305","3.227999687194824","3.227999687194824","3.227999687194824","","","","","","","","","","","",""
"2761","60307","60307","60307","3.2160000801086426","3.2160000801086426","3.2160000801086426","","","","","","","","","","","",""
"2762","60309","60309","60309","3.2189998626708984","3.2189998626708984","3.2189998626708984","","","","","","","","","","","",""
"2763","60471","60471","60471","1.0120000839233398","1.0120000839233398","1.0120000839233398","","","","","","","","","","","",""
"2764","60473","60473","60473","3.1570000648498535","3.1570000648498535","3.1570000648498535","","","","","","","","","","","",""
"2765","60475","60475","60475","3.1710000038146973","3.1710000038146973","3.1710000038146973","","","","","","","","","","","",""
"2766","60477","60477","60477","3.2729997634887695","3.2729997634887695","3.2729997634887695","","","","","","","","","","","",""
"2767","60479","60479","60479","3.2699999809265137","3.2699999809265137","3.2699999809265137","","","","","","","","","","","",""
"2768","60481","60481","60481","3.3519997596740723","3.3519997596740723","3.3519997596740723","","","","","","","","","","","",""
"2769","60483","60483","60483","3.244999885559082","3.244999885559082","3.244999885559082","","","","","","","","","","","",""
"2770","60485","60485","60485","3.3439998626708984","3.3439998626708984","3.3439998626708984","","","","","","","","","","","",""
"2771","60487","60487","60487","3.311999797821045","3.311999797821045","3.311999797821045","","","","","","","","","","","",""
"2772","60647","60647","60647","1.0120000839233398","1.0120000839233398","1.0120000839233398","","","","","","","","","","","",""
"2773","60649","60649","60649","3.1540002822875977","3.1540002822875977","3.1540002822875977","","","","","","","","","","","",""
"2774","60651","60651","60651","3.1589999198913574","3.1589999198913574","3.1589999198913574","","","","","","","","","","","",""
"2775","60653","60653","60653","3.257999897003174","3.257999897003174","3.257999897003174","","","","","","","","","","","",""
"2776","60655","60655","60655","3.2139997482299805","3.2139997482299805","3.2139997482299805","","","","","","","","","","","",""
"2777","60657","60657","60657","3.332000255584717","3.332000255584717","3.332000255584717","","","","","","","","","","","",""
"2778","60659","60659","60659","3.258999824523926","3.258999824523926","3.258999824523926","","","","","","","","","","","",""
"2779","60661","60661","60661","3.354999542236328","3.354999542236328","3.354999542236328","","","","","","","","","","","",""
"2780","60663","60663","60663","3.322999954223633","3.322999954223633","3.322999954223633","","","","","","","","","","","",""
"2781","60821","60821","60821","1.0120000839233398","1.0120000839233398","1.0120000839233398","","","","","","","","","","","",""
"2782","60823","60823","60823","3.0930004119873047","3.0930004119873047","3.0930004119873047","","","","","","","","","","","",""
"2783","60825","60825","60825","3.1560001373291016","3.1560001373291016","3.1560001373291016","","","","","","","","","","","",""
"2784","60827","60827","60827","3.2559995651245117","3.2559995651245117","3.2559995651245117","","","","","","","","","","","",""
"2785","60829","60829","60829","3.2140002250671387","3.2140002250671387","3.2140002250671387","","","","","","","","","","","",""
"2786","60831","60831","60831","3.3459997177124023","3.3459997177124023","3.3459997177124023","","","","","","","","","","","",""
"2787","60833","60833","60833","3.245999813079834","3.245999813079834","3.245999813079834","","","","","","","","","","","",""
"2788","60835","60835","60835","3.2090001106262207","3.2090001106262207","3.2090001106262207","","","","","","","","","","","",""
"2789","60837","60837","60837","3.4019999504089355","3.4019999504089355","3.4019999504089355","","","","","","","","","","","",""
"2790","60998","60998","60998","1.0120000839233398","1.0120000839233398","1.0120000839233398","","","","","","","","","","","",""
"2791","61000","61000","61000","3.1519999504089355","3.1519999504089355","3.1519999504089355","","","","","","","","","","","",""
"2792","61002","61002","61002","3.1540002822875977","3.1540002822875977","3.1540002822875977","","","","","","","","","","","",""
"2793","61004","61004","61004","3.2609996795654297","3.2609996795654297","3.2609996795654297","","","","","","","","","","","",""
"2794","61006","61006","61006","3.2769999504089355","3.2769999504089355","3.2769999504089355","","","","","","","","","","","",""
"2795","61008","61008","61008","3.3470001220703125","3.3470001220703125","3.3470001220703125","","","","","","","","","","","",""
"2796","61010","61010","61010","3.24899959564209","3.24899959564209","3.24899959564209","","","","","","","","","","","",""
"2797","61012","61012","61012","3.354999542236328","3.354999542236328","3.354999542236328","","","","","","","","","","","",""
"2798","61014","61014","61014","3.24399995803833","3.24399995803833","3.24399995803833","","","","","","","","","","","",""
"2799","61176","61176","61176","1.0119999647140503","1.0119999647140503","1.0119999647140503","","","","","","","","","","","",""
"2800","61178","61178","61178","3.1389999389648438","3.1389999389648438","3.1389999389648438","","","","","","","","","","","",""
"2801","61180","61180","61180","3.1630001068115234","3.1630001068115234","3.1630001068115234","","","","","","","","","","","",""
"2802","61182","61182","61182","3.2699995040893555","3.2699995040893555","3.2699995040893555","","","","","","","","","","","",""
"2803","61184","61184","61184","3.26200008392334","3.26200008392334","3.26200008392334","","","","","","","","","","","",""
"2804","61186","61186","61186","3.3460001945495605","3.3460001945495605","3.3460001945495605","","","","","","","","","","","",""
"2805","61188","61188","61188","3.302999496459961","3.302999496459961","3.302999496459961","","","","","","","","","","","",""
"2806","61190","61190","61190","3.361999988555908","3.361999988555908","3.361999988555908","","","","","","","","","","","",""
"2807","61192","61192","61192","3.309999942779541","3.309999942779541","3.309999942779541","","","","","","","","","","","",""
"2808","61353","61353","61353","1.0120000839233398","1.0120000839233398","1.0120000839233398","","","","","","","","","","","",""
"2809","61355","61355","61355","3.1700000762939453","3.1700000762939453","3.1700000762939453","","","","","","","","","","","",""
"2810","61357","61357","61357","3.1640000343322754","3.1640000343322754","3.1640000343322754","","","","","","","","","","","",""
"2811","61359","61359","61359","3.243999481201172","3.243999481201172","3.243999481201172","","","","","","","","","","","",""
"2812","61361","61361","61361","3.261000156402588","3.261000156402588","3.261000156402588","","","","","","","","","","","",""
"2813","61363","61363","61363","3.357999801635742","3.357999801635742","3.357999801635742","","","","","","","","","","","",""
"2814","61365","61365","61365","3.231999397277832","3.231999397277832","3.231999397277832","","","","","","","","","","","",""
"2815","61367","61367","61367","3.3409996032714844","3.3409996032714844","3.3409996032714844","","","","","","","","","","","",""
"2816","61369","61369","61369","3.3899998664855957","3.3899998664855957","3.3899998664855957","","","","","","","","","","","",""
"2817","61527","61527","61527","1.0120000839233398","1.0120000839233398","1.0120000839233398","","","","","","","","","","","",""
"2818","61529","61529","61529","3.1579999923706055","3.1579999923706055","3.1579999923706055","","","","","","","","","","","",""
"2819","61531","61531","61531","3.142000198364258","3.142000198364258","3.142000198364258","","","","","","","","","","","",""
"2820","61533","61533","61533","3.243999481201172","3.243999481201172","3.243999481201172","","","","","","","","","","","",""
"2821","61535","61535","61535","3.2719998359680176","3.2719998359680176","3.2719998359680176","","","","","","","","","","","",""
"2822","61537","61537","61537","3.3379998207092285","3.3379998207092285","3.3379998207092285","","","","","","","","","","","",""
"2823","61539","61539","61539","3.2809996604919434","3.2809996604919434","3.2809996604919434","","","","","","","","","","","",""
"2824","61541","61541","61541","3.35599946975708","3.35599946975708","3.35599946975708","","","","","","","","","","","",""
"2825","61543","61543","61543","3.388000011444092","3.388000011444092","3.388000011444092","","","","","","","","","","","",""
"2826","61710","61710","61710","1.0119999647140503","1.0119999647140503","1.0119999647140503","","","","","","","","","","","",""
"2827","61712","61712","61712","3.131999969482422","3.131999969482422","3.131999969482422","","","","","","","","","","","",""
"2828","61714","61714","61714","3.1589999198913574","3.1589999198913574","3.1589999198913574","","","","","","","","","","","",""
"2829","61716","61716","61716","3.253999710083008","3.253999710083008","3.253999710083008","","","","","","","","","","","",""
"2830","61718","61718","61718","3.190000057220459","3.190000057220459","3.190000057220459","","","","","","","","","","","",""
"2831","61720","61720","61720","3.332000255584717","3.332000255584717","3.332000255584717","","","","","","","","","","","",""
"2832","61722","61722","61722","3.3560004234313965","3.3560004234313965","3.3560004234313965","","","","","","","","","","","",""
"2833","61724","61724","61724","3.3479995727539062","3.3479995727539062","3.3479995727539062","","","","","","","","","","","",""
"2834","61726","61726","61726","3.317999839782715","3.317999839782715","3.317999839782715","","","","","","","","","","","",""
"2835","61884","61884","61884","1.0119999647140503","1.0119999647140503","1.0119999647140503","","","","","","","","","","","",""
"2836","61886","61886","61886","3.1760001182556152","3.1760001182556152","3.1760001182556152","","","","","","","","","","","",""
"2837","61888","61888","61888","3.1649999618530273","3.1649999618530273","3.1649999618530273","","","","","","","","","","","",""
"2838","61890","61890","61890","3.258999824523926","3.258999824523926","3.258999824523926","","","","","","","","","","","",""
"2839","61892","61892","61892","3.26200008392334","3.26200008392334","3.26200008392334","","","","","","","","","","","",""
"2840","61894","61894","61894","3.3569998741149902","3.3569998741149902","3.3569998741149902","","","","","","","","","","","",""
"2841","61896","61896","61896","3.317999839782715","3.317999839782715","3.317999839782715","","","","","","","","","","","",""
"2842","61898","61898","61898","3.3499999046325684","3.3499999046325684","3.3499999046325684","","","","","","","","","","","",""
"2843","61900","61900","61900","3.3849997520446777","3.3849997520446777","3.3849997520446777","","","","","","","","","","","",""
"2844","62061","62061","62061","3.0349998474121094","3.0349998474121094","3.0349998474121094","","","","","","","","","","","",""
"2845","62063","62063","62063","3.122000217437744","3.122000217437744","3.122000217437744","","","","","","","","","","","",""
"2846","62065","62065","62065","3.1560001373291016","3.1560001373291016","3.1560001373291016","","","","","","","","","","","",""
"2847","62067","62067","62067","3.2609996795654297","3.2609996795654297","3.2609996795654297","","","","","","","","","","","",""
"2848","62069","62069","62069","3.2139997482299805","3.2139997482299805","3.2139997482299805","","","","","","","","","","","",""
"2849","62071","62071","62071","3.3480000495910645","3.3480000495910645","3.3480000495910645","","","","","","","","","","","",""
"2850","62073","62073","62073","3.3380002975463867","3.3380002975463867","3.3380002975463867","","","","","","","","","","","",""
"2851","62075","62075","62075","3.3859996795654297","3.3859996795654297","3.3859996795654297","","","","","","","","","","","",""
"2852","62077","62077","62077","3.383999824523926","3.383999824523926","3.383999824523926","","","","","","","","","","","",""
"2853","62238","62238","62238","1.0119999647140503","1.0119999647140503","1.0119999647140503","","","","","","","","","","","",""
"2854","62240","62240","62240","3.1640000343322754","3.1640000343322754","3.1640000343322754","","","","","","","","","","","",""
"2855","62242","62242","62242","3.117000102996826","3.117000102996826","3.117000102996826","","","","","","","","","","","",""
"2856","62244","62244","62244","3.2559995651245117","3.2559995651245117","3.2559995651245117","","","","","","","","","","","",""
"2857","62246","62246","62246","3.173999786376953","3.173999786376953","3.173999786376953","","","","","","","","","","","",""
"2858","62248","62248","62248","3.332000255584717","3.332000255584717","3.332000255584717","","","","","","","","","","","",""
"2859","62250","62250","62250","3.3489999771118164","3.3489999771118164","3.3489999771118164","","","","","","","","","","","",""
"2860","62252","62252","62252","3.352999687194824","3.352999687194824","3.352999687194824","","","","","","","","","","","",""
"2861","62254","62254","62254","3.388000011444092","3.388000011444092","3.388000011444092","","","","","","","","","","","",""
"2862","62419","62419","62419","1.0120000839233398","1.0120000839233398","1.0120000839233398","","","","","","","","","","","",""
"2863","62421","62421","62421","3.1570000648498535","3.1570000648498535","3.1570000648498535","","","","","","","","","","","",""
"2864","62423","62423","62423","3.1649999618530273","3.1649999618530273","3.1649999618530273","","","","","","","","","","","",""
"2865","62425","62425","62425","3.2609996795654297","3.2609996795654297","3.2609996795654297","","","","","","","","","","","",""
"2866","62427","62427","62427","3.3309998512268066","3.3309998512268066","3.3309998512268066","","","","","","","","","","","",""
"2867","62429","62429","62429","3.3309998512268066","3.3309998512268066","3.3309998512268066","","","","","","","","","","","",""
"2868","62431","62431","62431","3.315000057220459","3.315000057220459","3.315000057220459","","","","","","","","","","","",""
"2869","62433","62433","62433","3.3339996337890625","3.3339996337890625","3.3339996337890625","","","","","","","","","","","",""
"2870","62435","62435","62435","3.3859996795654297","3.3859996795654297","3.3859996795654297","","","","","","","","","","","",""
"2871","62591","62591","62591","3.082000255584717","3.082000255584717","3.082000255584717","","","","","","","","","","","",""
"2872","62593","62593","62593","3.1550002098083496","3.1550002098083496","3.1550002098083496","","","","","","","","","","","",""
"2873","62595","62595","62595","3.1480002403259277","3.1480002403259277","3.1480002403259277","","","","","","","","","","","",""
"2874","62597","62597","62597","3.239999771118164","3.239999771118164","3.239999771118164","","","","","","","","","","","",""
"2875","62599","62599","62599","3.251999855041504","3.251999855041504","3.251999855041504","","","","","","","","","","","",""
"2876","62601","62601","62601","3.3460001945495605","3.3460001945495605","3.3460001945495605","","","","","","","","","","","",""
"2877","62603","62603","62603","3.328000068664551","3.328000068664551","3.328000068664551","","","","","","","","","","","",""
"2878","62605","62605","62605","3.180999755859375","3.180999755859375","3.180999755859375","","","","","","","","","","","",""
"2879","62607","62607","62607","3.4019999504089355","3.4019999504089355","3.4019999504089355","","","","","","","","","","","",""
"2880","62769","62769","62769","3.0960001945495605","3.0960001945495605","3.0960001945495605","","","","","","","","","","","",""
"2881","62771","62771","62771","3.138000011444092","3.138000011444092","3.138000011444092","","","","","","","","","","","",""
"2882","62773","62773","62773","3.1790003776550293","3.1790003776550293","3.1790003776550293","","","","","","","","","","","",""
"2883","62775","62775","62775","3.318999767303467","3.318999767303467","3.318999767303467","","","","","","","","","","","",""
"2884","62777","62777","62777","3.2140002250671387","3.2140002250671387","3.2140002250671387","","","","","","","","","","","",""
"2885","62779","62779","62779","3.3610000610351562","3.3610000610351562","3.3610000610351562","","","","","","","","","","","",""
"2886","62781","62781","62781","3.332000255584717","3.332000255584717","3.332000255584717","","","","","","","","","","","",""
"2887","62783","62783","62783","3.381999969482422","3.381999969482422","3.381999969482422","","","","","","","","","","","",""
"2888","62785","62785","62785","3.4019999504089355","3.4019999504089355","3.4019999504089355","","","","","","","","","","","",""
"2889","62942","62942","62942","3.1020002365112305","3.1020002365112305","3.1020002365112305","","","","","","","","","","","",""
"2890","62944","62944","62944","3.134000301361084","3.134000301361084","3.134000301361084","","","","","","","","","","","",""
"2891","62946","62946","62946","3.1600003242492676","3.1600003242492676","3.1600003242492676","","","","","","","","","","","",""
"2892","62948","62948","62948","3.252999782562256","3.252999782562256","3.252999782562256","","","","","","","","","","","",""
"2893","62950","62950","62950","3.256999969482422","3.256999969482422","3.256999969482422","","","","","","","","","","","",""
"2894","62952","62952","62952","3.3519997596740723","3.3519997596740723","3.3519997596740723","","","","","","","","","","","",""
"2895","62954","62954","62954","3.3340001106262207","3.3340001106262207","3.3340001106262207","","","","","","","","","","","",""
"2896","62956","62956","62956","3.2249999046325684","3.2249999046325684","3.2249999046325684","","","","","","","","","","","",""
"2897","62958","62958","62958","3.316999912261963","3.316999912261963","3.316999912261963","","","","","","","","","","","",""
"2898","63120","63120","63120","3.1070003509521484","3.1070003509521484","3.1070003509521484","","","","","","","","","","","",""
"2899","63122","63122","63122","3.111999988555908","3.111999988555908","3.111999988555908","","","","","","","","","","","",""
"2900","63124","63124","63124","3.002999782562256","3.002999782562256","3.002999782562256","","","","","","","","","","","",""
"2901","63126","63126","63126","3.239999771118164","3.239999771118164","3.239999771118164","","","","","","","","","","","",""
"2902","63128","63128","63128","3.190000057220459","3.190000057220459","3.190000057220459","","","","","","","","","","","",""
"2903","63130","63130","63130","3.310999870300293","3.310999870300293","3.310999870300293","","","","","","","","","","","",""
"2904","63132","63132","63132","3.310999870300293","3.310999870300293","3.310999870300293","","","","","","","","","","","",""
"2905","63134","63134","63134","3.2220001220703125","3.2220001220703125","3.2220001220703125","","","","","","","","","","","",""
"2906","63136","63136","63136","3.383999824523926","3.383999824523926","3.383999824523926","","","","","","","","","","","",""
"2907","63297","63297","63297","3.147000312805176","3.147000312805176","3.147000312805176","","","","","","","","","","","",""
"2908","63299","63299","63299","3.1630001068115234","3.1630001068115234","3.1630001068115234","","","","","","","","","","","",""
"2909","63301","63301","63301","3.1540002822875977","3.1540002822875977","3.1540002822875977","","","","","","","","","","","",""
"2910","63303","63303","63303","3.2729997634887695","3.2729997634887695","3.2729997634887695","","","","","","","","","","","",""
"2911","63305","63305","63305","3.2719998359680176","3.2719998359680176","3.2719998359680176","","","","","","","","","","","",""
"2912","63307","63307","63307","3.2760000228881836","3.2760000228881836","3.2760000228881836","","","","","","","","","","","",""
"2913","63309","63309","63309","3.322999954223633","3.322999954223633","3.322999954223633","","","","","","","","","","","",""
"2914","63311","63311","63311","3.352999687194824","3.352999687194824","3.352999687194824","","","","","","","","","","","",""
"2915","63313","63313","63313","3.3889999389648438","3.3889999389648438","3.3889999389648438","","","","","","","","","","","",""
"2916","63477","63477","63477","3.0960001945495605","3.0960001945495605","3.0960001945495605","","","","","","","","","","","",""
"2917","63479","63479","63479","0.9919997453689575","0.9919997453689575","0.9919997453689575","","","","","","","","","","","",""
"2918","63481","63481","63481","3.1600003242492676","3.1600003242492676","3.1600003242492676","","","","","","","","","","","",""
"2919","63483","63483","63483","3.2729997634887695","3.2729997634887695","3.2729997634887695","","","","","","","","","","","",""
"2920","63485","63485","63485","3.2129998207092285","3.2129998207092285","3.2129998207092285","","","","","","","","","","","",""
"2921","63487","63487","63487","3.327000141143799","3.327000141143799","3.327000141143799","","","","","","","","","","","",""
"2922","63489","63489","63489","3.326000213623047","3.326000213623047","3.326000213623047","","","","","","","","","","","",""
"2923","63491","63491","63491","3.353999614715576","3.353999614715576","3.353999614715576","","","","","","","","","","","",""
"2924","63493","63493","63493","3.3899998664855957","3.3899998664855957","3.3899998664855957","","","","","","","","","","","",""
"2925","63655","63655","63655","1.0119999647140503","1.0119999647140503","1.0119999647140503","","","","","","","","","","","",""
"2926","63657","63657","63657","3.1519999504089355","3.1519999504089355","3.1519999504089355","","","","","","","","","","","",""
"2927","63659","63659","63659","3.1640000343322754","3.1640000343322754","3.1640000343322754","","","","","","","","","","","",""
"2928","63661","63661","63661","3.2609996795654297","3.2609996795654297","3.2609996795654297","","","","","","","","","","","",""
"2929","63663","63663","63663","3.2769999504089355","3.2769999504089355","3.2769999504089355","","","","","","","","","","","",""
"2930","63665","63665","63665","3.3369998931884766","3.3369998931884766","3.3369998931884766","","","","","","","","","","","",""
"2931","63667","63667","63667","3.315999984741211","3.315999984741211","3.315999984741211","","","","","","","","","","","",""
"2932","63669","63669","63669","3.3239998817443848","3.3239998817443848","3.3239998817443848","","","","","","","","","","","",""
"2933","63671","63671","63671","3.4019999504089355","3.4019999504089355","3.4019999504089355","","","","","","","","","","","",""
"2934","63831","63831","63831","1.0120002031326294","1.0120002031326294","1.0120002031326294","","","","","","","","","","","",""
"2935","63833","63833","63833","3.142000198364258","3.142000198364258","3.142000198364258","","","","","","","","","","","",""
"2936","63835","63835","63835","3.1480002403259277","3.1480002403259277","3.1480002403259277","","","","","","","","","","","",""
"2937","63837","63837","63837","3.257999897003174","3.257999897003174","3.257999897003174","","","","","","","","","","","",""
"2938","63839","63839","63839","3.2109999656677246","3.2109999656677246","3.2109999656677246","","","","","","","","","","","",""
"2939","63841","63841","63841","3.3400001525878906","3.3400001525878906","3.3400001525878906","","","","","","","","","","","",""
"2940","63843","63843","63843","3.3010001182556152","3.3010001182556152","3.3010001182556152","","","","","","","","","","","",""
"2941","63845","63845","63845","3.36899995803833","3.36899995803833","3.36899995803833","","","","","","","","","","","",""
"2942","63847","63847","63847","3.3859996795654297","3.3859996795654297","3.3859996795654297","","","","","","","","","","","",""
"2943","64008","64008","64008","1.0120000839233398","1.0120000839233398","1.0120000839233398","","","","","","","","","","","",""
"2944","64010","64010","64010","3.117000102996826","3.117000102996826","3.117000102996826","","","","","","","","","","","",""
"2945","64012","64012","64012","3.1540002822875977","3.1540002822875977","3.1540002822875977","","","","","","","","","","","",""
"2946","64014","64014","64014","3.246999740600586","3.246999740600586","3.246999740600586","","","","","","","","","","","",""
"2947","64016","64016","64016","3.2090001106262207","3.2090001106262207","3.2090001106262207","","","","","","","","","","","",""
"2948","64018","64018","64018","3.3449997901916504","3.3449997901916504","3.3449997901916504","","","","","","","","","","","",""
"2949","64020","64020","64020","3.3299999237060547","3.3299999237060547","3.3299999237060547","","","","","","","","","","","",""
"2950","64022","64022","64022","3.2170000076293945","3.2170000076293945","3.2170000076293945","","","","","","","","","","","",""
"2951","64024","64024","64024","3.38700008392334","3.38700008392334","3.38700008392334","","","","","","","","","","","",""
"2952","64186","64186","64186","1.0120000839233398","1.0120000839233398","1.0120000839233398","","","","","","","","","","","",""
"2953","64188","64188","64188","3.121000289916992","3.121000289916992","3.121000289916992","","","","","","","","","","","",""
"2954","64190","64190","64190","3.1480002403259277","3.1480002403259277","3.1480002403259277","","","","","","","","","","","",""
"2955","64192","64192","64192","3.258999824523926","3.258999824523926","3.258999824523926","","","","","","","","","","","",""
"2956","64194","64194","64194","3.2090001106262207","3.2090001106262207","3.2090001106262207","","","","","","","","","","","",""
"2957","64196","64196","64196","3.319000244140625","3.319000244140625","3.319000244140625","","","","","","","","","","","",""
"2958","64198","64198","64198","3.3289999961853027","3.3289999961853027","3.3289999961853027","","","","","","","","","","","",""
"2959","64200","64200","64200","3.206000328063965","3.206000328063965","3.206000328063965","","","","","","","","","","","",""
"2960","64202","64202","64202","3.4039998054504395","3.4039998054504395","3.4039998054504395","","","","","","","","","","","",""
"2961","64361","64361","64361","1.0120000839233398","1.0120000839233398","1.0120000839233398","","","","","","","","","","","",""
"2962","64363","64363","64363","3.135000228881836","3.135000228881836","3.135000228881836","","","","","","","","","","","",""
"2963","64365","64365","64365","3.1449999809265137","3.1449999809265137","3.1449999809265137","","","","","","","","","","","",""
"2964","64367","64367","64367","3.2659997940063477","3.2659997940063477","3.2659997940063477","","","","","","","","","","","",""
"2965","64369","64369","64369","3.2750000953674316","3.2750000953674316","3.2750000953674316","","","","","","","","","","","",""
"2966","64371","64371","64371","3.3439998626708984","3.3439998626708984","3.3439998626708984","","","","","","","","","","","",""
"2967","64373","64373","64373","3.3410000801086426","3.3410000801086426","3.3410000801086426","","","","","","","","","","","",""
"2968","64375","64375","64375","3.3610000610351562","3.3610000610351562","3.3610000610351562","","","","","","","","","","","",""
"2969","64377","64377","64377","3.3899998664855957","3.3899998664855957","3.3899998664855957","","","","","","","","","","","",""
"2970","64537","64537","64537","1.0120000839233398","1.0120000839233398","1.0120000839233398","","","","","","","","","","","",""
"2971","64539","64539","64539","3.142000198364258","3.142000198364258","3.142000198364258","","","","","","","","","","","",""
"2972","64541","64541","64541","3.1680002212524414","3.1680002212524414","3.1680002212524414","","","","","","","","","","","",""
"2973","64543","64543","64543","3.258999824523926","3.258999824523926","3.258999824523926","","","","","","","","","","","",""
"2974","64545","64545","64545","3.2769999504089355","3.2769999504089355","3.2769999504089355","","","","","","","","","","","",""
"2975","64547","64547","64547","3.357999801635742","3.357999801635742","3.357999801635742","","","","","","","","","","","",""
"2976","64549","64549","64549","3.318000316619873","3.318000316619873","3.318000316619873","","","","","","","","","","","",""
"2977","64551","64551","64551","3.375999927520752","3.375999927520752","3.375999927520752","","","","","","","","","","","",""
"2978","64553","64553","64553","3.381999969482422","3.381999969482422","3.381999969482422","","","","","","","","","","","",""
"2979","64720","64720","64720","1.0120000839233398","1.0120000839233398","1.0120000839233398","","","","","","","","","","","",""
"2980","64722","64722","64722","3.0260000228881836","3.0260000228881836","3.0260000228881836","","","","","","","","","","","",""
"2981","64724","64724","64724","3.1640000343322754","3.1640000343322754","3.1640000343322754","","","","","","","","","","","",""
"2982","64726","64726","64726","3.244999885559082","3.244999885559082","3.244999885559082","","","","","","","","","","","",""
"2983","64728","64728","64728","3.256999969482422","3.256999969482422","3.256999969482422","","","","","","","","","","","",""
"2984","64730","64730","64730","3.3470001220703125","3.3470001220703125","3.3470001220703125","","","","","","","","","","","",""
"2985","64732","64732","64732","3.327000141143799","3.327000141143799","3.327000141143799","","","","","","","","","","","",""
"2986","64734","64734","64734","3.354999542236328","3.354999542236328","3.354999542236328","","","","","","","","","","","",""
"2987","64736","64736","64736","3.3849997520446777","3.3849997520446777","3.3849997520446777","","","","","","","","","","","",""
"2988","64894","64894","64894","1.0120000839233398","1.0120000839233398","1.0120000839233398","","","","","","","","","","","",""
"2989","64896","64896","64896","3.122999668121338","3.122999668121338","3.122999668121338","","","","","","","","","","","",""
"2990","64898","64898","64898","3.1790003776550293","3.1790003776550293","3.1790003776550293","","","","","","","","","","","",""
"2991","64900","64900","64900","3.239999771118164","3.239999771118164","3.239999771118164","","","","","","","","","","","",""
"2992","64902","64902","64902","3.250999927520752","3.250999927520752","3.250999927520752","","","","","","","","","","","",""
"2993","64904","64904","64904","3.3610000610351562","3.3610000610351562","3.3610000610351562","","","","","","","","","","","",""
"2994","64906","64906","64906","3.332000255584717","3.332000255584717","3.332000255584717","","","","","","","","","","","",""
"2995","64908","64908","64908","3.2709999084472656","3.2709999084472656","3.2709999084472656","","","","","","","","","","","",""
"2996","64910","64910","64910","3.383999824523926","3.383999824523926","3.383999824523926","","","","","","","","","","","",""
"2997","65075","65075","65075","1.0120000839233398","1.0120000839233398","1.0120000839233398","","","","","","","","","","","",""
"2998","65077","65077","65077","3.1540002822875977","3.1540002822875977","3.1540002822875977","","","","","","","","","","","",""
"2999","65079","65079","65079","3.1760001182556152","3.1760001182556152","3.1760001182556152","","","","","","","","","","","",""
"3000","65081","65081","65081","3.317999839782715","3.317999839782715","3.317999839782715","","","","","","","","","","","",""
"3001","65083","65083","65083","3.2699999809265137","3.2699999809265137","3.2699999809265137","","","","","","","","","","","",""
"3002","65085","65085","65085","3.3470001220703125","3.3470001220703125","3.3470001220703125","","","","","","","","","","","",""
"3003","65087","65087","65087","3.307000160217285","3.307000160217285","3.307000160217285","","","","","","","","","","","",""
"3004","65089","65089","65089","3.367000102996826","3.367000102996826","3.367000102996826","","","","","","","","","","","",""
"3005","65091","65091","65091","3.373000144958496","3.373000144958496","3.373000144958496","","","","","","","","","","","",""
"3006","65251","65251","65251","1.0120000839233398","1.0120000839233398","1.0120000839233398","","","","","","","","","","","",""
"3007","65253","65253","65253","3.1480002403259277","3.1480002403259277","3.1480002403259277","","","","","","","","","","","",""
"3008","65255","65255","65255","3.1540002822875977","3.1540002822875977","3.1540002822875977","","","","","","","","","","","",""
"3009","65257","65257","65257","3.2599997520446777","3.2599997520446777","3.2599997520446777","","","","","","","","","","","",""
"3010","65259","65259","65259","3.3299999237060547","3.3299999237060547","3.3299999237060547","","","","","","","","","","","",""
"3011","65261","65261","65261","3.2790002822875977","3.2790002822875977","3.2790002822875977","","","","","","","","","","","",""
"3012","65263","65263","65263","3.302000045776367","3.302000045776367","3.302000045776367","","","","","","","","","","","",""
"3013","65265","65265","65265","3.261000156402588","3.261000156402588","3.261000156402588","","","","","","","","","","","",""
"3014","65267","65267","65267","3.4010000228881836","3.4010000228881836","3.4010000228881836","","","","","","","","","","","",""
"3015","65430","65430","65430","1.0120000839233398","1.0120000839233398","1.0120000839233398","","","","","","","","","","","",""
"3016","65432","65432","65432","3.050999879837036","3.050999879837036","3.050999879837036","","","","","","","","","","","",""
"3017","65434","65434","65434","3.0889997482299805","3.0889997482299805","3.0889997482299805","","","","","","","","","","","",""
"3018","65436","65436","65436","3.257999897003174","3.257999897003174","3.257999897003174","","","","","","","","","","","",""
"3019","65438","65438","65438","3.173999786376953","3.173999786376953","3.173999786376953","","","","","","","","","","","",""
"3020","65440","65440","65440","3.3610000610351562","3.3610000610351562","3.3610000610351562","","","","","","","","","","","",""
"3021","65442","65442","65442","3.3369998931884766","3.3369998931884766","3.3369998931884766","","","","","","","","","","","",""
"3022","65444","65444","65444","3.359999656677246","3.359999656677246","3.359999656677246","","","","","","","","","","","",""
"3023","65446","65446","65446","3.318000316619873","3.318000316619873","3.318000316619873","","","","","","","","","","","",""
"3024","65608","65608","65608","1.0120000839233398","1.0120000839233398","1.0120000839233398","","","","","","","","","","","",""
"3025","65610","65610","65610","3.1530003547668457","3.1530003547668457","3.1530003547668457","","","","","","","","","","","",""
"3026","65612","65612","65612","3.182000160217285","3.182000160217285","3.182000160217285","","","","","","","","","","","",""
"3027","65614","65614","65614","3.258999824523926","3.258999824523926","3.258999824523926","","","","","","","","","","","",""
"3028","65616","65616","65616","3.257999897003174","3.257999897003174","3.257999897003174","","","","","","","","","","","",""
"3029","65618","65618","65618","3.361999988555908","3.361999988555908","3.361999988555908","","","","","","","","","","","",""
"3030","65620","65620","65620","3.303999900817871","3.303999900817871","3.303999900817871","","","","","","","","","","","",""
"3031","65622","65622","65622","3.191999912261963","3.191999912261963","3.191999912261963","","","","","","","","","","","",""
"3032","65624","65624","65624","3.321000099182129","3.321000099182129","3.321000099182129","","","","","","","","","","","",""
"3033","65788","65788","65788","1.0119999647140503","1.0119999647140503","1.0119999647140503","","","","","","","","","","","",""
"3034","65790","65790","65790","3.1600003242492676","3.1600003242492676","3.1600003242492676","","","","","","","","","","","",""
"3035","65792","65792","65792","3.1690001487731934","3.1690001487731934","3.1690001487731934","","","","","","","","","","","",""
"3036","65794","65794","65794","3.241999626159668","3.241999626159668","3.241999626159668","","","","","","","","","","","",""
"3037","65796","65796","65796","3.3460001945495605","3.3460001945495605","3.3460001945495605","","","","","","","","","","","",""
"3038","65798","65798","65798","3.3480000495910645","3.3480000495910645","3.3480000495910645","","","","","","","","","","","",""
"3039","65800","65800","65800","3.3359999656677246","3.3359999656677246","3.3359999656677246","","","","","","","","","","","",""
"3040","65802","65802","65802","3.3899998664855957","3.3899998664855957","3.3899998664855957","","","","","","","","","","","",""
"3041","65804","65804","65804","3.3899998664855957","3.3899998664855957","3.3899998664855957","","","","","","","","","","","",""
"3042","65965","65965","65965","1.0120000839233398","1.0120000839233398","1.0120000839233398","","","","","","","","","","","",""
"3043","65967","65967","65967","3.1579999923706055","3.1579999923706055","3.1579999923706055","","","","","","","","","","","",""
"3044","65969","65969","65969","3.1670002937316895","3.1670002937316895","3.1670002937316895","","","","","","","","","","","",""
"3045","65971","65971","65971","3.313999652862549","3.313999652862549","3.313999652862549","","","","","","","","","","","",""
"3046","65973","65973","65973","3.2719998359680176","3.2719998359680176","3.2719998359680176","","","","","","","","","","","",""
"3047","65975","65975","65975","3.3559999465942383","3.3559999465942383","3.3559999465942383","","","","","","","","","","","",""
"3048","65977","65977","65977","3.322999954223633","3.322999954223633","3.322999954223633","","","","","","","","","","","",""
"3049","65979","65979","65979","3.352999687194824","3.352999687194824","3.352999687194824","","","","","","","","","","","",""
"3050","65981","65981","65981","3.321000099182129","3.321000099182129","3.321000099182129","","","","","","","","","","","",""
"3051","66143","66143","66143","1.0120000839233398","1.0120000839233398","1.0120000839233398","","","","","","","","","","","",""
"3052","66145","66145","66145","3.128000259399414","3.128000259399414","3.128000259399414","","","","","","","","","","","",""
"3053","66147","66147","66147","3.142000198364258","3.142000198364258","3.142000198364258","","","","","","","","","","","",""
"3054","66149","66149","66149","3.257999897003174","3.257999897003174","3.257999897003174","","","","","","","","","","","",""
"3055","66151","66151","66151","3.2139997482299805","3.2139997482299805","3.2139997482299805","","","","","","","","","","","",""
"3056","66153","66153","66153","3.3489999771118164","3.3489999771118164","3.3489999771118164","","","","","","","","","","","",""
"3057","66155","66155","66155","3.3289999961853027","3.3289999961853027","3.3289999961853027","","","","","","","","","","","",""
"3058","66157","66157","66157","3.2120003700256348","3.2120003700256348","3.2120003700256348","","","","","","","","","","","",""
"3059","66159","66159","66159","3.3899998664855957","3.3899998664855957","3.3899998664855957","","","","","","","","","","","",""
"3060","66322","66322","66322","1.0119999647140503","1.0119999647140503","1.0119999647140503","","","","","","","","","","","",""
"3061","66324","66324","66324","3.1630001068115234","3.1630001068115234","3.1630001068115234","","","","","","","","","","","",""
"3062","66326","66326","66326","3.140000343322754","3.140000343322754","3.140000343322754","","","","","","","","","","","",""
"3063","66328","66328","66328","3.2659997940063477","3.2659997940063477","3.2659997940063477","","","","","","","","","","","",""
"3064","66330","66330","66330","3.25600004196167","3.25600004196167","3.25600004196167","","","","","","","","","","","",""
"3065","66332","66332","66332","3.3449997901916504","3.3449997901916504","3.3449997901916504","","","","","","","","","","","",""
"3066","66334","66334","66334","3.332000255584717","3.332000255584717","3.332000255584717","","","","","","","","","","","",""
"3067","66336","66336","66336","3.316999912261963","3.316999912261963","3.316999912261963","","","","","","","","","","","",""
"3068","66338","66338","66338","1.241999864578247","1.241999864578247","1.241999864578247","","","","","","","","","","","",""
"3069","66500","66500","66500","1.0119998455047607","1.0119998455047607","1.0119998455047607","","","","","","","","","","","",""
"3070","66502","66502","66502","0.9919998645782471","0.9919998645782471","0.9919998645782471","","","","","","","","","","","",""
"3071","66504","66504","66504","3.1579999923706055","3.1579999923706055","3.1579999923706055","","","","","","","","","","","",""
"3072","66506","66506","66506","3.246999740600586","3.246999740600586","3.246999740600586","","","","","","","","","","","",""
"3073","66508","66508","66508","3.36799955368042","3.36799955368042","3.36799955368042","","","","","","","","","","","",""
"3074","66510","66510","66510","3.361999988555908","3.361999988555908","3.361999988555908","","","","","","","","","","","",""
"3075","66512","66512","66512","3.322999954223633","3.322999954223633","3.322999954223633","","","","","","","","","","","",""
"3076","66514","66514","66514","3.3600001335144043","3.3600001335144043","3.3600001335144043","","","","","","","","","","","",""
"3077","66516","66516","66516","3.382999897003174","3.382999897003174","3.382999897003174","","","","","","","","","","","",""
"3078","66675","66675","66675","1.0120000839233398","1.0120000839233398","1.0120000839233398","","","","","","","","","","","",""
"3079","66677","66677","66677","3.117000102996826","3.117000102996826","3.117000102996826","","","","","","","","","","","",""
"3080","66679","66679","66679","3.1650004386901855","3.1650004386901855","3.1650004386901855","","","","","","","","","","","",""
"3081","66681","66681","66681","3.24899959564209","3.24899959564209","3.24899959564209","","","","","","","","","","","",""
"3082","66683","66683","66683","3.2150001525878906","3.2150001525878906","3.2150001525878906","","","","","","","","","","","",""
"3083","66685","66685","66685","3.3540000915527344","3.3540000915527344","3.3540000915527344","","","","","","","","","","","",""
"3084","66687","66687","66687","3.317999839782715","3.317999839782715","3.317999839782715","","","","","","","","","","","",""
"3085","66689","66689","66689","3.195000171661377","3.195000171661377","3.195000171661377","","","","","","","","","","","",""
"3086","66691","66691","66691","3.4019999504089355","3.4019999504089355","3.4019999504089355","","","","","","","","","","","",""
"3087","66851","66851","66851","1.0119999647140503","1.0119999647140503","1.0119999647140503","","","","","","","","","","","",""
"3088","66853","66853","66853","3.125","3.125","3.125","","","","","","","","","","","",""
"3089","66855","66855","66855","3.1760001182556152","3.1760001182556152","3.1760001182556152","","","","","","","","","","","",""
"3090","66857","66857","66857","3.2609996795654297","3.2609996795654297","3.2609996795654297","","","","","","","","","","","",""
"3091","66859","66859","66859","3.302000045776367","3.302000045776367","3.302000045776367","","","","","","","","","","","",""
"3092","66861","66861","66861","3.3470001220703125","3.3470001220703125","3.3470001220703125","","","","","","","","","","","",""
"3093","66863","66863","66863","3.3299999237060547","3.3299999237060547","3.3299999237060547","","","","","","","","","","","",""
"3094","66865","66865","66865","3.2119998931884766","3.2119998931884766","3.2119998931884766","","","","","","","","","","","",""
"3095","66867","66867","66867","3.4019999504089355","3.4019999504089355","3.4019999504089355","","","","","","","","","","","",""
"3096","67028","67028","67028","1.0120000839233398","1.0120000839233398","1.0120000839233398","","","","","","","","","","","",""
"3097","67030","67030","67030","3.107999801635742","3.107999801635742","3.107999801635742","","","","","","","","","","","",""
"3098","67032","67032","67032","3.1760001182556152","3.1760001182556152","3.1760001182556152","","","","","","","","","","","",""
"3099","67034","67034","67034","3.3269996643066406","3.3269996643066406","3.3269996643066406","","","","","","","","","","","",""
"3100","67036","67036","67036","3.263000011444092","3.263000011444092","3.263000011444092","","","","","","","","","","","",""
"3101","67038","67038","67038","3.3610000610351562","3.3610000610351562","3.3610000610351562","","","","","","","","","","","",""
"3102","67040","67040","67040","3.327000141143799","3.327000141143799","3.327000141143799","","","","","","","","","","","",""
"3103","67042","67042","67042","3.358999729156494","3.358999729156494","3.358999729156494","","","","","","","","","","","",""
"3104","67044","67044","67044","3.322999954223633","3.322999954223633","3.322999954223633","","","","","","","","","","","",""
"3105","67206","67206","67206","1.0119999647140503","1.0119999647140503","1.0119999647140503","","","","","","","","","","","",""
"3106","67208","67208","67208","3.0850000381469727","3.0850000381469727","3.0850000381469727","","","","","","","","","","","",""
"3107","67210","67210","67210","3.1540002822875977","3.1540002822875977","3.1540002822875977","","","","","","","","","","","",""
"3108","67212","67212","67212","3.3219995498657227","3.3219995498657227","3.3219995498657227","","","","","","","","","","","",""
"3109","67214","67214","67214","3.2639999389648438","3.2639999389648438","3.2639999389648438","","","","","","","","","","","",""
"3110","67216","67216","67216","3.3429999351501465","3.3429999351501465","3.3429999351501465","","","","","","","","","","","",""
"3111","67218","67218","67218","3.296999454498291","3.296999454498291","3.296999454498291","","","","","","","","","","","",""
"3112","67220","67220","67220","3.3339996337890625","3.3339996337890625","3.3339996337890625","","","","","","","","","","","",""
"3113","67222","67222","67222","3.3899998664855957","3.3899998664855957","3.3899998664855957","","","","","","","","","","","",""
"3114","67381","67381","67381","1.0119998455047607","1.0119998455047607","1.0119998455047607","","","","","","","","","","","",""
"3115","67383","67383","67383","3.1550002098083496","3.1550002098083496","3.1550002098083496","","","","","","","","","","","",""
"3116","67385","67385","67385","3.1600003242492676","3.1600003242492676","3.1600003242492676","","","","","","","","","","","",""
"3117","67387","67387","67387","3.322999954223633","3.322999954223633","3.322999954223633","","","","","","","","","","","",""
"3118","67389","67389","67389","3.258999824523926","3.258999824523926","3.258999824523926","","","","","","","","","","","",""
"3119","67391","67391","67391","3.3480000495910645","3.3480000495910645","3.3480000495910645","","","","","","","","","","","",""
"3120","67393","67393","67393","3.3299999237060547","3.3299999237060547","3.3299999237060547","","","","","","","","","","","",""
"3121","67395","67395","67395","3.374999523162842","3.374999523162842","3.374999523162842","","","","","","","","","","","",""
"3122","67397","67397","67397","3.3930001258850098","3.3930001258850098","3.3930001258850098","","","","","","","","","","","",""
"3123","67553","67553","67553","1.0120000839233398","1.0120000839233398","1.0120000839233398","","","","","","","","","","","",""
"3124","67555","67555","67555","3.1530003547668457","3.1530003547668457","3.1530003547668457","","","","","","","","","","","",""
"3125","67557","67557","67557","3.1600003242492676","3.1600003242492676","3.1600003242492676","","","","","","","","","","","",""
"3126","67559","67559","67559","3.246999740600586","3.246999740600586","3.246999740600586","","","","","","","","","","","",""
"3127","67561","67561","67561","3.263000011444092","3.263000011444092","3.263000011444092","","","","","","","","","","","",""
"3128","67563","67563","67563","3.36299991607666","3.36299991607666","3.36299991607666","","","","","","","","","","","",""
"3129","67565","67565","67565","3.3340001106262207","3.3340001106262207","3.3340001106262207","","","","","","","","","","","",""
"3130","67567","67567","67567","3.3259997367858887","3.3259997367858887","3.3259997367858887","","","","","","","","","","","",""
"3131","67569","67569","67569","3.383999824523926","3.383999824523926","3.383999824523926","","","","","","","","","","","",""
"3132","67732","67732","67732","1.0119999647140503","1.0119999647140503","1.0119999647140503","","","","","","","","","","","",""
"3133","67734","67734","67734","3.1700000762939453","3.1700000762939453","3.1700000762939453","","","","","","","","","","","",""
"3134","67736","67736","67736","3.177000045776367","3.177000045776367","3.177000045776367","","","","","","","","","","","",""
"3135","67738","67738","67738","3.2739996910095215","3.2739996910095215","3.2739996910095215","","","","","","","","","","","",""
"3136","67740","67740","67740","3.367000102996826","3.367000102996826","3.367000102996826","","","","","","","","","","","",""
"3137","67742","67742","67742","3.3470001220703125","3.3470001220703125","3.3470001220703125","","","","","","","","","","","",""
"3138","67744","67744","67744","3.327000141143799","3.327000141143799","3.327000141143799","","","","","","","","","","","",""
"3139","67746","67746","67746","3.372999668121338","3.372999668121338","3.372999668121338","","","","","","","","","","","",""
"3140","67748","67748","67748","3.3799996376037598","3.3799996376037598","3.3799996376037598","","","","","","","","","","","",""
"3141","67908","67908","67908","1.0119999647140503","1.0119999647140503","1.0119999647140503","","","","","","","","","","","",""
"3142","67910","67910","67910","3.0190000534057617","3.0190000534057617","3.0190000534057617","","","","","","","","","","","",""
"3143","67912","67912","67912","3.141000270843506","3.141000270843506","3.141000270843506","","","","","","","","","","","",""
"3144","67914","67914","67914","3.2659997940063477","3.2659997940063477","3.2659997940063477","","","","","","","","","","","",""
"3145","67916","67916","67916","3.258999824523926","3.258999824523926","3.258999824523926","","","","","","","","","","","",""
"3146","67918","67918","67918","3.357999801635742","3.357999801635742","3.357999801635742","","","","","","","","","","","",""
"3147","67920","67920","67920","3.312000274658203","3.312000274658203","3.312000274658203","","","","","","","","","","","",""
"3148","67922","67922","67922","3.206000328063965","3.206000328063965","3.206000328063965","","","","","","","","","","","",""
"3149","67924","67924","67924","3.4019999504089355","3.4019999504089355","3.4019999504089355","","","","","","","","","","","",""
"3150","68085","68085","68085","1.0120002031326294","1.0120002031326294","1.0120002031326294","","","","","","","","","","","",""
"3151","68087","68087","68087","3.1579999923706055","3.1579999923706055","3.1579999923706055","","","","","","","","","","","",""
"3152","68089","68089","68089","3.1750001907348633","3.1750001907348633","3.1750001907348633","","","","","","","","","","","",""
"3153","68091","68091","68091","3.25","3.25","3.25","","","","","","","","","","","",""
"3154","68093","68093","68093","3.257999897003174","3.257999897003174","3.257999897003174","","","","","","","","","","","",""
"3155","68095","68095","68095","3.3429999351501465","3.3429999351501465","3.3429999351501465","","","","","","","","","","","",""
"3156","68097","68097","68097","3.332000255584717","3.332000255584717","3.332000255584717","","","","","","","","","","","",""
"3157","68099","68099","68099","3.3279995918273926","3.3279995918273926","3.3279995918273926","","","","","","","","","","","",""
"3158","68101","68101","68101","3.3889999389648438","3.3889999389648438","3.3889999389648438","","","","","","","","","","","",""
"3159","68259","68259","68259","1.0120000839233398","1.0120000839233398","1.0120000839233398","","","","","","","","","","","",""
"3160","68261","68261","68261","3.1540002822875977","3.1540002822875977","3.1540002822875977","","","","","","","","","","","",""
"3161","68263","68263","68263","3.1600003242492676","3.1600003242492676","3.1600003242492676","","","","","","","","","","","",""
"3162","68265","68265","68265","3.3169994354248047","3.3169994354248047","3.3169994354248047","","","","","","","","","","","",""
"3163","68267","68267","68267","3.2719998359680176","3.2719998359680176","3.2719998359680176","","","","","","","","","","","",""
"3164","68269","68269","68269","3.326000213623047","3.326000213623047","3.326000213623047","","","","","","","","","","","",""
"3165","68271","68271","68271","3.3370003700256348","3.3370003700256348","3.3370003700256348","","","","","","","","","","","",""
"3166","68273","68273","68273","3.361999988555908","3.361999988555908","3.361999988555908","","","","","","","","","","","",""
"3167","68275","68275","68275","3.3889999389648438","3.3889999389648438","3.3889999389648438","","","","","","","","","","","",""
"3168","68440","68440","68440","1.0119999647140503","1.0119999647140503","1.0119999647140503","","","","","","","","","","","",""
"3169","68442","68442","68442","3.00600004196167","3.00600004196167","3.00600004196167","","","","","","","","","","","",""
"3170","68444","68444","68444","3.082000255584717","3.082000255584717","3.082000255584717","","","","","","","","","","","",""
"3171","68446","68446","68446","3.2719998359680176","3.2719998359680176","3.2719998359680176","","","","","","","","","","","",""
"3172","68448","68448","68448","3.263000011444092","3.263000011444092","3.263000011444092","","","","","","","","","","","",""
"3173","68450","68450","68450","3.3249998092651367","3.3249998092651367","3.3249998092651367","","","","","","","","","","","",""
"3174","68452","68452","68452","3.2569994926452637","3.2569994926452637","3.2569994926452637","","","","","","","","","","","",""
"3175","68454","68454","68454","3.3610000610351562","3.3610000610351562","3.3610000610351562","","","","","","","","","","","",""
"3176","68456","68456","68456","3.3869996070861816","3.3869996070861816","3.3869996070861816","","","","","","","","","","","",""
"3177","68614","68614","68614","1.0120000839233398","1.0120000839233398","1.0120000839233398","","","","","","","","","","","",""
"3178","68616","68616","68616","0.9919998645782471","0.9919998645782471","0.9919998645782471","","","","","","","","","","","",""
"3179","68618","68618","68618","3.146000385284424","3.146000385284424","3.146000385284424","","","","","","","","","","","",""
"3180","68620","68620","68620","3.253999710083008","3.253999710083008","3.253999710083008","","","","","","","","","","","",""
"3181","68622","68622","68622","3.2719998359680176","3.2719998359680176","3.2719998359680176","","","","","","","","","","","",""
"3182","68624","68624","68624","3.3470001220703125","3.3470001220703125","3.3470001220703125","","","","","","","","","","","",""
"3183","68626","68626","68626","3.2559995651245117","3.2559995651245117","3.2559995651245117","","","","","","","","","","","",""
"3184","68628","68628","68628","3.3459997177124023","3.3459997177124023","3.3459997177124023","","","","","","","","","","","",""
"3185","68630","68630","68630","3.322999954223633","3.322999954223633","3.322999954223633","","","","","","","","","","","",""
"3186","68786","68786","68786","1.0119999647140503","1.0119999647140503","1.0119999647140503","","","","","","","","","","","",""
"3187","68788","68788","68788","3.1690001487731934","3.1690001487731934","3.1690001487731934","","","","","","","","","","","",""
"3188","68790","68790","68790","3.125","3.125","3.125","","","","","","","","","","","",""
"3189","68792","68792","68792","3.2609996795654297","3.2609996795654297","3.2609996795654297","","","","","","","","","","","",""
"3190","68794","68794","68794","3.2719998359680176","3.2719998359680176","3.2719998359680176","","","","","","","","","","","",""
"3191","68796","68796","68796","3.3470001220703125","3.3470001220703125","3.3470001220703125","","","","","","","","","","","",""
"3192","68798","68798","68798","3.331000328063965","3.331000328063965","3.331000328063965","","","","","","","","","","","",""
"3193","68800","68800","68800","3.35599946975708","3.35599946975708","3.35599946975708","","","","","","","","","","","",""
"3194","68802","68802","68802","3.3889999389648438","3.3889999389648438","3.3889999389648438","","","","","","","","","","","",""
"3195","68963","68963","68963","1.0119999647140503","1.0119999647140503","1.0119999647140503","","","","","","","","","","","",""
"3196","68965","68965","68965","0.9919997453689575","0.9919997453689575","0.9919997453689575","","","","","","","","","","","",""
"3197","68967","68967","68967","3.1540002822875977","3.1540002822875977","3.1540002822875977","","","","","","","","","","","",""
"3198","68969","68969","68969","3.256999969482422","3.256999969482422","3.256999969482422","","","","","","","","","","","",""
"3199","68971","68971","68971","3.25600004196167","3.25600004196167","3.25600004196167","","","","","","","","","","","",""
"3200","68973","68973","68973","3.357999801635742","3.357999801635742","3.357999801635742","","","","","","","","","","","",""
"3201","68975","68975","68975","3.3330001831054688","3.3330001831054688","3.3330001831054688","","","","","","","","","","","",""
"3202","68977","68977","68977","3.2139997482299805","3.2139997482299805","3.2139997482299805","","","","","","","","","","","",""
"3203","68979","68979","68979","3.3899998664855957","3.3899998664855957","3.3899998664855957","","","","","","","","","","","",""
"3204","69137","69137","69137","1.0120000839233398","1.0120000839233398","1.0120000839233398","","","","","","","","","","","",""
"3205","69139","69139","69139","3.1579999923706055","3.1579999923706055","3.1579999923706055","","","","","","","","","","","",""
"3206","69141","69141","69141","3.0980000495910645","3.0980000495910645","3.0980000495910645","","","","","","","","","","","",""
"3207","69143","69143","69143","3.2749996185302734","3.2749996185302734","3.2749996185302734","","","","","","","","","","","",""
"3208","69145","69145","69145","3.2109999656677246","3.2109999656677246","3.2109999656677246","","","","","","","","","","","",""
"3209","69147","69147","69147","3.319000244140625","3.319000244140625","3.319000244140625","","","","","","","","","","","",""
"3210","69149","69149","69149","3.3010001182556152","3.3010001182556152","3.3010001182556152","","","","","","","","","","","",""
"3211","69151","69151","69151","3.2220001220703125","3.2220001220703125","3.2220001220703125","","","","","","","","","","","",""
"3212","69153","69153","69153","3.307000160217285","3.307000160217285","3.307000160217285","","","","","","","","","","","",""
"3213","69310","69310","69310","1.0120000839233398","1.0120000839233398","1.0120000839233398","","","","","","","","","","","",""
"3214","69312","69312","69312","3.1389999389648438","3.1389999389648438","3.1389999389648438","","","","","","","","","","","",""
"3215","69314","69314","69314","3.1640000343322754","3.1640000343322754","3.1640000343322754","","","","","","","","","","","",""
"3216","69316","69316","69316","3.2649998664855957","3.2649998664855957","3.2649998664855957","","","","","","","","","","","",""
"3217","69318","69318","69318","3.25600004196167","3.25600004196167","3.25600004196167","","","","","","","","","","","",""
"3218","69320","69320","69320","3.3469996452331543","3.3469996452331543","3.3469996452331543","","","","","","","","","","","",""
"3219","69322","69322","69322","3.312000274658203","3.312000274658203","3.312000274658203","","","","","","","","","","","",""
"3220","69324","69324","69324","3.368000030517578","3.368000030517578","3.368000030517578","","","","","","","","","","","",""
"3221","69326","69326","69326","3.383999824523926","3.383999824523926","3.383999824523926","","","","","","","","","","","",""
"3222","69490","69490","69490","1.0119999647140503","1.0119999647140503","1.0119999647140503","","","","","","","","","","","",""
"3223","69492","69492","69492","3.181000232696533","3.181000232696533","3.181000232696533","","","","","","","","","","","",""
"3224","69494","69494","69494","3.1389999389648438","3.1389999389648438","3.1389999389648438","","","","","","","","","","","",""
"3225","69496","69496","69496","3.197000026702881","3.197000026702881","3.197000026702881","","","","","","","","","","","",""
"3226","69498","69498","69498","3.2719998359680176","3.2719998359680176","3.2719998359680176","","","","","","","","","","","",""
"3227","69500","69500","69500","3.3460001945495605","3.3460001945495605","3.3460001945495605","","","","","","","","","","","",""
"3228","69502","69502","69502","3.319000244140625","3.319000244140625","3.319000244140625","","","","","","","","","","","",""
"3229","69504","69504","69504","3.316999912261963","3.316999912261963","3.316999912261963","","","","","","","","","","","",""
"3230","69506","69506","69506","3.3859996795654297","3.3859996795654297","3.3859996795654297","","","","","","","","","","","",""
"3231","69663","69663","69663","1.0119999647140503","1.0119999647140503","1.0119999647140503","","","","","","","","","","","",""
"3232","69665","69665","69665","3.1730003356933594","3.1730003356933594","3.1730003356933594","","","","","","","","","","","",""
"3233","69667","69667","69667","3.1579999923706055","3.1579999923706055","3.1579999923706055","","","","","","","","","","","",""
"3234","69669","69669","69669","3.2059993743896484","3.2059993743896484","3.2059993743896484","","","","","","","","","","","",""
"3235","69671","69671","69671","3.3439998626708984","3.3439998626708984","3.3439998626708984","","","","","","","","","","","",""
"3236","69673","69673","69673","3.357999801635742","3.357999801635742","3.357999801635742","","","","","","","","","","","",""
"3237","69675","69675","69675","3.3299999237060547","3.3299999237060547","3.3299999237060547","","","","","","","","","","","",""
"3238","69677","69677","69677","3.2220001220703125","3.2220001220703125","3.2220001220703125","","","","","","","","","","","",""
"3239","69679","69679","69679","3.3899998664855957","3.3899998664855957","3.3899998664855957","","","","","","","","","","","",""
"3240","69843","69843","69843","1.0119999647140503","1.0119999647140503","1.0119999647140503","","","","","","","","","","","",""
"3241","69845","69845","69845","3.114999771118164","3.114999771118164","3.114999771118164","","","","","","","","","","","",""
"3242","69847","69847","69847","3.1700000762939453","3.1700000762939453","3.1700000762939453","","","","","","","","","","","",""
"3243","69849","69849","69849","3.251999855041504","3.251999855041504","3.251999855041504","","","","","","","","","","","",""
"3244","69851","69851","69851","3.2699999809265137","3.2699999809265137","3.2699999809265137","","","","","","","","","","","",""
"3245","69853","69853","69853","3.357999801635742","3.357999801635742","3.357999801635742","","","","","","","","","","","",""
"3246","69855","69855","69855","3.3289999961853027","3.3289999961853027","3.3289999961853027","","","","","","","","","","","",""
"3247","69857","69857","69857","3.3550000190734863","3.3550000190734863","3.3550000190734863","","","","","","","","","","","",""
"3248","69859","69859","69859","3.3899998664855957","3.3899998664855957","3.3899998664855957","","","","","","","","","","","",""
"3249","70020","70020","70020","1.0120000839233398","1.0120000839233398","1.0120000839233398","","","","","","","","","","","",""
"3250","70022","70022","70022","3.1570000648498535","3.1570000648498535","3.1570000648498535","","","","","","","","","","","",""
"3251","70024","70024","70024","3.1649999618530273","3.1649999618530273","3.1649999618530273","","","","","","","","","","","",""
"3252","70026","70026","70026","3.2739996910095215","3.2739996910095215","3.2739996910095215","","","","","","","","","","","",""
"3253","70028","70028","70028","3.2669997215270996","3.2669997215270996","3.2669997215270996","","","","","","","","","","","",""
"3254","70030","70030","70030","3.3309998512268066","3.3309998512268066","3.3309998512268066","","","","","","","","","","","",""
"3255","70032","70032","70032","3.313000202178955","3.313000202178955","3.313000202178955","","","","","","","","","","","",""
"3256","70034","70034","70034","3.352999687194824","3.352999687194824","3.352999687194824","","","","","","","","","","","",""
"3257","70036","70036","70036","3.4039998054504395","3.4039998054504395","3.4039998054504395","","","","","","","","","","","",""
"3258","70198","70198","70198","1.0120000839233398","1.0120000839233398","1.0120000839233398","","","","","","","","","","","",""
"3259","70200","70200","70200","3.1050000190734863","3.1050000190734863","3.1050000190734863","","","","","","","","","","","",""
"3260","70202","70202","70202","3.1540002822875977","3.1540002822875977","3.1540002822875977","","","","","","","","","","","",""
"3261","70204","70204","70204","3.3319997787475586","3.3319997787475586","3.3319997787475586","","","","","","","","","","","",""
"3262","70206","70206","70206","3.2719998359680176","3.2719998359680176","3.2719998359680176","","","","","","","","","","","",""
"3263","70208","70208","70208","3.3489999771118164","3.3489999771118164","3.3489999771118164","","","","","","","","","","","",""
"3264","70210","70210","70210","3.3480000495910645","3.3480000495910645","3.3480000495910645","","","","","","","","","","","",""
"3265","70212","70212","70212","3.184999942779541","3.184999942779541","3.184999942779541","","","","","","","","","","","",""
"3266","70214","70214","70214","3.3849997520446777","3.3849997520446777","3.3849997520446777","","","","","","","","","","","",""
"3267","70375","70375","70375","1.0120000839233398","1.0120000839233398","1.0120000839233398","","","","","","","","","","","",""
"3268","70377","70377","70377","3.116000175476074","3.116000175476074","3.116000175476074","","","","","","","","","","","",""
"3269","70379","70379","70379","3.134000301361084","3.134000301361084","3.134000301361084","","","","","","","","","","","",""
"3270","70381","70381","70381","3.258999824523926","3.258999824523926","3.258999824523926","","","","","","","","","","","",""
"3271","70383","70383","70383","3.358999729156494","3.358999729156494","3.358999729156494","","","","","","","","","","","",""
"3272","70385","70385","70385","3.3460001945495605","3.3460001945495605","3.3460001945495605","","","","","","","","","","","",""
"3273","70387","70387","70387","3.332000255584717","3.332000255584717","3.332000255584717","","","","","","","","","","","",""
"3274","70389","70389","70389","3.365999698638916","3.365999698638916","3.365999698638916","","","","","","","","","","","",""
"3275","70391","70391","70391","3.368000030517578","3.368000030517578","3.368000030517578","","","","","","","","","","","",""
"3276","70549","70549","70549","1.0120000839233398","1.0120000839233398","1.0120000839233398","","","","","","","","","","","",""
"3277","70551","70551","70551","3.1730003356933594","3.1730003356933594","3.1730003356933594","","","","","","","","","","","",""
"3278","70553","70553","70553","3.1790003776550293","3.1790003776550293","3.1790003776550293","","","","","","","","","","","",""
"3279","70555","70555","70555","3.2609996795654297","3.2609996795654297","3.2609996795654297","","","","","","","","","","","",""
"3280","70557","70557","70557","3.26200008392334","3.26200008392334","3.26200008392334","","","","","","","","","","","",""
"3281","70559","70559","70559","3.3429999351501465","3.3429999351501465","3.3429999351501465","","","","","","","","","","","",""
"3282","70561","70561","70561","3.312000274658203","3.312000274658203","3.312000274658203","","","","","","","","","","","",""
"3283","70563","70563","70563","3.354999542236328","3.354999542236328","3.354999542236328","","","","","","","","","","","",""
"3284","70565","70565","70565","3.307000160217285","3.307000160217285","3.307000160217285","","","","","","","","","","","",""
"3285","70730","70730","70730","3.1040000915527344","3.1040000915527344","3.1040000915527344","","","","","","","","","","","",""
"3286","70732","70732","70732","3.0789999961853027","3.0789999961853027","3.0789999961853027","","","","","","","","","","","",""
"3287","70734","70734","70734","3.1630001068115234","3.1630001068115234","3.1630001068115234","","","","","","","","","","","",""
"3288","70736","70736","70736","3.2629995346069336","3.2629995346069336","3.2629995346069336","","","","","","","","","","","",""
"3289","70738","70738","70738","3.26200008392334","3.26200008392334","3.26200008392334","","","","","","","","","","","",""
"3290","70740","70740","70740","3.36299991607666","3.36299991607666","3.36299991607666","","","","","","","","","","","",""
"3291","70742","70742","70742","3.320000171661377","3.320000171661377","3.320000171661377","","","","","","","","","","","",""
"3292","70744","70744","70744","3.3439998626708984","3.3439998626708984","3.3439998626708984","","","","","","","","","","","",""
"3293","70746","70746","70746","3.311999797821045","3.311999797821045","3.311999797821045","","","","","","","","","","","",""
"3294","70903","70903","70903","1.0120000839233398","1.0120000839233398","1.0120000839233398","","","","","","","","","","","",""
"3295","70905","70905","70905","3.140000343322754","3.140000343322754","3.140000343322754","","","","","","","","","","","",""
"3296","70907","70907","70907","3.1640000343322754","3.1640000343322754","3.1640000343322754","","","","","","","","","","","",""
"3297","70909","70909","70909","3.3159995079040527","3.3159995079040527","3.3159995079040527","","","","","","","","","","","",""
"3298","70911","70911","70911","3.2769999504089355","3.2769999504089355","3.2769999504089355","","","","","","","","","","","",""
"3299","70913","70913","70913","3.3429999351501465","3.3429999351501465","3.3429999351501465","","","","","","","","","","","",""
"3300","70915","70915","70915","3.312000274658203","3.312000274658203","3.312000274658203","","","","","","","","","","","",""
"3301","70917","70917","70917","3.179999828338623","3.179999828338623","3.179999828338623","","","","","","","","","","","",""
"3302","70919","70919","70919","3.328000068664551","3.328000068664551","3.328000068664551","","","","","","","","","","","",""
"3303","71080","71080","71080","1.0120000839233398","1.0120000839233398","1.0120000839233398","","","","","","","","","","","",""
"3304","71082","71082","71082","3.1630001068115234","3.1630001068115234","3.1630001068115234","","","","","","","","","","","",""
"3305","71084","71084","71084","3.1760001182556152","3.1760001182556152","3.1760001182556152","","","","","","","","","","","",""
"3306","71086","71086","71086","3.239999771118164","3.239999771118164","3.239999771118164","","","","","","","","","","","",""
"3307","71088","71088","71088","3.36899995803833","3.36899995803833","3.36899995803833","","","","","","","","","","","",""
"3308","71090","71090","71090","3.3509998321533203","3.3509998321533203","3.3509998321533203","","","","","","","","","","","",""
"3309","71092","71092","71092","3.322999954223633","3.322999954223633","3.322999954223633","","","","","","","","","","","",""
"3310","71094","71094","71094","3.182000160217285","3.182000160217285","3.182000160217285","","","","","","","","","","","",""
"3311","71096","71096","71096","3.3859996795654297","3.3859996795654297","3.3859996795654297","","","","","","","","","","","",""
"3312","71254","71254","71254","1.0120000839233398","1.0120000839233398","1.0120000839233398","","","","","","","","","","","",""
"3313","71256","71256","71256","3.130000114440918","3.130000114440918","3.130000114440918","","","","","","","","","","","",""
"3314","71258","71258","71258","3.1630001068115234","3.1630001068115234","3.1630001068115234","","","","","","","","","","","",""
"3315","71260","71260","71260","3.3269996643066406","3.3269996643066406","3.3269996643066406","","","","","","","","","","","",""
"3316","71262","71262","71262","3.3439998626708984","3.3439998626708984","3.3439998626708984","","","","","","","","","","","",""
"3317","71264","71264","71264","3.332000255584717","3.332000255584717","3.332000255584717","","","","","","","","","","","",""
"3318","71266","71266","71266","3.315999984741211","3.315999984741211","3.315999984741211","","","","","","","","","","","",""
"3319","71268","71268","71268","3.182000160217285","3.182000160217285","3.182000160217285","","","","","","","","","","","",""
"3320","71270","71270","71270","3.318000316619873","3.318000316619873","3.318000316619873","","","","","","","","","","","",""
"3321","71433","71433","71433","3.1010003089904785","3.1010003089904785","3.1010003089904785","","","","","","","","","","","",""
"3322","71435","71435","71435","3.068000078201294","3.068000078201294","3.068000078201294","","","","","","","","","","","",""
"3323","71437","71437","71437","3.1620001792907715","3.1620001792907715","3.1620001792907715","","","","","","","","","","","",""
"3324","71439","71439","71439","3.318999767303467","3.318999767303467","3.318999767303467","","","","","","","","","","","",""
"3325","71441","71441","71441","3.257999897003174","3.257999897003174","3.257999897003174","","","","","","","","","","","",""
"3326","71443","71443","71443","3.327000141143799","3.327000141143799","3.327000141143799","","","","","","","","","","","",""
"3327","71445","71445","71445","3.322999954223633","3.322999954223633","3.322999954223633","","","","","","","","","","","",""
"3328","71447","71447","71447","3.3499999046325684","3.3499999046325684","3.3499999046325684","","","","","","","","","","","",""
"3329","71449","71449","71449","3.3849997520446777","3.3849997520446777","3.3849997520446777","","","","","","","","","","","",""
"3330","71610","71610","71610","1.0120000839233398","1.0120000839233398","1.0120000839233398","","","","","","","","","","","",""
"3331","71612","71612","71612","3.1570000648498535","3.1570000648498535","3.1570000648498535","","","","","","","","","","","",""
"3332","71614","71614","71614","3.1730003356933594","3.1730003356933594","3.1730003356933594","","","","","","","","","","","",""
"3333","71616","71616","71616","3.250999927520752","3.250999927520752","3.250999927520752","","","","","","","","","","","",""
"3334","71618","71618","71618","3.257999897003174","3.257999897003174","3.257999897003174","","","","","","","","","","","",""
"3335","71620","71620","71620","3.3480000495910645","3.3480000495910645","3.3480000495910645","","","","","","","","","","","",""
"3336","71622","71622","71622","3.3410000801086426","3.3410000801086426","3.3410000801086426","","","","","","","","","","","",""
"3337","71624","71624","71624","3.358999729156494","3.358999729156494","3.358999729156494","","","","","","","","","","","",""
"3338","71626","71626","71626","3.4040002822875977","3.4040002822875977","3.4040002822875977","","","","","","","","","","","",""
"3339","71785","71785","71785","1.0120000839233398","1.0120000839233398","1.0120000839233398","","","","","","","","","","","",""
"3340","71787","71787","71787","3.1600003242492676","3.1600003242492676","3.1600003242492676","","","","","","","","","","","",""
"3341","71789","71789","71789","3.1740002632141113","3.1740002632141113","3.1740002632141113","","","","","","","","","","","",""
"3342","71791","71791","71791","3.2629995346069336","3.2629995346069336","3.2629995346069336","","","","","","","","","","","",""
"3343","71793","71793","71793","3.2699999809265137","3.2699999809265137","3.2699999809265137","","","","","","","","","","","",""
"3344","71795","71795","71795","3.3309998512268066","3.3309998512268066","3.3309998512268066","","","","","","","","","","","",""
"3345","71797","71797","71797","3.332000255584717","3.332000255584717","3.332000255584717","","","","","","","","","","","",""
"3346","71799","71799","71799","3.180999755859375","3.180999755859375","3.180999755859375","","","","","","","","","","","",""
"3347","71801","71801","71801","3.3899998664855957","3.3899998664855957","3.3899998664855957","","","","","","","","","","","",""
"3348","71961","71961","71961","1.0119999647140503","1.0119999647140503","1.0119999647140503","","","","","","","","","","","",""
"3349","71963","71963","71963","3.1140003204345703","3.1140003204345703","3.1140003204345703","","","","","","","","","","","",""
"3350","71965","71965","71965","3.118000030517578","3.118000030517578","3.118000030517578","","","","","","","","","","","",""
"3351","71967","71967","71967","3.310999870300293","3.310999870300293","3.310999870300293","","","","","","","","","","","",""
"3352","71969","71969","71969","3.257999897003174","3.257999897003174","3.257999897003174","","","","","","","","","","","",""
"3353","71971","71971","71971","3.3610000610351562","3.3610000610351562","3.3610000610351562","","","","","","","","","","","",""
"3354","71973","71973","71973","3.3340001106262207","3.3340001106262207","3.3340001106262207","","","","","","","","","","","",""
"3355","71975","71975","71975","3.359999656677246","3.359999656677246","3.359999656677246","","","","","","","","","","","",""
"3356","71977","71977","71977","3.3889999389648438","3.3889999389648438","3.3889999389648438","","","","","","","","","","","",""
"3357","72137","72137","72137","1.0120000839233398","1.0120000839233398","1.0120000839233398","","","","","","","","","","","",""
"3358","72139","72139","72139","3.1080002784729004","3.1080002784729004","3.1080002784729004","","","","","","","","","","","",""
"3359","72141","72141","72141","3.1570000648498535","3.1570000648498535","3.1570000648498535","","","","","","","","","","","",""
"3360","72143","72143","72143","3.3249998092651367","3.3249998092651367","3.3249998092651367","","","","","","","","","","","",""
"3361","72145","72145","72145","3.2719998359680176","3.2719998359680176","3.2719998359680176","","","","","","","","","","","",""
"3362","72147","72147","72147","3.332000255584717","3.332000255584717","3.332000255584717","","","","","","","","","","","",""
"3363","72149","72149","72149","3.327000141143799","3.327000141143799","3.327000141143799","","","","","","","","","","","",""
"3364","72151","72151","72151","3.354999542236328","3.354999542236328","3.354999542236328","","","","","","","","","","","",""
"3365","72153","72153","72153","3.3849997520446777","3.3849997520446777","3.3849997520446777","","","","","","","","","","","",""
"3366","72316","72316","72316","3.0840001106262207","3.0840001106262207","3.0840001106262207","","","","","","","","","","","",""
"3367","72318","72318","72318","3.1540002822875977","3.1540002822875977","3.1540002822875977","","","","","","","","","","","",""
"3368","72320","72320","72320","3.11299991607666","3.11299991607666","3.11299991607666","","","","","","","","","","","",""
"3369","72322","72322","72322","3.258999824523926","3.258999824523926","3.258999824523926","","","","","","","","","","","",""
"3370","72324","72324","72324","3.2769999504089355","3.2769999504089355","3.2769999504089355","","","","","","","","","","","",""
"3371","72326","72326","72326","3.3299999237060547","3.3299999237060547","3.3299999237060547","","","","","","","","","","","",""
"3372","72328","72328","72328","3.332000255584717","3.332000255584717","3.332000255584717","","","","","","","","","","","",""
"3373","72330","72330","72330","3.360999584197998","3.360999584197998","3.360999584197998","","","","","","","","","","","",""
"3374","72332","72332","72332","3.3899998664855957","3.3899998664855957","3.3899998664855957","","","","","","","","","","","",""
"3375","72499","72499","72499","1.0120000839233398","1.0120000839233398","1.0120000839233398","","","","","","","","","","","",""
"3376","72501","72501","72501","3.1440000534057617","3.1440000534057617","3.1440000534057617","","","","","","","","","","","",""
"3377","72503","72503","72503","3.1570000648498535","3.1570000648498535","3.1570000648498535","","","","","","","","","","","",""
"3378","72505","72505","72505","3.24899959564209","3.24899959564209","3.24899959564209","","","","","","","","","","","",""
"3379","72507","72507","72507","3.2769999504089355","3.2769999504089355","3.2769999504089355","","","","","","","","","","","",""
"3380","72509","72509","72509","3.3429999351501465","3.3429999351501465","3.3429999351501465","","","","","","","","","","","",""
"3381","72511","72511","72511","3.328000068664551","3.328000068664551","3.328000068664551","","","","","","","","","","","",""
"3382","72513","72513","72513","3.367000102996826","3.367000102996826","3.367000102996826","","","","","","","","","","","",""
"3383","72515","72515","72515","3.4059996604919434","3.4059996604919434","3.4059996604919434","","","","","","","","","","","",""
"3384","72674","72674","72674","3.1150002479553223","3.1150002479553223","3.1150002479553223","","","","","","","","","","","",""
"3385","72676","72676","72676","3.1110000610351562","3.1110000610351562","3.1110000610351562","","","","","","","","","","","",""
"3386","72678","72678","72678","2.9130001068115234","2.9130001068115234","2.9130001068115234","","","","","","","","","","","",""
"3387","72680","72680","72680","3.2729997634887695","3.2729997634887695","3.2729997634887695","","","","","","","","","","","",""
"3388","72682","72682","72682","3.257999897003174","3.257999897003174","3.257999897003174","","","","","","","","","","","",""
"3389","72684","72684","72684","3.367000102996826","3.367000102996826","3.367000102996826","","","","","","","","","","","",""
"3390","72686","72686","72686","3.3480000495910645","3.3480000495910645","3.3480000495910645","","","","","","","","","","","",""
"3391","72688","72688","72688","3.184999942779541","3.184999942779541","3.184999942779541","","","","","","","","","","","",""
"3392","72690","72690","72690","3.321000099182129","3.321000099182129","3.321000099182129","","","","","","","","","","","",""
"3393","72849","72849","72849","1.0120000839233398","1.0120000839233398","1.0120000839233398","","","","","","","","","","","",""
"3394","72851","72851","72851","3.1589999198913574","3.1589999198913574","3.1589999198913574","","","","","","","","","","","",""
"3395","72853","72853","72853","3.1570000648498535","3.1570000648498535","3.1570000648498535","","","","","","","","","","","",""
"3396","72855","72855","72855","3.2619996070861816","3.2619996070861816","3.2619996070861816","","","","","","","","","","","",""
"3397","72857","72857","72857","3.263000011444092","3.263000011444092","3.263000011444092","","","","","","","","","","","",""
"3398","72859","72859","72859","3.3459997177124023","3.3459997177124023","3.3459997177124023","","","","","","","","","","","",""
"3399","72861","72861","72861","3.304999828338623","3.304999828338623","3.304999828338623","","","","","","","","","","","",""
"3400","72863","72863","72863","3.2649998664855957","3.2649998664855957","3.2649998664855957","","","","","","","","","","","",""
"3401","72865","72865","72865","3.383999824523926","3.383999824523926","3.383999824523926","","","","","","","","","","","",""
"3402","73024","73024","73024","1.0120000839233398","1.0120000839233398","1.0120000839233398","","","","","","","","","","","",""
"3403","73026","73026","73026","3.1589999198913574","3.1589999198913574","3.1589999198913574","","","","","","","","","","","",""
"3404","73028","73028","73028","3.1630001068115234","3.1630001068115234","3.1630001068115234","","","","","","","","","","","",""
"3405","73030","73030","73030","3.2659997940063477","3.2659997940063477","3.2659997940063477","","","","","","","","","","","",""
"3406","73032","73032","73032","3.26200008392334","3.26200008392334","3.26200008392334","","","","","","","","","","","",""
"3407","73034","73034","73034","3.354999542236328","3.354999542236328","3.354999542236328","","","","","","","","","","","",""
"3408","73036","73036","73036","3.3410000801086426","3.3410000801086426","3.3410000801086426","","","","","","","","","","","",""
"3409","73038","73038","73038","3.354999542236328","3.354999542236328","3.354999542236328","","","","","","","","","","","",""
"3410","73040","73040","73040","3.307000160217285","3.307000160217285","3.307000160217285","","","","","","","","","","","",""
"3411","73200","73200","73200","1.0120000839233398","1.0120000839233398","1.0120000839233398","","","","","","","","","","","",""
"3412","73202","73202","73202","3.1640000343322754","3.1640000343322754","3.1640000343322754","","","","","","","","","","","",""
"3413","73204","73204","73204","3.1710000038146973","3.1710000038146973","3.1710000038146973","","","","","","","","","","","",""
"3414","73206","73206","73206","3.2629995346069336","3.2629995346069336","3.2629995346069336","","","","","","","","","","","",""
"3415","73208","73208","73208","3.255000114440918","3.255000114440918","3.255000114440918","","","","","","","","","","","",""
"3416","73210","73210","73210","3.3420000076293945","3.3420000076293945","3.3420000076293945","","","","","","","","","","","",""
"3417","73212","73212","73212","3.332000255584717","3.332000255584717","3.332000255584717","","","","","","","","","","","",""
"3418","73214","73214","73214","3.184999942779541","3.184999942779541","3.184999942779541","","","","","","","","","","","",""
"3419","73216","73216","73216","3.388000011444092","3.388000011444092","3.388000011444092","","","","","","","","","","","",""
"3420","73377","73377","73377","1.0120000839233398","1.0120000839233398","1.0120000839233398","","","","","","","","","","","",""
"3421","73379","73379","73379","3.1590003967285156","3.1590003967285156","3.1590003967285156","","","","","","","","","","","",""
"3422","73381","73381","73381","3.1449999809265137","3.1449999809265137","3.1449999809265137","","","","","","","","","","","",""
"3423","73383","73383","73383","3.257999897003174","3.257999897003174","3.257999897003174","","","","","","","","","","","",""
"3424","73385","73385","73385","3.263000011444092","3.263000011444092","3.263000011444092","","","","","","","","","","","",""
"3425","73387","73387","73387","3.357999801635742","3.357999801635742","3.357999801635742","","","","","","","","","","","",""
"3426","73389","73389","73389","3.298999786376953","3.298999786376953","3.298999786376953","","","","","","","","","","","",""
"3427","73391","73391","73391","3.354999542236328","3.354999542236328","3.354999542236328","","","","","","","","","","","",""
"3428","73393","73393","73393","3.3899998664855957","3.3899998664855957","3.3899998664855957","","","","","","","","","","","",""
"3429","73551","73551","73551","1.0120000839233398","1.0120000839233398","1.0120000839233398","","","","","","","","","","","",""
"3430","73553","73553","73553","3.133999824523926","3.133999824523926","3.133999824523926","","","","","","","","","","","",""
"3431","73555","73555","73555","3.1589999198913574","3.1589999198913574","3.1589999198913574","","","","","","","","","","","",""
"3432","73557","73557","73557","3.3159995079040527","3.3159995079040527","3.3159995079040527","","","","","","","","","","","",""
"3433","73559","73559","73559","3.2699999809265137","3.2699999809265137","3.2699999809265137","","","","","","","","","","","",""
"3434","73561","73561","73561","3.357999801635742","3.357999801635742","3.357999801635742","","","","","","","","","","","",""
"3435","73563","73563","73563","3.327000141143799","3.327000141143799","3.327000141143799","","","","","","","","","","","",""
"3436","73565","73565","73565","3.354999542236328","3.354999542236328","3.354999542236328","","","","","","","","","","","",""
"3437","73567","73567","73567","3.322999954223633","3.322999954223633","3.322999954223633","","","","","","","","","","","",""
"3438","73730","73730","73730","1.0120000839233398","1.0120000839233398","1.0120000839233398","","","","","","","","","","","",""
"3439","73732","73732","73732","3.1600003242492676","3.1600003242492676","3.1600003242492676","","","","","","","","","","","",""
"3440","73734","73734","73734","3.1730003356933594","3.1730003356933594","3.1730003356933594","","","","","","","","","","","",""
"3441","73736","73736","73736","3.257999897003174","3.257999897003174","3.257999897003174","","","","","","","","","","","",""
"3442","73738","73738","73738","3.2699999809265137","3.2699999809265137","3.2699999809265137","","","","","","","","","","","",""
"3443","73740","73740","73740","3.3530001640319824","3.3530001640319824","3.3530001640319824","","","","","","","","","","","",""
"3444","73742","73742","73742","3.332000255584717","3.332000255584717","3.332000255584717","","","","","","","","","","","",""
"3445","73744","73744","73744","3.354999542236328","3.354999542236328","3.354999542236328","","","","","","","","","","","",""
"3446","73746","73746","73746","3.380000114440918","3.380000114440918","3.380000114440918","","","","","","","","","","","",""
"3447","73906","73906","73906","1.0120000839233398","1.0120000839233398","1.0120000839233398","","","","","","","","","","","",""
"3448","73908","73908","73908","3.1540002822875977","3.1540002822875977","3.1540002822875977","","","","","","","","","","","",""
"3449","73910","73910","73910","3.1480002403259277","3.1480002403259277","3.1480002403259277","","","","","","","","","","","",""
"3450","73912","73912","73912","3.238999843597412","3.238999843597412","3.238999843597412","","","","","","","","","","","",""
"3451","73914","73914","73914","3.359999656677246","3.359999656677246","3.359999656677246","","","","","","","","","","","",""
"3452","73916","73916","73916","3.352999687194824","3.352999687194824","3.352999687194824","","","","","","","","","","","",""
"3453","73918","73918","73918","3.3299999237060547","3.3299999237060547","3.3299999237060547","","","","","","","","","","","",""
"3454","73920","73920","73920","3.3339996337890625","3.3339996337890625","3.3339996337890625","","","","","","","","","","","",""
"3455","73922","73922","73922","3.383999824523926","3.383999824523926","3.383999824523926","","","","","","","","","","","",""
"3456","74083","74083","74083","1.0120000839233398","1.0120000839233398","1.0120000839233398","","","","","","","","","","","",""
"3457","74085","74085","74085","3.133000373840332","3.133000373840332","3.133000373840332","","","","","","","","","","","",""
"3458","74087","74087","74087","3.13700008392334","3.13700008392334","3.13700008392334","","","","","","","","","","","",""
"3459","74089","74089","74089","3.246999740600586","3.246999740600586","3.246999740600586","","","","","","","","","","","",""
"3460","74091","74091","74091","3.2599997520446777","3.2599997520446777","3.2599997520446777","","","","","","","","","","","",""
"3461","74093","74093","74093","3.3420000076293945","3.3420000076293945","3.3420000076293945","","","","","","","","","","","",""
"3462","74095","74095","74095","3.3330001831054688","3.3330001831054688","3.3330001831054688","","","","","","","","","","","",""
"3463","74097","74097","74097","3.3519997596740723","3.3519997596740723","3.3519997596740723","","","","","","","","","","","",""
"3464","74099","74099","74099","3.3990001678466797","3.3990001678466797","3.3990001678466797","","","","","","","","","","","",""
"3465","74259","74259","74259","1.0119999647140503","1.0119999647140503","1.0119999647140503","","","","","","","","","","","",""
"3466","74261","74261","74261","3.146000385284424","3.146000385284424","3.146000385284424","","","","","","","","","","","",""
"3467","74263","74263","74263","3.1730003356933594","3.1730003356933594","3.1730003356933594","","","","","","","","","","","",""
"3468","74265","74265","74265","3.3209996223449707","3.3209996223449707","3.3209996223449707","","","","","","","","","","","",""
"3469","74267","74267","74267","3.263000011444092","3.263000011444092","3.263000011444092","","","","","","","","","","","",""
"3470","74269","74269","74269","3.3550000190734863","3.3550000190734863","3.3550000190734863","","","","","","","","","","","",""
"3471","74271","74271","74271","3.308000087738037","3.308000087738037","3.308000087738037","","","","","","","","","","","",""
"3472","74273","74273","74273","3.3489999771118164","3.3489999771118164","3.3489999771118164","","","","","","","","","","","",""
"3473","74275","74275","74275","3.3849997520446777","3.3849997520446777","3.3849997520446777","","","","","","","","","","","",""
"3474","74436","74436","74436","1.0120000839233398","1.0120000839233398","1.0120000839233398","","","","","","","","","","","",""
"3475","74438","74438","74438","3.1700000762939453","3.1700000762939453","3.1700000762939453","","","","","","","","","","","",""
"3476","74440","74440","74440","3.1700000762939453","3.1700000762939453","3.1700000762939453","","","","","","","","","","","",""
"3477","74442","74442","74442","3.258999824523926","3.258999824523926","3.258999824523926","","","","","","","","","","","",""
"3478","74444","74444","74444","3.2699999809265137","3.2699999809265137","3.2699999809265137","","","","","","","","","","","",""
"3479","74446","74446","74446","3.3520002365112305","3.3520002365112305","3.3520002365112305","","","","","","","","","","","",""
"3480","74448","74448","74448","3.3350000381469727","3.3350000381469727","3.3350000381469727","","","","","","","","","","","",""
"3481","74450","74450","74450","3.361999988555908","3.361999988555908","3.361999988555908","","","","","","","","","","","",""
"3482","74452","74452","74452","3.311999797821045","3.311999797821045","3.311999797821045","","","","","","","","","","","",""
"3483","74610","74610","74610","1.0120000839233398","1.0120000839233398","1.0120000839233398","","","","","","","","","","","",""
"3484","74612","74612","74612","3.1730003356933594","3.1730003356933594","3.1730003356933594","","","","","","","","","","","",""
"3485","74614","74614","74614","3.1579999923706055","3.1579999923706055","3.1579999923706055","","","","","","","","","","","",""
"3486","74616","74616","74616","3.3199996948242188","3.3199996948242188","3.3199996948242188","","","","","","","","","","","",""
"3487","74618","74618","74618","3.258999824523926","3.258999824523926","3.258999824523926","","","","","","","","","","","",""
"3488","74620","74620","74620","3.3480000495910645","3.3480000495910645","3.3480000495910645","","","","","","","","","","","",""
"3489","74622","74622","74622","3.3289999961853027","3.3289999961853027","3.3289999961853027","","","","","","","","","","","",""
"3490","74624","74624","74624","3.261000156402588","3.261000156402588","3.261000156402588","","","","","","","","","","","",""
"3491","74626","74626","74626","3.309999942779541","3.309999942779541","3.309999942779541","","","","","","","","","","","",""
"3492","74789","74789","74789","1.0120000839233398","1.0120000839233398","1.0120000839233398","","","","","","","","","","","",""
"3493","74791","74791","74791","3.1540002822875977","3.1540002822875977","3.1540002822875977","","","","","","","","","","","",""
"3494","74793","74793","74793","3.1700000762939453","3.1700000762939453","3.1700000762939453","","","","","","","","","","","",""
"3495","74795","74795","74795","3.317999839782715","3.317999839782715","3.317999839782715","","","","","","","","","","","",""
"3496","74797","74797","74797","3.2769999504089355","3.2769999504089355","3.2769999504089355","","","","","","","","","","","",""
"3497","74799","74799","74799","3.3439998626708984","3.3439998626708984","3.3439998626708984","","","","","","","","","","","",""
"3498","74801","74801","74801","3.3359999656677246","3.3359999656677246","3.3359999656677246","","","","","","","","","","","",""
"3499","74803","74803","74803","3.358999729156494","3.358999729156494","3.358999729156494","","","","","","","","","","","",""
"3500","74805","74805","74805","3.311999797821045","3.311999797821045","3.311999797821045","","","","","","","","","","","",""
"3501","74963","74963","74963","1.0119999647140503","1.0119999647140503","1.0119999647140503","","","","","","","","","","","",""
"3502","74965","74965","74965","3.1700000762939453","3.1700000762939453","3.1700000762939453","","","","","","","","","","","",""
"3503","74967","74967","74967","3.1589999198913574","3.1589999198913574","3.1589999198913574","","","","","","","","","","","",""
"3504","74969","74969","74969","3.2659997940063477","3.2659997940063477","3.2659997940063477","","","","","","","","","","","",""
"3505","74971","74971","74971","3.263000011444092","3.263000011444092","3.263000011444092","","","","","","","","","","","",""
"3506","74973","74973","74973","3.3600001335144043","3.3600001335144043","3.3600001335144043","","","","","","","","","","","",""
"3507","74975","74975","74975","3.3330001831054688","3.3330001831054688","3.3330001831054688","","","","","","","","","","","",""
"3508","74977","74977","74977","3.37399959564209","3.37399959564209","3.37399959564209","","","","","","","","","","","",""
"3509","74979","74979","74979","3.4039998054504395","3.4039998054504395","3.4039998054504395","","","","","","","","","","","",""
"3510","75142","75142","75142","1.0120000839233398","1.0120000839233398","1.0120000839233398","","","","","","","","","","","",""
"3511","75144","75144","75144","3.1140003204345703","3.1140003204345703","3.1140003204345703","","","","","","","","","","","",""
"3512","75146","75146","75146","3.1539998054504395","3.1539998054504395","3.1539998054504395","","","","","","","","","","","",""
"3513","75148","75148","75148","3.258999824523926","3.258999824523926","3.258999824523926","","","","","","","","","","","",""
"3514","75150","75150","75150","3.2699999809265137","3.2699999809265137","3.2699999809265137","","","","","","","","","","","",""
"3515","75152","75152","75152","3.332000255584717","3.332000255584717","3.332000255584717","","","","","","","","","","","",""
"3516","75154","75154","75154","3.322999954223633","3.322999954223633","3.322999954223633","","","","","","","","","","","",""
"3517","75156","75156","75156","3.352999687194824","3.352999687194824","3.352999687194824","","","","","","","","","","","",""
"3518","75158","75158","75158","3.3869996070861816","3.3869996070861816","3.3869996070861816","","","","","","","","","","","",""
"3519","75322","75322","75322","1.0120000839233398","1.0120000839233398","1.0120000839233398","","","","","","","","","","","",""
"3520","75324","75324","75324","3.1589999198913574","3.1589999198913574","3.1589999198913574","","","","","","","","","","","",""
"3521","75326","75326","75326","3.1540002822875977","3.1540002822875977","3.1540002822875977","","","","","","","","","","","",""
"3522","75328","75328","75328","3.3219995498657227","3.3219995498657227","3.3219995498657227","","","","","","","","","","","",""
"3523","75330","75330","75330","3.256999969482422","3.256999969482422","3.256999969482422","","","","","","","","","","","",""
"3524","75332","75332","75332","3.3610000610351562","3.3610000610351562","3.3610000610351562","","","","","","","","","","","",""
"3525","75334","75334","75334","3.309999465942383","3.309999465942383","3.309999465942383","","","","","","","","","","","",""
"3526","75336","75336","75336","3.3499999046325684","3.3499999046325684","3.3499999046325684","","","","","","","","","","","",""
"3527","75338","75338","75338","3.309999942779541","3.309999942779541","3.309999942779541","","","","","","","","","","","",""
"3528","75499","75499","75499","1.0120000839233398","1.0120000839233398","1.0120000839233398","","","","","","","","","","","",""
"3529","75501","75501","75501","3.1560001373291016","3.1560001373291016","3.1560001373291016","","","","","","","","","","","",""
"3530","75503","75503","75503","3.1670002937316895","3.1670002937316895","3.1670002937316895","","","","","","","","","","","",""
"3531","75505","75505","75505","3.244999885559082","3.244999885559082","3.244999885559082","","","","","","","","","","","",""
"3532","75507","75507","75507","3.257999897003174","3.257999897003174","3.257999897003174","","","","","","","","","","","",""
"3533","75509","75509","75509","3.363999843597412","3.363999843597412","3.363999843597412","","","","","","","","","","","",""
"3534","75511","75511","75511","3.3340001106262207","3.3340001106262207","3.3340001106262207","","","","","","","","","","","",""
"3535","75513","75513","75513","3.3389997482299805","3.3389997482299805","3.3389997482299805","","","","","","","","","","","",""
"3536","75515","75515","75515","3.3849997520446777","3.3849997520446777","3.3849997520446777","","","","","","","","","","","",""
"3537","75675","75675","75675","3.1010003089904785","3.1010003089904785","3.1010003089904785","","","","","","","","","","","",""
"3538","75677","75677","75677","0.9919997453689575","0.9919997453689575","0.9919997453689575","","","","","","","","","","","",""
"3539","75679","75679","75679","3.134000301361084","3.134000301361084","3.134000301361084","","","","","","","","","","","",""
"3540","75681","75681","75681","3.239999771118164","3.239999771118164","3.239999771118164","","","","","","","","","","","",""
"3541","75683","75683","75683","3.26200008392334","3.26200008392334","3.26200008392334","","","","","","","","","","","",""
"3542","75685","75685","75685","3.3610000610351562","3.3610000610351562","3.3610000610351562","","","","","","","","","","","",""
"3543","75687","75687","75687","3.309999942779541","3.309999942779541","3.309999942779541","","","","","","","","","","","",""
"3544","75689","75689","75689","3.3559999465942383","3.3559999465942383","3.3559999465942383","","","","","","","","","","","",""
"3545","75691","75691","75691","3.383999824523926","3.383999824523926","3.383999824523926","","","","","","","","","","","",""
"3546","75850","75850","75850","1.0120000839233398","1.0120000839233398","1.0120000839233398","","","","","","","","","","","",""
"3547","75852","75852","75852","3.177000045776367","3.177000045776367","3.177000045776367","","","","","","","","","","","",""
"3548","75854","75854","75854","3.1649999618530273","3.1649999618530273","3.1649999618530273","","","","","","","","","","","",""
"3549","75856","75856","75856","3.2609996795654297","3.2609996795654297","3.2609996795654297","","","","","","","","","","","",""
"3550","75858","75858","75858","3.257999897003174","3.257999897003174","3.257999897003174","","","","","","","","","","","",""
"3551","75860","75860","75860","3.3469996452331543","3.3469996452331543","3.3469996452331543","","","","","","","","","","","",""
"3552","75862","75862","75862","3.3340001106262207","3.3340001106262207","3.3340001106262207","","","","","","","","","","","",""
"3553","75864","75864","75864","3.354999542236328","3.354999542236328","3.354999542236328","","","","","","","","","","","",""
"3554","75866","75866","75866","3.317999839782715","3.317999839782715","3.317999839782715","","","","","","","","","","","",""
"3555","76028","76028","76028","1.0120000839233398","1.0120000839233398","1.0120000839233398","","","","","","","","","","","",""
"3556","76030","76030","76030","3.1710000038146973","3.1710000038146973","3.1710000038146973","","","","","","","","","","","",""
"3557","76032","76032","76032","3.1730003356933594","3.1730003356933594","3.1730003356933594","","","","","","","","","","","",""
"3558","76034","76034","76034","3.2659997940063477","3.2659997940063477","3.2659997940063477","","","","","","","","","","","",""
"3559","76036","76036","76036","3.2669997215270996","3.2669997215270996","3.2669997215270996","","","","","","","","","","","",""
"3560","76038","76038","76038","3.3600001335144043","3.3600001335144043","3.3600001335144043","","","","","","","","","","","",""
"3561","76040","76040","76040","3.322999954223633","3.322999954223633","3.322999954223633","","","","","","","","","","","",""
"3562","76042","76042","76042","3.3569998741149902","3.3569998741149902","3.3569998741149902","","","","","","","","","","","",""
"3563","76044","76044","76044","3.303999900817871","3.303999900817871","3.303999900817871","","","","","","","","","","","",""
"3564","76207","76207","76207","1.0119999647140503","1.0119999647140503","1.0119999647140503","","","","","","","","","","","",""
"3565","76209","76209","76209","3.141000270843506","3.141000270843506","3.141000270843506","","","","","","","","","","","",""
"3566","76211","76211","76211","3.1630001068115234","3.1630001068115234","3.1630001068115234","","","","","","","","","","","",""
"3567","76213","76213","76213","3.245999813079834","3.245999813079834","3.245999813079834","","","","","","","","","","","",""
"3568","76215","76215","76215","3.2669997215270996","3.2669997215270996","3.2669997215270996","","","","","","","","","","","",""
"3569","76217","76217","76217","3.3600001335144043","3.3600001335144043","3.3600001335144043","","","","","","","","","","","",""
"3570","76219","76219","76219","3.3330001831054688","3.3330001831054688","3.3330001831054688","","","","","","","","","","","",""
"3571","76221","76221","76221","3.352999687194824","3.352999687194824","3.352999687194824","","","","","","","","","","","",""
"3572","76223","76223","76223","3.4039998054504395","3.4039998054504395","3.4039998054504395","","","","","","","","","","","",""
"3573","76383","76383","76383","1.0120000839233398","1.0120000839233398","1.0120000839233398","","","","","","","","","","","",""
"3574","76385","76385","76385","3.141000270843506","3.141000270843506","3.141000270843506","","","","","","","","","","","",""
"3575","76387","76387","76387","3.1570000648498535","3.1570000648498535","3.1570000648498535","","","","","","","","","","","",""
"3576","76389","76389","76389","3.3269996643066406","3.3269996643066406","3.3269996643066406","","","","","","","","","","","",""
"3577","76391","76391","76391","3.3449997901916504","3.3449997901916504","3.3449997901916504","","","","","","","","","","","",""
"3578","76393","76393","76393","3.357999801635742","3.357999801635742","3.357999801635742","","","","","","","","","","","",""
"3579","76395","76395","76395","3.312000274658203","3.312000274658203","3.312000274658203","","","","","","","","","","","",""
"3580","76397","76397","76397","3.183000087738037","3.183000087738037","3.183000087738037","","","","","","","","","","","",""
"3581","76399","76399","76399","3.309999942779541","3.309999942779541","3.309999942779541","","","","","","","","","","","",""
"3582","76556","76556","76556","1.0120000839233398","1.0120000839233398","1.0120000839233398","","","","","","","","","","","",""
"3583","76558","76558","76558","3.1730003356933594","3.1730003356933594","3.1730003356933594","","","","","","","","","","","",""
"3584","76560","76560","76560","3.1589999198913574","3.1589999198913574","3.1589999198913574","","","","","","","","","","","",""
"3585","76562","76562","76562","3.244999885559082","3.244999885559082","3.244999885559082","","","","","","","","","","","",""
"3586","76564","76564","76564","3.2699999809265137","3.2699999809265137","3.2699999809265137","","","","","","","","","","","",""
"3587","76566","76566","76566","3.3339996337890625","3.3339996337890625","3.3339996337890625","","","","","","","","","","","",""
"3588","76568","76568","76568","3.332000255584717","3.332000255584717","3.332000255584717","","","","","","","","","","","",""
"3589","76570","76570","76570","3.3569998741149902","3.3569998741149902","3.3569998741149902","","","","","","","","","","","",""
"3590","76572","76572","76572","3.307000160217285","3.307000160217285","3.307000160217285","","","","","","","","","","","",""
"3591","76730","76730","76730","1.0119999647140503","1.0119999647140503","1.0119999647140503","","","","","","","","","","","",""
"3592","76732","76732","76732","3.140000343322754","3.140000343322754","3.140000343322754","","","","","","","","","","","",""
"3593","76734","76734","76734","3.1760001182556152","3.1760001182556152","3.1760001182556152","","","","","","","","","","","",""
"3594","76736","76736","76736","3.2729997634887695","3.2729997634887695","3.2729997634887695","","","","","","","","","","","",""
"3595","76738","76738","76738","3.2769999504089355","3.2769999504089355","3.2769999504089355","","","","","","","","","","","",""
"3596","76740","76740","76740","3.3480000495910645","3.3480000495910645","3.3480000495910645","","","","","","","","","","","",""
"3597","76742","76742","76742","3.302999496459961","3.302999496459961","3.302999496459961","","","","","","","","","","","",""
"3598","76744","76744","76744","3.3420000076293945","3.3420000076293945","3.3420000076293945","","","","","","","","","","","",""
"3599","76746","76746","76746","3.316999912261963","3.316999912261963","3.316999912261963","","","","","","","","","","","",""
"3600","76907","76907","76907","1.0120000839233398","1.0120000839233398","1.0120000839233398","","","","","","","","","","","",""
"3601","76909","76909","76909","3.1700000762939453","3.1700000762939453","3.1700000762939453","","","","","","","","","","","",""
"3602","76911","76911","76911","3.1660003662109375","3.1660003662109375","3.1660003662109375","","","","","","","","","","","",""
"3603","76913","76913","76913","3.2659997940063477","3.2659997940063477","3.2659997940063477","","","","","","","","","","","",""
"3604","76915","76915","76915","3.261000156402588","3.261000156402588","3.261000156402588","","","","","","","","","","","",""
"3605","76917","76917","76917","3.3600001335144043","3.3600001335144043","3.3600001335144043","","","","","","","","","","","",""
"3606","76919","76919","76919","3.3359999656677246","3.3359999656677246","3.3359999656677246","","","","","","","","","","","",""
"3607","76921","76921","76921","3.35599946975708","3.35599946975708","3.35599946975708","","","","","","","","","","","",""
"3608","76923","76923","76923","3.378999710083008","3.378999710083008","3.378999710083008","","","","","","","","","","","",""
"3609","77085","77085","77085","1.0120000839233398","1.0120000839233398","1.0120000839233398","","","","","","","","","","","",""
"3610","77087","77087","77087","3.141000270843506","3.141000270843506","3.141000270843506","","","","","","","","","","","",""
"3611","77089","77089","77089","3.003999710083008","3.003999710083008","3.003999710083008","","","","","","","","","","","",""
"3612","77091","77091","77091","3.258999824523926","3.258999824523926","3.258999824523926","","","","","","","","","","","",""
"3613","77093","77093","77093","3.2699999809265137","3.2699999809265137","3.2699999809265137","","","","","","","","","","","",""
"3614","77095","77095","77095","3.3410000801086426","3.3410000801086426","3.3410000801086426","","","","","","","","","","","",""
"3615","77097","77097","77097","3.332000255584717","3.332000255584717","3.332000255584717","","","","","","","","","","","",""
"3616","77099","77099","77099","3.3439998626708984","3.3439998626708984","3.3439998626708984","","","","","","","","","","","",""
"3617","77101","77101","77101","3.321000099182129","3.321000099182129","3.321000099182129","","","","","","","","","","","",""
"3618","77260","77260","77260","1.0120000839233398","1.0120000839233398","1.0120000839233398","","","","","","","","","","","",""
"3619","77262","77262","77262","3.136000156402588","3.136000156402588","3.136000156402588","","","","","","","","","","","",""
"3620","77264","77264","77264","3.1700000762939453","3.1700000762939453","3.1700000762939453","","","","","","","","","","","",""
"3621","77266","77266","77266","3.2569994926452637","3.2569994926452637","3.2569994926452637","","","","","","","","","","","",""
"3622","77268","77268","77268","3.1710000038146973","3.1710000038146973","3.1710000038146973","","","","","","","","","","","",""
"3623","77270","77270","77270","3.3420000076293945","3.3420000076293945","3.3420000076293945","","","","","","","","","","","",""
"3624","77272","77272","77272","3.318000316619873","3.318000316619873","3.318000316619873","","","","","","","","","","","",""
"3625","77274","77274","77274","3.3339996337890625","3.3339996337890625","3.3339996337890625","","","","","","","","","","","",""
"3626","77276","77276","77276","3.4040002822875977","3.4040002822875977","3.4040002822875977","","","","","","","","","","","",""
"3627","77436","77436","77436","1.0120002031326294","1.0120002031326294","1.0120002031326294","","","","","","","","","","","",""
"3628","77438","77438","77438","3.134000301361084","3.134000301361084","3.134000301361084","","","","","","","","","","","",""
"3629","77440","77440","77440","3.130000114440918","3.130000114440918","3.130000114440918","","","","","","","","","","","",""
"3630","77442","77442","77442","3.322999954223633","3.322999954223633","3.322999954223633","","","","","","","","","","","",""
"3631","77444","77444","77444","3.1690001487731934","3.1690001487731934","3.1690001487731934","","","","","","","","","","","",""
"3632","77446","77446","77446","3.3509998321533203","3.3509998321533203","3.3509998321533203","","","","","","","","","","","",""
"3633","77448","77448","77448","3.3510003089904785","3.3510003089904785","3.3510003089904785","","","","","","","","","","","",""
"3634","77450","77450","77450","3.3269996643066406","3.3269996643066406","3.3269996643066406","","","","","","","","","","","",""
"3635","77452","77452","77452","1.3419997692108154","1.3419997692108154","1.3419997692108154","","","","","","","","","","","",""