"Evaluate/step_episode","no_extra_reward_rainbowmini_2025-05-31_12-10-08 - _step","no_extra_reward_rainbowmini_2025-05-31_12-10-08 - _step__MIN","no_extra_reward_rainbowmini_2025-05-31_12-10-08 - _step__MAX","no_extra_reward_rainbowmini_2025-05-31_12-10-08 - Evaluate/EpProgress","no_extra_reward_rainbowmini_2025-05-31_12-10-08 - Evaluate/EpProgress__MIN","no_extra_reward_rainbowmini_2025-05-31_12-10-08 - Evaluate/EpProgress__MAX","noe_FactoryTaskAllocationMiC_2024-12-09_21-42-46 - _step","noe_FactoryTaskAllocationMiC_2024-12-09_21-42-46 - _step__MIN","noe_FactoryTaskAllocationMiC_2024-12-09_21-42-46 - _step__MAX","noe_FactoryTaskAllocationMiC_2024-12-09_21-42-46 - Evaluate/EpProgress","noe_FactoryTaskAllocationMiC_2024-12-09_21-42-46 - Evaluate/EpProgress__MIN","noe_FactoryTaskAllocationMiC_2024-12-09_21-42-46 - Evaluate/EpProgress__MAX","epsilon_FactoryTaskAllocationMiC_2024-12-08_17-36-58 - _step","epsilon_FactoryTaskAllocationMiC_2024-12-08_17-36-58 - _step__MIN","epsilon_FactoryTaskAllocationMiC_2024-12-08_17-36-58 - _step__MAX","epsilon_FactoryTaskAllocationMiC_2024-12-08_17-36-58 - Evaluate/EpProgress","epsilon_FactoryTaskAllocationMiC_2024-12-08_17-36-58 - Evaluate/EpProgress__MIN","epsilon_FactoryTaskAllocationMiC_2024-12-08_17-36-58 - Evaluate/EpProgress__MAX"
"0","5899","5899","5899","0","0","0","10371","10371","10371","0","0","0","5899","5899","5899","0","0","0"
"1","5901","5901","5901","1","1","1","10373","10373","10373","1","1","1","5901","5901","5901","1","1","1"
"2","5903","5903","5903","1","1","1","10375","10375","10375","1","1","1","5903","5903","5903","1","1","1"
"3","5905","5905","5905","0","0","0","10377","10377","10377","1","1","1","5905","5905","5905","0","0","0"
"4","5907","5907","5907","1","1","1","10379","10379","10379","1","1","1","5907","5907","5907","1","1","1"
"5","5909","5909","5909","1","1","1","10381","10381","10381","1","1","1","5909","5909","5909","1","1","1"
"6","5911","5911","5911","0","0","0","10383","10383","10383","1","1","1","5911","5911","5911","0","0","0"
"7","5913","5913","5913","1","1","1","10385","10385","10385","1","1","1","5913","5913","5913","1","1","1"
"8","5915","5915","5915","1","1","1","10387","10387","10387","1","1","1","5915","5915","5915","1","1","1"
"9","6081","6081","6081","0","0","0","10657","10657","10657","0","0","0","6079","6079","6079","1","1","1"
"10","6083","6083","6083","1","1","1","10659","10659","10659","1","1","1","6081","6081","6081","1","1","1"
"11","6085","6085","6085","1","1","1","10661","10661","10661","1","1","1","6083","6083","6083","1","1","1"
"12","6087","6087","6087","0","0","0","10663","10663","10663","0","0","0","6085","6085","6085","1","1","1"
"13","6089","6089","6089","1","1","1","10665","10665","10665","1","1","1","6087","6087","6087","1","1","1"
"14","6091","6091","6091","1","1","1","10667","10667","10667","0.8","0.8","0.8","6089","6089","6089","1","1","1"
"15","6093","6093","6093","1","1","1","10669","10669","10669","1","1","1","6091","6091","6091","1","1","1"
"16","6095","6095","6095","1","1","1","10671","10671","10671","1","1","1","6093","6093","6093","1","1","1"
"17","6097","6097","6097","1","1","1","10673","10673","10673","1","1","1","6095","6095","6095","1","1","1"
"18","6259","6259","6259","0","0","0","10986","10986","10986","0","0","0","6260","6260","6260","0","0","0"
"19","6261","6261","6261","1","1","1","10988","10988","10988","1","1","1","6262","6262","6262","1","1","1"
"20","6263","6263","6263","1","1","1","10990","10990","10990","1","1","1","6264","6264","6264","1","1","1"
"21","6265","6265","6265","0","0","0","10992","10992","10992","0","0","0","6266","6266","6266","0","0","0"
"22","6267","6267","6267","1","1","1","10994","10994","10994","1","1","1","6268","6268","6268","1","1","1"
"23","6269","6269","6269","1","1","1","10996","10996","10996","1","1","1","6270","6270","6270","1","1","1"
"24","6271","6271","6271","1","1","1","10998","10998","10998","0","0","0","6272","6272","6272","1","1","1"
"25","6273","6273","6273","1","1","1","11000","11000","11000","1","1","1","6274","6274","6274","1","1","1"
"26","6275","6275","6275","1","1","1","11002","11002","11002","1","1","1","6276","6276","6276","0.8","0.8","0.8"
"27","6437","6437","6437","0","0","0","11315","11315","11315","0","0","0","6440","6440","6440","0","0","0"
"28","6439","6439","6439","1","1","1","11317","11317","11317","1","1","1","6442","6442","6442","1","1","1"
"29","6441","6441","6441","1","1","1","11319","11319","11319","1","1","1","6444","6444","6444","1","1","1"
"30","6443","6443","6443","1","1","1","11321","11321","11321","1","1","1","6446","6446","6446","0","0","0"
"31","6445","6445","6445","1","1","1","11323","11323","11323","1","1","1","6448","6448","6448","1","1","1"
"32","6447","6447","6447","0.8","0.8","0.8","11325","11325","11325","1","1","1","6450","6450","6450","1","1","1"
"33","6449","6449","6449","1","1","1","11327","11327","11327","0","0","0","6452","6452","6452","1","1","1"
"34","6451","6451","6451","1","1","1","11329","11329","11329","1","1","1","6454","6454","6454","1","1","1"
"35","6453","6453","6453","1","1","1","11331","11331","11331","1","1","1","6456","6456","6456","0.8","0.8","0.8"
"36","6619","6619","6619","0","0","0","11645","11645","11645","0","0","0","6624","6624","6624","0","0","0"
"37","6621","6621","6621","1","1","1","11647","11647","11647","1","1","1","6626","6626","6626","1","1","1"
"38","6623","6623","6623","1","1","1","11649","11649","11649","1","1","1","6628","6628","6628","1","1","1"
"39","6625","6625","6625","0","0","0","11651","11651","11651","1","1","1","6630","6630","6630","0","0","0"
"40","6627","6627","6627","0.8","0.8","0.8","11653","11653","11653","1","1","1","6632","6632","6632","0.8","0.8","0.8"
"41","6629","6629","6629","0.8","0.8","0.8","11655","11655","11655","1","1","1","6634","6634","6634","1","1","1"
"42","6631","6631","6631","1","1","1","11657","11657","11657","1","1","1","6636","6636","6636","1","1","1"
"43","6633","6633","6633","1","1","1","11659","11659","11659","1","1","1","6638","6638","6638","1","1","1"
"44","6635","6635","6635","1","1","1","11661","11661","11661","1","1","1","6640","6640","6640","1","1","1"
"45","6806","6806","6806","0","0","0","11975","11975","11975","0","0","0","6805","6805","6805","0","0","0"
"46","6808","6808","6808","1","1","1","11977","11977","11977","1","1","1","6807","6807","6807","1","1","1"
"47","6810","6810","6810","1","1","1","11979","11979","11979","1","1","1","6809","6809","6809","1","1","1"
"48","6812","6812","6812","0","0","0","11981","11981","11981","0","0","0","6811","6811","6811","0","0","0"
"49","6814","6814","6814","1","1","1","11983","11983","11983","1","1","1","6813","6813","6813","1","1","1"
"50","6816","6816","6816","1","1","1","11985","11985","11985","0.8","0.8","0.8","6815","6815","6815","1","1","1"
"51","6818","6818","6818","1","1","1","11987","11987","11987","0","0","0","6817","6817","6817","1","1","1"
"52","6820","6820","6820","1","1","1","11989","11989","11989","1","1","1","6819","6819","6819","1","1","1"
"53","6822","6822","6822","1","1","1","11991","11991","11991","1","1","1","6821","6821","6821","1","1","1"
"54","6984","6984","6984","0","0","0","12304","12304","12304","0","0","0","6994","6994","6994","0","0","0"
"55","6986","6986","6986","1","1","1","12306","12306","12306","1","1","1","6996","6996","6996","1","1","1"
"56","6988","6988","6988","1","1","1","12308","12308","12308","1","1","1","6998","6998","6998","1","1","1"
"57","6990","6990","6990","1","1","1","12310","12310","12310","0","0","0","7000","7000","7000","1","1","1"
"58","6992","6992","6992","1","1","1","12312","12312","12312","1","1","1","7002","7002","7002","0.8","0.8","0.8"
"59","6994","6994","6994","1","1","1","12314","12314","12314","1","1","1","7004","7004","7004","1","1","1"
"60","6996","6996","6996","1","1","1","12316","12316","12316","0","0","0","7006","7006","7006","1","1","1"
"61","6998","6998","6998","1","1","1","12318","12318","12318","1","1","1","7008","7008","7008","1","1","1"
"62","7000","7000","7000","1","1","1","12320","12320","12320","1","1","1","7010","7010","7010","1","1","1"
"63","7162","7162","7162","0","0","0","12634","12634","12634","0","0","0","7170","7170","7170","1","1","1"
"64","7164","7164","7164","1","1","1","12636","12636","12636","1","1","1","7172","7172","7172","1","1","1"
"65","7166","7166","7166","1","1","1","12638","12638","12638","1","1","1","7174","7174","7174","1","1","1"
"66","7168","7168","7168","1","1","1","12640","12640","12640","0","0","0","7176","7176","7176","1","1","1"
"67","7170","7170","7170","1","1","1","12642","12642","12642","1","1","1","7178","7178","7178","1","1","1"
"68","7172","7172","7172","0.8","0.8","0.8","12644","12644","12644","1","1","1","7180","7180","7180","1","1","1"
"69","7174","7174","7174","1","1","1","12646","12646","12646","1","1","1","7182","7182","7182","1","1","1"
"70","7176","7176","7176","1","1","1","12648","12648","12648","1","1","1","7184","7184","7184","1","1","1"
"71","7178","7178","7178","1","1","1","12650","12650","12650","1","1","1","7186","7186","7186","1","1","1"
"72","7346","7346","7346","0","0","0","12964","12964","12964","0","0","0","7351","7351","7351","0","0","0"
"73","7348","7348","7348","1","1","1","12966","12966","12966","1","1","1","7353","7353","7353","1","1","1"
"74","7350","7350","7350","0.8","0.8","0.8","12968","12968","12968","1","1","1","7355","7355","7355","1","1","1"
"75","7352","7352","7352","0","0","0","12970","12970","12970","0","0","0","7357","7357","7357","1","1","1"
"76","7354","7354","7354","0.8","0.8","0.8","12972","12972","12972","1","1","1","7359","7359","7359","0.8","0.8","0.8"
"77","7356","7356","7356","0.8","0.8","0.8","12974","12974","12974","1","1","1","7361","7361","7361","1","1","1"
"78","7358","7358","7358","1","1","1","12976","12976","12976","1","1","1","7363","7363","7363","1","1","1"
"79","7360","7360","7360","1","1","1","12978","12978","12978","1","1","1","7365","7365","7365","1","1","1"
"80","7362","7362","7362","1","1","1","12980","12980","12980","1","1","1","7367","7367","7367","1","1","1"
"81","7529","7529","7529","0","0","0","13293","13293","13293","0","0","0","7525","7525","7525","1","1","1"
"82","7531","7531","7531","1","1","1","13295","13295","13295","1","1","1","7527","7527","7527","0.8","0.8","0.8"
"83","7533","7533","7533","1","1","1","13297","13297","13297","1","1","1","7529","7529","7529","0.8","0.8","0.8"
"84","7535","7535","7535","0","0","0","13299","13299","13299","0","0","0","7531","7531","7531","1","1","1"
"85","7537","7537","7537","0.8","0.8","0.8","13301","13301","13301","1","1","1","7533","7533","7533","1","1","1"
"86","7539","7539","7539","1","1","1","13303","13303","13303","1","1","1","7535","7535","7535","1","1","1"
"87","7541","7541","7541","1","1","1","13305","13305","13305","1","1","1","7537","7537","7537","1","1","1"
"88","7543","7543","7543","1","1","1","13307","13307","13307","1","1","1","7539","7539","7539","1","1","1"
"89","7545","7545","7545","1","1","1","13309","13309","13309","1","1","1","7541","7541","7541","1","1","1"
"90","7710","7710","7710","0","0","0","13622","13622","13622","0","0","0","7699","7699","7699","1","1","1"
"91","7712","7712","7712","1","1","1","13624","13624","13624","1","1","1","7701","7701","7701","1","1","1"
"92","7714","7714","7714","1","1","1","13626","13626","13626","1","1","1","7703","7703","7703","1","1","1"
"93","7716","7716","7716","0","0","0","13628","13628","13628","1","1","1","7705","7705","7705","1","1","1"
"94","7718","7718","7718","1","1","1","13630","13630","13630","1","1","1","7707","7707","7707","1","1","1"
"95","7720","7720","7720","1","1","1","13632","13632","13632","1","1","1","7709","7709","7709","0.8","0.8","0.8"
"96","7722","7722","7722","1","1","1","13634","13634","13634","1","1","1","7711","7711","7711","1","1","1"
"97","7724","7724","7724","1","1","1","13636","13636","13636","1","1","1","7713","7713","7713","1","1","1"
"98","7726","7726","7726","1","1","1","13638","13638","13638","1","1","1","7715","7715","7715","1","1","1"
"99","7888","7888","7888","1","1","1","13953","13953","13953","0","0","0","7873","7873","7873","1","1","1"
"100","7890","7890","7890","1","1","1","13955","13955","13955","1","1","1","7875","7875","7875","1","1","1"
"101","7892","7892","7892","1","1","1","13957","13957","13957","1","1","1","7877","7877","7877","1","1","1"
"102","7894","7894","7894","0","0","0","13959","13959","13959","0","0","0","7879","7879","7879","1","1","1"
"103","7896","7896","7896","1","1","1","13961","13961","13961","1","1","1","7881","7881","7881","1","1","1"
"104","7898","7898","7898","1","1","1","13963","13963","13963","1","1","1","7883","7883","7883","1","1","1"
"105","7900","7900","7900","1","1","1","13965","13965","13965","1","1","1","7885","7885","7885","1","1","1"
"106","7902","7902","7902","1","1","1","13967","13967","13967","1","1","1","7887","7887","7887","1","1","1"
"107","7904","7904","7904","1","1","1","13969","13969","13969","1","1","1","7889","7889","7889","1","1","1"
"108","8070","8070","8070","1","1","1","14283","14283","14283","0","0","0","8050","8050","8050","0.8","0.8","0.8"
"109","8072","8072","8072","1","1","1","14285","14285","14285","1","1","1","8052","8052","8052","1","1","1"
"110","8074","8074","8074","1","1","1","14287","14287","14287","1","1","1","8054","8054","8054","1","1","1"
"111","8076","8076","8076","1","1","1","14289","14289","14289","0","0","0","8056","8056","8056","1","1","1"
"112","8078","8078","8078","1","1","1","14291","14291","14291","1","1","1","8058","8058","8058","1","1","1"
"113","8080","8080","8080","0.8","0.8","0.8","14293","14293","14293","1","1","1","8060","8060","8060","1","1","1"
"114","8082","8082","8082","1","1","1","14295","14295","14295","1","1","1","8062","8062","8062","1","1","1"
"115","8084","8084","8084","1","1","1","14297","14297","14297","1","1","1","8064","8064","8064","1","1","1"
"116","8086","8086","8086","1","1","1","14299","14299","14299","1","1","1","8066","8066","8066","1","1","1"
"117","8244","8244","8244","1","1","1","14614","14614","14614","0","0","0","8224","8224","8224","1","1","1"
"118","8246","8246","8246","1","1","1","14616","14616","14616","1","1","1","8226","8226","8226","1","1","1"
"119","8248","8248","8248","1","1","1","14618","14618","14618","1","1","1","8228","8228","8228","1","1","1"
"120","8250","8250","8250","1","1","1","14620","14620","14620","1","1","1","8230","8230","8230","1","1","1"
"121","8252","8252","8252","1","1","1","14622","14622","14622","1","1","1","8232","8232","8232","1","1","1"
"122","8254","8254","8254","1","1","1","14624","14624","14624","1","1","1","8234","8234","8234","1","1","1"
"123","8256","8256","8256","1","1","1","14626","14626","14626","1","1","1","8236","8236","8236","1","1","1"
"124","8258","8258","8258","1","1","1","14628","14628","14628","0.9","0.9","0.9","8238","8238","8238","1","1","1"
"125","8260","8260","8260","1","1","1","14630","14630","14630","1","1","1","8240","8240","8240","1","1","1"
"126","8417","8417","8417","1","1","1","14944","14944","14944","1","1","1","8402","8402","8402","1","1","1"
"127","8419","8419","8419","1","1","1","14946","14946","14946","1","1","1","8404","8404","8404","1","1","1"
"128","8421","8421","8421","1","1","1","14948","14948","14948","1","1","1","8406","8406","8406","1","1","1"
"129","8423","8423","8423","1","1","1","14950","14950","14950","1","1","1","8408","8408","8408","1","1","1"
"130","8425","8425","8425","0.8","0.8","0.8","14952","14952","14952","1","1","1","8410","8410","8410","1","1","1"
"131","8427","8427","8427","0.8","0.8","0.8","14954","14954","14954","1","1","1","8412","8412","8412","1","1","1"
"132","8429","8429","8429","1","1","1","14956","14956","14956","1","1","1","8414","8414","8414","1","1","1"
"133","8431","8431","8431","1","1","1","14958","14958","14958","1","1","1","8416","8416","8416","1","1","1"
"134","8433","8433","8433","1","1","1","14960","14960","14960","1","1","1","8418","8418","8418","1","1","1"
"135","8598","8598","8598","1","1","1","15277","15277","15277","0","0","0","8579","8579","8579","0","0","0"
"136","8600","8600","8600","1","1","1","15279","15279","15279","1","1","1","8581","8581","8581","1","1","1"
"137","8602","8602","8602","1","1","1","15281","15281","15281","1","1","1","8583","8583","8583","1","1","1"
"138","8604","8604","8604","1","1","1","15283","15283","15283","1","1","1","8585","8585","8585","1","1","1"
"139","8606","8606","8606","1","1","1","15285","15285","15285","0.8","0.8","0.8","8587","8587","8587","1","1","1"
"140","8608","8608","8608","1","1","1","15287","15287","15287","0.8","0.8","0.8","8589","8589","8589","1","1","1"
"141","8610","8610","8610","1","1","1","15289","15289","15289","1","1","1","8591","8591","8591","1","1","1"
"142","8612","8612","8612","1","1","1","15291","15291","15291","1","1","1","8593","8593","8593","1","1","1"
"143","8614","8614","8614","1","1","1","15293","15293","15293","1","1","1","8595","8595","8595","1","1","1"
"144","8773","8773","8773","1","1","1","15609","15609","15609","1","1","1","8759","8759","8759","0.8","0.8","0.8"
"145","8775","8775","8775","1","1","1","15611","15611","15611","1","1","1","8761","8761","8761","1","1","1"
"146","8777","8777","8777","1","1","1","15613","15613","15613","1","1","1","8763","8763","8763","1","1","1"
"147","8779","8779","8779","1","1","1","15615","15615","15615","1","1","1","8765","8765","8765","0.8","0.8","0.8"
"148","8781","8781","8781","0.8","0.8","0.8","15617","15617","15617","1","1","1","8767","8767","8767","1","1","1"
"149","8783","8783","8783","0.8","0.8","0.8","15619","15619","15619","1","1","1","8769","8769","8769","1","1","1"
"150","8785","8785","8785","1","1","1","15621","15621","15621","1","1","1","8771","8771","8771","1","1","1"
"151","8787","8787","8787","1","1","1","15623","15623","15623","1","1","1","8773","8773","8773","1","1","1"
"152","8789","8789","8789","1","1","1","15625","15625","15625","1","1","1","8775","8775","8775","1","1","1"
"153","8951","8951","8951","1","1","1","15942","15942","15942","1","1","1","8939","8939","8939","1","1","1"
"154","8953","8953","8953","1","1","1","15944","15944","15944","1","1","1","8941","8941","8941","1","1","1"
"155","8955","8955","8955","0.8","0.8","0.8","15946","15946","15946","1","1","1","8943","8943","8943","1","1","1"
"156","8957","8957","8957","1","1","1","15948","15948","15948","1","1","1","8945","8945","8945","1","1","1"
"157","8959","8959","8959","0.8","0.8","0.8","15950","15950","15950","0.8","0.8","0.8","8947","8947","8947","1","1","1"
"158","8961","8961","8961","0.8","0.8","0.8","15952","15952","15952","1","1","1","8949","8949","8949","1","1","1"
"159","8963","8963","8963","1","1","1","15954","15954","15954","1","1","1","8951","8951","8951","1","1","1"
"160","8965","8965","8965","1","1","1","15956","15956","15956","1","1","1","8953","8953","8953","1","1","1"
"161","8967","8967","8967","1","1","1","15958","15958","15958","0.8","0.8","0.8","8955","8955","8955","1","1","1"
"162","9133","9133","9133","0.8","0.8","0.8","16274","16274","16274","1","1","1","9113","9113","9113","0.8","0.8","0.8"
"163","9135","9135","9135","1","1","1","16276","16276","16276","1","1","1","9115","9115","9115","1","1","1"
"164","9137","9137","9137","1","1","1","16278","16278","16278","1","1","1","9117","9117","9117","1","1","1"
"165","9139","9139","9139","1","1","1","16280","16280","16280","1","1","1","9119","9119","9119","1","1","1"
"166","9141","9141","9141","1","1","1","16282","16282","16282","1","1","1","9121","9121","9121","1","1","1"
"167","9143","9143","9143","1","1","1","16284","16284","16284","1","1","1","9123","9123","9123","1","1","1"
"168","9145","9145","9145","1","1","1","16286","16286","16286","1","1","1","9125","9125","9125","1","1","1"
"169","9147","9147","9147","1","1","1","16288","16288","16288","1","1","1","9127","9127","9127","1","1","1"
"170","9149","9149","9149","1","1","1","16290","16290","16290","1","1","1","9129","9129","9129","1","1","1"
"171","9305","9305","9305","1","1","1","16607","16607","16607","1","1","1","9293","9293","9293","0.8","0.8","0.8"
"172","9307","9307","9307","1","1","1","16609","16609","16609","1","1","1","9295","9295","9295","1","1","1"
"173","9309","9309","9309","1","1","1","16611","16611","16611","1","1","1","9297","9297","9297","0.8","0.8","0.8"
"174","9311","9311","9311","1","1","1","16613","16613","16613","1","1","1","9299","9299","9299","0.8","0.8","0.8"
"175","9313","9313","9313","0.8","0.8","0.8","16615","16615","16615","1","1","1","9301","9301","9301","1","1","1"
"176","9315","9315","9315","1","1","1","16617","16617","16617","1","1","1","9303","9303","9303","1","1","1"
"177","9317","9317","9317","1","1","1","16619","16619","16619","1","1","1","9305","9305","9305","1","1","1"
"178","9319","9319","9319","1","1","1","16621","16621","16621","1","1","1","9307","9307","9307","1","1","1"
"179","9321","9321","9321","1","1","1","16623","16623","16623","0.8","0.8","0.8","9309","9309","9309","1","1","1"
"180","9478","9478","9478","1","1","1","16939","16939","16939","1","1","1","9472","9472","9472","0.8","0.8","0.8"
"181","9480","9480","9480","1","1","1","16941","16941","16941","1","1","1","9474","9474","9474","1","1","1"
"182","9482","9482","9482","1","1","1","16943","16943","16943","1","1","1","9476","9476","9476","1","1","1"
"183","9484","9484","9484","1","1","1","16945","16945","16945","1","1","1","9478","9478","9478","1","1","1"
"184","9486","9486","9486","1","1","1","16947","16947","16947","1","1","1","9480","9480","9480","1","1","1"
"185","9488","9488","9488","1","1","1","16949","16949","16949","1","1","1","9482","9482","9482","1","1","1"
"186","9490","9490","9490","1","1","1","16951","16951","16951","1","1","1","9484","9484","9484","1","1","1"
"187","9492","9492","9492","1","1","1","16953","16953","16953","1","1","1","9486","9486","9486","1","1","1"
"188","9494","9494","9494","1","1","1","16955","16955","16955","1","1","1","9488","9488","9488","1","1","1"
"189","9659","9659","9659","1","1","1","17273","17273","17273","1","1","1","9646","9646","9646","1","1","1"
"190","9661","9661","9661","1","1","1","17275","17275","17275","1","1","1","9648","9648","9648","1","1","1"
"191","9663","9663","9663","1","1","1","17277","17277","17277","0.8","0.8","0.8","9650","9650","9650","1","1","1"
"192","9665","9665","9665","1","1","1","17279","17279","17279","1","1","1","9652","9652","9652","1","1","1"
"193","9667","9667","9667","1","1","1","17281","17281","17281","1","1","1","9654","9654","9654","1","1","1"
"194","9669","9669","9669","1","1","1","17283","17283","17283","0.8","0.8","0.8","9656","9656","9656","1","1","1"
"195","9671","9671","9671","1","1","1","17285","17285","17285","1","1","1","9658","9658","9658","1","1","1"
"196","9673","9673","9673","1","1","1","17287","17287","17287","1","1","1","9660","9660","9660","1","1","1"
"197","9675","9675","9675","1","1","1","17289","17289","17289","1","1","1","9662","9662","9662","1","1","1"
"198","9834","9834","9834","0.8","0.8","0.8","17605","17605","17605","1","1","1","9822","9822","9822","0.8","0.8","0.8"
"199","9836","9836","9836","1","1","1","17607","17607","17607","1","1","1","9824","9824","9824","1","1","1"
"200","9838","9838","9838","0.8","0.8","0.8","17609","17609","17609","1","1","1","9826","9826","9826","1","1","1"
"201","9840","9840","9840","1","1","1","17611","17611","17611","1","1","1","9828","9828","9828","1","1","1"
"202","9842","9842","9842","0.8","0.8","0.8","17613","17613","17613","1","1","1","9830","9830","9830","1","1","1"
"203","9844","9844","9844","1","1","1","17615","17615","17615","1","1","1","9832","9832","9832","1","1","1"
"204","9846","9846","9846","1","1","1","17617","17617","17617","1","1","1","9834","9834","9834","1","1","1"
"205","9848","9848","9848","1","1","1","17619","17619","17619","1","1","1","9836","9836","9836","0.8","0.8","0.8"
"206","9850","9850","9850","1","1","1","17621","17621","17621","1","1","1","9838","9838","9838","1","1","1"
"207","10012","10012","10012","0.9","0.9","0.9","17938","17938","17938","0.8","0.8","0.8","9998","9998","9998","1","1","1"
"208","10014","10014","10014","1","1","1","17940","17940","17940","1","1","1","10000","10000","10000","1","1","1"
"209","10016","10016","10016","1","1","1","17942","17942","17942","1","1","1","10002","10002","10002","1","1","1"
"210","10018","10018","10018","1","1","1","17944","17944","17944","1","1","1","10004","10004","10004","1","1","1"
"211","10020","10020","10020","1","1","1","17946","17946","17946","1","1","1","10006","10006","10006","1","1","1"
"212","10022","10022","10022","1","1","1","17948","17948","17948","1","1","1","10008","10008","10008","1","1","1"
"213","10024","10024","10024","1","1","1","17950","17950","17950","1","1","1","10010","10010","10010","1","1","1"
"214","10026","10026","10026","1","1","1","17952","17952","17952","1","1","1","10012","10012","10012","1","1","1"
"215","10028","10028","10028","1","1","1","17954","17954","17954","1","1","1","10014","10014","10014","1","1","1"
"216","10187","10187","10187","0.8","0.8","0.8","18271","18271","18271","1","1","1","10174","10174","10174","1","1","1"
"217","10189","10189","10189","1","1","1","18273","18273","18273","1","1","1","10176","10176","10176","1","1","1"
"218","10191","10191","10191","1","1","1","18275","18275","18275","1","1","1","10178","10178","10178","1","1","1"
"219","10193","10193","10193","1","1","1","18277","18277","18277","0.8","0.8","0.8","10180","10180","10180","1","1","1"
"220","10195","10195","10195","1","1","1","18279","18279","18279","1","1","1","10182","10182","10182","0.8","0.8","0.8"
"221","10197","10197","10197","1","1","1","18281","18281","18281","1","1","1","10184","10184","10184","1","1","1"
"222","10199","10199","10199","0.8","0.8","0.8","18283","18283","18283","1","1","1","10186","10186","10186","1","1","1"
"223","10201","10201","10201","1","1","1","18285","18285","18285","1","1","1","10188","10188","10188","1","1","1"
"224","10203","10203","10203","1","1","1","18287","18287","18287","1","1","1","10190","10190","10190","1","1","1"
"225","10363","10363","10363","1","1","1","18603","18603","18603","0.8","0.8","0.8","10352","10352","10352","1","1","1"
"226","10365","10365","10365","1","1","1","18605","18605","18605","1","1","1","10354","10354","10354","1","1","1"
"227","10367","10367","10367","1","1","1","18607","18607","18607","0.8","0.8","0.8","10356","10356","10356","1","1","1"
"228","10369","10369","10369","1","1","1","18609","18609","18609","1","1","1","10358","10358","10358","1","1","1"
"229","10371","10371","10371","1","1","1","18611","18611","18611","1","1","1","10360","10360","10360","0.8","0.8","0.8"
"230","10373","10373","10373","0.8","0.8","0.8","18613","18613","18613","0.8","0.8","0.8","10362","10362","10362","1","1","1"
"231","10375","10375","10375","1","1","1","18615","18615","18615","1","1","1","10364","10364","10364","1","1","1"
"232","10377","10377","10377","1","1","1","18617","18617","18617","1","1","1","10366","10366","10366","1","1","1"
"233","10379","10379","10379","1","1","1","18619","18619","18619","1","1","1","10368","10368","10368","0.8","0.8","0.8"
"234","10541","10541","10541","0.8","0.8","0.8","18936","18936","18936","1","1","1","10529","10529","10529","1","1","1"
"235","10543","10543","10543","1","1","1","18938","18938","18938","1","1","1","10531","10531","10531","1","1","1"
"236","10545","10545","10545","1","1","1","18940","18940","18940","1","1","1","10533","10533","10533","1","1","1"
"237","10547","10547","10547","1","1","1","18942","18942","18942","1","1","1","10535","10535","10535","0.8","0.8","0.8"
"238","10549","10549","10549","1","1","1","18944","18944","18944","1","1","1","10537","10537","10537","1","1","1"
"239","10551","10551","10551","1","1","1","18946","18946","18946","0.8","0.8","0.8","10539","10539","10539","1","1","1"
"240","10553","10553","10553","1","1","1","18948","18948","18948","1","1","1","10541","10541","10541","1","1","1"
"241","10555","10555","10555","1","1","1","18950","18950","18950","1","1","1","10543","10543","10543","0.9","0.9","0.9"
"242","10557","10557","10557","1","1","1","18952","18952","18952","0.9","0.9","0.9","10545","10545","10545","1","1","1"
"243","10719","10719","10719","1","1","1","19268","19268","19268","1","1","1","10705","10705","10705","1","1","1"
"244","10721","10721","10721","1","1","1","19270","19270","19270","1","1","1","10707","10707","10707","1","1","1"
"245","10723","10723","10723","1","1","1","19272","19272","19272","1","1","1","10709","10709","10709","0.8","0.8","0.8"
"246","10725","10725","10725","1","1","1","19274","19274","19274","1","1","1","10711","10711","10711","1","1","1"
"247","10727","10727","10727","1","1","1","19276","19276","19276","1","1","1","10713","10713","10713","1","1","1"
"248","10729","10729","10729","1","1","1","19278","19278","19278","1","1","1","10715","10715","10715","1","1","1"
"249","10731","10731","10731","1","1","1","19280","19280","19280","1","1","1","10717","10717","10717","1","1","1"
"250","10733","10733","10733","1","1","1","19282","19282","19282","1","1","1","10719","10719","10719","1","1","1"
"251","10735","10735","10735","1","1","1","19284","19284","19284","1","1","1","10721","10721","10721","1","1","1"
"252","10903","10903","10903","1","1","1","19601","19601","19601","0.8","0.8","0.8","10882","10882","10882","0.8","0.8","0.8"
"253","10905","10905","10905","1","1","1","19603","19603","19603","1","1","1","10884","10884","10884","1","1","1"
"254","10907","10907","10907","1","1","1","19605","19605","19605","1","1","1","10886","10886","10886","0.8","0.8","0.8"
"255","10909","10909","10909","1","1","1","19607","19607","19607","1","1","1","10888","10888","10888","1","1","1"
"256","10911","10911","10911","1","1","1","19609","19609","19609","1","1","1","10890","10890","10890","1","1","1"
"257","10913","10913","10913","0.8","0.8","0.8","19611","19611","19611","1","1","1","10892","10892","10892","1","1","1"
"258","10915","10915","10915","1","1","1","19613","19613","19613","1","1","1","10894","10894","10894","1","1","1"
"259","10917","10917","10917","1","1","1","19615","19615","19615","1","1","1","10896","10896","10896","1","1","1"
"260","10919","10919","10919","1","1","1","19617","19617","19617","1","1","1","10898","10898","10898","1","1","1"
"261","11085","11085","11085","0.8","0.8","0.8","19934","19934","19934","0.8","0.8","0.8","11056","11056","11056","1","1","1"
"262","11087","11087","11087","1","1","1","19936","19936","19936","1","1","1","11058","11058","11058","1","1","1"
"263","11089","11089","11089","1","1","1","19938","19938","19938","1","1","1","11060","11060","11060","1","1","1"
"264","11091","11091","11091","1","1","1","19940","19940","19940","1","1","1","11062","11062","11062","1","1","1"
"265","11093","11093","11093","1","1","1","19942","19942","19942","1","1","1","11064","11064","11064","1","1","1"
"266","11095","11095","11095","1","1","1","19944","19944","19944","0.8","0.8","0.8","11066","11066","11066","1","1","1"
"267","11097","11097","11097","1","1","1","19946","19946","19946","1","1","1","11068","11068","11068","1","1","1"
"268","11099","11099","11099","1","1","1","19948","19948","19948","1","1","1","11070","11070","11070","1","1","1"
"269","11101","11101","11101","1","1","1","19950","19950","19950","1","1","1","11072","11072","11072","1","1","1"
"270","11262","11262","11262","0.9","0.9","0.9","20266","20266","20266","0.8","0.8","0.8","11232","11232","11232","1","1","1"
"271","11264","11264","11264","1","1","1","20268","20268","20268","1","1","1","11234","11234","11234","1","1","1"
"272","11266","11266","11266","1","1","1","20270","20270","20270","1","1","1","11236","11236","11236","0.8","0.8","0.8"
"273","11268","11268","11268","1","1","1","20272","20272","20272","1","1","1","11238","11238","11238","1","1","1"
"274","11270","11270","11270","1","1","1","20274","20274","20274","1","1","1","11240","11240","11240","1","1","1"
"275","11272","11272","11272","1","1","1","20276","20276","20276","1","1","1","11242","11242","11242","1","1","1"
"276","11274","11274","11274","1","1","1","20278","20278","20278","1","1","1","11244","11244","11244","1","1","1"
"277","11276","11276","11276","1","1","1","20280","20280","20280","1","1","1","11246","11246","11246","1","1","1"
"278","11278","11278","11278","1","1","1","20282","20282","20282","1","1","1","11248","11248","11248","1","1","1"
"279","11446","11446","11446","0.8","0.8","0.8","20599","20599","20599","0.8","0.8","0.8","11406","11406","11406","1","1","1"
"280","11448","11448","11448","1","1","1","20601","20601","20601","1","1","1","11408","11408","11408","1","1","1"
"281","11450","11450","11450","1","1","1","20603","20603","20603","1","1","1","11410","11410","11410","1","1","1"
"282","11452","11452","11452","0.8","0.8","0.8","20605","20605","20605","1","1","1","11412","11412","11412","1","1","1"
"283","11454","11454","11454","1","1","1","20607","20607","20607","1","1","1","11414","11414","11414","1","1","1"
"284","11456","11456","11456","1","1","1","20609","20609","20609","1","1","1","11416","11416","11416","1","1","1"
"285","11458","11458","11458","1","1","1","20611","20611","20611","1","1","1","11418","11418","11418","1","1","1"
"286","11460","11460","11460","1","1","1","20613","20613","20613","1","1","1","11420","11420","11420","1","1","1"
"287","11462","11462","11462","1","1","1","20615","20615","20615","1","1","1","11422","11422","11422","1","1","1"
"288","11621","11621","11621","0.8","0.8","0.8","20931","20931","20931","0.8","0.8","0.8","11586","11586","11586","1","1","1"
"289","11623","11623","11623","1","1","1","20933","20933","20933","1","1","1","11588","11588","11588","1","1","1"
"290","11625","11625","11625","0.8","0.8","0.8","20935","20935","20935","1","1","1","11590","11590","11590","1","1","1"
"291","11627","11627","11627","1","1","1","20937","20937","20937","0.8","0.8","0.8","11592","11592","11592","1","1","1"
"292","11629","11629","11629","1","1","1","20939","20939","20939","1","1","1","11594","11594","11594","1","1","1"
"293","11631","11631","11631","1","1","1","20941","20941","20941","1","1","1","11596","11596","11596","1","1","1"
"294","11633","11633","11633","1","1","1","20943","20943","20943","0.8","0.8","0.8","11598","11598","11598","0.8","0.8","0.8"
"295","11635","11635","11635","1","1","1","20945","20945","20945","1","1","1","11600","11600","11600","1","1","1"
"296","11637","11637","11637","1","1","1","20947","20947","20947","1","1","1","11602","11602","11602","1","1","1"
"297","11799","11799","11799","0.8","0.8","0.8","21263","21263","21263","1","1","1","11758","11758","11758","1","1","1"
"298","11801","11801","11801","1","1","1","21265","21265","21265","1","1","1","11760","11760","11760","1","1","1"
"299","11803","11803","11803","1","1","1","21267","21267","21267","1","1","1","11762","11762","11762","1","1","1"
"300","11805","11805","11805","1","1","1","21269","21269","21269","1","1","1","11764","11764","11764","1","1","1"
"301","11807","11807","11807","1","1","1","21271","21271","21271","1","1","1","11766","11766","11766","1","1","1"
"302","11809","11809","11809","1","1","1","21273","21273","21273","1","1","1","11768","11768","11768","1","1","1"
"303","11811","11811","11811","1","1","1","21275","21275","21275","1","1","1","11770","11770","11770","1","1","1"
"304","11813","11813","11813","1","1","1","21277","21277","21277","1","1","1","11772","11772","11772","1","1","1"
"305","11815","11815","11815","1","1","1","21279","21279","21279","1","1","1","11774","11774","11774","1","1","1"
"306","11980","11980","11980","0.8","0.8","0.8","21597","21597","21597","1","1","1","11933","11933","11933","1","1","1"
"307","11982","11982","11982","1","1","1","21599","21599","21599","1","1","1","11935","11935","11935","1","1","1"
"308","11984","11984","11984","1","1","1","21601","21601","21601","1","1","1","11937","11937","11937","1","1","1"
"309","11986","11986","11986","1","1","1","21603","21603","21603","0.8","0.8","0.8","11939","11939","11939","0.8","0.8","0.8"
"310","11988","11988","11988","1","1","1","21605","21605","21605","1","1","1","11941","11941","11941","1","1","1"
"311","11990","11990","11990","1","1","1","21607","21607","21607","1","1","1","11943","11943","11943","0.8","0.8","0.8"
"312","11992","11992","11992","1","1","1","21609","21609","21609","0.8","0.8","0.8","11945","11945","11945","1","1","1"
"313","11994","11994","11994","1","1","1","21611","21611","21611","1","1","1","11947","11947","11947","1","1","1"
"314","11996","11996","11996","1","1","1","21613","21613","21613","1","1","1","11949","11949","11949","1","1","1"
"315","12154","12154","12154","0","0","0","21929","21929","21929","0.8","0.8","0.8","12112","12112","12112","1","1","1"
"316","12156","12156","12156","1","1","1","21931","21931","21931","1","1","1","12114","12114","12114","1","1","1"
"317","12158","12158","12158","1","1","1","21933","21933","21933","1","1","1","12116","12116","12116","1","1","1"
"318","12160","12160","12160","0.8","0.8","0.8","21935","21935","21935","1","1","1","12118","12118","12118","1","1","1"
"319","12162","12162","12162","1","1","1","21937","21937","21937","1","1","1","12120","12120","12120","1","1","1"
"320","12164","12164","12164","1","1","1","21939","21939","21939","1","1","1","12122","12122","12122","1","1","1"
"321","12166","12166","12166","1","1","1","21941","21941","21941","1","1","1","12124","12124","12124","1","1","1"
"322","12168","12168","12168","1","1","1","21943","21943","21943","1","1","1","12126","12126","12126","1","1","1"
"323","12170","12170","12170","1","1","1","21945","21945","21945","0.8","0.8","0.8","12128","12128","12128","1","1","1"
"324","12333","12333","12333","0.8","0.8","0.8","22262","22262","22262","0.8","0.8","0.8","12287","12287","12287","1","1","1"
"325","12335","12335","12335","1","1","1","22264","22264","22264","1","1","1","12289","12289","12289","1","1","1"
"326","12337","12337","12337","1","1","1","22266","22266","22266","1","1","1","12291","12291","12291","1","1","1"
"327","12339","12339","12339","1","1","1","22268","22268","22268","1","1","1","12293","12293","12293","1","1","1"
"328","12341","12341","12341","1","1","1","22270","22270","22270","1","1","1","12295","12295","12295","1","1","1"
"329","12343","12343","12343","1","1","1","22272","22272","22272","1","1","1","12297","12297","12297","1","1","1"
"330","12345","12345","12345","1","1","1","22274","22274","22274","1","1","1","12299","12299","12299","1","1","1"
"331","12347","12347","12347","1","1","1","22276","22276","22276","1","1","1","12301","12301","12301","1","1","1"
"332","12349","12349","12349","1","1","1","22278","22278","22278","1","1","1","12303","12303","12303","1","1","1"
"333","12507","12507","12507","1","1","1","22594","22594","22594","0.8","0.8","0.8","12463","12463","12463","0.8","0.8","0.8"
"334","12509","12509","12509","1","1","1","22596","22596","22596","1","1","1","12465","12465","12465","1","1","1"
"335","12511","12511","12511","0.8","0.8","0.8","22598","22598","22598","0.8","0.8","0.8","12467","12467","12467","1","1","1"
"336","12513","12513","12513","0.8","0.8","0.8","22600","22600","22600","0.8","0.8","0.8","12469","12469","12469","1","1","1"
"337","12515","12515","12515","1","1","1","22602","22602","22602","1","1","1","12471","12471","12471","1","1","1"
"338","12517","12517","12517","1","1","1","22604","22604","22604","1","1","1","12473","12473","12473","1","1","1"
"339","12519","12519","12519","1","1","1","22606","22606","22606","0.8","0.8","0.8","12475","12475","12475","1","1","1"
"340","12521","12521","12521","1","1","1","22608","22608","22608","1","1","1","12477","12477","12477","1","1","1"
"341","12523","12523","12523","1","1","1","22610","22610","22610","1","1","1","12479","12479","12479","1","1","1"
"342","12685","12685","12685","0.8","0.8","0.8","22926","22926","22926","0.9","0.9","0.9","12641","12641","12641","0.8","0.8","0.8"
"343","12687","12687","12687","1","1","1","22928","22928","22928","1","1","1","12643","12643","12643","1","1","1"
"344","12689","12689","12689","1","1","1","22930","22930","22930","1","1","1","12645","12645","12645","1","1","1"
"345","12691","12691","12691","1","1","1","22932","22932","22932","0.8","0.8","0.8","12647","12647","12647","0.8","0.8","0.8"
"346","12693","12693","12693","1","1","1","22934","22934","22934","1","1","1","12649","12649","12649","1","1","1"
"347","12695","12695","12695","1","1","1","22936","22936","22936","0.8","0.8","0.8","12651","12651","12651","1","1","1"
"348","12697","12697","12697","1","1","1","22938","22938","22938","0.8","0.8","0.8","12653","12653","12653","1","1","1"
"349","12699","12699","12699","1","1","1","22940","22940","22940","1","1","1","12655","12655","12655","1","1","1"
"350","12701","12701","12701","1","1","1","22942","22942","22942","1","1","1","12657","12657","12657","1","1","1"
"351","12860","12860","12860","1","1","1","23259","23259","23259","0.8","0.8","0.8","12822","12822","12822","0.8","0.8","0.8"
"352","12862","12862","12862","1","1","1","23261","23261","23261","0.8","0.8","0.8","12824","12824","12824","1","1","1"
"353","12864","12864","12864","0.8","0.8","0.8","23263","23263","23263","0.8","0.8","0.8","12826","12826","12826","0.8","0.8","0.8"
"354","12866","12866","12866","1","1","1","23265","23265","23265","1","1","1","12828","12828","12828","1","1","1"
"355","12868","12868","12868","1","1","1","23267","23267","23267","1","1","1","12830","12830","12830","1","1","1"
"356","12870","12870","12870","1","1","1","23269","23269","23269","1","1","1","12832","12832","12832","1","1","1"
"357","12872","12872","12872","1","1","1","23271","23271","23271","0.8","0.8","0.8","12834","12834","12834","1","1","1"
"358","12874","12874","12874","1","1","1","23273","23273","23273","1","1","1","12836","12836","12836","1","1","1"
"359","12876","12876","12876","1","1","1","23275","23275","23275","1","1","1","12838","12838","12838","1","1","1"
"360","13038","13038","13038","0.8","0.8","0.8","23591","23591","23591","0.8","0.8","0.8","13002","13002","13002","0.8","0.8","0.8"
"361","13040","13040","13040","1","1","1","23593","23593","23593","1","1","1","13004","13004","13004","1","1","1"
"362","13042","13042","13042","0.8","0.8","0.8","23595","23595","23595","1","1","1","13006","13006","13006","1","1","1"
"363","13044","13044","13044","1","1","1","23597","23597","23597","1","1","1","13008","13008","13008","0.8","0.8","0.8"
"364","13046","13046","13046","1","1","1","23599","23599","23599","1","1","1","13010","13010","13010","0.8","0.8","0.8"
"365","13048","13048","13048","1","1","1","23601","23601","23601","1","1","1","13012","13012","13012","1","1","1"
"366","13050","13050","13050","1","1","1","23603","23603","23603","1","1","1","13014","13014","13014","1","1","1"
"367","13052","13052","13052","1","1","1","23605","23605","23605","1","1","1","13016","13016","13016","1","1","1"
"368","13054","13054","13054","1","1","1","23607","23607","23607","1","1","1","13018","13018","13018","1","1","1"
"369","13211","13211","13211","1","1","1","23924","23924","23924","0.8","0.8","0.8","13183","13183","13183","0.8","0.8","0.8"
"370","13213","13213","13213","1","1","1","23926","23926","23926","1","1","1","13185","13185","13185","1","1","1"
"371","13215","13215","13215","1","1","1","23928","23928","23928","1","1","1","13187","13187","13187","0.8","0.8","0.8"
"372","13217","13217","13217","0.8","0.8","0.8","23930","23930","23930","0.8","0.8","0.8","13189","13189","13189","0.8","0.8","0.8"
"373","13219","13219","13219","1","1","1","23932","23932","23932","1","1","1","13191","13191","13191","1","1","1"
"374","13221","13221","13221","1","1","1","23934","23934","23934","1","1","1","13193","13193","13193","1","1","1"
"375","13223","13223","13223","0.8","0.8","0.8","23936","23936","23936","0.8","0.8","0.8","13195","13195","13195","1","1","1"
"376","13225","13225","13225","1","1","1","23938","23938","23938","1","1","1","13197","13197","13197","1","1","1"
"377","13227","13227","13227","1","1","1","23940","23940","23940","1","1","1","13199","13199","13199","1","1","1"
"378","13393","13393","13393","0.8","0.8","0.8","24256","24256","24256","0.8","0.8","0.8","13359","13359","13359","1","1","1"
"379","13395","13395","13395","1","1","1","24258","24258","24258","1","1","1","13361","13361","13361","1","1","1"
"380","13397","13397","13397","1","1","1","24260","24260","24260","0.8","0.8","0.8","13363","13363","13363","0.8","0.8","0.8"
"381","13399","13399","13399","1","1","1","24262","24262","24262","0.9","0.9","0.9","13365","13365","13365","1","1","1"
"382","13401","13401","13401","1","1","1","24264","24264","24264","1","1","1","13367","13367","13367","0.8","0.8","0.8"
"383","13403","13403","13403","1","1","1","24266","24266","24266","1","1","1","13369","13369","13369","1","1","1"
"384","13405","13405","13405","1","1","1","24268","24268","24268","0.9","0.9","0.9","13371","13371","13371","1","1","1"
"385","13407","13407","13407","1","1","1","24270","24270","24270","1","1","1","13373","13373","13373","1","1","1"
"386","13409","13409","13409","1","1","1","24272","24272","24272","1","1","1","13375","13375","13375","1","1","1"
"387","13572","13572","13572","0.8","0.8","0.8","24588","24588","24588","0.8","0.8","0.8","13536","13536","13536","0.8","0.8","0.8"
"388","13574","13574","13574","1","1","1","24590","24590","24590","1","1","1","13538","13538","13538","1","1","1"
"389","13576","13576","13576","1","1","1","24592","24592","24592","0.8","0.8","0.8","13540","13540","13540","1","1","1"
"390","13578","13578","13578","0.8","0.8","0.8","24594","24594","24594","1","1","1","13542","13542","13542","1","1","1"
"391","13580","13580","13580","1","1","1","24596","24596","24596","1","1","1","13544","13544","13544","1","1","1"
"392","13582","13582","13582","1","1","1","24598","24598","24598","1","1","1","13546","13546","13546","1","1","1"
"393","13584","13584","13584","1","1","1","24600","24600","24600","1","1","1","13548","13548","13548","1","1","1"
"394","13586","13586","13586","1","1","1","24602","24602","24602","1","1","1","13550","13550","13550","1","1","1"
"395","13588","13588","13588","1","1","1","24604","24604","24604","1","1","1","13552","13552","13552","1","1","1"
"396","13746","13746","13746","0.8","0.8","0.8","24921","24921","24921","0.8","0.8","0.8","13708","13708","13708","0.8","0.8","0.8"
"397","13748","13748","13748","1","1","1","24923","24923","24923","1","1","1","13710","13710","13710","1","1","1"
"398","13750","13750","13750","0.8","0.8","0.8","24925","24925","24925","1","1","1","13712","13712","13712","1","1","1"
"399","13752","13752","13752","1","1","1","24927","24927","24927","1","1","1","13714","13714","13714","1","1","1"
"400","13754","13754","13754","0.8","0.8","0.8","24929","24929","24929","1","1","1","13716","13716","13716","1","1","1"
"401","13756","13756","13756","0.8","0.8","0.8","24931","24931","24931","1","1","1","13718","13718","13718","1","1","1"
"402","13758","13758","13758","1","1","1","24933","24933","24933","1","1","1","13720","13720","13720","1","1","1"
"403","13760","13760","13760","1","1","1","24935","24935","24935","1","1","1","13722","13722","13722","1","1","1"
"404","13762","13762","13762","1","1","1","24937","24937","24937","1","1","1","13724","13724","13724","1","1","1"
"405","13921","13921","13921","1","1","1","25253","25253","25253","0.8","0.8","0.8","13887","13887","13887","0.8","0.8","0.8"
"406","13923","13923","13923","1","1","1","25255","25255","25255","1","1","1","13889","13889","13889","1","1","1"
"407","13925","13925","13925","0.8","0.8","0.8","25257","25257","25257","1","1","1","13891","13891","13891","0.8","0.8","0.8"
"408","13927","13927","13927","0.8","0.8","0.8","25259","25259","25259","0.9","0.9","0.9","13893","13893","13893","1","1","1"
"409","13929","13929","13929","1","1","1","25261","25261","25261","1","1","1","13895","13895","13895","1","1","1"
"410","13931","13931","13931","1","1","1","25263","25263","25263","1","1","1","13897","13897","13897","1","1","1"
"411","13933","13933","13933","0.8","0.8","0.8","25265","25265","25265","0.8","0.8","0.8","13899","13899","13899","1","1","1"
"412","13935","13935","13935","1","1","1","25267","25267","25267","1","1","1","13901","13901","13901","1","1","1"
"413","13937","13937","13937","1","1","1","25269","25269","25269","1","1","1","13903","13903","13903","1","1","1"
"414","14101","14101","14101","1","1","1","25586","25586","25586","0.8","0.8","0.8","14063","14063","14063","1","1","1"
"415","14103","14103","14103","1","1","1","25588","25588","25588","1","1","1","14065","14065","14065","1","1","1"
"416","14105","14105","14105","0.8","0.8","0.8","25590","25590","25590","1","1","1","14067","14067","14067","1","1","1"
"417","14107","14107","14107","0.8","0.8","0.8","25592","25592","25592","0.8","0.8","0.8","14069","14069","14069","1","1","1"
"418","14109","14109","14109","1","1","1","25594","25594","25594","1","1","1","14071","14071","14071","1","1","1"
"419","14111","14111","14111","0.8","0.8","0.8","25596","25596","25596","1","1","1","14073","14073","14073","1","1","1"
"420","14113","14113","14113","1","1","1","25598","25598","25598","1","1","1","14075","14075","14075","1","1","1"
"421","14115","14115","14115","1","1","1","25600","25600","25600","1","1","1","14077","14077","14077","1","1","1"
"422","14117","14117","14117","1","1","1","25602","25602","25602","1","1","1","14079","14079","14079","1","1","1"
"423","14276","14276","14276","0.9","0.9","0.9","25918","25918","25918","0.8","0.8","0.8","14241","14241","14241","0.8","0.8","0.8"
"424","14278","14278","14278","1","1","1","25920","25920","25920","0.8","0.8","0.8","14243","14243","14243","1","1","1"
"425","14280","14280","14280","1","1","1","25922","25922","25922","1","1","1","14245","14245","14245","1","1","1"
"426","14282","14282","14282","1","1","1","25924","25924","25924","0.8","0.8","0.8","14247","14247","14247","1","1","1"
"427","14284","14284","14284","1","1","1","25926","25926","25926","1","1","1","14249","14249","14249","1","1","1"
"428","14286","14286","14286","1","1","1","25928","25928","25928","1","1","1","14251","14251","14251","1","1","1"
"429","14288","14288","14288","1","1","1","25930","25930","25930","1","1","1","14253","14253","14253","1","1","1"
"430","14290","14290","14290","1","1","1","25932","25932","25932","1","1","1","14255","14255","14255","1","1","1"
"431","14292","14292","14292","1","1","1","25934","25934","25934","1","1","1","14257","14257","14257","1","1","1"
"432","14452","14452","14452","0.8","0.8","0.8","26250","26250","26250","0.8","0.8","0.8","14421","14421","14421","1","1","1"
"433","14454","14454","14454","1","1","1","26252","26252","26252","0.8","0.8","0.8","14423","14423","14423","1","1","1"
"434","14456","14456","14456","0.8","0.8","0.8","26254","26254","26254","1","1","1","14425","14425","14425","0.8","0.8","0.8"
"435","14458","14458","14458","0.8","0.8","0.8","26256","26256","26256","1","1","1","14427","14427","14427","1","1","1"
"436","14460","14460","14460","1","1","1","26258","26258","26258","1","1","1","14429","14429","14429","1","1","1"
"437","14462","14462","14462","1","1","1","26260","26260","26260","1","1","1","14431","14431","14431","1","1","1"
"438","14464","14464","14464","1","1","1","26262","26262","26262","1","1","1","14433","14433","14433","1","1","1"
"439","14466","14466","14466","1","1","1","26264","26264","26264","1","1","1","14435","14435","14435","1","1","1"
"440","14468","14468","14468","1","1","1","26266","26266","26266","1","1","1","14437","14437","14437","1","1","1"
"441","14629","14629","14629","0.8","0.8","0.8","26583","26583","26583","1","1","1","14602","14602","14602","0.8","0.8","0.8"
"442","14631","14631","14631","1","1","1","26585","26585","26585","0.8","0.8","0.8","14604","14604","14604","1","1","1"
"443","14633","14633","14633","1","1","1","26587","26587","26587","1","1","1","14606","14606","14606","0.8","0.8","0.8"
"444","14635","14635","14635","0.8","0.8","0.8","26589","26589","26589","1","1","1","14608","14608","14608","1","1","1"
"445","14637","14637","14637","0.8","0.8","0.8","26591","26591","26591","1","1","1","14610","14610","14610","1","1","1"
"446","14639","14639","14639","1","1","1","26593","26593","26593","1","1","1","14612","14612","14612","1","1","1"
"447","14641","14641","14641","1","1","1","26595","26595","26595","1","1","1","14614","14614","14614","1","1","1"
"448","14643","14643","14643","1","1","1","26597","26597","26597","1","1","1","14616","14616","14616","1","1","1"
"449","14645","14645","14645","1","1","1","26599","26599","26599","1","1","1","14618","14618","14618","1","1","1"
"450","14803","14803","14803","0.8","0.8","0.8","26915","26915","26915","0.8","0.8","0.8","14780","14780","14780","1","1","1"
"451","14805","14805","14805","1","1","1","26917","26917","26917","0.8","0.8","0.8","14782","14782","14782","1","1","1"
"452","14807","14807","14807","0.8","0.8","0.8","26919","26919","26919","1","1","1","14784","14784","14784","1","1","1"
"453","14809","14809","14809","0.8","0.8","0.8","26921","26921","26921","0.8","0.8","0.8","14786","14786","14786","1","1","1"
"454","14811","14811","14811","1","1","1","26923","26923","26923","1","1","1","14788","14788","14788","1","1","1"
"455","14813","14813","14813","1","1","1","26925","26925","26925","1","1","1","14790","14790","14790","1","1","1"
"456","14815","14815","14815","1","1","1","26927","26927","26927","1","1","1","14792","14792","14792","1","1","1"
"457","14817","14817","14817","1","1","1","26929","26929","26929","1","1","1","14794","14794","14794","1","1","1"
"458","14819","14819","14819","1","1","1","26931","26931","26931","1","1","1","14796","14796","14796","1","1","1"
"459","14979","14979","14979","0.8","0.8","0.8","27248","27248","27248","0.8","0.8","0.8","14961","14961","14961","0.8","0.8","0.8"
"460","14981","14981","14981","1","1","1","27250","27250","27250","0.8","0.8","0.8","14963","14963","14963","1","1","1"
"461","14983","14983","14983","0.8","0.8","0.8","27252","27252","27252","1","1","1","14965","14965","14965","0.8","0.8","0.8"
"462","14985","14985","14985","1","1","1","27254","27254","27254","0.8","0.8","0.8","14967","14967","14967","1","1","1"
"463","14987","14987","14987","1","1","1","27256","27256","27256","1","1","1","14969","14969","14969","1","1","1"
"464","14989","14989","14989","1","1","1","27258","27258","27258","1","1","1","14971","14971","14971","1","1","1"
"465","14991","14991","14991","1","1","1","27260","27260","27260","0.8","0.8","0.8","14973","14973","14973","1","1","1"
"466","14993","14993","14993","1","1","1","27262","27262","27262","1","1","1","14975","14975","14975","1","1","1"
"467","14995","14995","14995","1","1","1","27264","27264","27264","1","1","1","14977","14977","14977","1","1","1"
"468","15156","15156","15156","1","1","1","27580","27580","27580","0.8","0.8","0.8","15138","15138","15138","0.8","0.8","0.8"
"469","15158","15158","15158","1","1","1","27582","27582","27582","1","1","1","15140","15140","15140","1","1","1"
"470","15160","15160","15160","0.8","0.8","0.8","27584","27584","27584","0.8","0.8","0.8","15142","15142","15142","1","1","1"
"471","15162","15162","15162","1","1","1","27586","27586","27586","0.8","0.8","0.8","15144","15144","15144","1","1","1"
"472","15164","15164","15164","1","1","1","27588","27588","27588","1","1","1","15146","15146","15146","1","1","1"
"473","15166","15166","15166","1","1","1","27590","27590","27590","1","1","1","15148","15148","15148","1","1","1"
"474","15168","15168","15168","1","1","1","27592","27592","27592","1","1","1","15150","15150","15150","1","1","1"
"475","15170","15170","15170","1","1","1","27594","27594","27594","1","1","1","15152","15152","15152","1","1","1"
"476","15172","15172","15172","1","1","1","27596","27596","27596","1","1","1","15154","15154","15154","1","1","1"
"477","15336","15336","15336","0.8","0.8","0.8","27912","27912","27912","0.8","0.8","0.8","15316","15316","15316","1","1","1"
"478","15338","15338","15338","1","1","1","27914","27914","27914","1","1","1","15318","15318","15318","1","1","1"
"479","15340","15340","15340","0.8","0.8","0.8","27916","27916","27916","0.8","0.8","0.8","15320","15320","15320","0.8","0.8","0.8"
"480","15342","15342","15342","1","1","1","27918","27918","27918","0.8","0.8","0.8","15322","15322","15322","1","1","1"
"481","15344","15344","15344","1","1","1","27920","27920","27920","1","1","1","15324","15324","15324","1","1","1"
"482","15346","15346","15346","1","1","1","27922","27922","27922","1","1","1","15326","15326","15326","1","1","1"
"483","15348","15348","15348","1","1","1","27924","27924","27924","1","1","1","15328","15328","15328","1","1","1"
"484","15350","15350","15350","1","1","1","27926","27926","27926","1","1","1","15330","15330","15330","0.8","0.8","0.8"
"485","15352","15352","15352","1","1","1","27928","27928","27928","1","1","1","15332","15332","15332","1","1","1"
"486","15519","15519","15519","0.8","0.8","0.8","28245","28245","28245","0.8","0.8","0.8","15497","15497","15497","0.8","0.8","0.8"
"487","15521","15521","15521","1","1","1","28247","28247","28247","1","1","1","15499","15499","15499","1","1","1"
"488","15523","15523","15523","1","1","1","28249","28249","28249","0.8","0.8","0.8","15501","15501","15501","1","1","1"
"489","15525","15525","15525","0.8","0.8","0.8","28251","28251","28251","0.8","0.8","0.8","15503","15503","15503","0.8","0.8","0.8"
"490","15527","15527","15527","1","1","1","28253","28253","28253","1","1","1","15505","15505","15505","1","1","1"
"491","15529","15529","15529","1","1","1","28255","28255","28255","1","1","1","15507","15507","15507","1","1","1"
"492","15531","15531","15531","1","1","1","28257","28257","28257","1","1","1","15509","15509","15509","1","1","1"
"493","15533","15533","15533","1","1","1","28259","28259","28259","1","1","1","15511","15511","15511","1","1","1"
"494","15535","15535","15535","1","1","1","28261","28261","28261","0.9","0.9","0.9","15513","15513","15513","1","1","1"
"495","15705","15705","15705","0.8","0.8","0.8","28577","28577","28577","0.8","0.8","0.8","15671","15671","15671","0.8","0.8","0.8"
"496","15707","15707","15707","1","1","1","28579","28579","28579","1","1","1","15673","15673","15673","1","1","1"
"497","15709","15709","15709","1","1","1","28581","28581","28581","1","1","1","15675","15675","15675","1","1","1"
"498","15711","15711","15711","0.8","0.8","0.8","28583","28583","28583","0.8","0.8","0.8","15677","15677","15677","1","1","1"
"499","15713","15713","15713","1","1","1","28585","28585","28585","1","1","1","15679","15679","15679","1","1","1"
"500","15715","15715","15715","1","1","1","28587","28587","28587","1","1","1","15681","15681","15681","1","1","1"
"501","15717","15717","15717","1","1","1","28589","28589","28589","0.8","0.8","0.8","15683","15683","15683","1","1","1"
"502","15719","15719","15719","1","1","1","28591","28591","28591","1","1","1","15685","15685","15685","1","1","1"
"503","15721","15721","15721","1","1","1","28593","28593","28593","1","1","1","15687","15687","15687","1","1","1"
"504","15884","15884","15884","0.8","0.8","0.8","28909","28909","28909","0.8","0.8","0.8","15850","15850","15850","1","1","1"
"505","15886","15886","15886","1","1","1","28911","28911","28911","0.8","0.8","0.8","15852","15852","15852","1","1","1"
"506","15888","15888","15888","0.8","0.8","0.8","28913","28913","28913","0.8","0.8","0.8","15854","15854","15854","1","1","1"
"507","15890","15890","15890","0.8","0.8","0.8","28915","28915","28915","1","1","1","15856","15856","15856","1","1","1"
"508","15892","15892","15892","1","1","1","28917","28917","28917","1","1","1","15858","15858","15858","1","1","1"
"509","15894","15894","15894","1","1","1","28919","28919","28919","0.8","0.8","0.8","15860","15860","15860","1","1","1"
"510","15896","15896","15896","1","1","1","28921","28921","28921","1","1","1","15862","15862","15862","1","1","1"
"511","15898","15898","15898","1","1","1","28923","28923","28923","1","1","1","15864","15864","15864","1","1","1"
"512","15900","15900","15900","1","1","1","28925","28925","28925","1","1","1","15866","15866","15866","1","1","1"
"513","16060","16060","16060","0.8","0.8","0.8","29242","29242","29242","0.8","0.8","0.8","16025","16025","16025","0.8","0.8","0.8"
"514","16062","16062","16062","1","1","1","29244","29244","29244","1","1","1","16027","16027","16027","1","1","1"
"515","16064","16064","16064","1","1","1","29246","29246","29246","0.8","0.8","0.8","16029","16029","16029","1","1","1"
"516","16066","16066","16066","0.8","0.8","0.8","29248","29248","29248","1","1","1","16031","16031","16031","1","1","1"
"517","16068","16068","16068","1","1","1","29250","29250","29250","1","1","1","16033","16033","16033","1","1","1"
"518","16070","16070","16070","1","1","1","29252","29252","29252","1","1","1","16035","16035","16035","1","1","1"
"519","16072","16072","16072","0.8","0.8","0.8","29254","29254","29254","1","1","1","16037","16037","16037","1","1","1"
"520","16074","16074","16074","1","1","1","29256","29256","29256","1","1","1","16039","16039","16039","1","1","1"
"521","16076","16076","16076","1","1","1","29258","29258","29258","1","1","1","16041","16041","16041","1","1","1"
"522","16239","16239","16239","1","1","1","29574","29574","29574","0.8","0.8","0.8","16198","16198","16198","0.8","0.8","0.8"
"523","16241","16241","16241","1","1","1","29576","29576","29576","1","1","1","16200","16200","16200","1","1","1"
"524","16243","16243","16243","1","1","1","29578","29578","29578","1","1","1","16202","16202","16202","1","1","1"
"525","16245","16245","16245","0.8","0.8","0.8","29580","29580","29580","0.8","0.8","0.8","16204","16204","16204","1","1","1"
"526","16247","16247","16247","0.8","0.8","0.8","29582","29582","29582","1","1","1","16206","16206","16206","1","1","1"
"527","16249","16249","16249","0.8","0.8","0.8","29584","29584","29584","1","1","1","16208","16208","16208","1","1","1"
"528","16251","16251","16251","1","1","1","29586","29586","29586","0.8","0.8","0.8","16210","16210","16210","1","1","1"
"529","16253","16253","16253","1","1","1","29588","29588","29588","1","1","1","16212","16212","16212","1","1","1"
"530","16255","16255","16255","1","1","1","29590","29590","29590","1","1","1","16214","16214","16214","1","1","1"
"531","16411","16411","16411","0.8","0.8","0.8","29906","29906","29906","0.8","0.8","0.8","16374","16374","16374","0.8","0.8","0.8"
"532","16413","16413","16413","1","1","1","29908","29908","29908","1","1","1","16376","16376","16376","1","1","1"
"533","16415","16415","16415","1","1","1","29910","29910","29910","0.8","0.8","0.8","16378","16378","16378","1","1","1"
"534","16417","16417","16417","1","1","1","29912","29912","29912","0.8","0.8","0.8","16380","16380","16380","1","1","1"
"535","16419","16419","16419","1","1","1","29914","29914","29914","1","1","1","16382","16382","16382","1","1","1"
"536","16421","16421","16421","1","1","1","29916","29916","29916","1","1","1","16384","16384","16384","1","1","1"
"537","16423","16423","16423","1","1","1","29918","29918","29918","1","1","1","16386","16386","16386","1","1","1"
"538","16425","16425","16425","1","1","1","29920","29920","29920","1","1","1","16388","16388","16388","1","1","1"
"539","16427","16427","16427","1","1","1","29922","29922","29922","1","1","1","16390","16390","16390","1","1","1"
"540","16586","16586","16586","1","1","1","30239","30239","30239","0.8","0.8","0.8","16551","16551","16551","0.8","0.8","0.8"
"541","16588","16588","16588","1","1","1","30241","30241","30241","0.8","0.8","0.8","16553","16553","16553","1","1","1"
"542","16590","16590","16590","1","1","1","30243","30243","30243","1","1","1","16555","16555","16555","1","1","1"
"543","16592","16592","16592","1","1","1","30245","30245","30245","0.8","0.8","0.8","16557","16557","16557","0.8","0.8","0.8"
"544","16594","16594","16594","1","1","1","30247","30247","30247","1","1","1","16559","16559","16559","1","1","1"
"545","16596","16596","16596","1","1","1","30249","30249","30249","1","1","1","16561","16561","16561","1","1","1"
"546","16598","16598","16598","1","1","1","30251","30251","30251","0.8","0.8","0.8","16563","16563","16563","1","1","1"
"547","16600","16600","16600","1","1","1","30253","30253","30253","1","1","1","16565","16565","16565","1","1","1"
"548","16602","16602","16602","1","1","1","30255","30255","30255","1","1","1","16567","16567","16567","1","1","1"
"549","16761","16761","16761","0.9","0.9","0.9","30571","30571","30571","0.8","0.8","0.8","16725","16725","16725","0.8","0.8","0.8"
"550","16763","16763","16763","1","1","1","30573","30573","30573","0.8","0.8","0.8","16727","16727","16727","1","1","1"
"551","16765","16765","16765","1","1","1","30575","30575","30575","1","1","1","16729","16729","16729","1","1","1"
"552","16767","16767","16767","1","1","1","30577","30577","30577","1","1","1","16731","16731","16731","1","1","1"
"553","16769","16769","16769","1","1","1","30579","30579","30579","1","1","1","16733","16733","16733","1","1","1"
"554","16771","16771","16771","1","1","1","30581","30581","30581","1","1","1","16735","16735","16735","1","1","1"
"555","16773","16773","16773","1","1","1","30583","30583","30583","1","1","1","16737","16737","16737","1","1","1"
"556","16775","16775","16775","1","1","1","30585","30585","30585","1","1","1","16739","16739","16739","1","1","1"
"557","16777","16777","16777","1","1","1","30587","30587","30587","1","1","1","16741","16741","16741","1","1","1"
"558","16938","16938","16938","0.8","0.8","0.8","30904","30904","30904","0.8","0.8","0.8","16900","16900","16900","1","1","1"
"559","16940","16940","16940","1","1","1","30906","30906","30906","1","1","1","16902","16902","16902","1","1","1"
"560","16942","16942","16942","1","1","1","30908","30908","30908","0.8","0.8","0.8","16904","16904","16904","1","1","1"
"561","16944","16944","16944","1","1","1","30910","30910","30910","0.8","0.8","0.8","16906","16906","16906","1","1","1"
"562","16946","16946","16946","1","1","1","30912","30912","30912","1","1","1","16908","16908","16908","1","1","1"
"563","16948","16948","16948","1","1","1","30914","30914","30914","1","1","1","16910","16910","16910","1","1","1"
"564","16950","16950","16950","1","1","1","30916","30916","30916","1","1","1","16912","16912","16912","1","1","1"
"565","16952","16952","16952","1","1","1","30918","30918","30918","1","1","1","16914","16914","16914","1","1","1"
"566","16954","16954","16954","1","1","1","30920","30920","30920","1","1","1","16916","16916","16916","1","1","1"
"567","17118","17118","17118","0.8","0.8","0.8","31236","31236","31236","0.8","0.8","0.8","17075","17075","17075","1","1","1"
"568","17120","17120","17120","1","1","1","31238","31238","31238","1","1","1","17077","17077","17077","1","1","1"
"569","17122","17122","17122","1","1","1","31240","31240","31240","0.8","0.8","0.8","17079","17079","17079","1","1","1"
"570","17124","17124","17124","0.8","0.8","0.8","31242","31242","31242","1","1","1","17081","17081","17081","1","1","1"
"571","17126","17126","17126","1","1","1","31244","31244","31244","1","1","1","17083","17083","17083","1","1","1"
"572","17128","17128","17128","1","1","1","31246","31246","31246","1","1","1","17085","17085","17085","1","1","1"
"573","17130","17130","17130","1","1","1","31248","31248","31248","1","1","1","17087","17087","17087","1","1","1"
"574","17132","17132","17132","1","1","1","31250","31250","31250","1","1","1","17089","17089","17089","1","1","1"
"575","17134","17134","17134","1","1","1","31252","31252","31252","1","1","1","17091","17091","17091","1","1","1"
"576","17299","17299","17299","0.8","0.8","0.8","31568","31568","31568","0.8","0.8","0.8","17251","17251","17251","0.8","0.8","0.8"
"577","17301","17301","17301","1","1","1","31570","31570","31570","1","1","1","17253","17253","17253","1","1","1"
"578","17303","17303","17303","1","1","1","31572","31572","31572","1","1","1","17255","17255","17255","1","1","1"
"579","17305","17305","17305","0.8","0.8","0.8","31574","31574","31574","0.8","0.8","0.8","17257","17257","17257","1","1","1"
"580","17307","17307","17307","1","1","1","31576","31576","31576","1","1","1","17259","17259","17259","1","1","1"
"581","17309","17309","17309","1","1","1","31578","31578","31578","1","1","1","17261","17261","17261","1","1","1"
"582","17311","17311","17311","1","1","1","31580","31580","31580","1","1","1","17263","17263","17263","1","1","1"
"583","17313","17313","17313","1","1","1","31582","31582","31582","1","1","1","17265","17265","17265","1","1","1"
"584","17315","17315","17315","1","1","1","31584","31584","31584","1","1","1","17267","17267","17267","1","1","1"
"585","17479","17479","17479","0.8","0.8","0.8","31901","31901","31901","0.8","0.8","0.8","17425","17425","17425","0.8","0.8","0.8"
"586","17481","17481","17481","1","1","1","31903","31903","31903","1","1","1","17427","17427","17427","1","1","1"
"587","17483","17483","17483","0.8","0.8","0.8","31905","31905","31905","1","1","1","17429","17429","17429","1","1","1"
"588","17485","17485","17485","0.9","0.9","0.9","31907","31907","31907","0.8","0.8","0.8","17431","17431","17431","1","1","1"
"589","17487","17487","17487","1","1","1","31909","31909","31909","1","1","1","17433","17433","17433","1","1","1"
"590","17489","17489","17489","1","1","1","31911","31911","31911","1","1","1","17435","17435","17435","1","1","1"
"591","17491","17491","17491","1","1","1","31913","31913","31913","1","1","1","17437","17437","17437","1","1","1"
"592","17493","17493","17493","1","1","1","31915","31915","31915","1","1","1","17439","17439","17439","1","1","1"
"593","17495","17495","17495","1","1","1","31917","31917","31917","1","1","1","17441","17441","17441","1","1","1"
"594","17656","17656","17656","0.8","0.8","0.8","32233","32233","32233","0.8","0.8","0.8","17598","17598","17598","0.8","0.8","0.8"
"595","17658","17658","17658","1","1","1","32235","32235","32235","0.8","0.8","0.8","17600","17600","17600","1","1","1"
"596","17660","17660","17660","1","1","1","32237","32237","32237","0.8","0.8","0.8","17602","17602","17602","1","1","1"
"597","17662","17662","17662","0.8","0.8","0.8","32239","32239","32239","0.8","0.8","0.8","17604","17604","17604","1","1","1"
"598","17664","17664","17664","1","1","1","32241","32241","32241","1","1","1","17606","17606","17606","1","1","1"
"599","17666","17666","17666","1","1","1","32243","32243","32243","1","1","1","17608","17608","17608","1","1","1"
"600","17668","17668","17668","1","1","1","32245","32245","32245","0.8","0.8","0.8","17610","17610","17610","1","1","1"
"601","17670","17670","17670","1","1","1","32247","32247","32247","1","1","1","17612","17612","17612","1","1","1"
"602","17672","17672","17672","1","1","1","32249","32249","32249","1","1","1","17614","17614","17614","1","1","1"
"603","17836","17836","17836","0.8","0.8","0.8","32565","32565","32565","0.8","0.8","0.8","17772","17772","17772","1","1","1"
"604","17838","17838","17838","1","1","1","32567","32567","32567","0.8","0.8","0.8","17774","17774","17774","1","1","1"
"605","17840","17840","17840","1","1","1","32569","32569","32569","1","1","1","17776","17776","17776","1","1","1"
"606","17842","17842","17842","0.8","0.8","0.8","32571","32571","32571","0.8","0.8","0.8","17778","17778","17778","1","1","1"
"607","17844","17844","17844","1","1","1","32573","32573","32573","1","1","1","17780","17780","17780","1","1","1"
"608","17846","17846","17846","1","1","1","32575","32575","32575","1","1","1","17782","17782","17782","1","1","1"
"609","17848","17848","17848","1","1","1","32577","32577","32577","0.8","0.8","0.8","17784","17784","17784","1","1","1"
"610","17850","17850","17850","1","1","1","32579","32579","32579","1","1","1","17786","17786","17786","1","1","1"
"611","17852","17852","17852","1","1","1","32581","32581","32581","1","1","1","17788","17788","17788","1","1","1"
"612","18011","18011","18011","0.8","0.8","0.8","32898","32898","32898","0.8","0.8","0.8","17952","17952","17952","0.9","0.9","0.9"
"613","18013","18013","18013","1","1","1","32900","32900","32900","0.8","0.8","0.8","17954","17954","17954","1","1","1"
"614","18015","18015","18015","1","1","1","32902","32902","32902","1","1","1","17956","17956","17956","1","1","1"
"615","18017","18017","18017","1","1","1","32904","32904","32904","0.8","0.8","0.8","17958","17958","17958","1","1","1"
"616","18019","18019","18019","1","1","1","32906","32906","32906","1","1","1","17960","17960","17960","1","1","1"
"617","18021","18021","18021","1","1","1","32908","32908","32908","1","1","1","17962","17962","17962","1","1","1"
"618","18023","18023","18023","1","1","1","32910","32910","32910","0.8","0.8","0.8","17964","17964","17964","1","1","1"
"619","18025","18025","18025","1","1","1","32912","32912","32912","1","1","1","17966","17966","17966","1","1","1"
"620","18027","18027","18027","1","1","1","32914","32914","32914","1","1","1","17968","17968","17968","1","1","1"
"621","18189","18189","18189","0.8","0.8","0.8","33230","33230","33230","0.8","0.8","0.8","18130","18130","18130","1","1","1"
"622","18191","18191","18191","1","1","1","33232","33232","33232","0.8","0.8","0.8","18132","18132","18132","1","1","1"
"623","18193","18193","18193","1","1","1","33234","33234","33234","1","1","1","18134","18134","18134","1","1","1"
"624","18195","18195","18195","0.8","0.8","0.8","33236","33236","33236","0.8","0.8","0.8","18136","18136","18136","1","1","1"
"625","18197","18197","18197","1","1","1","33238","33238","33238","1","1","1","18138","18138","18138","1","1","1"
"626","18199","18199","18199","1","1","1","33240","33240","33240","1","1","1","18140","18140","18140","1","1","1"
"627","18201","18201","18201","0.8","0.8","0.8","33242","33242","33242","0.8","0.8","0.8","18142","18142","18142","1","1","1"
"628","18203","18203","18203","1","1","1","33244","33244","33244","1","1","1","18144","18144","18144","1","1","1"
"629","18205","18205","18205","1","1","1","33246","33246","33246","1","1","1","18146","18146","18146","1","1","1"
"630","18365","18365","18365","0.8","0.8","0.8","33563","33563","33563","0.8","0.8","0.8","18306","18306","18306","1","1","1"
"631","18367","18367","18367","1","1","1","33565","33565","33565","0.8","0.8","0.8","18308","18308","18308","1","1","1"
"632","18369","18369","18369","1","1","1","33567","33567","33567","1","1","1","18310","18310","18310","1","1","1"
"633","18371","18371","18371","1","1","1","33569","33569","33569","0.8","0.8","0.8","18312","18312","18312","1","1","1"
"634","18373","18373","18373","1","1","1","33571","33571","33571","1","1","1","18314","18314","18314","1","1","1"
"635","18375","18375","18375","1","1","1","33573","33573","33573","1","1","1","18316","18316","18316","1","1","1"
"636","18377","18377","18377","1","1","1","33575","33575","33575","0.8","0.8","0.8","18318","18318","18318","1","1","1"
"637","18379","18379","18379","1","1","1","33577","33577","33577","1","1","1","18320","18320","18320","1","1","1"
"638","18381","18381","18381","1","1","1","33579","33579","33579","1","1","1","18322","18322","18322","1","1","1"
"639","18544","18544","18544","0.8","0.8","0.8","33895","33895","33895","0.8","0.8","0.8","18483","18483","18483","1","1","1"
"640","18546","18546","18546","1","1","1","33897","33897","33897","0.8","0.8","0.8","18485","18485","18485","1","1","1"
"641","18548","18548","18548","1","1","1","33899","33899","33899","1","1","1","18487","18487","18487","1","1","1"
"642","18550","18550","18550","0.8","0.8","0.8","33901","33901","33901","0.8","0.8","0.8","18489","18489","18489","1","1","1"
"643","18552","18552","18552","1","1","1","33903","33903","33903","1","1","1","18491","18491","18491","1","1","1"
"644","18554","18554","18554","1","1","1","33905","33905","33905","1","1","1","18493","18493","18493","1","1","1"
"645","18556","18556","18556","1","1","1","33907","33907","33907","0.8","0.8","0.8","18495","18495","18495","1","1","1"
"646","18558","18558","18558","1","1","1","33909","33909","33909","1","1","1","18497","18497","18497","1","1","1"
"647","18560","18560","18560","1","1","1","33911","33911","33911","1","1","1","18499","18499","18499","1","1","1"
"648","18720","18720","18720","0.8","0.8","0.8","34227","34227","34227","0.8","0.8","0.8","18661","18661","18661","0.8","0.8","0.8"
"649","18722","18722","18722","1","1","1","34229","34229","34229","1","1","1","18663","18663","18663","1","1","1"
"650","18724","18724","18724","1","1","1","34231","34231","34231","1","1","1","18665","18665","18665","1","1","1"
"651","18726","18726","18726","1","1","1","34233","34233","34233","0.8","0.8","0.8","18667","18667","18667","1","1","1"
"652","18728","18728","18728","1","1","1","34235","34235","34235","1","1","1","18669","18669","18669","1","1","1"
"653","18730","18730","18730","1","1","1","34237","34237","34237","1","1","1","18671","18671","18671","1","1","1"
"654","18732","18732","18732","1","1","1","34239","34239","34239","0.8","0.8","0.8","18673","18673","18673","1","1","1"
"655","18734","18734","18734","1","1","1","34241","34241","34241","1","1","1","18675","18675","18675","1","1","1"
"656","18736","18736","18736","1","1","1","34243","34243","34243","1","1","1","18677","18677","18677","1","1","1"
"657","18901","18901","18901","0.8","0.8","0.8","34560","34560","34560","0.8","0.8","0.8","18839","18839","18839","1","1","1"
"658","18903","18903","18903","1","1","1","34562","34562","34562","1","1","1","18841","18841","18841","1","1","1"
"659","18905","18905","18905","1","1","1","34564","34564","34564","1","1","1","18843","18843","18843","1","1","1"
"660","18907","18907","18907","0.8","0.8","0.8","34566","34566","34566","0.8","0.8","0.8","18845","18845","18845","1","1","1"
"661","18909","18909","18909","1","1","1","34568","34568","34568","1","1","1","18847","18847","18847","1","1","1"
"662","18911","18911","18911","1","1","1","34570","34570","34570","1","1","1","18849","18849","18849","1","1","1"
"663","18913","18913","18913","1","1","1","34572","34572","34572","1","1","1","18851","18851","18851","1","1","1"
"664","18915","18915","18915","1","1","1","34574","34574","34574","1","1","1","18853","18853","18853","1","1","1"
"665","18917","18917","18917","1","1","1","34576","34576","34576","1","1","1","18855","18855","18855","1","1","1"
"666","19081","19081","19081","0.8","0.8","0.8","34892","34892","34892","0.8","0.8","0.8","19017","19017","19017","0.8","0.8","0.8"
"667","19083","19083","19083","1","1","1","34894","34894","34894","0.8","0.8","0.8","19019","19019","19019","1","1","1"
"668","19085","19085","19085","0.8","0.8","0.8","34896","34896","34896","0.8","0.8","0.8","19021","19021","19021","1","1","1"
"669","19087","19087","19087","1","1","1","34898","34898","34898","1","1","1","19023","19023","19023","1","1","1"
"670","19089","19089","19089","1","1","1","34900","34900","34900","1","1","1","19025","19025","19025","1","1","1"
"671","19091","19091","19091","1","1","1","34902","34902","34902","1","1","1","19027","19027","19027","1","1","1"
"672","19093","19093","19093","1","1","1","34904","34904","34904","0.8","0.8","0.8","19029","19029","19029","1","1","1"
"673","19095","19095","19095","1","1","1","34906","34906","34906","1","1","1","19031","19031","19031","1","1","1"
"674","19097","19097","19097","1","1","1","34908","34908","34908","1","1","1","19033","19033","19033","1","1","1"
"675","19258","19258","19258","0.8","0.8","0.8","35224","35224","35224","0.8","0.8","0.8","19191","19191","19191","0.8","0.8","0.8"
"676","19260","19260","19260","1","1","1","35226","35226","35226","1","1","1","19193","19193","19193","1","1","1"
"677","19262","19262","19262","1","1","1","35228","35228","35228","1","1","1","19195","19195","19195","1","1","1"
"678","19264","19264","19264","1","1","1","35230","35230","35230","0.8","0.8","0.8","19197","19197","19197","1","1","1"
"679","19266","19266","19266","1","1","1","35232","35232","35232","1","1","1","19199","19199","19199","1","1","1"
"680","19268","19268","19268","1","1","1","35234","35234","35234","1","1","1","19201","19201","19201","1","1","1"
"681","19270","19270","19270","1","1","1","35236","35236","35236","0.8","0.8","0.8","19203","19203","19203","1","1","1"
"682","19272","19272","19272","1","1","1","35238","35238","35238","1","1","1","19205","19205","19205","1","1","1"
"683","19274","19274","19274","1","1","1","35240","35240","35240","1","1","1","19207","19207","19207","1","1","1"
"684","19434","19434","19434","0.8","0.8","0.8","35557","35557","35557","0.8","0.8","0.8","19366","19366","19366","0.8","0.8","0.8"
"685","19436","19436","19436","1","1","1","35559","35559","35559","1","1","1","19368","19368","19368","1","1","1"
"686","19438","19438","19438","1","1","1","35561","35561","35561","1","1","1","19370","19370","19370","1","1","1"
"687","19440","19440","19440","1","1","1","35563","35563","35563","0.8","0.8","0.8","19372","19372","19372","1","1","1"
"688","19442","19442","19442","1","1","1","35565","35565","35565","1","1","1","19374","19374","19374","1","1","1"
"689","19444","19444","19444","1","1","1","35567","35567","35567","1","1","1","19376","19376","19376","1","1","1"
"690","19446","19446","19446","1","1","1","35569","35569","35569","0.8","0.8","0.8","19378","19378","19378","1","1","1"
"691","19448","19448","19448","1","1","1","35571","35571","35571","1","1","1","19380","19380","19380","1","1","1"
"692","19450","19450","19450","1","1","1","35573","35573","35573","1","1","1","19382","19382","19382","1","1","1"
"693","19613","19613","19613","0.8","0.8","0.8","35889","35889","35889","0.8","0.8","0.8","19542","19542","19542","0.8","0.8","0.8"
"694","19615","19615","19615","1","1","1","35891","35891","35891","1","1","1","19544","19544","19544","1","1","1"
"695","19617","19617","19617","1","1","1","35893","35893","35893","1","1","1","19546","19546","19546","1","1","1"
"696","19619","19619","19619","1","1","1","35895","35895","35895","0.8","0.8","0.8","19548","19548","19548","1","1","1"
"697","19621","19621","19621","1","1","1","35897","35897","35897","1","1","1","19550","19550","19550","1","1","1"
"698","19623","19623","19623","1","1","1","35899","35899","35899","1","1","1","19552","19552","19552","1","1","1"
"699","19625","19625","19625","1","1","1","35901","35901","35901","0.8","0.8","0.8","19554","19554","19554","1","1","1"
"700","19627","19627","19627","1","1","1","35903","35903","35903","1","1","1","19556","19556","19556","1","1","1"
"701","19629","19629","19629","1","1","1","35905","35905","35905","1","1","1","19558","19558","19558","1","1","1"
"702","19791","19791","19791","0.8","0.8","0.8","36222","36222","36222","0.8","0.8","0.8","19719","19719","19719","0.8","0.8","0.8"
"703","19793","19793","19793","1","1","1","36224","36224","36224","0.8","0.8","0.8","19721","19721","19721","1","1","1"
"704","19795","19795","19795","1","1","1","36226","36226","36226","1","1","1","19723","19723","19723","1","1","1"
"705","19797","19797","19797","0.8","0.8","0.8","36228","36228","36228","0.8","0.8","0.8","19725","19725","19725","1","1","1"
"706","19799","19799","19799","1","1","1","36230","36230","36230","1","1","1","19727","19727","19727","1","1","1"
"707","19801","19801","19801","1","1","1","36232","36232","36232","1","1","1","19729","19729","19729","1","1","1"
"708","19803","19803","19803","1","1","1","36234","36234","36234","0.8","0.8","0.8","19731","19731","19731","1","1","1"
"709","19805","19805","19805","1","1","1","36236","36236","36236","1","1","1","19733","19733","19733","1","1","1"
"710","19807","19807","19807","1","1","1","36238","36238","36238","1","1","1","19735","19735","19735","1","1","1"
"711","19966","19966","19966","0.8","0.8","0.8","36554","36554","36554","0.8","0.8","0.8","19893","19893","19893","0.8","0.8","0.8"
"712","19968","19968","19968","1","1","1","36556","36556","36556","1","1","1","19895","19895","19895","1","1","1"
"713","19970","19970","19970","1","1","1","36558","36558","36558","1","1","1","19897","19897","19897","1","1","1"
"714","19972","19972","19972","0.8","0.8","0.8","36560","36560","36560","0.8","0.8","0.8","19899","19899","19899","1","1","1"
"715","19974","19974","19974","1","1","1","36562","36562","36562","1","1","1","19901","19901","19901","1","1","1"
"716","19976","19976","19976","0.8","0.8","0.8","36564","36564","36564","1","1","1","19903","19903","19903","1","1","1"
"717","19978","19978","19978","1","1","1","36566","36566","36566","0.8","0.8","0.8","19905","19905","19905","1","1","1"
"718","19980","19980","19980","1","1","1","36568","36568","36568","1","1","1","19907","19907","19907","1","1","1"
"719","19982","19982","19982","0.9","0.9","0.9","36570","36570","36570","1","1","1","19909","19909","19909","1","1","1"
"720","20142","20142","20142","0.8","0.8","0.8","36886","36886","36886","0.8","0.8","0.8","20071","20071","20071","0.8","0.8","0.8"
"721","20144","20144","20144","1","1","1","36888","36888","36888","1","1","1","20073","20073","20073","1","1","1"
"722","20146","20146","20146","1","1","1","36890","36890","36890","1","1","1","20075","20075","20075","1","1","1"
"723","20148","20148","20148","1","1","1","36892","36892","36892","0.8","0.8","0.8","20077","20077","20077","1","1","1"
"724","20150","20150","20150","1","1","1","36894","36894","36894","1","1","1","20079","20079","20079","1","1","1"
"725","20152","20152","20152","1","1","1","36896","36896","36896","1","1","1","20081","20081","20081","1","1","1"
"726","20154","20154","20154","1","1","1","36898","36898","36898","0.8","0.8","0.8","20083","20083","20083","1","1","1"
"727","20156","20156","20156","1","1","1","36900","36900","36900","1","1","1","20085","20085","20085","1","1","1"
"728","20158","20158","20158","1","1","1","36902","36902","36902","1","1","1","20087","20087","20087","1","1","1"
"729","20325","20325","20325","0.8","0.8","0.8","37219","37219","37219","0.8","0.8","0.8","20250","20250","20250","0.8","0.8","0.8"
"730","20327","20327","20327","1","1","1","37221","37221","37221","1","1","1","20252","20252","20252","1","1","1"
"731","20329","20329","20329","1","1","1","37223","37223","37223","0.8","0.8","0.8","20254","20254","20254","1","1","1"
"732","20331","20331","20331","0.8","0.8","0.8","37225","37225","37225","0.8","0.8","0.8","20256","20256","20256","1","1","1"
"733","20333","20333","20333","1","1","1","37227","37227","37227","1","1","1","20258","20258","20258","1","1","1"
"734","20335","20335","20335","1","1","1","37229","37229","37229","1","1","1","20260","20260","20260","1","1","1"
"735","20337","20337","20337","1","1","1","37231","37231","37231","0.8","0.8","0.8","20262","20262","20262","1","1","1"
"736","20339","20339","20339","1","1","1","37233","37233","37233","1","1","1","20264","20264","20264","1","1","1"
"737","20341","20341","20341","1","1","1","37235","37235","37235","1","1","1","20266","20266","20266","1","1","1"
"738","20499","20499","20499","0.8","0.8","0.8","37551","37551","37551","0.8","0.8","0.8","20424","20424","20424","0.8","0.8","0.8"
"739","20501","20501","20501","1","1","1","37553","37553","37553","1","1","1","20426","20426","20426","1","1","1"
"740","20503","20503","20503","1","1","1","37555","37555","37555","1","1","1","20428","20428","20428","1","1","1"
"741","20505","20505","20505","1","1","1","37557","37557","37557","0.8","0.8","0.8","20430","20430","20430","1","1","1"
"742","20507","20507","20507","1","1","1","37559","37559","37559","1","1","1","20432","20432","20432","1","1","1"
"743","20509","20509","20509","1","1","1","37561","37561","37561","1","1","1","20434","20434","20434","1","1","1"
"744","20511","20511","20511","1","1","1","37563","37563","37563","0.8","0.8","0.8","20436","20436","20436","1","1","1"
"745","20513","20513","20513","1","1","1","37565","37565","37565","1","1","1","20438","20438","20438","1","1","1"
"746","20515","20515","20515","1","1","1","37567","37567","37567","1","1","1","20440","20440","20440","1","1","1"
"747","20680","20680","20680","0.8","0.8","0.8","37884","37884","37884","0.8","0.8","0.8","20601","20601","20601","0.8","0.8","0.8"
"748","20682","20682","20682","1","1","1","37886","37886","37886","1","1","1","20603","20603","20603","1","1","1"
"749","20684","20684","20684","1","1","1","37888","37888","37888","1","1","1","20605","20605","20605","1","1","1"
"750","20686","20686","20686","1","1","1","37890","37890","37890","0.8","0.8","0.8","20607","20607","20607","1","1","1"
"751","20688","20688","20688","1","1","1","37892","37892","37892","1","1","1","20609","20609","20609","1","1","1"
"752","20690","20690","20690","1","1","1","37894","37894","37894","1","1","1","20611","20611","20611","1","1","1"
"753","20692","20692","20692","1","1","1","37896","37896","37896","0.8","0.8","0.8","20613","20613","20613","1","1","1"
"754","20694","20694","20694","1","1","1","37898","37898","37898","1","1","1","20615","20615","20615","1","1","1"
"755","20696","20696","20696","1","1","1","37900","37900","37900","1","1","1","20617","20617","20617","1","1","1"
"756","20854","20854","20854","0.8","0.8","0.8","38216","38216","38216","0.8","0.8","0.8","20777","20777","20777","0.8","0.8","0.8"
"757","20856","20856","20856","1","1","1","38218","38218","38218","1","1","1","20779","20779","20779","1","1","1"
"758","20858","20858","20858","1","1","1","38220","38220","38220","1","1","1","20781","20781","20781","1","1","1"
"759","20860","20860","20860","1","1","1","38222","38222","38222","0.8","0.8","0.8","20783","20783","20783","1","1","1"
"760","20862","20862","20862","1","1","1","38224","38224","38224","1","1","1","20785","20785","20785","1","1","1"
"761","20864","20864","20864","1","1","1","38226","38226","38226","1","1","1","20787","20787","20787","1","1","1"
"762","20866","20866","20866","1","1","1","38228","38228","38228","0.8","0.8","0.8","20789","20789","20789","1","1","1"
"763","20868","20868","20868","1","1","1","38230","38230","38230","1","1","1","20791","20791","20791","1","1","1"
"764","20870","20870","20870","1","1","1","38232","38232","38232","1","1","1","20793","20793","20793","1","1","1"
"765","21033","21033","21033","0.8","0.8","0.8","38548","38548","38548","0.8","0.8","0.8","20950","20950","20950","1","1","1"
"766","21035","21035","21035","1","1","1","38550","38550","38550","1","1","1","20952","20952","20952","1","1","1"
"767","21037","21037","21037","1","1","1","38552","38552","38552","1","1","1","20954","20954","20954","1","1","1"
"768","21039","21039","21039","1","1","1","38554","38554","38554","1","1","1","20956","20956","20956","1","1","1"
"769","21041","21041","21041","1","1","1","38556","38556","38556","1","1","1","20958","20958","20958","1","1","1"
"770","21043","21043","21043","1","1","1","38558","38558","38558","1","1","1","20960","20960","20960","1","1","1"
"771","21045","21045","21045","1","1","1","38560","38560","38560","0.8","0.8","0.8","20962","20962","20962","1","1","1"
"772","21047","21047","21047","1","1","1","38562","38562","38562","1","1","1","20964","20964","20964","1","1","1"
"773","21049","21049","21049","1","1","1","38564","38564","38564","1","1","1","20966","20966","20966","1","1","1"
"774","21205","21205","21205","0.8","0.8","0.8","38881","38881","38881","0.8","0.8","0.8","21131","21131","21131","1","1","1"
"775","21207","21207","21207","1","1","1","38883","38883","38883","1","1","1","21133","21133","21133","1","1","1"
"776","21209","21209","21209","1","1","1","38885","38885","38885","1","1","1","21135","21135","21135","1","1","1"
"777","21211","21211","21211","1","1","1","38887","38887","38887","1","1","1","21137","21137","21137","1","1","1"
"778","21213","21213","21213","1","1","1","38889","38889","38889","1","1","1","21139","21139","21139","1","1","1"
"779","21215","21215","21215","1","1","1","38891","38891","38891","1","1","1","21141","21141","21141","1","1","1"
"780","21217","21217","21217","1","1","1","38893","38893","38893","1","1","1","21143","21143","21143","1","1","1"
"781","21219","21219","21219","1","1","1","38895","38895","38895","1","1","1","21145","21145","21145","1","1","1"
"782","21221","21221","21221","1","1","1","38897","38897","38897","1","1","1","21147","21147","21147","1","1","1"
"783","21384","21384","21384","0.8","0.8","0.8","39213","39213","39213","0.8","0.8","0.8","21305","21305","21305","1","1","1"
"784","21386","21386","21386","1","1","1","39215","39215","39215","0.8","0.8","0.8","21307","21307","21307","1","1","1"
"785","21388","21388","21388","1","1","1","39217","39217","39217","0.8","0.8","0.8","21309","21309","21309","1","1","1"
"786","21390","21390","21390","1","1","1","39219","39219","39219","1","1","1","21311","21311","21311","1","1","1"
"787","21392","21392","21392","1","1","1","39221","39221","39221","1","1","1","21313","21313","21313","1","1","1"
"788","21394","21394","21394","1","1","1","39223","39223","39223","1","1","1","21315","21315","21315","1","1","1"
"789","21396","21396","21396","1","1","1","39225","39225","39225","1","1","1","21317","21317","21317","1","1","1"
"790","21398","21398","21398","1","1","1","39227","39227","39227","1","1","1","21319","21319","21319","1","1","1"
"791","21400","21400","21400","1","1","1","39229","39229","39229","1","1","1","21321","21321","21321","1","1","1"
"792","21560","21560","21560","0.8","0.8","0.8","39545","39545","39545","0.8","0.8","0.8","21480","21480","21480","1","1","1"
"793","21562","21562","21562","1","1","1","39547","39547","39547","1","1","1","21482","21482","21482","1","1","1"
"794","21564","21564","21564","0.8","0.8","0.8","39549","39549","39549","1","1","1","21484","21484","21484","1","1","1"
"795","21566","21566","21566","1","1","1","39551","39551","39551","0.8","0.8","0.8","21486","21486","21486","1","1","1"
"796","21568","21568","21568","1","1","1","39553","39553","39553","1","1","1","21488","21488","21488","1","1","1"
"797","21570","21570","21570","1","1","1","39555","39555","39555","1","1","1","21490","21490","21490","1","1","1"
"798","21572","21572","21572","1","1","1","39557","39557","39557","1","1","1","21492","21492","21492","1","1","1"
"799","21574","21574","21574","1","1","1","39559","39559","39559","1","1","1","21494","21494","21494","1","1","1"
"800","21576","21576","21576","1","1","1","39561","39561","39561","1","1","1","21496","21496","21496","1","1","1"
"801","21739","21739","21739","0.8","0.8","0.8","39878","39878","39878","0.8","0.8","0.8","21658","21658","21658","1","1","1"
"802","21741","21741","21741","1","1","1","39880","39880","39880","1","1","1","21660","21660","21660","1","1","1"
"803","21743","21743","21743","1","1","1","39882","39882","39882","0.8","0.8","0.8","21662","21662","21662","1","1","1"
"804","21745","21745","21745","0.8","0.8","0.8","39884","39884","39884","0.8","0.8","0.8","21664","21664","21664","1","1","1"
"805","21747","21747","21747","1","1","1","39886","39886","39886","1","1","1","21666","21666","21666","1","1","1"
"806","21749","21749","21749","1","1","1","39888","39888","39888","1","1","1","21668","21668","21668","1","1","1"
"807","21751","21751","21751","1","1","1","39890","39890","39890","0.8","0.8","0.8","21670","21670","21670","1","1","1"
"808","21753","21753","21753","1","1","1","39892","39892","39892","1","1","1","21672","21672","21672","1","1","1"
"809","21755","21755","21755","1","1","1","39894","39894","39894","1","1","1","21674","21674","21674","1","1","1"
"810","21917","21917","21917","0.8","0.8","0.8","40210","40210","40210","0.8","0.8","0.8","21837","21837","21837","1","1","1"
"811","21919","21919","21919","1","1","1","40212","40212","40212","1","1","1","21839","21839","21839","1","1","1"
"812","21921","21921","21921","1","1","1","40214","40214","40214","1","1","1","21841","21841","21841","1","1","1"
"813","21923","21923","21923","1","1","1","40216","40216","40216","1","1","1","21843","21843","21843","1","1","1"
"814","21925","21925","21925","1","1","1","40218","40218","40218","1","1","1","21845","21845","21845","1","1","1"
"815","21927","21927","21927","1","1","1","40220","40220","40220","1","1","1","21847","21847","21847","1","1","1"
"816","21929","21929","21929","1","1","1","40222","40222","40222","1","1","1","21849","21849","21849","1","1","1"
"817","21931","21931","21931","1","1","1","40224","40224","40224","1","1","1","21851","21851","21851","1","1","1"
"818","21933","21933","21933","1","1","1","40226","40226","40226","1","1","1","21853","21853","21853","1","1","1"
"819","22094","22094","22094","0.8","0.8","0.8","40543","40543","40543","0.8","0.8","0.8","22015","22015","22015","1","1","1"
"820","22096","22096","22096","1","1","1","40545","40545","40545","0.8","0.8","0.8","22017","22017","22017","1","1","1"
"821","22098","22098","22098","1","1","1","40547","40547","40547","1","1","1","22019","22019","22019","1","1","1"
"822","22100","22100","22100","1","1","1","40549","40549","40549","0.8","0.8","0.8","22021","22021","22021","1","1","1"
"823","22102","22102","22102","1","1","1","40551","40551","40551","1","1","1","22023","22023","22023","1","1","1"
"824","22104","22104","22104","1","1","1","40553","40553","40553","1","1","1","22025","22025","22025","0.8","0.8","0.8"
"825","22106","22106","22106","1","1","1","40555","40555","40555","0.8","0.8","0.8","22027","22027","22027","1","1","1"
"826","22108","22108","22108","1","1","1","40557","40557","40557","1","1","1","22029","22029","22029","1","1","1"
"827","22110","22110","22110","1","1","1","40559","40559","40559","1","1","1","22031","22031","22031","1","1","1"
"828","22272","22272","22272","0.8","0.8","0.8","40875","40875","40875","0.8","0.8","0.8","22189","22189","22189","0.8","0.8","0.8"
"829","22274","22274","22274","1","1","1","40877","40877","40877","0.8","0.8","0.8","22191","22191","22191","1","1","1"
"830","22276","22276","22276","1","1","1","40879","40879","40879","1","1","1","22193","22193","22193","1","1","1"
"831","22278","22278","22278","1","1","1","40881","40881","40881","1","1","1","22195","22195","22195","1","1","1"
"832","22280","22280","22280","1","1","1","40883","40883","40883","1","1","1","22197","22197","22197","1","1","1"
"833","22282","22282","22282","1","1","1","40885","40885","40885","1","1","1","22199","22199","22199","1","1","1"
"834","22284","22284","22284","1","1","1","40887","40887","40887","0.8","0.8","0.8","22201","22201","22201","1","1","1"
"835","22286","22286","22286","1","1","1","40889","40889","40889","1","1","1","22203","22203","22203","1","1","1"
"836","22288","22288","22288","1","1","1","40891","40891","40891","1","1","1","22205","22205","22205","1","1","1"
"837","22453","22453","22453","0.8","0.8","0.8","41207","41207","41207","0.8","0.8","0.8","22366","22366","22366","1","1","1"
"838","22455","22455","22455","1","1","1","41209","41209","41209","1","1","1","22368","22368","22368","1","1","1"
"839","22457","22457","22457","1","1","1","41211","41211","41211","1","1","1","22370","22370","22370","1","1","1"
"840","22459","22459","22459","1","1","1","41213","41213","41213","1","1","1","22372","22372","22372","1","1","1"
"841","22461","22461","22461","1","1","1","41215","41215","41215","1","1","1","22374","22374","22374","1","1","1"
"842","22463","22463","22463","1","1","1","41217","41217","41217","1","1","1","22376","22376","22376","1","1","1"
"843","22465","22465","22465","1","1","1","41219","41219","41219","1","1","1","22378","22378","22378","1","1","1"
"844","22467","22467","22467","1","1","1","41221","41221","41221","1","1","1","22380","22380","22380","1","1","1"
"845","22469","22469","22469","1","1","1","41223","41223","41223","1","1","1","22382","22382","22382","1","1","1"
"846","22629","22629","22629","0.8","0.8","0.8","41540","41540","41540","0.8","0.8","0.8","22541","22541","22541","1","1","1"
"847","22631","22631","22631","1","1","1","41542","41542","41542","0.8","0.8","0.8","22543","22543","22543","1","1","1"
"848","22633","22633","22633","1","1","1","41544","41544","41544","1","1","1","22545","22545","22545","1","1","1"
"849","22635","22635","22635","1","1","1","41546","41546","41546","1","1","1","22547","22547","22547","1","1","1"
"850","22637","22637","22637","1","1","1","41548","41548","41548","1","1","1","22549","22549","22549","1","1","1"
"851","22639","22639","22639","1","1","1","41550","41550","41550","1","1","1","22551","22551","22551","0.8","0.8","0.8"
"852","22641","22641","22641","1","1","1","41552","41552","41552","1","1","1","22553","22553","22553","1","1","1"
"853","22643","22643","22643","1","1","1","41554","41554","41554","1","1","1","22555","22555","22555","1","1","1"
"854","22645","22645","22645","1","1","1","41556","41556","41556","1","1","1","22557","22557","22557","1","1","1"
"855","22805","22805","22805","1","1","1","41872","41872","41872","0.8","0.8","0.8","22716","22716","22716","1","1","1"
"856","22807","22807","22807","1","1","1","41874","41874","41874","1","1","1","22718","22718","22718","1","1","1"
"857","22809","22809","22809","0.8","0.8","0.8","41876","41876","41876","1","1","1","22720","22720","22720","1","1","1"
"858","22811","22811","22811","1","1","1","41878","41878","41878","1","1","1","22722","22722","22722","1","1","1"
"859","22813","22813","22813","1","1","1","41880","41880","41880","1","1","1","22724","22724","22724","1","1","1"
"860","22815","22815","22815","1","1","1","41882","41882","41882","1","1","1","22726","22726","22726","1","1","1"
"861","22817","22817","22817","1","1","1","41884","41884","41884","1","1","1","22728","22728","22728","1","1","1"
"862","22819","22819","22819","1","1","1","41886","41886","41886","1","1","1","22730","22730","22730","1","1","1"
"863","22821","22821","22821","1","1","1","41888","41888","41888","1","1","1","22732","22732","22732","0.9","0.9","0.9"
"864","22984","22984","22984","1","1","1","42205","42205","42205","0.8","0.8","0.8","22890","22890","22890","0.8","0.8","0.8"
"865","22986","22986","22986","1","1","1","42207","42207","42207","1","1","1","22892","22892","22892","1","1","1"
"866","22988","22988","22988","1","1","1","42209","42209","42209","1","1","1","22894","22894","22894","1","1","1"
"867","22990","22990","22990","1","1","1","42211","42211","42211","1","1","1","22896","22896","22896","1","1","1"
"868","22992","22992","22992","1","1","1","42213","42213","42213","1","1","1","22898","22898","22898","1","1","1"
"869","22994","22994","22994","1","1","1","42215","42215","42215","1","1","1","22900","22900","22900","0.8","0.8","0.8"
"870","22996","22996","22996","1","1","1","42217","42217","42217","1","1","1","22902","22902","22902","1","1","1"
"871","22998","22998","22998","1","1","1","42219","42219","42219","1","1","1","22904","22904","22904","1","1","1"
"872","23000","23000","23000","1","1","1","42221","42221","42221","1","1","1","22906","22906","22906","1","1","1"
"873","23159","23159","23159","0.8","0.8","0.8","42537","42537","42537","0.8","0.8","0.8","23063","23063","23063","0.8","0.8","0.8"
"874","23161","23161","23161","1","1","1","42539","42539","42539","1","1","1","23065","23065","23065","1","1","1"
"875","23163","23163","23163","1","1","1","42541","42541","42541","1","1","1","23067","23067","23067","1","1","1"
"876","23165","23165","23165","1","1","1","42543","42543","42543","1","1","1","23069","23069","23069","1","1","1"
"877","23167","23167","23167","1","1","1","42545","42545","42545","1","1","1","23071","23071","23071","1","1","1"
"878","23169","23169","23169","1","1","1","42547","42547","42547","1","1","1","23073","23073","23073","1","1","1"
"879","23171","23171","23171","1","1","1","42549","42549","42549","1","1","1","23075","23075","23075","1","1","1"
"880","23173","23173","23173","1","1","1","42551","42551","42551","1","1","1","23077","23077","23077","1","1","1"
"881","23175","23175","23175","1","1","1","42553","42553","42553","1","1","1","23079","23079","23079","1","1","1"
"882","23336","23336","23336","0.8","0.8","0.8","42869","42869","42869","0.8","0.8","0.8","23239","23239","23239","1","1","1"
"883","23338","23338","23338","1","1","1","42871","42871","42871","0.8","0.8","0.8","23241","23241","23241","1","1","1"
"884","23340","23340","23340","1","1","1","42873","42873","42873","1","1","1","23243","23243","23243","1","1","1"
"885","23342","23342","23342","1","1","1","42875","42875","42875","1","1","1","23245","23245","23245","1","1","1"
"886","23344","23344","23344","1","1","1","42877","42877","42877","1","1","1","23247","23247","23247","1","1","1"
"887","23346","23346","23346","1","1","1","42879","42879","42879","1","1","1","23249","23249","23249","1","1","1"
"888","23348","23348","23348","1","1","1","42881","42881","42881","1","1","1","23251","23251","23251","1","1","1"
"889","23350","23350","23350","1","1","1","42883","42883","42883","1","1","1","23253","23253","23253","1","1","1"
"890","23352","23352","23352","1","1","1","42885","42885","42885","1","1","1","23255","23255","23255","0.8","0.8","0.8"
"891","23512","23512","23512","1","1","1","43202","43202","43202","0.8","0.8","0.8","23416","23416","23416","1","1","1"
"892","23514","23514","23514","1","1","1","43204","43204","43204","0.8","0.8","0.8","23418","23418","23418","1","1","1"
"893","23516","23516","23516","1","1","1","43206","43206","43206","1","1","1","23420","23420","23420","1","1","1"
"894","23518","23518","23518","1","1","1","43208","43208","43208","1","1","1","23422","23422","23422","1","1","1"
"895","23520","23520","23520","1","1","1","43210","43210","43210","1","1","1","23424","23424","23424","1","1","1"
"896","23522","23522","23522","1","1","1","43212","43212","43212","1","1","1","23426","23426","23426","1","1","1"
"897","23524","23524","23524","1","1","1","43214","43214","43214","1","1","1","23428","23428","23428","1","1","1"
"898","23526","23526","23526","1","1","1","43216","43216","43216","1","1","1","23430","23430","23430","1","1","1"
"899","23528","23528","23528","1","1","1","43218","43218","43218","1","1","1","23432","23432","23432","1","1","1"
"900","23686","23686","23686","1","1","1","43534","43534","43534","0.8","0.8","0.8","23593","23593","23593","1","1","1"
"901","23688","23688","23688","1","1","1","43536","43536","43536","1","1","1","23595","23595","23595","1","1","1"
"902","23690","23690","23690","1","1","1","43538","43538","43538","0.8","0.8","0.8","23597","23597","23597","1","1","1"
"903","23692","23692","23692","1","1","1","43540","43540","43540","1","1","1","23599","23599","23599","1","1","1"
"904","23694","23694","23694","1","1","1","43542","43542","43542","1","1","1","23601","23601","23601","1","1","1"
"905","23696","23696","23696","1","1","1","43544","43544","43544","1","1","1","23603","23603","23603","1","1","1"
"906","23698","23698","23698","1","1","1","43546","43546","43546","1","1","1","23605","23605","23605","1","1","1"
"907","23700","23700","23700","1","1","1","43548","43548","43548","1","1","1","23607","23607","23607","1","1","1"
"908","23702","23702","23702","1","1","1","43550","43550","43550","1","1","1","23609","23609","23609","1","1","1"
"909","23865","23865","23865","1","1","1","43867","43867","43867","0.8","0.8","0.8","23767","23767","23767","1","1","1"
"910","23867","23867","23867","1","1","1","43869","43869","43869","1","1","1","23769","23769","23769","1","1","1"
"911","23869","23869","23869","1","1","1","43871","43871","43871","0.8","0.8","0.8","23771","23771","23771","1","1","1"
"912","23871","23871","23871","1","1","1","43873","43873","43873","1","1","1","23773","23773","23773","1","1","1"
"913","23873","23873","23873","1","1","1","43875","43875","43875","1","1","1","23775","23775","23775","1","1","1"
"914","23875","23875","23875","1","1","1","43877","43877","43877","1","1","1","23777","23777","23777","1","1","1"
"915","23877","23877","23877","1","1","1","43879","43879","43879","1","1","1","23779","23779","23779","1","1","1"
"916","23879","23879","23879","1","1","1","43881","43881","43881","1","1","1","23781","23781","23781","1","1","1"
"917","23881","23881","23881","1","1","1","43883","43883","43883","1","1","1","23783","23783","23783","1","1","1"
"918","24049","24049","24049","1","1","1","44199","44199","44199","0.8","0.8","0.8","23942","23942","23942","1","1","1"
"919","24051","24051","24051","1","1","1","44201","44201","44201","1","1","1","23944","23944","23944","1","1","1"
"920","24053","24053","24053","1","1","1","44203","44203","44203","1","1","1","23946","23946","23946","1","1","1"
"921","24055","24055","24055","0.8","0.8","0.8","44205","44205","44205","1","1","1","23948","23948","23948","1","1","1"
"922","24057","24057","24057","1","1","1","44207","44207","44207","1","1","1","23950","23950","23950","1","1","1"
"923","24059","24059","24059","1","1","1","44209","44209","44209","1","1","1","23952","23952","23952","1","1","1"
"924","24061","24061","24061","1","1","1","44211","44211","44211","1","1","1","23954","23954","23954","1","1","1"
"925","24063","24063","24063","1","1","1","44213","44213","44213","1","1","1","23956","23956","23956","1","1","1"
"926","24065","24065","24065","1","1","1","44215","44215","44215","1","1","1","23958","23958","23958","1","1","1"
"927","24227","24227","24227","0.8","0.8","0.8","44531","44531","44531","0.8","0.8","0.8","24122","24122","24122","1","1","1"
"928","24229","24229","24229","1","1","1","44533","44533","44533","0.8","0.8","0.8","24124","24124","24124","1","1","1"
"929","24231","24231","24231","0.8","0.8","0.8","44535","44535","44535","0.8","0.8","0.8","24126","24126","24126","1","1","1"
"930","24233","24233","24233","1","1","1","44537","44537","44537","1","1","1","24128","24128","24128","1","1","1"
"931","24235","24235","24235","1","1","1","44539","44539","44539","1","1","1","24130","24130","24130","1","1","1"
"932","24237","24237","24237","1","1","1","44541","44541","44541","1","1","1","24132","24132","24132","1","1","1"
"933","24239","24239","24239","1","1","1","44543","44543","44543","1","1","1","24134","24134","24134","1","1","1"
"934","24241","24241","24241","1","1","1","44545","44545","44545","1","1","1","24136","24136","24136","1","1","1"
"935","24243","24243","24243","1","1","1","44547","44547","44547","1","1","1","24138","24138","24138","1","1","1"
"936","24406","24406","24406","1","1","1","44864","44864","44864","0.8","0.8","0.8","24295","24295","24295","1","1","1"
"937","24408","24408","24408","1","1","1","44866","44866","44866","0.8","0.8","0.8","24297","24297","24297","1","1","1"
"938","24410","24410","24410","1","1","1","44868","44868","44868","1","1","1","24299","24299","24299","1","1","1"
"939","24412","24412","24412","1","1","1","44870","44870","44870","0.8","0.8","0.8","24301","24301","24301","1","1","1"
"940","24414","24414","24414","1","1","1","44872","44872","44872","1","1","1","24303","24303","24303","1","1","1"
"941","24416","24416","24416","1","1","1","44874","44874","44874","1","1","1","24305","24305","24305","1","1","1"
"942","24418","24418","24418","1","1","1","44876","44876","44876","0.8","0.8","0.8","24307","24307","24307","1","1","1"
"943","24420","24420","24420","1","1","1","44878","44878","44878","1","1","1","24309","24309","24309","1","1","1"
"944","24422","24422","24422","1","1","1","44880","44880","44880","1","1","1","24311","24311","24311","1","1","1"
"945","24587","24587","24587","0.8","0.8","0.8","45196","45196","45196","0.8","0.8","0.8","24471","24471","24471","1","1","1"
"946","24589","24589","24589","1","1","1","45198","45198","45198","0.8","0.8","0.8","24473","24473","24473","1","1","1"
"947","24591","24591","24591","1","1","1","45200","45200","45200","0.8","0.8","0.8","24475","24475","24475","1","1","1"
"948","24593","24593","24593","1","1","1","45202","45202","45202","1","1","1","24477","24477","24477","1","1","1"
"949","24595","24595","24595","1","1","1","45204","45204","45204","1","1","1","24479","24479","24479","1","1","1"
"950","24597","24597","24597","1","1","1","45206","45206","45206","1","1","1","24481","24481","24481","0.8","0.8","0.8"
"951","24599","24599","24599","1","1","1","45208","45208","45208","0.8","0.8","0.8","24483","24483","24483","1","1","1"
"952","24601","24601","24601","1","1","1","45210","45210","45210","1","1","1","24485","24485","24485","1","1","1"
"953","24603","24603","24603","1","1","1","45212","45212","45212","1","1","1","24487","24487","24487","1","1","1"
"954","24762","24762","24762","1","1","1","45528","45528","45528","0.8","0.8","0.8","24647","24647","24647","0.8","0.8","0.8"
"955","24764","24764","24764","1","1","1","45530","45530","45530","1","1","1","24649","24649","24649","1","1","1"
"956","24766","24766","24766","1","1","1","45532","45532","45532","0.8","0.8","0.8","24651","24651","24651","1","1","1"
"957","24768","24768","24768","1","1","1","45534","45534","45534","1","1","1","24653","24653","24653","1","1","1"
"958","24770","24770","24770","1","1","1","45536","45536","45536","1","1","1","24655","24655","24655","1","1","1"
"959","24772","24772","24772","1","1","1","45538","45538","45538","1","1","1","24657","24657","24657","1","1","1"
"960","24774","24774","24774","1","1","1","45540","45540","45540","0.8","0.8","0.8","24659","24659","24659","1","1","1"
"961","24776","24776","24776","1","1","1","45542","45542","45542","1","1","1","24661","24661","24661","1","1","1"
"962","24778","24778","24778","1","1","1","45544","45544","45544","1","1","1","24663","24663","24663","1","1","1"
"963","24937","24937","24937","1","1","1","45861","45861","45861","0.8","0.8","0.8","24820","24820","24820","1","1","1"
"964","24939","24939","24939","1","1","1","45863","45863","45863","1","1","1","24822","24822","24822","1","1","1"
"965","24941","24941","24941","1","1","1","45865","45865","45865","0.8","0.8","0.8","24824","24824","24824","1","1","1"
"966","24943","24943","24943","1","1","1","45867","45867","45867","1","1","1","24826","24826","24826","1","1","1"
"967","24945","24945","24945","1","1","1","45869","45869","45869","1","1","1","24828","24828","24828","1","1","1"
"968","24947","24947","24947","1","1","1","45871","45871","45871","1","1","1","24830","24830","24830","1","1","1"
"969","24949","24949","24949","1","1","1","45873","45873","45873","1","1","1","24832","24832","24832","1","1","1"
"970","24951","24951","24951","1","1","1","45875","45875","45875","1","1","1","24834","24834","24834","1","1","1"
"971","24953","24953","24953","1","1","1","45877","45877","45877","1","1","1","24836","24836","24836","1","1","1"
"972","25111","25111","25111","0.8","0.8","0.8","46193","46193","46193","0.8","0.8","0.8","24995","24995","24995","1","1","1"
"973","25113","25113","25113","1","1","1","46195","46195","46195","0.8","0.8","0.8","24997","24997","24997","1","1","1"
"974","25115","25115","25115","1","1","1","46197","46197","46197","0.8","0.8","0.8","24999","24999","24999","1","1","1"
"975","25117","25117","25117","1","1","1","46199","46199","46199","1","1","1","25001","25001","25001","1","1","1"
"976","25119","25119","25119","1","1","1","46201","46201","46201","1","1","1","25003","25003","25003","1","1","1"
"977","25121","25121","25121","1","1","1","46203","46203","46203","1","1","1","25005","25005","25005","1","1","1"
"978","25123","25123","25123","1","1","1","46205","46205","46205","1","1","1","25007","25007","25007","1","1","1"
"979","25125","25125","25125","1","1","1","46207","46207","46207","1","1","1","25009","25009","25009","1","1","1"
"980","25127","25127","25127","1","1","1","46209","46209","46209","1","1","1","25011","25011","25011","1","1","1"
"981","25289","25289","25289","0.8","0.8","0.8","46526","46526","46526","0.8","0.8","0.8","25170","25170","25170","0.8","0.8","0.8"
"982","25291","25291","25291","1","1","1","46528","46528","46528","1","1","1","25172","25172","25172","1","1","1"
"983","25293","25293","25293","1","1","1","46530","46530","46530","1","1","1","25174","25174","25174","1","1","1"
"984","25295","25295","25295","0.8","0.8","0.8","46532","46532","46532","1","1","1","25176","25176","25176","1","1","1"
"985","25297","25297","25297","1","1","1","46534","46534","46534","1","1","1","25178","25178","25178","1","1","1"
"986","25299","25299","25299","1","1","1","46536","46536","46536","1","1","1","25180","25180","25180","1","1","1"
"987","25301","25301","25301","1","1","1","46538","46538","46538","1","1","1","25182","25182","25182","1","1","1"
"988","25303","25303","25303","1","1","1","46540","46540","46540","1","1","1","25184","25184","25184","1","1","1"
"989","25305","25305","25305","1","1","1","46542","46542","46542","1","1","1","25186","25186","25186","1","1","1"
"990","25472","25472","25472","0.8","0.8","0.8","46858","46858","46858","0.8","0.8","0.8","25345","25345","25345","0.8","0.8","0.8"
"991","25474","25474","25474","1","1","1","46860","46860","46860","1","1","1","25347","25347","25347","1","1","1"
"992","25476","25476","25476","0.8","0.8","0.8","46862","46862","46862","0.8","0.8","0.8","25349","25349","25349","1","1","1"
"993","25478","25478","25478","1","1","1","46864","46864","46864","1","1","1","25351","25351","25351","1","1","1"
"994","25480","25480","25480","0.8","0.8","0.8","46866","46866","46866","1","1","1","25353","25353","25353","1","1","1"
"995","25482","25482","25482","1","1","1","46868","46868","46868","1","1","1","25355","25355","25355","1","1","1"
"996","25484","25484","25484","1","1","1","46870","46870","46870","1","1","1","25357","25357","25357","1","1","1"
"997","25486","25486","25486","1","1","1","46872","46872","46872","1","1","1","25359","25359","25359","1","1","1"
"998","25488","25488","25488","1","1","1","46874","46874","46874","1","1","1","25361","25361","25361","1","1","1"
"999","25654","25654","25654","0.8","0.8","0.8","47190","47190","47190","0.8","0.8","0.8","25517","25517","25517","1","1","1"
"1000","25656","25656","25656","1","1","1","47192","47192","47192","1","1","1","25519","25519","25519","0.8","0.8","0.8"
"1001","25658","25658","25658","1","1","1","47194","47194","47194","1","1","1","25521","25521","25521","1","1","1"
"1002","25660","25660","25660","1","1","1","47196","47196","47196","1","1","1","25523","25523","25523","1","1","1"
"1003","25662","25662","25662","1","1","1","47198","47198","47198","1","1","1","25525","25525","25525","1","1","1"
"1004","25664","25664","25664","1","1","1","47200","47200","47200","1","1","1","25527","25527","25527","1","1","1"
"1005","25666","25666","25666","1","1","1","47202","47202","47202","1","1","1","25529","25529","25529","1","1","1"
"1006","25668","25668","25668","1","1","1","47204","47204","47204","1","1","1","25531","25531","25531","1","1","1"
"1007","25670","25670","25670","1","1","1","47206","47206","47206","1","1","1","25533","25533","25533","1","1","1"
"1008","25830","25830","25830","0.8","0.8","0.8","47523","47523","47523","0.8","0.8","0.8","25692","25692","25692","1","1","1"
"1009","25832","25832","25832","1","1","1","47525","47525","47525","1","1","1","25694","25694","25694","1","1","1"
"1010","25834","25834","25834","1","1","1","47527","47527","47527","1","1","1","25696","25696","25696","1","1","1"
"1011","25836","25836","25836","1","1","1","47529","47529","47529","1","1","1","25698","25698","25698","1","1","1"
"1012","25838","25838","25838","1","1","1","47531","47531","47531","1","1","1","25700","25700","25700","1","1","1"
"1013","25840","25840","25840","1","1","1","47533","47533","47533","1","1","1","25702","25702","25702","1","1","1"
"1014","25842","25842","25842","1","1","1","47535","47535","47535","1","1","1","25704","25704","25704","1","1","1"
"1015","25844","25844","25844","1","1","1","47537","47537","47537","1","1","1","25706","25706","25706","1","1","1"
"1016","25846","25846","25846","1","1","1","47539","47539","47539","1","1","1","25708","25708","25708","1","1","1"
"1017","26007","26007","26007","0.8","0.8","0.8","47855","47855","47855","0.8","0.8","0.8","25865","25865","25865","0.8","0.8","0.8"
"1018","26009","26009","26009","1","1","1","47857","47857","47857","1","1","1","25867","25867","25867","1","1","1"
"1019","26011","26011","26011","1","1","1","47859","47859","47859","1","1","1","25869","25869","25869","1","1","1"
"1020","26013","26013","26013","1","1","1","47861","47861","47861","1","1","1","25871","25871","25871","1","1","1"
"1021","26015","26015","26015","1","1","1","47863","47863","47863","1","1","1","25873","25873","25873","1","1","1"
"1022","26017","26017","26017","1","1","1","47865","47865","47865","1","1","1","25875","25875","25875","1","1","1"
"1023","26019","26019","26019","1","1","1","47867","47867","47867","1","1","1","25877","25877","25877","1","1","1"
"1024","26021","26021","26021","1","1","1","47869","47869","47869","1","1","1","25879","25879","25879","1","1","1"
"1025","26023","26023","26023","1","1","1","47871","47871","47871","1","1","1","25881","25881","25881","1","1","1"
"1026","26183","26183","26183","0.8","0.8","0.8","48187","48187","48187","0.8","0.8","0.8","26044","26044","26044","1","1","1"
"1027","26185","26185","26185","1","1","1","48189","48189","48189","0.8","0.8","0.8","26046","26046","26046","1","1","1"
"1028","26187","26187","26187","1","1","1","48191","48191","48191","0.8","0.8","0.8","26048","26048","26048","1","1","1"
"1029","26189","26189","26189","1","1","1","48193","48193","48193","1","1","1","26050","26050","26050","1","1","1"
"1030","26191","26191","26191","1","1","1","48195","48195","48195","1","1","1","26052","26052","26052","1","1","1"
"1031","26193","26193","26193","1","1","1","48197","48197","48197","1","1","1","26054","26054","26054","1","1","1"
"1032","26195","26195","26195","1","1","1","48199","48199","48199","1","1","1","26056","26056","26056","1","1","1"
"1033","26197","26197","26197","1","1","1","48201","48201","48201","1","1","1","26058","26058","26058","1","1","1"
"1034","26199","26199","26199","1","1","1","48203","48203","48203","1","1","1","26060","26060","26060","1","1","1"
"1035","26360","26360","26360","0.8","0.8","0.8","48520","48520","48520","0.8","0.8","0.8","26219","26219","26219","1","1","1"
"1036","26362","26362","26362","1","1","1","48522","48522","48522","1","1","1","26221","26221","26221","1","1","1"
"1037","26364","26364","26364","1","1","1","48524","48524","48524","0.8","0.8","0.8","26223","26223","26223","1","1","1"
"1038","26366","26366","26366","1","1","1","48526","48526","48526","1","1","1","26225","26225","26225","0.8","0.8","0.8"
"1039","26368","26368","26368","1","1","1","48528","48528","48528","1","1","1","26227","26227","26227","0.8","0.8","0.8"
"1040","26370","26370","26370","1","1","1","48530","48530","48530","1","1","1","26229","26229","26229","1","1","1"
"1041","26372","26372","26372","1","1","1","48532","48532","48532","1","1","1","26231","26231","26231","1","1","1"
"1042","26374","26374","26374","1","1","1","48534","48534","48534","1","1","1","26233","26233","26233","1","1","1"
"1043","26376","26376","26376","1","1","1","48536","48536","48536","1","1","1","26235","26235","26235","1","1","1"
"1044","26538","26538","26538","0.8","0.8","0.8","48852","48852","48852","0.8","0.8","0.8","26396","26396","26396","1","1","1"
"1045","26540","26540","26540","1","1","1","48854","48854","48854","1","1","1","26398","26398","26398","1","1","1"
"1046","26542","26542","26542","1","1","1","48856","48856","48856","1","1","1","26400","26400","26400","1","1","1"
"1047","26544","26544","26544","1","1","1","48858","48858","48858","1","1","1","26402","26402","26402","1","1","1"
"1048","26546","26546","26546","1","1","1","48860","48860","48860","1","1","1","26404","26404","26404","1","1","1"
"1049","26548","26548","26548","1","1","1","48862","48862","48862","1","1","1","26406","26406","26406","1","1","1"
"1050","26550","26550","26550","1","1","1","48864","48864","48864","1","1","1","26408","26408","26408","1","1","1"
"1051","26552","26552","26552","1","1","1","48866","48866","48866","1","1","1","26410","26410","26410","1","1","1"
"1052","26554","26554","26554","1","1","1","48868","48868","48868","1","1","1","26412","26412","26412","1","1","1"
"1053","26719","26719","26719","0.8","0.8","0.8","49185","49185","49185","0.8","0.8","0.8","26575","26575","26575","1","1","1"
"1054","26721","26721","26721","1","1","1","49187","49187","49187","0.8","0.8","0.8","26577","26577","26577","1","1","1"
"1055","26723","26723","26723","1","1","1","49189","49189","49189","0.8","0.8","0.8","26579","26579","26579","1","1","1"
"1056","26725","26725","26725","1","1","1","49191","49191","49191","0.8","0.8","0.8","26581","26581","26581","1","1","1"
"1057","26727","26727","26727","1","1","1","49193","49193","49193","1","1","1","26583","26583","26583","1","1","1"
"1058","26729","26729","26729","1","1","1","49195","49195","49195","1","1","1","26585","26585","26585","1","1","1"
"1059","26731","26731","26731","1","1","1","49197","49197","49197","0.8","0.8","0.8","26587","26587","26587","1","1","1"
"1060","26733","26733","26733","1","1","1","49199","49199","49199","1","1","1","26589","26589","26589","1","1","1"
"1061","26735","26735","26735","1","1","1","49201","49201","49201","1","1","1","26591","26591","26591","1","1","1"
"1062","26899","26899","26899","0.8","0.8","0.8","49517","49517","49517","0.8","0.8","0.8","26753","26753","26753","0.8","0.8","0.8"
"1063","26901","26901","26901","1","1","1","49519","49519","49519","0.8","0.8","0.8","26755","26755","26755","1","1","1"
"1064","26903","26903","26903","1","1","1","49521","49521","49521","1","1","1","26757","26757","26757","1","1","1"
"1065","26905","26905","26905","1","1","1","49523","49523","49523","1","1","1","26759","26759","26759","1","1","1"
"1066","26907","26907","26907","1","1","1","49525","49525","49525","1","1","1","26761","26761","26761","1","1","1"
"1067","26909","26909","26909","1","1","1","49527","49527","49527","1","1","1","26763","26763","26763","0.8","0.8","0.8"
"1068","26911","26911","26911","1","1","1","49529","49529","49529","0.8","0.8","0.8","26765","26765","26765","1","1","1"
"1069","26913","26913","26913","1","1","1","49531","49531","49531","1","1","1","26767","26767","26767","1","1","1"
"1070","26915","26915","26915","1","1","1","49533","49533","49533","1","1","1","26769","26769","26769","1","1","1"
"1071","27080","27080","27080","0.8","0.8","0.8","49849","49849","49849","0.8","0.8","0.8","26925","26925","26925","1","1","1"
"1072","27082","27082","27082","1","1","1","49851","49851","49851","0.8","0.8","0.8","26927","26927","26927","1","1","1"
"1073","27084","27084","27084","1","1","1","49853","49853","49853","1","1","1","26929","26929","26929","1","1","1"
"1074","27086","27086","27086","1","1","1","49855","49855","49855","1","1","1","26931","26931","26931","1","1","1"
"1075","27088","27088","27088","1","1","1","49857","49857","49857","1","1","1","26933","26933","26933","1","1","1"
"1076","27090","27090","27090","1","1","1","49859","49859","49859","1","1","1","26935","26935","26935","1","1","1"
"1077","27092","27092","27092","1","1","1","49861","49861","49861","1","1","1","26937","26937","26937","1","1","1"
"1078","27094","27094","27094","1","1","1","49863","49863","49863","1","1","1","26939","26939","26939","1","1","1"
"1079","27096","27096","27096","1","1","1","49865","49865","49865","1","1","1","26941","26941","26941","1","1","1"
"1080","27258","27258","27258","1","1","1","50182","50182","50182","0.8","0.8","0.8","27099","27099","27099","1","1","1"
"1081","27260","27260","27260","1","1","1","50184","50184","50184","0.8","0.8","0.8","27101","27101","27101","1","1","1"
"1082","27262","27262","27262","1","1","1","50186","50186","50186","0.8","0.8","0.8","27103","27103","27103","1","1","1"
"1083","27264","27264","27264","1","1","1","50188","50188","50188","1","1","1","27105","27105","27105","1","1","1"
"1084","27266","27266","27266","1","1","1","50190","50190","50190","1","1","1","27107","27107","27107","1","1","1"
"1085","27268","27268","27268","1","1","1","50192","50192","50192","1","1","1","27109","27109","27109","1","1","1"
"1086","27270","27270","27270","1","1","1","50194","50194","50194","0.8","0.8","0.8","27111","27111","27111","1","1","1"
"1087","27272","27272","27272","1","1","1","50196","50196","50196","1","1","1","27113","27113","27113","1","1","1"
"1088","27274","27274","27274","1","1","1","50198","50198","50198","1","1","1","27115","27115","27115","1","1","1"
"1089","27434","27434","27434","0.8","0.8","0.8","50514","50514","50514","0.8","0.8","0.8","27274","27274","27274","1","1","1"
"1090","27436","27436","27436","1","1","1","50516","50516","50516","0.8","0.8","0.8","27276","27276","27276","1","1","1"
"1091","27438","27438","27438","1","1","1","50518","50518","50518","0.8","0.8","0.8","27278","27278","27278","1","1","1"
"1092","27440","27440","27440","1","1","1","50520","50520","50520","1","1","1","27280","27280","27280","1","1","1"
"1093","27442","27442","27442","1","1","1","50522","50522","50522","1","1","1","27282","27282","27282","1","1","1"
"1094","27444","27444","27444","1","1","1","50524","50524","50524","1","1","1","27284","27284","27284","1","1","1"
"1095","27446","27446","27446","1","1","1","50526","50526","50526","1","1","1","27286","27286","27286","1","1","1"
"1096","27448","27448","27448","1","1","1","50528","50528","50528","1","1","1","27288","27288","27288","1","1","1"
"1097","27450","27450","27450","1","1","1","50530","50530","50530","0.8","0.8","0.8","27290","27290","27290","1","1","1"
"1098","27612","27612","27612","0.8","0.8","0.8","50847","50847","50847","0.8","0.8","0.8","27452","27452","27452","0.8","0.8","0.8"
"1099","27614","27614","27614","1","1","1","50849","50849","50849","1","1","1","27454","27454","27454","1","1","1"
"1100","27616","27616","27616","1","1","1","50851","50851","50851","0.8","0.8","0.8","27456","27456","27456","1","1","1"
"1101","27618","27618","27618","1","1","1","50853","50853","50853","1","1","1","27458","27458","27458","1","1","1"
"1102","27620","27620","27620","1","1","1","50855","50855","50855","1","1","1","27460","27460","27460","1","1","1"
"1103","27622","27622","27622","1","1","1","50857","50857","50857","1","1","1","27462","27462","27462","1","1","1"
"1104","27624","27624","27624","1","1","1","50859","50859","50859","1","1","1","27464","27464","27464","1","1","1"
"1105","27626","27626","27626","1","1","1","50861","50861","50861","1","1","1","27466","27466","27466","1","1","1"
"1106","27628","27628","27628","1","1","1","50863","50863","50863","1","1","1","27468","27468","27468","1","1","1"
"1107","27786","27786","27786","1","1","1","51179","51179","51179","0.8","0.8","0.8","27626","27626","27626","0.8","0.8","0.8"
"1108","27788","27788","27788","1","1","1","51181","51181","51181","0.8","0.8","0.8","27628","27628","27628","1","1","1"
"1109","27790","27790","27790","1","1","1","51183","51183","51183","1","1","1","27630","27630","27630","1","1","1"
"1110","27792","27792","27792","1","1","1","51185","51185","51185","1","1","1","27632","27632","27632","1","1","1"
"1111","27794","27794","27794","1","1","1","51187","51187","51187","1","1","1","27634","27634","27634","1","1","1"
"1112","27796","27796","27796","1","1","1","51189","51189","51189","1","1","1","27636","27636","27636","1","1","1"
"1113","27798","27798","27798","1","1","1","51191","51191","51191","0.8","0.8","0.8","27638","27638","27638","1","1","1"
"1114","27800","27800","27800","1","1","1","51193","51193","51193","1","1","1","27640","27640","27640","1","1","1"
"1115","27802","27802","27802","1","1","1","51195","51195","51195","1","1","1","27642","27642","27642","1","1","1"
"1116","27962","27962","27962","0.8","0.8","0.8","51511","51511","51511","0.8","0.8","0.8","27803","27803","27803","1","1","1"
"1117","27964","27964","27964","1","1","1","51513","51513","51513","1","1","1","27805","27805","27805","1","1","1"
"1118","27966","27966","27966","1","1","1","51515","51515","51515","0.8","0.8","0.8","27807","27807","27807","1","1","1"
"1119","27968","27968","27968","1","1","1","51517","51517","51517","1","1","1","27809","27809","27809","1","1","1"
"1120","27970","27970","27970","1","1","1","51519","51519","51519","1","1","1","27811","27811","27811","1","1","1"
"1121","27972","27972","27972","1","1","1","51521","51521","51521","1","1","1","27813","27813","27813","1","1","1"
"1122","27974","27974","27974","1","1","1","51523","51523","51523","0.8","0.8","0.8","27815","27815","27815","1","1","1"
"1123","27976","27976","27976","1","1","1","51525","51525","51525","1","1","1","27817","27817","27817","1","1","1"
"1124","27978","27978","27978","1","1","1","51527","51527","51527","1","1","1","27819","27819","27819","1","1","1"
"1125","28144","28144","28144","1","1","1","51844","51844","51844","0.8","0.8","0.8","27978","27978","27978","1","1","1"
"1126","28146","28146","28146","1","1","1","51846","51846","51846","0.8","0.8","0.8","27980","27980","27980","1","1","1"
"1127","28148","28148","28148","1","1","1","51848","51848","51848","0.8","0.8","0.8","27982","27982","27982","1","1","1"
"1128","28150","28150","28150","1","1","1","51850","51850","51850","1","1","1","27984","27984","27984","1","1","1"
"1129","28152","28152","28152","1","1","1","51852","51852","51852","1","1","1","27986","27986","27986","1","1","1"
"1130","28154","28154","28154","1","1","1","51854","51854","51854","1","1","1","27988","27988","27988","1","1","1"
"1131","28156","28156","28156","1","1","1","51856","51856","51856","0.8","0.8","0.8","27990","27990","27990","1","1","1"
"1132","28158","28158","28158","1","1","1","51858","51858","51858","1","1","1","27992","27992","27992","1","1","1"
"1133","28160","28160","28160","1","1","1","51860","51860","51860","1","1","1","27994","27994","27994","1","1","1"
"1134","28322","28322","28322","0.8","0.8","0.8","52176","52176","52176","0.8","0.8","0.8","28152","28152","28152","1","1","1"
"1135","28324","28324","28324","1","1","1","52178","52178","52178","1","1","1","28154","28154","28154","1","1","1"
"1136","28326","28326","28326","1","1","1","52180","52180","52180","0.8","0.8","0.8","28156","28156","28156","1","1","1"
"1137","28328","28328","28328","1","1","1","52182","52182","52182","1","1","1","28158","28158","28158","1","1","1"
"1138","28330","28330","28330","1","1","1","52184","52184","52184","1","1","1","28160","28160","28160","1","1","1"
"1139","28332","28332","28332","1","1","1","52186","52186","52186","1","1","1","28162","28162","28162","1","1","1"
"1140","28334","28334","28334","1","1","1","52188","52188","52188","1","1","1","28164","28164","28164","1","1","1"
"1141","28336","28336","28336","1","1","1","52190","52190","52190","1","1","1","28166","28166","28166","1","1","1"
"1142","28338","28338","28338","1","1","1","52192","52192","52192","1","1","1","28168","28168","28168","1","1","1"
"1143","28500","28500","28500","0.8","0.8","0.8","52508","52508","52508","0.8","0.8","0.8","28325","28325","28325","1","1","1"
"1144","28502","28502","28502","1","1","1","52510","52510","52510","0.8","0.8","0.8","28327","28327","28327","1","1","1"
"1145","28504","28504","28504","1","1","1","52512","52512","52512","0.8","0.8","0.8","28329","28329","28329","1","1","1"
"1146","28506","28506","28506","1","1","1","52514","52514","52514","1","1","1","28331","28331","28331","1","1","1"
"1147","28508","28508","28508","1","1","1","52516","52516","52516","1","1","1","28333","28333","28333","1","1","1"
"1148","28510","28510","28510","1","1","1","52518","52518","52518","1","1","1","28335","28335","28335","1","1","1"
"1149","28512","28512","28512","1","1","1","52520","52520","52520","1","1","1","28337","28337","28337","1","1","1"
"1150","28514","28514","28514","1","1","1","52522","52522","52522","1","1","1","28339","28339","28339","1","1","1"
"1151","28516","28516","28516","1","1","1","52524","52524","52524","1","1","1","28341","28341","28341","1","1","1"
"1152","28675","28675","28675","0.8","0.8","0.8","52841","52841","52841","0.8","0.8","0.8","28500","28500","28500","1","1","1"
"1153","28677","28677","28677","1","1","1","52843","52843","52843","0.8","0.8","0.8","28502","28502","28502","1","1","1"
"1154","28679","28679","28679","1","1","1","52845","52845","52845","0.8","0.8","0.8","28504","28504","28504","1","1","1"
"1155","28681","28681","28681","1","1","1","52847","52847","52847","0.8","0.8","0.8","28506","28506","28506","1","1","1"
"1156","28683","28683","28683","1","1","1","52849","52849","52849","1","1","1","28508","28508","28508","1","1","1"
"1157","28685","28685","28685","1","1","1","52851","52851","52851","1","1","1","28510","28510","28510","1","1","1"
"1158","28687","28687","28687","1","1","1","52853","52853","52853","1","1","1","28512","28512","28512","1","1","1"
"1159","28689","28689","28689","1","1","1","52855","52855","52855","1","1","1","28514","28514","28514","1","1","1"
"1160","28691","28691","28691","1","1","1","52857","52857","52857","1","1","1","28516","28516","28516","1","1","1"
"1161","28851","28851","28851","0.8","0.8","0.8","53173","53173","53173","0.8","0.8","0.8","28676","28676","28676","1","1","1"
"1162","28853","28853","28853","1","1","1","53175","53175","53175","0.8","0.8","0.8","28678","28678","28678","1","1","1"
"1163","28855","28855","28855","1","1","1","53177","53177","53177","0.8","0.8","0.8","28680","28680","28680","1","1","1"
"1164","28857","28857","28857","1","1","1","53179","53179","53179","1","1","1","28682","28682","28682","1","1","1"
"1165","28859","28859","28859","1","1","1","53181","53181","53181","1","1","1","28684","28684","28684","1","1","1"
"1166","28861","28861","28861","1","1","1","53183","53183","53183","1","1","1","28686","28686","28686","1","1","1"
"1167","28863","28863","28863","1","1","1","53185","53185","53185","1","1","1","28688","28688","28688","1","1","1"
"1168","28865","28865","28865","1","1","1","53187","53187","53187","1","1","1","28690","28690","28690","1","1","1"
"1169","28867","28867","28867","1","1","1","53189","53189","53189","1","1","1","28692","28692","28692","1","1","1"
"1170","29030","29030","29030","0.8","0.8","0.8","53505","53505","53505","0.8","0.8","0.8","28851","28851","28851","1","1","1"
"1171","29032","29032","29032","1","1","1","53507","53507","53507","0.8","0.8","0.8","28853","28853","28853","1","1","1"
"1172","29034","29034","29034","1","1","1","53509","53509","53509","1","1","1","28855","28855","28855","1","1","1"
"1173","29036","29036","29036","1","1","1","53511","53511","53511","1","1","1","28857","28857","28857","1","1","1"
"1174","29038","29038","29038","1","1","1","53513","53513","53513","1","1","1","28859","28859","28859","1","1","1"
"1175","29040","29040","29040","1","1","1","53515","53515","53515","1","1","1","28861","28861","28861","1","1","1"
"1176","29042","29042","29042","1","1","1","53517","53517","53517","1","1","1","28863","28863","28863","1","1","1"
"1177","29044","29044","29044","1","1","1","53519","53519","53519","1","1","1","28865","28865","28865","1","1","1"
"1178","29046","29046","29046","1","1","1","53521","53521","53521","1","1","1","28867","28867","28867","1","1","1"
"1179","29208","29208","29208","0.8","0.8","0.8","53838","53838","53838","0.8","0.8","0.8","29025","29025","29025","1","1","1"
"1180","29210","29210","29210","1","1","1","53840","53840","53840","1","1","1","29027","29027","29027","1","1","1"
"1181","29212","29212","29212","1","1","1","53842","53842","53842","1","1","1","29029","29029","29029","1","1","1"
"1182","29214","29214","29214","1","1","1","53844","53844","53844","0.8","0.8","0.8","29031","29031","29031","1","1","1"
"1183","29216","29216","29216","1","1","1","53846","53846","53846","1","1","1","29033","29033","29033","1","1","1"
"1184","29218","29218","29218","1","1","1","53848","53848","53848","1","1","1","29035","29035","29035","1","1","1"
"1185","29220","29220","29220","1","1","1","53850","53850","53850","1","1","1","29037","29037","29037","1","1","1"
"1186","29222","29222","29222","1","1","1","53852","53852","53852","1","1","1","29039","29039","29039","1","1","1"
"1187","29224","29224","29224","1","1","1","53854","53854","53854","1","1","1","29041","29041","29041","1","1","1"
"1188","29389","29389","29389","0.8","0.8","0.8","54170","54170","54170","0.8","0.8","0.8","29200","29200","29200","1","1","1"
"1189","29391","29391","29391","1","1","1","54172","54172","54172","0.8","0.8","0.8","29202","29202","29202","1","1","1"
"1190","29393","29393","29393","1","1","1","54174","54174","54174","0.8","0.8","0.8","29204","29204","29204","1","1","1"
"1191","29395","29395","29395","1","1","1","54176","54176","54176","0.8","0.8","0.8","29206","29206","29206","1","1","1"
"1192","29397","29397","29397","1","1","1","54178","54178","54178","1","1","1","29208","29208","29208","1","1","1"
"1193","29399","29399","29399","1","1","1","54180","54180","54180","1","1","1","29210","29210","29210","1","1","1"
"1194","29401","29401","29401","1","1","1","54182","54182","54182","1","1","1","29212","29212","29212","1","1","1"
"1195","29403","29403","29403","1","1","1","54184","54184","54184","1","1","1","29214","29214","29214","1","1","1"
"1196","29405","29405","29405","1","1","1","54186","54186","54186","1","1","1","29216","29216","29216","1","1","1"
"1197","29567","29567","29567","0.8","0.8","0.8","54502","54502","54502","0.8","0.8","0.8","29376","29376","29376","1","1","1"
"1198","29569","29569","29569","1","1","1","54504","54504","54504","1","1","1","29378","29378","29378","1","1","1"
"1199","29571","29571","29571","1","1","1","54506","54506","54506","0.8","0.8","0.8","29380","29380","29380","1","1","1"
"1200","29573","29573","29573","1","1","1","54508","54508","54508","1","1","1","29382","29382","29382","1","1","1"
"1201","29575","29575","29575","1","1","1","54510","54510","54510","1","1","1","29384","29384","29384","1","1","1"
"1202","29577","29577","29577","1","1","1","54512","54512","54512","1","1","1","29386","29386","29386","1","1","1"
"1203","29579","29579","29579","1","1","1","54514","54514","54514","0.8","0.8","0.8","29388","29388","29388","1","1","1"
"1204","29581","29581","29581","1","1","1","54516","54516","54516","1","1","1","29390","29390","29390","1","1","1"
"1205","29583","29583","29583","1","1","1","54518","54518","54518","1","1","1","29392","29392","29392","1","1","1"
"1206","29743","29743","29743","0.8","0.8","0.8","54835","54835","54835","0.8","0.8","0.8","29549","29549","29549","0.8","0.8","0.8"
"1207","29745","29745","29745","1","1","1","54837","54837","54837","0.8","0.8","0.8","29551","29551","29551","1","1","1"
"1208","29747","29747","29747","1","1","1","54839","54839","54839","1","1","1","29553","29553","29553","1","1","1"
"1209","29749","29749","29749","1","1","1","54841","54841","54841","1","1","1","29555","29555","29555","1","1","1"
"1210","29751","29751","29751","1","1","1","54843","54843","54843","1","1","1","29557","29557","29557","1","1","1"
"1211","29753","29753","29753","1","1","1","54845","54845","54845","1","1","1","29559","29559","29559","1","1","1"
"1212","29755","29755","29755","1","1","1","54847","54847","54847","0.8","0.8","0.8","29561","29561","29561","1","1","1"
"1213","29757","29757","29757","1","1","1","54849","54849","54849","1","1","1","29563","29563","29563","1","1","1"
"1214","29759","29759","29759","1","1","1","54851","54851","54851","1","1","1","29565","29565","29565","1","1","1"
"1215","29924","29924","29924","0.8","0.8","0.8","55167","55167","55167","0.8","0.8","0.8","29726","29726","29726","0.8","0.8","0.8"
"1216","29926","29926","29926","1","1","1","55169","55169","55169","1","1","1","29728","29728","29728","1","1","1"
"1217","29928","29928","29928","1","1","1","55171","55171","55171","1","1","1","29730","29730","29730","1","1","1"
"1218","29930","29930","29930","1","1","1","55173","55173","55173","0.8","0.8","0.8","29732","29732","29732","1","1","1"
"1219","29932","29932","29932","1","1","1","55175","55175","55175","1","1","1","29734","29734","29734","1","1","1"
"1220","29934","29934","29934","1","1","1","55177","55177","55177","1","1","1","29736","29736","29736","1","1","1"
"1221","29936","29936","29936","1","1","1","55179","55179","55179","1","1","1","29738","29738","29738","1","1","1"
"1222","29938","29938","29938","1","1","1","55181","55181","55181","1","1","1","29740","29740","29740","1","1","1"
"1223","29940","29940","29940","1","1","1","55183","55183","55183","1","1","1","29742","29742","29742","1","1","1"
"1224","30106","30106","30106","0.8","0.8","0.8","55500","55500","55500","0.8","0.8","0.8","29902","29902","29902","1","1","1"
"1225","30108","30108","30108","1","1","1","55502","55502","55502","1","1","1","29904","29904","29904","1","1","1"
"1226","30110","30110","30110","1","1","1","55504","55504","55504","1","1","1","29906","29906","29906","1","1","1"
"1227","30112","30112","30112","1","1","1","55506","55506","55506","0.8","0.8","0.8","29908","29908","29908","1","1","1"
"1228","30114","30114","30114","1","1","1","55508","55508","55508","1","1","1","29910","29910","29910","1","1","1"
"1229","30116","30116","30116","1","1","1","55510","55510","55510","1","1","1","29912","29912","29912","1","1","1"
"1230","30118","30118","30118","1","1","1","55512","55512","55512","1","1","1","29914","29914","29914","1","1","1"
"1231","30120","30120","30120","1","1","1","55514","55514","55514","1","1","1","29916","29916","29916","1","1","1"
"1232","30122","30122","30122","1","1","1","55516","55516","55516","1","1","1","29918","29918","29918","1","1","1"
"1233","30285","30285","30285","1","1","1","55832","55832","55832","0.8","0.8","0.8","30078","30078","30078","1","1","1"
"1234","30287","30287","30287","1","1","1","55834","55834","55834","1","1","1","30080","30080","30080","1","1","1"
"1235","30289","30289","30289","1","1","1","55836","55836","55836","1","1","1","30082","30082","30082","1","1","1"
"1236","30291","30291","30291","1","1","1","55838","55838","55838","0.8","0.8","0.8","30084","30084","30084","1","1","1"
"1237","30293","30293","30293","1","1","1","55840","55840","55840","1","1","1","30086","30086","30086","1","1","1"
"1238","30295","30295","30295","1","1","1","55842","55842","55842","1","1","1","30088","30088","30088","1","1","1"
"1239","30297","30297","30297","1","1","1","55844","55844","55844","0.8","0.8","0.8","30090","30090","30090","1","1","1"
"1240","30299","30299","30299","1","1","1","55846","55846","55846","1","1","1","30092","30092","30092","1","1","1"
"1241","30301","30301","30301","1","1","1","55848","55848","55848","1","1","1","30094","30094","30094","1","1","1"
"1242","30460","30460","30460","1","1","1","56164","56164","56164","0.8","0.8","0.8","30255","30255","30255","1","1","1"
"1243","30462","30462","30462","1","1","1","56166","56166","56166","1","1","1","30257","30257","30257","1","1","1"
"1244","30464","30464","30464","1","1","1","56168","56168","56168","0.8","0.8","0.8","30259","30259","30259","1","1","1"
"1245","30466","30466","30466","1","1","1","56170","56170","56170","1","1","1","30261","30261","30261","1","1","1"
"1246","30468","30468","30468","1","1","1","56172","56172","56172","1","1","1","30263","30263","30263","1","1","1"
"1247","30470","30470","30470","1","1","1","56174","56174","56174","1","1","1","30265","30265","30265","1","1","1"
"1248","30472","30472","30472","1","1","1","56176","56176","56176","1","1","1","30267","30267","30267","1","1","1"
"1249","30474","30474","30474","1","1","1","56178","56178","56178","1","1","1","30269","30269","30269","1","1","1"
"1250","30476","30476","30476","1","1","1","56180","56180","56180","1","1","1","30271","30271","30271","1","1","1"
"1251","30640","30640","30640","1","1","1","56497","56497","56497","0.8","0.8","0.8","30431","30431","30431","1","1","1"
"1252","30642","30642","30642","1","1","1","56499","56499","56499","1","1","1","30433","30433","30433","1","1","1"
"1253","30644","30644","30644","0.8","0.8","0.8","56501","56501","56501","0.8","0.8","0.8","30435","30435","30435","1","1","1"
"1254","30646","30646","30646","1","1","1","56503","56503","56503","1","1","1","30437","30437","30437","1","1","1"
"1255","30648","30648","30648","1","1","1","56505","56505","56505","1","1","1","30439","30439","30439","1","1","1"
"1256","30650","30650","30650","1","1","1","56507","56507","56507","1","1","1","30441","30441","30441","1","1","1"
"1257","30652","30652","30652","1","1","1","56509","56509","56509","1","1","1","30443","30443","30443","1","1","1"
"1258","30654","30654","30654","1","1","1","56511","56511","56511","1","1","1","30445","30445","30445","1","1","1"
"1259","30656","30656","30656","1","1","1","56513","56513","56513","1","1","1","30447","30447","30447","1","1","1"
"1260","30820","30820","30820","1","1","1","56829","56829","56829","0.8","0.8","0.8","30608","30608","30608","1","1","1"
"1261","30822","30822","30822","1","1","1","56831","56831","56831","0.8","0.8","0.8","30610","30610","30610","1","1","1"
"1262","30824","30824","30824","1","1","1","56833","56833","56833","1","1","1","30612","30612","30612","1","1","1"
"1263","30826","30826","30826","1","1","1","56835","56835","56835","1","1","1","30614","30614","30614","1","1","1"
"1264","30828","30828","30828","1","1","1","56837","56837","56837","1","1","1","30616","30616","30616","1","1","1"
"1265","30830","30830","30830","1","1","1","56839","56839","56839","1","1","1","30618","30618","30618","1","1","1"
"1266","30832","30832","30832","1","1","1","56841","56841","56841","0.8","0.8","0.8","30620","30620","30620","1","1","1"
"1267","30834","30834","30834","1","1","1","56843","56843","56843","1","1","1","30622","30622","30622","1","1","1"
"1268","30836","30836","30836","1","1","1","56845","56845","56845","1","1","1","30624","30624","30624","1","1","1"
"1269","31000","31000","31000","1","1","1","57161","57161","57161","0.8","0.8","0.8","30786","30786","30786","1","1","1"
"1270","31002","31002","31002","1","1","1","57163","57163","57163","1","1","1","30788","30788","30788","1","1","1"
"1271","31004","31004","31004","1","1","1","57165","57165","57165","1","1","1","30790","30790","30790","1","1","1"
"1272","31006","31006","31006","1","1","1","57167","57167","57167","1","1","1","30792","30792","30792","1","1","1"
"1273","31008","31008","31008","1","1","1","57169","57169","57169","1","1","1","30794","30794","30794","1","1","1"
"1274","31010","31010","31010","1","1","1","57171","57171","57171","1","1","1","30796","30796","30796","1","1","1"
"1275","31012","31012","31012","1","1","1","57173","57173","57173","1","1","1","30798","30798","30798","1","1","1"
"1276","31014","31014","31014","1","1","1","57175","57175","57175","1","1","1","30800","30800","30800","1","1","1"
"1277","31016","31016","31016","0.8","0.8","0.8","57177","57177","57177","1","1","1","30802","30802","30802","1","1","1"
"1278","31178","31178","31178","1","1","1","57494","57494","57494","0.8","0.8","0.8","30963","30963","30963","1","1","1"
"1279","31180","31180","31180","1","1","1","57496","57496","57496","0.8","0.8","0.8","30965","30965","30965","1","1","1"
"1280","31182","31182","31182","1","1","1","57498","57498","57498","1","1","1","30967","30967","30967","1","1","1"
"1281","31184","31184","31184","1","1","1","57500","57500","57500","0.8","0.8","0.8","30969","30969","30969","1","1","1"
"1282","31186","31186","31186","1","1","1","57502","57502","57502","1","1","1","30971","30971","30971","1","1","1"
"1283","31188","31188","31188","1","1","1","57504","57504","57504","1","1","1","30973","30973","30973","1","1","1"
"1284","31190","31190","31190","1","1","1","57506","57506","57506","1","1","1","30975","30975","30975","1","1","1"
"1285","31192","31192","31192","1","1","1","57508","57508","57508","1","1","1","30977","30977","30977","1","1","1"
"1286","31194","31194","31194","1","1","1","57510","57510","57510","1","1","1","30979","30979","30979","1","1","1"
"1287","31355","31355","31355","1","1","1","57826","57826","57826","0.8","0.8","0.8","31143","31143","31143","1","1","1"
"1288","31357","31357","31357","1","1","1","57828","57828","57828","1","1","1","31145","31145","31145","1","1","1"
"1289","31359","31359","31359","1","1","1","57830","57830","57830","0.8","0.8","0.8","31147","31147","31147","1","1","1"
"1290","31361","31361","31361","1","1","1","57832","57832","57832","0.8","0.8","0.8","31149","31149","31149","1","1","1"
"1291","31363","31363","31363","1","1","1","57834","57834","57834","1","1","1","31151","31151","31151","1","1","1"
"1292","31365","31365","31365","1","1","1","57836","57836","57836","1","1","1","31153","31153","31153","1","1","1"
"1293","31367","31367","31367","1","1","1","57838","57838","57838","1","1","1","31155","31155","31155","1","1","1"
"1294","31369","31369","31369","1","1","1","57840","57840","57840","1","1","1","31157","31157","31157","1","1","1"
"1295","31371","31371","31371","1","1","1","57842","57842","57842","1","1","1","31159","31159","31159","1","1","1"
"1296","31537","31537","31537","1","1","1","58158","58158","58158","0.8","0.8","0.8","31320","31320","31320","0.8","0.8","0.8"
"1297","31539","31539","31539","1","1","1","58160","58160","58160","1","1","1","31322","31322","31322","1","1","1"
"1298","31541","31541","31541","0.8","0.8","0.8","58162","58162","58162","1","1","1","31324","31324","31324","1","1","1"
"1299","31543","31543","31543","1","1","1","58164","58164","58164","0.8","0.8","0.8","31326","31326","31326","1","1","1"
"1300","31545","31545","31545","1","1","1","58166","58166","58166","1","1","1","31328","31328","31328","1","1","1"
"1301","31547","31547","31547","1","1","1","58168","58168","58168","1","1","1","31330","31330","31330","1","1","1"
"1302","31549","31549","31549","1","1","1","58170","58170","58170","0.8","0.8","0.8","31332","31332","31332","1","1","1"
"1303","31551","31551","31551","1","1","1","58172","58172","58172","1","1","1","31334","31334","31334","1","1","1"
"1304","31553","31553","31553","1","1","1","58174","58174","58174","1","1","1","31336","31336","31336","0.8","0.8","0.8"
"1305","31715","31715","31715","1","1","1","58491","58491","58491","0.8","0.8","0.8","31493","31493","31493","1","1","1"
"1306","31717","31717","31717","1","1","1","58493","58493","58493","1","1","1","31495","31495","31495","1","1","1"
"1307","31719","31719","31719","1","1","1","58495","58495","58495","0.8","0.8","0.8","31497","31497","31497","1","1","1"
"1308","31721","31721","31721","1","1","1","58497","58497","58497","1","1","1","31499","31499","31499","1","1","1"
"1309","31723","31723","31723","1","1","1","58499","58499","58499","1","1","1","31501","31501","31501","1","1","1"
"1310","31725","31725","31725","1","1","1","58501","58501","58501","1","1","1","31503","31503","31503","1","1","1"
"1311","31727","31727","31727","1","1","1","58503","58503","58503","1","1","1","31505","31505","31505","1","1","1"
"1312","31729","31729","31729","1","1","1","58505","58505","58505","1","1","1","31507","31507","31507","1","1","1"
"1313","31731","31731","31731","1","1","1","58507","58507","58507","1","1","1","31509","31509","31509","1","1","1"
"1314","31897","31897","31897","1","1","1","58823","58823","58823","0.8","0.8","0.8","31668","31668","31668","1","1","1"
"1315","31899","31899","31899","1","1","1","58825","58825","58825","1","1","1","31670","31670","31670","1","1","1"
"1316","31901","31901","31901","1","1","1","58827","58827","58827","1","1","1","31672","31672","31672","1","1","1"
"1317","31903","31903","31903","1","1","1","58829","58829","58829","1","1","1","31674","31674","31674","1","1","1"
"1318","31905","31905","31905","1","1","1","58831","58831","58831","1","1","1","31676","31676","31676","1","1","1"
"1319","31907","31907","31907","1","1","1","58833","58833","58833","1","1","1","31678","31678","31678","1","1","1"
"1320","31909","31909","31909","1","1","1","58835","58835","58835","1","1","1","31680","31680","31680","1","1","1"
"1321","31911","31911","31911","1","1","1","58837","58837","58837","1","1","1","31682","31682","31682","1","1","1"
"1322","31913","31913","31913","1","1","1","58839","58839","58839","1","1","1","31684","31684","31684","1","1","1"
"1323","32072","32072","32072","1","1","1","59156","59156","59156","0.8","0.8","0.8","31845","31845","31845","0.8","0.8","0.8"
"1324","32074","32074","32074","1","1","1","59158","59158","59158","1","1","1","31847","31847","31847","1","1","1"
"1325","32076","32076","32076","1","1","1","59160","59160","59160","0.8","0.8","0.8","31849","31849","31849","1","1","1"
"1326","32078","32078","32078","1","1","1","59162","59162","59162","1","1","1","31851","31851","31851","1","1","1"
"1327","32080","32080","32080","1","1","1","59164","59164","59164","1","1","1","31853","31853","31853","1","1","1"
"1328","32082","32082","32082","1","1","1","59166","59166","59166","1","1","1","31855","31855","31855","1","1","1"
"1329","32084","32084","32084","1","1","1","59168","59168","59168","1","1","1","31857","31857","31857","1","1","1"
"1330","32086","32086","32086","1","1","1","59170","59170","59170","1","1","1","31859","31859","31859","1","1","1"
"1331","32088","32088","32088","1","1","1","59172","59172","59172","0.8","0.8","0.8","31861","31861","31861","1","1","1"
"1332","32250","32250","32250","1","1","1","59488","59488","59488","0.8","0.8","0.8","32018","32018","32018","1","1","1"
"1333","32252","32252","32252","1","1","1","59490","59490","59490","1","1","1","32020","32020","32020","1","1","1"
"1334","32254","32254","32254","0.8","0.8","0.8","59492","59492","59492","1","1","1","32022","32022","32022","1","1","1"
"1335","32256","32256","32256","1","1","1","59494","59494","59494","1","1","1","32024","32024","32024","1","1","1"
"1336","32258","32258","32258","1","1","1","59496","59496","59496","1","1","1","32026","32026","32026","1","1","1"
"1337","32260","32260","32260","1","1","1","59498","59498","59498","1","1","1","32028","32028","32028","1","1","1"
"1338","32262","32262","32262","1","1","1","59500","59500","59500","1","1","1","32030","32030","32030","1","1","1"
"1339","32264","32264","32264","1","1","1","59502","59502","59502","1","1","1","32032","32032","32032","1","1","1"
"1340","32266","32266","32266","1","1","1","59504","59504","59504","1","1","1","32034","32034","32034","1","1","1"
"1341","32430","32430","32430","1","1","1","59820","59820","59820","0.8","0.8","0.8","32195","32195","32195","1","1","1"
"1342","32432","32432","32432","1","1","1","59822","59822","59822","1","1","1","32197","32197","32197","1","1","1"
"1343","32434","32434","32434","1","1","1","59824","59824","59824","0.8","0.8","0.8","32199","32199","32199","1","1","1"
"1344","32436","32436","32436","1","1","1","59826","59826","59826","1","1","1","32201","32201","32201","1","1","1"
"1345","32438","32438","32438","1","1","1","59828","59828","59828","1","1","1","32203","32203","32203","1","1","1"
"1346","32440","32440","32440","1","1","1","59830","59830","59830","1","1","1","32205","32205","32205","1","1","1"
"1347","32442","32442","32442","1","1","1","59832","59832","59832","0.8","0.8","0.8","32207","32207","32207","1","1","1"
"1348","32444","32444","32444","1","1","1","59834","59834","59834","1","1","1","32209","32209","32209","1","1","1"
"1349","32446","32446","32446","1","1","1","59836","59836","59836","1","1","1","32211","32211","32211","1","1","1"
"1350","32606","32606","32606","1","1","1","60153","60153","60153","0.8","0.8","0.8","32373","32373","32373","1","1","1"
"1351","32608","32608","32608","1","1","1","60155","60155","60155","1","1","1","32375","32375","32375","1","1","1"
"1352","32610","32610","32610","1","1","1","60157","60157","60157","0.8","0.8","0.8","32377","32377","32377","1","1","1"
"1353","32612","32612","32612","1","1","1","60159","60159","60159","1","1","1","32379","32379","32379","1","1","1"
"1354","32614","32614","32614","1","1","1","60161","60161","60161","1","1","1","32381","32381","32381","1","1","1"
"1355","32616","32616","32616","1","1","1","60163","60163","60163","1","1","1","32383","32383","32383","1","1","1"
"1356","32618","32618","32618","1","1","1","60165","60165","60165","0.8","0.8","0.8","32385","32385","32385","1","1","1"
"1357","32620","32620","32620","1","1","1","60167","60167","60167","1","1","1","32387","32387","32387","1","1","1"
"1358","32622","32622","32622","1","1","1","60169","60169","60169","1","1","1","32389","32389","32389","1","1","1"
"1359","32783","32783","32783","1","1","1","60485","60485","60485","0.8","0.8","0.8","32546","32546","32546","0.8","0.8","0.8"
"1360","32785","32785","32785","1","1","1","60487","60487","60487","0.8","0.8","0.8","32548","32548","32548","1","1","1"
"1361","32787","32787","32787","1","1","1","60489","60489","60489","1","1","1","32550","32550","32550","1","1","1"
"1362","32789","32789","32789","1","1","1","60491","60491","60491","1","1","1","32552","32552","32552","1","1","1"
"1363","32791","32791","32791","1","1","1","60493","60493","60493","1","1","1","32554","32554","32554","1","1","1"
"1364","32793","32793","32793","1","1","1","60495","60495","60495","1","1","1","32556","32556","32556","1","1","1"
"1365","32795","32795","32795","1","1","1","60497","60497","60497","0.8","0.8","0.8","32558","32558","32558","1","1","1"
"1366","32797","32797","32797","1","1","1","60499","60499","60499","1","1","1","32560","32560","32560","1","1","1"
"1367","32799","32799","32799","1","1","1","60501","60501","60501","1","1","1","32562","32562","32562","1","1","1"
"1368","32962","32962","32962","1","1","1","60817","60817","60817","0.8","0.8","0.8","32725","32725","32725","1","1","1"
"1369","32964","32964","32964","1","1","1","60819","60819","60819","1","1","1","32727","32727","32727","1","1","1"
"1370","32966","32966","32966","1","1","1","60821","60821","60821","0.8","0.8","0.8","32729","32729","32729","1","1","1"
"1371","32968","32968","32968","1","1","1","60823","60823","60823","1","1","1","32731","32731","32731","1","1","1"
"1372","32970","32970","32970","1","1","1","60825","60825","60825","1","1","1","32733","32733","32733","1","1","1"
"1373","32972","32972","32972","1","1","1","60827","60827","60827","1","1","1","32735","32735","32735","1","1","1"
"1374","32974","32974","32974","1","1","1","60829","60829","60829","0.8","0.8","0.8","32737","32737","32737","1","1","1"
"1375","32976","32976","32976","1","1","1","60831","60831","60831","1","1","1","32739","32739","32739","1","1","1"
"1376","32978","32978","32978","1","1","1","60833","60833","60833","1","1","1","32741","32741","32741","0.8","0.8","0.8"
"1377","33140","33140","33140","1","1","1","61150","61150","61150","0.8","0.8","0.8","32897","32897","32897","1","1","1"
"1378","33142","33142","33142","1","1","1","61152","61152","61152","1","1","1","32899","32899","32899","1","1","1"
"1379","33144","33144","33144","1","1","1","61154","61154","61154","1","1","1","32901","32901","32901","1","1","1"
"1380","33146","33146","33146","1","1","1","61156","61156","61156","1","1","1","32903","32903","32903","1","1","1"
"1381","33148","33148","33148","1","1","1","61158","61158","61158","1","1","1","32905","32905","32905","1","1","1"
"1382","33150","33150","33150","1","1","1","61160","61160","61160","1","1","1","32907","32907","32907","1","1","1"
"1383","33152","33152","33152","1","1","1","61162","61162","61162","0.8","0.8","0.8","32909","32909","32909","1","1","1"
"1384","33154","33154","33154","1","1","1","61164","61164","61164","1","1","1","32911","32911","32911","1","1","1"
"1385","33156","33156","33156","1","1","1","61166","61166","61166","1","1","1","32913","32913","32913","1","1","1"
"1386","33319","33319","33319","1","1","1","61482","61482","61482","0.8","0.8","0.8","33073","33073","33073","0.8","0.8","0.8"
"1387","33321","33321","33321","1","1","1","61484","61484","61484","1","1","1","33075","33075","33075","1","1","1"
"1388","33323","33323","33323","1","1","1","61486","61486","61486","1","1","1","33077","33077","33077","1","1","1"
"1389","33325","33325","33325","1","1","1","61488","61488","61488","1","1","1","33079","33079","33079","1","1","1"
"1390","33327","33327","33327","0.8","0.8","0.8","61490","61490","61490","1","1","1","33081","33081","33081","1","1","1"
"1391","33329","33329","33329","1","1","1","61492","61492","61492","1","1","1","33083","33083","33083","1","1","1"
"1392","33331","33331","33331","1","1","1","61494","61494","61494","0.8","0.8","0.8","33085","33085","33085","1","1","1"
"1393","33333","33333","33333","1","1","1","61496","61496","61496","1","1","1","33087","33087","33087","1","1","1"
"1394","33335","33335","33335","1","1","1","61498","61498","61498","1","1","1","33089","33089","33089","1","1","1"
"1395","33496","33496","33496","1","1","1","61814","61814","61814","0.8","0.8","0.8","33249","33249","33249","1","1","1"
"1396","33498","33498","33498","1","1","1","61816","61816","61816","1","1","1","33251","33251","33251","1","1","1"
"1397","33500","33500","33500","1","1","1","61818","61818","61818","1","1","1","33253","33253","33253","1","1","1"
"1398","33502","33502","33502","1","1","1","61820","61820","61820","0.8","0.8","0.8","33255","33255","33255","1","1","1"
"1399","33504","33504","33504","1","1","1","61822","61822","61822","1","1","1","33257","33257","33257","1","1","1"
"1400","33506","33506","33506","1","1","1","61824","61824","61824","1","1","1","33259","33259","33259","1","1","1"
"1401","33508","33508","33508","1","1","1","61826","61826","61826","0.8","0.8","0.8","33261","33261","33261","1","1","1"
"1402","33510","33510","33510","1","1","1","61828","61828","61828","1","1","1","33263","33263","33263","1","1","1"
"1403","33512","33512","33512","1","1","1","61830","61830","61830","0.8","0.8","0.8","33265","33265","33265","1","1","1"
"1404","33673","33673","33673","1","1","1","62147","62147","62147","0.8","0.8","0.8","33427","33427","33427","0.8","0.8","0.8"
"1405","33675","33675","33675","1","1","1","62149","62149","62149","0.8","0.8","0.8","33429","33429","33429","1","1","1"
"1406","33677","33677","33677","1","1","1","62151","62151","62151","1","1","1","33431","33431","33431","1","1","1"
"1407","33679","33679","33679","1","1","1","62153","62153","62153","1","1","1","33433","33433","33433","1","1","1"
"1408","33681","33681","33681","1","1","1","62155","62155","62155","1","1","1","33435","33435","33435","1","1","1"
"1409","33683","33683","33683","1","1","1","62157","62157","62157","1","1","1","33437","33437","33437","1","1","1"
"1410","33685","33685","33685","1","1","1","62159","62159","62159","1","1","1","33439","33439","33439","1","1","1"
"1411","33687","33687","33687","1","1","1","62161","62161","62161","1","1","1","33441","33441","33441","1","1","1"
"1412","33689","33689","33689","1","1","1","62163","62163","62163","1","1","1","33443","33443","33443","1","1","1"
"1413","33851","33851","33851","1","1","1","62479","62479","62479","0.8","0.8","0.8","33599","33599","33599","1","1","1"
"1414","33853","33853","33853","1","1","1","62481","62481","62481","1","1","1","33601","33601","33601","1","1","1"
"1415","33855","33855","33855","1","1","1","62483","62483","62483","0.8","0.8","0.8","33603","33603","33603","1","1","1"
"1416","33857","33857","33857","1","1","1","62485","62485","62485","1","1","1","33605","33605","33605","1","1","1"
"1417","33859","33859","33859","1","1","1","62487","62487","62487","1","1","1","33607","33607","33607","1","1","1"
"1418","33861","33861","33861","1","1","1","62489","62489","62489","1","1","1","33609","33609","33609","1","1","1"
"1419","33863","33863","33863","1","1","1","62491","62491","62491","0.8","0.8","0.8","33611","33611","33611","1","1","1"
"1420","33865","33865","33865","1","1","1","62493","62493","62493","1","1","1","33613","33613","33613","1","1","1"
"1421","33867","33867","33867","1","1","1","62495","62495","62495","1","1","1","33615","33615","33615","1","1","1"
"1422","34028","34028","34028","1","1","1","62811","62811","62811","0.8","0.8","0.8","33773","33773","33773","1","1","1"
"1423","34030","34030","34030","1","1","1","62813","62813","62813","1","1","1","33775","33775","33775","1","1","1"
"1424","34032","34032","34032","1","1","1","62815","62815","62815","0.8","0.8","0.8","33777","33777","33777","1","1","1"
"1425","34034","34034","34034","1","1","1","62817","62817","62817","1","1","1","33779","33779","33779","1","1","1"
"1426","34036","34036","34036","1","1","1","62819","62819","62819","1","1","1","33781","33781","33781","1","1","1"
"1427","34038","34038","34038","1","1","1","62821","62821","62821","1","1","1","33783","33783","33783","1","1","1"
"1428","34040","34040","34040","1","1","1","62823","62823","62823","0.8","0.8","0.8","33785","33785","33785","1","1","1"
"1429","34042","34042","34042","1","1","1","62825","62825","62825","1","1","1","33787","33787","33787","1","1","1"
"1430","34044","34044","34044","1","1","1","62827","62827","62827","1","1","1","33789","33789","33789","1","1","1"
"1431","34206","34206","34206","1","1","1","63144","63144","63144","0.8","0.8","0.8","33950","33950","33950","1","1","1"
"1432","34208","34208","34208","1","1","1","63146","63146","63146","1","1","1","33952","33952","33952","1","1","1"
"1433","34210","34210","34210","1","1","1","63148","63148","63148","1","1","1","33954","33954","33954","1","1","1"
"1434","34212","34212","34212","1","1","1","63150","63150","63150","0.8","0.8","0.8","33956","33956","33956","1","1","1"
"1435","34214","34214","34214","1","1","1","63152","63152","63152","1","1","1","33958","33958","33958","1","1","1"
"1436","34216","34216","34216","1","1","1","63154","63154","63154","1","1","1","33960","33960","33960","1","1","1"
"1437","34218","34218","34218","1","1","1","63156","63156","63156","1","1","1","33962","33962","33962","1","1","1"
"1438","34220","34220","34220","1","1","1","63158","63158","63158","1","1","1","33964","33964","33964","1","1","1"
"1439","34222","34222","34222","1","1","1","63160","63160","63160","1","1","1","33966","33966","33966","1","1","1"
"1440","34383","34383","34383","1","1","1","63476","63476","63476","0.8","0.8","0.8","34128","34128","34128","1","1","1"
"1441","34385","34385","34385","1","1","1","63478","63478","63478","1","1","1","34130","34130","34130","1","1","1"
"1442","34387","34387","34387","0.8","0.8","0.8","63480","63480","63480","1","1","1","34132","34132","34132","1","1","1"
"1443","34389","34389","34389","1","1","1","63482","63482","63482","1","1","1","34134","34134","34134","1","1","1"
"1444","34391","34391","34391","1","1","1","63484","63484","63484","1","1","1","34136","34136","34136","1","1","1"
"1445","34393","34393","34393","1","1","1","63486","63486","63486","1","1","1","34138","34138","34138","1","1","1"
"1446","34395","34395","34395","1","1","1","63488","63488","63488","1","1","1","34140","34140","34140","1","1","1"
"1447","34397","34397","34397","1","1","1","63490","63490","63490","1","1","1","34142","34142","34142","1","1","1"
"1448","34399","34399","34399","1","1","1","63492","63492","63492","1","1","1","34144","34144","34144","1","1","1"
"1449","34558","34558","34558","1","1","1","63809","63809","63809","0.8","0.8","0.8","34301","34301","34301","1","1","1"
"1450","34560","34560","34560","1","1","1","63811","63811","63811","1","1","1","34303","34303","34303","1","1","1"
"1451","34562","34562","34562","1","1","1","63813","63813","63813","1","1","1","34305","34305","34305","1","1","1"
"1452","34564","34564","34564","1","1","1","63815","63815","63815","1","1","1","34307","34307","34307","1","1","1"
"1453","34566","34566","34566","1","1","1","63817","63817","63817","1","1","1","34309","34309","34309","1","1","1"
"1454","34568","34568","34568","1","1","1","63819","63819","63819","1","1","1","34311","34311","34311","1","1","1"
"1455","34570","34570","34570","1","1","1","63821","63821","63821","1","1","1","34313","34313","34313","1","1","1"
"1456","34572","34572","34572","1","1","1","63823","63823","63823","1","1","1","34315","34315","34315","1","1","1"
"1457","34574","34574","34574","1","1","1","63825","63825","63825","1","1","1","34317","34317","34317","1","1","1"
"1458","34733","34733","34733","1","1","1","64141","64141","64141","1","1","1","34479","34479","34479","0.8","0.8","0.8"
"1459","34735","34735","34735","1","1","1","64143","64143","64143","0.8","0.8","0.8","34481","34481","34481","1","1","1"
"1460","34737","34737","34737","0.8","0.8","0.8","64145","64145","64145","1","1","1","34483","34483","34483","1","1","1"
"1461","34739","34739","34739","1","1","1","64147","64147","64147","0.8","0.8","0.8","34485","34485","34485","1","1","1"
"1462","34741","34741","34741","1","1","1","64149","64149","64149","1","1","1","34487","34487","34487","1","1","1"
"1463","34743","34743","34743","1","1","1","64151","64151","64151","1","1","1","34489","34489","34489","1","1","1"
"1464","34745","34745","34745","1","1","1","64153","64153","64153","0.8","0.8","0.8","34491","34491","34491","1","1","1"
"1465","34747","34747","34747","1","1","1","64155","64155","64155","1","1","1","34493","34493","34493","1","1","1"
"1466","34749","34749","34749","1","1","1","64157","64157","64157","1","1","1","34495","34495","34495","1","1","1"
"1467","34913","34913","34913","0.8","0.8","0.8","64473","64473","64473","0.8","0.8","0.8","34659","34659","34659","1","1","1"
"1468","34915","34915","34915","1","1","1","64475","64475","64475","0.8","0.8","0.8","34661","34661","34661","1","1","1"
"1469","34917","34917","34917","1","1","1","64477","64477","64477","1","1","1","34663","34663","34663","1","1","1"
"1470","34919","34919","34919","1","1","1","64479","64479","64479","0.8","0.8","0.8","34665","34665","34665","1","1","1"
"1471","34921","34921","34921","1","1","1","64481","64481","64481","1","1","1","34667","34667","34667","1","1","1"
"1472","34923","34923","34923","1","1","1","64483","64483","64483","1","1","1","34669","34669","34669","1","1","1"
"1473","34925","34925","34925","1","1","1","64485","64485","64485","0.8","0.8","0.8","34671","34671","34671","1","1","1"
"1474","34927","34927","34927","1","1","1","64487","64487","64487","1","1","1","34673","34673","34673","1","1","1"
"1475","34929","34929","34929","1","1","1","64489","64489","64489","1","1","1","34675","34675","34675","1","1","1"
"1476","35090","35090","35090","0.8","0.8","0.8","64806","64806","64806","0.8","0.8","0.8","34834","34834","34834","1","1","1"
"1477","35092","35092","35092","1","1","1","64808","64808","64808","0.8","0.8","0.8","34836","34836","34836","1","1","1"
"1478","35094","35094","35094","1","1","1","64810","64810","64810","1","1","1","34838","34838","34838","1","1","1"
"1479","35096","35096","35096","1","1","1","64812","64812","64812","1","1","1","34840","34840","34840","1","1","1"
"1480","35098","35098","35098","1","1","1","64814","64814","64814","1","1","1","34842","34842","34842","1","1","1"
"1481","35100","35100","35100","1","1","1","64816","64816","64816","1","1","1","34844","34844","34844","1","1","1"
"1482","35102","35102","35102","1","1","1","64818","64818","64818","0.8","0.8","0.8","34846","34846","34846","1","1","1"
"1483","35104","35104","35104","1","1","1","64820","64820","64820","1","1","1","34848","34848","34848","1","1","1"
"1484","35106","35106","35106","1","1","1","64822","64822","64822","1","1","1","34850","34850","34850","1","1","1"
"1485","35266","35266","35266","0.8","0.8","0.8","65138","65138","65138","0.8","0.8","0.8","35010","35010","35010","1","1","1"
"1486","35268","35268","35268","1","1","1","65140","65140","65140","0.8","0.8","0.8","35012","35012","35012","1","1","1"
"1487","35270","35270","35270","1","1","1","65142","65142","65142","0.8","0.8","0.8","35014","35014","35014","1","1","1"
"1488","35272","35272","35272","1","1","1","65144","65144","65144","1","1","1","35016","35016","35016","1","1","1"
"1489","35274","35274","35274","1","1","1","65146","65146","65146","1","1","1","35018","35018","35018","1","1","1"
"1490","35276","35276","35276","1","1","1","65148","65148","65148","1","1","1","35020","35020","35020","1","1","1"
"1491","35278","35278","35278","1","1","1","65150","65150","65150","0.8","0.8","0.8","35022","35022","35022","1","1","1"
"1492","35280","35280","35280","1","1","1","65152","65152","65152","1","1","1","35024","35024","35024","1","1","1"
"1493","35282","35282","35282","1","1","1","65154","65154","65154","1","1","1","35026","35026","35026","0.9","0.9","0.9"
"1494","35447","35447","35447","1","1","1","65470","65470","65470","0.8","0.8","0.8","35184","35184","35184","1","1","1"
"1495","35449","35449","35449","1","1","1","65472","65472","65472","1","1","1","35186","35186","35186","1","1","1"
"1496","35451","35451","35451","1","1","1","65474","65474","65474","1","1","1","35188","35188","35188","1","1","1"
"1497","35453","35453","35453","1","1","1","65476","65476","65476","0.8","0.8","0.8","35190","35190","35190","1","1","1"
"1498","35455","35455","35455","1","1","1","65478","65478","65478","1","1","1","35192","35192","35192","1","1","1"
"1499","35457","35457","35457","1","1","1","65480","65480","65480","1","1","1","35194","35194","35194","1","1","1"
"1500","35459","35459","35459","1","1","1","65482","65482","65482","1","1","1","35196","35196","35196","1","1","1"
"1501","35461","35461","35461","1","1","1","65484","65484","65484","1","1","1","35198","35198","35198","1","1","1"
"1502","35463","35463","35463","1","1","1","65486","65486","65486","1","1","1","35200","35200","35200","1","1","1"
"1503","35622","35622","35622","1","1","1","65803","65803","65803","0.8","0.8","0.8","35364","35364","35364","1","1","1"
"1504","35624","35624","35624","1","1","1","65805","65805","65805","0.8","0.8","0.8","35366","35366","35366","1","1","1"
"1505","35626","35626","35626","1","1","1","65807","65807","65807","1","1","1","35368","35368","35368","1","1","1"
"1506","35628","35628","35628","1","1","1","65809","65809","65809","0.8","0.8","0.8","35370","35370","35370","1","1","1"
"1507","35630","35630","35630","1","1","1","65811","65811","65811","1","1","1","35372","35372","35372","1","1","1"
"1508","35632","35632","35632","1","1","1","65813","65813","65813","1","1","1","35374","35374","35374","1","1","1"
"1509","35634","35634","35634","1","1","1","65815","65815","65815","1","1","1","35376","35376","35376","1","1","1"
"1510","35636","35636","35636","1","1","1","65817","65817","65817","1","1","1","35378","35378","35378","1","1","1"
"1511","35638","35638","35638","1","1","1","65819","65819","65819","1","1","1","35380","35380","35380","1","1","1"
"1512","35800","35800","35800","1","1","1","66135","66135","66135","1","1","1","35545","35545","35545","1","1","1"
"1513","35802","35802","35802","1","1","1","66137","66137","66137","0.8","0.8","0.8","35547","35547","35547","1","1","1"
"1514","35804","35804","35804","1","1","1","66139","66139","66139","1","1","1","35549","35549","35549","1","1","1"
"1515","35806","35806","35806","1","1","1","66141","66141","66141","1","1","1","35551","35551","35551","1","1","1"
"1516","35808","35808","35808","1","1","1","66143","66143","66143","1","1","1","35553","35553","35553","1","1","1"
"1517","35810","35810","35810","1","1","1","66145","66145","66145","1","1","1","35555","35555","35555","1","1","1"
"1518","35812","35812","35812","1","1","1","66147","66147","66147","1","1","1","35557","35557","35557","1","1","1"
"1519","35814","35814","35814","1","1","1","66149","66149","66149","1","1","1","35559","35559","35559","1","1","1"
"1520","35816","35816","35816","1","1","1","66151","66151","66151","1","1","1","35561","35561","35561","1","1","1"
"1521","35975","35975","35975","1","1","1","66467","66467","66467","0.8","0.8","0.8","35723","35723","35723","1","1","1"
"1522","35977","35977","35977","1","1","1","66469","66469","66469","1","1","1","35725","35725","35725","1","1","1"
"1523","35979","35979","35979","1","1","1","66471","66471","66471","1","1","1","35727","35727","35727","1","1","1"
"1524","35981","35981","35981","1","1","1","66473","66473","66473","1","1","1","35729","35729","35729","1","1","1"
"1525","35983","35983","35983","1","1","1","66475","66475","66475","1","1","1","35731","35731","35731","1","1","1"
"1526","35985","35985","35985","1","1","1","66477","66477","66477","1","1","1","35733","35733","35733","1","1","1"
"1527","35987","35987","35987","1","1","1","66479","66479","66479","1","1","1","35735","35735","35735","1","1","1"
"1528","35989","35989","35989","1","1","1","66481","66481","66481","1","1","1","35737","35737","35737","1","1","1"
"1529","35991","35991","35991","1","1","1","66483","66483","66483","1","1","1","35739","35739","35739","1","1","1"
"1530","36157","36157","36157","1","1","1","66800","66800","66800","0.8","0.8","0.8","35900","35900","35900","1","1","1"
"1531","36159","36159","36159","0.8","0.8","0.8","66802","66802","66802","1","1","1","35902","35902","35902","1","1","1"
"1532","36161","36161","36161","0.8","0.8","0.8","66804","66804","66804","0.8","0.8","0.8","35904","35904","35904","1","1","1"
"1533","36163","36163","36163","1","1","1","66806","66806","66806","1","1","1","35906","35906","35906","1","1","1"
"1534","36165","36165","36165","1","1","1","66808","66808","66808","1","1","1","35908","35908","35908","1","1","1"
"1535","36167","36167","36167","1","1","1","66810","66810","66810","1","1","1","35910","35910","35910","1","1","1"
"1536","36169","36169","36169","1","1","1","66812","66812","66812","1","1","1","35912","35912","35912","1","1","1"
"1537","36171","36171","36171","1","1","1","66814","66814","66814","1","1","1","35914","35914","35914","1","1","1"
"1538","36173","36173","36173","1","1","1","66816","66816","66816","1","1","1","35916","35916","35916","1","1","1"
"1539","36335","36335","36335","1","1","1","67132","67132","67132","0.8","0.8","0.8","36074","36074","36074","1","1","1"
"1540","36337","36337","36337","1","1","1","67134","67134","67134","1","1","1","36076","36076","36076","1","1","1"
"1541","36339","36339","36339","1","1","1","67136","67136","67136","1","1","1","36078","36078","36078","1","1","1"
"1542","36341","36341","36341","1","1","1","67138","67138","67138","0.8","0.8","0.8","36080","36080","36080","1","1","1"
"1543","36343","36343","36343","1","1","1","67140","67140","67140","1","1","1","36082","36082","36082","1","1","1"
"1544","36345","36345","36345","1","1","1","67142","67142","67142","1","1","1","36084","36084","36084","1","1","1"
"1545","36347","36347","36347","1","1","1","67144","67144","67144","1","1","1","36086","36086","36086","1","1","1"
"1546","36349","36349","36349","1","1","1","67146","67146","67146","1","1","1","36088","36088","36088","1","1","1"
"1547","36351","36351","36351","1","1","1","67148","67148","67148","1","1","1","36090","36090","36090","1","1","1"
"1548","36513","36513","36513","1","1","1","67465","67465","67465","0.8","0.8","0.8","36255","36255","36255","1","1","1"
"1549","36515","36515","36515","1","1","1","67467","67467","67467","1","1","1","36257","36257","36257","1","1","1"
"1550","36517","36517","36517","1","1","1","67469","67469","67469","1","1","1","36259","36259","36259","1","1","1"
"1551","36519","36519","36519","1","1","1","67471","67471","67471","1","1","1","36261","36261","36261","1","1","1"
"1552","36521","36521","36521","1","1","1","67473","67473","67473","1","1","1","36263","36263","36263","1","1","1"
"1553","36523","36523","36523","1","1","1","67475","67475","67475","1","1","1","36265","36265","36265","1","1","1"
"1554","36525","36525","36525","1","1","1","67477","67477","67477","1","1","1","36267","36267","36267","1","1","1"
"1555","36527","36527","36527","1","1","1","67479","67479","67479","1","1","1","36269","36269","36269","1","1","1"
"1556","36529","36529","36529","1","1","1","67481","67481","67481","1","1","1","36271","36271","36271","1","1","1"
"1557","36688","36688","36688","1","1","1","67797","67797","67797","0.8","0.8","0.8","36428","36428","36428","1","1","1"
"1558","36690","36690","36690","1","1","1","67799","67799","67799","1","1","1","36430","36430","36430","1","1","1"
"1559","36692","36692","36692","1","1","1","67801","67801","67801","1","1","1","36432","36432","36432","1","1","1"
"1560","36694","36694","36694","1","1","1","67803","67803","67803","1","1","1","36434","36434","36434","1","1","1"
"1561","36696","36696","36696","1","1","1","67805","67805","67805","1","1","1","36436","36436","36436","1","1","1"
"1562","36698","36698","36698","1","1","1","67807","67807","67807","1","1","1","36438","36438","36438","1","1","1"
"1563","36700","36700","36700","1","1","1","67809","67809","67809","1","1","1","36440","36440","36440","1","1","1"
"1564","36702","36702","36702","1","1","1","67811","67811","67811","1","1","1","36442","36442","36442","1","1","1"
"1565","36704","36704","36704","1","1","1","67813","67813","67813","1","1","1","36444","36444","36444","1","1","1"
"1566","36863","36863","36863","1","1","1","68129","68129","68129","0.8","0.8","0.8","36610","36610","36610","1","1","1"
"1567","36865","36865","36865","1","1","1","68131","68131","68131","1","1","1","36612","36612","36612","1","1","1"
"1568","36867","36867","36867","1","1","1","68133","68133","68133","1","1","1","36614","36614","36614","1","1","1"
"1569","36869","36869","36869","1","1","1","68135","68135","68135","0.8","0.8","0.8","36616","36616","36616","1","1","1"
"1570","36871","36871","36871","1","1","1","68137","68137","68137","1","1","1","36618","36618","36618","1","1","1"
"1571","36873","36873","36873","1","1","1","68139","68139","68139","1","1","1","36620","36620","36620","1","1","1"
"1572","36875","36875","36875","1","1","1","68141","68141","68141","1","1","1","36622","36622","36622","1","1","1"
"1573","36877","36877","36877","1","1","1","68143","68143","68143","1","1","1","36624","36624","36624","1","1","1"
"1574","36879","36879","36879","1","1","1","68145","68145","68145","1","1","1","36626","36626","36626","1","1","1"
"1575","37039","37039","37039","1","1","1","68462","68462","68462","0.8","0.8","0.8","36787","36787","36787","1","1","1"
"1576","37041","37041","37041","0.8","0.8","0.8","68464","68464","68464","0.8","0.8","0.8","36789","36789","36789","1","1","1"
"1577","37043","37043","37043","1","1","1","68466","68466","68466","1","1","1","36791","36791","36791","1","1","1"
"1578","37045","37045","37045","1","1","1","68468","68468","68468","0.8","0.8","0.8","36793","36793","36793","1","1","1"
"1579","37047","37047","37047","1","1","1","68470","68470","68470","1","1","1","36795","36795","36795","1","1","1"
"1580","37049","37049","37049","1","1","1","68472","68472","68472","1","1","1","36797","36797","36797","1","1","1"
"1581","37051","37051","37051","1","1","1","68474","68474","68474","0.8","0.8","0.8","36799","36799","36799","1","1","1"
"1582","37053","37053","37053","1","1","1","68476","68476","68476","1","1","1","36801","36801","36801","1","1","1"
"1583","37055","37055","37055","1","1","1","68478","68478","68478","1","1","1","36803","36803","36803","1","1","1"
"1584","37217","37217","37217","1","1","1","68794","68794","68794","1","1","1","36965","36965","36965","1","1","1"
"1585","37219","37219","37219","1","1","1","68796","68796","68796","1","1","1","36967","36967","36967","1","1","1"
"1586","37221","37221","37221","1","1","1","68798","68798","68798","1","1","1","36969","36969","36969","1","1","1"
"1587","37223","37223","37223","1","1","1","68800","68800","68800","0.8","0.8","0.8","36971","36971","36971","1","1","1"
"1588","37225","37225","37225","1","1","1","68802","68802","68802","1","1","1","36973","36973","36973","1","1","1"
"1589","37227","37227","37227","1","1","1","68804","68804","68804","1","1","1","36975","36975","36975","1","1","1"
"1590","37229","37229","37229","1","1","1","68806","68806","68806","0.8","0.8","0.8","36977","36977","36977","1","1","1"
"1591","37231","37231","37231","1","1","1","68808","68808","68808","1","1","1","36979","36979","36979","1","1","1"
"1592","37233","37233","37233","1","1","1","68810","68810","68810","1","1","1","36981","36981","36981","1","1","1"
"1593","37397","37397","37397","1","1","1","69127","69127","69127","0.8","0.8","0.8","37138","37138","37138","1","1","1"
"1594","37399","37399","37399","1","1","1","69129","69129","69129","1","1","1","37140","37140","37140","1","1","1"
"1595","37401","37401","37401","1","1","1","69131","69131","69131","1","1","1","37142","37142","37142","1","1","1"
"1596","37403","37403","37403","1","1","1","69133","69133","69133","0.8","0.8","0.8","37144","37144","37144","1","1","1"
"1597","37405","37405","37405","1","1","1","69135","69135","69135","1","1","1","37146","37146","37146","1","1","1"
"1598","37407","37407","37407","1","1","1","69137","69137","69137","1","1","1","37148","37148","37148","1","1","1"
"1599","37409","37409","37409","1","1","1","69139","69139","69139","0.8","0.8","0.8","37150","37150","37150","1","1","1"
"1600","37411","37411","37411","1","1","1","69141","69141","69141","1","1","1","37152","37152","37152","1","1","1"
"1601","37413","37413","37413","1","1","1","69143","69143","69143","1","1","1","37154","37154","37154","1","1","1"
"1602","37574","37574","37574","1","1","1","69459","69459","69459","0.8","0.8","0.8","37314","37314","37314","1","1","1"
"1603","37576","37576","37576","0.8","0.8","0.8","69461","69461","69461","1","1","1","37316","37316","37316","1","1","1"
"1604","37578","37578","37578","1","1","1","69463","69463","69463","0.8","0.8","0.8","37318","37318","37318","1","1","1"
"1605","37580","37580","37580","1","1","1","69465","69465","69465","0.8","0.8","0.8","37320","37320","37320","1","1","1"
"1606","37582","37582","37582","1","1","1","69467","69467","69467","1","1","1","37322","37322","37322","1","1","1"
"1607","37584","37584","37584","1","1","1","69469","69469","69469","1","1","1","37324","37324","37324","0.8","0.8","0.8"
"1608","37586","37586","37586","1","1","1","69471","69471","69471","1","1","1","37326","37326","37326","1","1","1"
"1609","37588","37588","37588","1","1","1","69473","69473","69473","1","1","1","37328","37328","37328","1","1","1"
"1610","37590","37590","37590","1","1","1","69475","69475","69475","1","1","1","37330","37330","37330","1","1","1"
"1611","37753","37753","37753","1","1","1","69791","69791","69791","0.8","0.8","0.8","37486","37486","37486","1","1","1"
"1612","37755","37755","37755","1","1","1","69793","69793","69793","1","1","1","37488","37488","37488","1","1","1"
"1613","37757","37757","37757","1","1","1","69795","69795","69795","1","1","1","37490","37490","37490","1","1","1"
"1614","37759","37759","37759","1","1","1","69797","69797","69797","0.8","0.8","0.8","37492","37492","37492","1","1","1"
"1615","37761","37761","37761","1","1","1","69799","69799","69799","1","1","1","37494","37494","37494","1","1","1"
"1616","37763","37763","37763","1","1","1","69801","69801","69801","1","1","1","37496","37496","37496","1","1","1"
"1617","37765","37765","37765","1","1","1","69803","69803","69803","1","1","1","37498","37498","37498","1","1","1"
"1618","37767","37767","37767","1","1","1","69805","69805","69805","1","1","1","37500","37500","37500","1","1","1"
"1619","37769","37769","37769","1","1","1","69807","69807","69807","1","1","1","37502","37502","37502","0.8","0.8","0.8"
"1620","37928","37928","37928","1","1","1","70123","70123","70123","0.8","0.8","0.8","37659","37659","37659","1","1","1"
"1621","37930","37930","37930","1","1","1","70125","70125","70125","1","1","1","37661","37661","37661","1","1","1"
"1622","37932","37932","37932","1","1","1","70127","70127","70127","0.8","0.8","0.8","37663","37663","37663","1","1","1"
"1623","37934","37934","37934","1","1","1","70129","70129","70129","0.8","0.8","0.8","37665","37665","37665","1","1","1"
"1624","37936","37936","37936","1","1","1","70131","70131","70131","1","1","1","37667","37667","37667","1","1","1"
"1625","37938","37938","37938","1","1","1","70133","70133","70133","1","1","1","37669","37669","37669","1","1","1"
"1626","37940","37940","37940","1","1","1","70135","70135","70135","0.8","0.8","0.8","37671","37671","37671","1","1","1"
"1627","37942","37942","37942","1","1","1","70137","70137","70137","1","1","1","37673","37673","37673","1","1","1"
"1628","37944","37944","37944","1","1","1","70139","70139","70139","1","1","1","37675","37675","37675","1","1","1"
"1629","38108","38108","38108","1","1","1","70456","70456","70456","0.8","0.8","0.8","37834","37834","37834","1","1","1"
"1630","38110","38110","38110","0.8","0.8","0.8","70458","70458","70458","1","1","1","37836","37836","37836","1","1","1"
"1631","38112","38112","38112","0.8","0.8","0.8","70460","70460","70460","1","1","1","37838","37838","37838","1","1","1"
"1632","38114","38114","38114","0.8","0.8","0.8","70462","70462","70462","0.8","0.8","0.8","37840","37840","37840","1","1","1"
"1633","38116","38116","38116","1","1","1","70464","70464","70464","1","1","1","37842","37842","37842","1","1","1"
"1634","38118","38118","38118","1","1","1","70466","70466","70466","1","1","1","37844","37844","37844","1","1","1"
"1635","38120","38120","38120","1","1","1","70468","70468","70468","0.8","0.8","0.8","37846","37846","37846","1","1","1"
"1636","38122","38122","38122","1","1","1","70470","70470","70470","1","1","1","37848","37848","37848","1","1","1"
"1637","38124","38124","38124","1","1","1","70472","70472","70472","1","1","1","37850","37850","37850","1","1","1"
"1638","38282","38282","38282","1","1","1","70788","70788","70788","0.8","0.8","0.8","38007","38007","38007","1","1","1"
"1639","38284","38284","38284","0.8","0.8","0.8","70790","70790","70790","0.8","0.8","0.8","38009","38009","38009","1","1","1"
"1640","38286","38286","38286","1","1","1","70792","70792","70792","0.8","0.8","0.8","38011","38011","38011","1","1","1"
"1641","38288","38288","38288","1","1","1","70794","70794","70794","0.8","0.8","0.8","38013","38013","38013","1","1","1"
"1642","38290","38290","38290","1","1","1","70796","70796","70796","1","1","1","38015","38015","38015","1","1","1"
"1643","38292","38292","38292","1","1","1","70798","70798","70798","1","1","1","38017","38017","38017","1","1","1"
"1644","38294","38294","38294","1","1","1","70800","70800","70800","1","1","1","38019","38019","38019","1","1","1"
"1645","38296","38296","38296","1","1","1","70802","70802","70802","1","1","1","38021","38021","38021","1","1","1"
"1646","38298","38298","38298","1","1","1","70804","70804","70804","1","1","1","38023","38023","38023","1","1","1"
"1647","38460","38460","38460","1","1","1","71120","71120","71120","0.8","0.8","0.8","38185","38185","38185","1","1","1"
"1648","38462","38462","38462","1","1","1","71122","71122","71122","1","1","1","38187","38187","38187","1","1","1"
"1649","38464","38464","38464","1","1","1","71124","71124","71124","1","1","1","38189","38189","38189","1","1","1"
"1650","38466","38466","38466","1","1","1","71126","71126","71126","0.8","0.8","0.8","38191","38191","38191","1","1","1"
"1651","38468","38468","38468","1","1","1","71128","71128","71128","1","1","1","38193","38193","38193","1","1","1"
"1652","38470","38470","38470","1","1","1","71130","71130","71130","1","1","1","38195","38195","38195","1","1","1"
"1653","38472","38472","38472","1","1","1","71132","71132","71132","0.8","0.8","0.8","38197","38197","38197","1","1","1"
"1654","38474","38474","38474","1","1","1","71134","71134","71134","1","1","1","38199","38199","38199","1","1","1"
"1655","38476","38476","38476","1","1","1","71136","71136","71136","1","1","1","38201","38201","38201","1","1","1"
"1656","38638","38638","38638","1","1","1","71453","71453","71453","0.8","0.8","0.8","38362","38362","38362","1","1","1"
"1657","38640","38640","38640","1","1","1","71455","71455","71455","1","1","1","38364","38364","38364","1","1","1"
"1658","38642","38642","38642","0.8","0.8","0.8","71457","71457","71457","1","1","1","38366","38366","38366","1","1","1"
"1659","38644","38644","38644","1","1","1","71459","71459","71459","0.8","0.8","0.8","38368","38368","38368","1","1","1"
"1660","38646","38646","38646","1","1","1","71461","71461","71461","1","1","1","38370","38370","38370","1","1","1"
"1661","38648","38648","38648","1","1","1","71463","71463","71463","1","1","1","38372","38372","38372","1","1","1"
"1662","38650","38650","38650","1","1","1","71465","71465","71465","1","1","1","38374","38374","38374","1","1","1"
"1663","38652","38652","38652","1","1","1","71467","71467","71467","1","1","1","38376","38376","38376","1","1","1"
"1664","38654","38654","38654","1","1","1","71469","71469","71469","1","1","1","38378","38378","38378","1","1","1"
"1665","38816","38816","38816","0.8","0.8","0.8","71785","71785","71785","0.8","0.8","0.8","38538","38538","38538","1","1","1"
"1666","38818","38818","38818","1","1","1","71787","71787","71787","1","1","1","38540","38540","38540","1","1","1"
"1667","38820","38820","38820","1","1","1","71789","71789","71789","1","1","1","38542","38542","38542","1","1","1"
"1668","38822","38822","38822","1","1","1","71791","71791","71791","0.8","0.8","0.8","38544","38544","38544","1","1","1"
"1669","38824","38824","38824","1","1","1","71793","71793","71793","1","1","1","38546","38546","38546","1","1","1"
"1670","38826","38826","38826","1","1","1","71795","71795","71795","1","1","1","38548","38548","38548","1","1","1"
"1671","38828","38828","38828","0.8","0.8","0.8","71797","71797","71797","0.8","0.8","0.8","38550","38550","38550","1","1","1"
"1672","38830","38830","38830","1","1","1","71799","71799","71799","1","1","1","38552","38552","38552","1","1","1"
"1673","38832","38832","38832","1","1","1","71801","71801","71801","1","1","1","38554","38554","38554","1","1","1"
"1674","38997","38997","38997","1","1","1","72118","72118","72118","0.8","0.8","0.8","38711","38711","38711","1","1","1"
"1675","38999","38999","38999","1","1","1","72120","72120","72120","1","1","1","38713","38713","38713","1","1","1"
"1676","39001","39001","39001","1","1","1","72122","72122","72122","1","1","1","38715","38715","38715","1","1","1"
"1677","39003","39003","39003","1","1","1","72124","72124","72124","0.8","0.8","0.8","38717","38717","38717","1","1","1"
"1678","39005","39005","39005","1","1","1","72126","72126","72126","1","1","1","38719","38719","38719","1","1","1"
"1679","39007","39007","39007","1","1","1","72128","72128","72128","1","1","1","38721","38721","38721","1","1","1"
"1680","39009","39009","39009","1","1","1","72130","72130","72130","0.8","0.8","0.8","38723","38723","38723","1","1","1"
"1681","39011","39011","39011","1","1","1","72132","72132","72132","1","1","1","38725","38725","38725","1","1","1"
"1682","39013","39013","39013","1","1","1","72134","72134","72134","1","1","1","38727","38727","38727","1","1","1"
"1683","39178","39178","39178","1","1","1","72450","72450","72450","0.8","0.8","0.8","38887","38887","38887","1","1","1"
"1684","39180","39180","39180","1","1","1","72452","72452","72452","1","1","1","38889","38889","38889","1","1","1"
"1685","39182","39182","39182","1","1","1","72454","72454","72454","1","1","1","38891","38891","38891","1","1","1"
"1686","39184","39184","39184","1","1","1","72456","72456","72456","0.8","0.8","0.8","38893","38893","38893","1","1","1"
"1687","39186","39186","39186","1","1","1","72458","72458","72458","1","1","1","38895","38895","38895","1","1","1"
"1688","39188","39188","39188","1","1","1","72460","72460","72460","1","1","1","38897","38897","38897","1","1","1"
"1689","39190","39190","39190","1","1","1","72462","72462","72462","0.8","0.8","0.8","38899","38899","38899","1","1","1"
"1690","39192","39192","39192","1","1","1","72464","72464","72464","1","1","1","38901","38901","38901","1","1","1"
"1691","39194","39194","39194","1","1","1","72466","72466","72466","1","1","1","38903","38903","38903","1","1","1"
"1692","39352","39352","39352","1","1","1","72782","72782","72782","0.8","0.8","0.8","39060","39060","39060","1","1","1"
"1693","39354","39354","39354","1","1","1","72784","72784","72784","1","1","1","39062","39062","39062","1","1","1"
"1694","39356","39356","39356","1","1","1","72786","72786","72786","0.8","0.8","0.8","39064","39064","39064","1","1","1"
"1695","39358","39358","39358","1","1","1","72788","72788","72788","0.8","0.8","0.8","39066","39066","39066","1","1","1"
"1696","39360","39360","39360","1","1","1","72790","72790","72790","1","1","1","39068","39068","39068","1","1","1"
"1697","39362","39362","39362","1","1","1","72792","72792","72792","1","1","1","39070","39070","39070","1","1","1"
"1698","39364","39364","39364","1","1","1","72794","72794","72794","1","1","1","39072","39072","39072","1","1","1"
"1699","39366","39366","39366","1","1","1","72796","72796","72796","1","1","1","39074","39074","39074","1","1","1"
"1700","39368","39368","39368","1","1","1","72798","72798","72798","1","1","1","39076","39076","39076","1","1","1"
"1701","39531","39531","39531","1","1","1","73115","73115","73115","0.8","0.8","0.8","39234","39234","39234","1","1","1"
"1702","39533","39533","39533","1","1","1","73117","73117","73117","1","1","1","39236","39236","39236","1","1","1"
"1703","39535","39535","39535","1","1","1","73119","73119","73119","1","1","1","39238","39238","39238","1","1","1"
"1704","39537","39537","39537","1","1","1","73121","73121","73121","0.8","0.8","0.8","39240","39240","39240","1","1","1"
"1705","39539","39539","39539","1","1","1","73123","73123","73123","1","1","1","39242","39242","39242","0.8","0.8","0.8"
"1706","39541","39541","39541","1","1","1","73125","73125","73125","1","1","1","39244","39244","39244","1","1","1"
"1707","39543","39543","39543","1","1","1","73127","73127","73127","0.8","0.8","0.8","39246","39246","39246","1","1","1"
"1708","39545","39545","39545","1","1","1","73129","73129","73129","1","1","1","39248","39248","39248","1","1","1"
"1709","39547","39547","39547","1","1","1","73131","73131","73131","1","1","1","39250","39250","39250","1","1","1"
"1710","39713","39713","39713","1","1","1","73447","73447","73447","0.8","0.8","0.8","39406","39406","39406","1","1","1"
"1711","39715","39715","39715","1","1","1","73449","73449","73449","1","1","1","39408","39408","39408","1","1","1"
"1712","39717","39717","39717","0.8","0.8","0.8","73451","73451","73451","1","1","1","39410","39410","39410","1","1","1"
"1713","39719","39719","39719","1","1","1","73453","73453","73453","0.8","0.8","0.8","39412","39412","39412","1","1","1"
"1714","39721","39721","39721","1","1","1","73455","73455","73455","1","1","1","39414","39414","39414","0.8","0.8","0.8"
"1715","39723","39723","39723","1","1","1","73457","73457","73457","1","1","1","39416","39416","39416","1","1","1"
"1716","39725","39725","39725","1","1","1","73459","73459","73459","1","1","1","39418","39418","39418","1","1","1"
"1717","39727","39727","39727","1","1","1","73461","73461","73461","1","1","1","39420","39420","39420","1","1","1"
"1718","39729","39729","39729","1","1","1","73463","73463","73463","1","1","1","39422","39422","39422","1","1","1"
"1719","39887","39887","39887","1","1","1","73779","73779","73779","0.8","0.8","0.8","39582","39582","39582","1","1","1"
"1720","39889","39889","39889","1","1","1","73781","73781","73781","1","1","1","39584","39584","39584","1","1","1"
"1721","39891","39891","39891","0.8","0.8","0.8","73783","73783","73783","1","1","1","39586","39586","39586","1","1","1"
"1722","39893","39893","39893","1","1","1","73785","73785","73785","0.8","0.8","0.8","39588","39588","39588","1","1","1"
"1723","39895","39895","39895","1","1","1","73787","73787","73787","1","1","1","39590","39590","39590","1","1","1"
"1724","39897","39897","39897","1","1","1","73789","73789","73789","1","1","1","39592","39592","39592","1","1","1"
"1725","39899","39899","39899","1","1","1","73791","73791","73791","1","1","1","39594","39594","39594","1","1","1"
"1726","39901","39901","39901","1","1","1","73793","73793","73793","1","1","1","39596","39596","39596","1","1","1"
"1727","39903","39903","39903","1","1","1","73795","73795","73795","1","1","1","39598","39598","39598","1","1","1"
"1728","40064","40064","40064","1","1","1","74112","74112","74112","0.8","0.8","0.8","39760","39760","39760","1","1","1"
"1729","40066","40066","40066","1","1","1","74114","74114","74114","1","1","1","39762","39762","39762","1","1","1"
"1730","40068","40068","40068","1","1","1","74116","74116","74116","1","1","1","39764","39764","39764","1","1","1"
"1731","40070","40070","40070","1","1","1","74118","74118","74118","1","1","1","39766","39766","39766","1","1","1"
"1732","40072","40072","40072","1","1","1","74120","74120","74120","1","1","1","39768","39768","39768","1","1","1"
"1733","40074","40074","40074","1","1","1","74122","74122","74122","1","1","1","39770","39770","39770","1","1","1"
"1734","40076","40076","40076","0.8","0.8","0.8","74124","74124","74124","1","1","1","39772","39772","39772","1","1","1"
"1735","40078","40078","40078","1","1","1","74126","74126","74126","1","1","1","39774","39774","39774","1","1","1"
"1736","40080","40080","40080","1","1","1","74128","74128","74128","1","1","1","39776","39776","39776","1","1","1"
"1737","40246","40246","40246","0.8","0.8","0.8","74444","74444","74444","0.8","0.8","0.8","39937","39937","39937","1","1","1"
"1738","40248","40248","40248","0.8","0.8","0.8","74446","74446","74446","1","1","1","39939","39939","39939","1","1","1"
"1739","40250","40250","40250","1","1","1","74448","74448","74448","0.8","0.8","0.8","39941","39941","39941","1","1","1"
"1740","40252","40252","40252","1","1","1","74450","74450","74450","1","1","1","39943","39943","39943","1","1","1"
"1741","40254","40254","40254","1","1","1","74452","74452","74452","1","1","1","39945","39945","39945","1","1","1"
"1742","40256","40256","40256","1","1","1","74454","74454","74454","1","1","1","39947","39947","39947","1","1","1"
"1743","40258","40258","40258","1","1","1","74456","74456","74456","1","1","1","39949","39949","39949","1","1","1"
"1744","40260","40260","40260","1","1","1","74458","74458","74458","1","1","1","39951","39951","39951","1","1","1"
"1745","40262","40262","40262","1","1","1","74460","74460","74460","0.8","0.8","0.8","39953","39953","39953","1","1","1"
"1746","40422","40422","40422","0.8","0.8","0.8","74776","74776","74776","0.8","0.8","0.8","40113","40113","40113","1","1","1"
"1747","40424","40424","40424","1","1","1","74778","74778","74778","1","1","1","40115","40115","40115","1","1","1"
"1748","40426","40426","40426","1","1","1","74780","74780","74780","0.8","0.8","0.8","40117","40117","40117","1","1","1"
"1749","40428","40428","40428","1","1","1","74782","74782","74782","0.8","0.8","0.8","40119","40119","40119","1","1","1"
"1750","40430","40430","40430","1","1","1","74784","74784","74784","1","1","1","40121","40121","40121","1","1","1"
"1751","40432","40432","40432","1","1","1","74786","74786","74786","1","1","1","40123","40123","40123","1","1","1"
"1752","40434","40434","40434","1","1","1","74788","74788","74788","1","1","1","40125","40125","40125","1","1","1"
"1753","40436","40436","40436","1","1","1","74790","74790","74790","1","1","1","40127","40127","40127","1","1","1"
"1754","40438","40438","40438","1","1","1","74792","74792","74792","1","1","1","40129","40129","40129","1","1","1"
"1755","40601","40601","40601","0.8","0.8","0.8","75109","75109","75109","0.8","0.8","0.8","40290","40290","40290","1","1","1"
"1756","40603","40603","40603","1","1","1","75111","75111","75111","1","1","1","40292","40292","40292","1","1","1"
"1757","40605","40605","40605","1","1","1","75113","75113","75113","1","1","1","40294","40294","40294","1","1","1"
"1758","40607","40607","40607","0.8","0.8","0.8","75115","75115","75115","0.8","0.8","0.8","40296","40296","40296","1","1","1"
"1759","40609","40609","40609","1","1","1","75117","75117","75117","1","1","1","40298","40298","40298","1","1","1"
"1760","40611","40611","40611","1","1","1","75119","75119","75119","1","1","1","40300","40300","40300","0.8","0.8","0.8"
"1761","40613","40613","40613","1","1","1","75121","75121","75121","1","1","1","40302","40302","40302","1","1","1"
"1762","40615","40615","40615","1","1","1","75123","75123","75123","1","1","1","40304","40304","40304","1","1","1"
"1763","40617","40617","40617","1","1","1","75125","75125","75125","1","1","1","40306","40306","40306","1","1","1"
"1764","40781","40781","40781","1","1","1","75441","75441","75441","0.8","0.8","0.8","40469","40469","40469","1","1","1"
"1765","40783","40783","40783","1","1","1","75443","75443","75443","1","1","1","40471","40471","40471","1","1","1"
"1766","40785","40785","40785","1","1","1","75445","75445","75445","0.8","0.8","0.8","40473","40473","40473","1","1","1"
"1767","40787","40787","40787","1","1","1","75447","75447","75447","0.8","0.8","0.8","40475","40475","40475","1","1","1"
"1768","40789","40789","40789","1","1","1","75449","75449","75449","1","1","1","40477","40477","40477","1","1","1"
"1769","40791","40791","40791","1","1","1","75451","75451","75451","1","1","1","40479","40479","40479","1","1","1"
"1770","40793","40793","40793","1","1","1","75453","75453","75453","1","1","1","40481","40481","40481","1","1","1"
"1771","40795","40795","40795","1","1","1","75455","75455","75455","1","1","1","40483","40483","40483","1","1","1"
"1772","40797","40797","40797","1","1","1","75457","75457","75457","1","1","1","40485","40485","40485","1","1","1"
"1773","40961","40961","40961","1","1","1","75774","75774","75774","0.8","0.8","0.8","40644","40644","40644","1","1","1"
"1774","40963","40963","40963","0.8","0.8","0.8","75776","75776","75776","1","1","1","40646","40646","40646","1","1","1"
"1775","40965","40965","40965","1","1","1","75778","75778","75778","1","1","1","40648","40648","40648","1","1","1"
"1776","40967","40967","40967","1","1","1","75780","75780","75780","0.8","0.8","0.8","40650","40650","40650","1","1","1"
"1777","40969","40969","40969","1","1","1","75782","75782","75782","1","1","1","40652","40652","40652","1","1","1"
"1778","40971","40971","40971","1","1","1","75784","75784","75784","1","1","1","40654","40654","40654","1","1","1"
"1779","40973","40973","40973","1","1","1","75786","75786","75786","1","1","1","40656","40656","40656","1","1","1"
"1780","40975","40975","40975","1","1","1","75788","75788","75788","1","1","1","40658","40658","40658","1","1","1"
"1781","40977","40977","40977","1","1","1","75790","75790","75790","1","1","1","40660","40660","40660","1","1","1"
"1782","41141","41141","41141","1","1","1","76106","76106","76106","0.8","0.8","0.8","40817","40817","40817","1","1","1"
"1783","41143","41143","41143","1","1","1","76108","76108","76108","0.8","0.8","0.8","40819","40819","40819","1","1","1"
"1784","41145","41145","41145","1","1","1","76110","76110","76110","0.8","0.8","0.8","40821","40821","40821","1","1","1"
"1785","41147","41147","41147","0.8","0.8","0.8","76112","76112","76112","0.8","0.8","0.8","40823","40823","40823","1","1","1"
"1786","41149","41149","41149","1","1","1","76114","76114","76114","1","1","1","40825","40825","40825","1","1","1"
"1787","41151","41151","41151","1","1","1","76116","76116","76116","1","1","1","40827","40827","40827","1","1","1"
"1788","41153","41153","41153","0.8","0.8","0.8","76118","76118","76118","0.8","0.8","0.8","40829","40829","40829","1","1","1"
"1789","41155","41155","41155","1","1","1","76120","76120","76120","1","1","1","40831","40831","40831","1","1","1"
"1790","41157","41157","41157","1","1","1","76122","76122","76122","1","1","1","40833","40833","40833","1","1","1"
"1791","41318","41318","41318","1","1","1","76438","76438","76438","0.8","0.8","0.8","40995","40995","40995","1","1","1"
"1792","41320","41320","41320","1","1","1","76440","76440","76440","1","1","1","40997","40997","40997","1","1","1"
"1793","41322","41322","41322","0.8","0.8","0.8","76442","76442","76442","1","1","1","40999","40999","40999","1","1","1"
"1794","41324","41324","41324","1","1","1","76444","76444","76444","0.8","0.8","0.8","41001","41001","41001","1","1","1"
"1795","41326","41326","41326","1","1","1","76446","76446","76446","1","1","1","41003","41003","41003","1","1","1"
"1796","41328","41328","41328","1","1","1","76448","76448","76448","1","1","1","41005","41005","41005","1","1","1"
"1797","41330","41330","41330","1","1","1","76450","76450","76450","1","1","1","41007","41007","41007","1","1","1"
"1798","41332","41332","41332","1","1","1","76452","76452","76452","1","1","1","41009","41009","41009","1","1","1"
"1799","41334","41334","41334","1","1","1","76454","76454","76454","1","1","1","41011","41011","41011","1","1","1"
"1800","41494","41494","41494","1","1","1","76771","76771","76771","0.8","0.8","0.8","41174","41174","41174","1","1","1"
"1801","41496","41496","41496","1","1","1","76773","76773","76773","1","1","1","41176","41176","41176","1","1","1"
"1802","41498","41498","41498","1","1","1","76775","76775","76775","1","1","1","41178","41178","41178","1","1","1"
"1803","41500","41500","41500","1","1","1","76777","76777","76777","0.8","0.8","0.8","41180","41180","41180","1","1","1"
"1804","41502","41502","41502","1","1","1","76779","76779","76779","1","1","1","41182","41182","41182","1","1","1"
"1805","41504","41504","41504","1","1","1","76781","76781","76781","1","1","1","41184","41184","41184","1","1","1"
"1806","41506","41506","41506","1","1","1","76783","76783","76783","1","1","1","41186","41186","41186","1","1","1"
"1807","41508","41508","41508","1","1","1","76785","76785","76785","1","1","1","41188","41188","41188","1","1","1"
"1808","41510","41510","41510","1","1","1","76787","76787","76787","1","1","1","41190","41190","41190","1","1","1"
"1809","41672","41672","41672","1","1","1","77103","77103","77103","0.8","0.8","0.8","41352","41352","41352","1","1","1"
"1810","41674","41674","41674","1","1","1","77105","77105","77105","1","1","1","41354","41354","41354","1","1","1"
"1811","41676","41676","41676","1","1","1","77107","77107","77107","1","1","1","41356","41356","41356","1","1","1"
"1812","41678","41678","41678","1","1","1","77109","77109","77109","0.8","0.8","0.8","41358","41358","41358","1","1","1"
"1813","41680","41680","41680","1","1","1","77111","77111","77111","1","1","1","41360","41360","41360","1","1","1"
"1814","41682","41682","41682","1","1","1","77113","77113","77113","1","1","1","41362","41362","41362","1","1","1"
"1815","41684","41684","41684","1","1","1","77115","77115","77115","1","1","1","41364","41364","41364","1","1","1"
"1816","41686","41686","41686","1","1","1","77117","77117","77117","1","1","1","41366","41366","41366","1","1","1"
"1817","41688","41688","41688","1","1","1","77119","77119","77119","1","1","1","41368","41368","41368","1","1","1"
"1818","41849","41849","41849","1","1","1","77435","77435","77435","0.8","0.8","0.8","41529","41529","41529","1","1","1"
"1819","41851","41851","41851","1","1","1","77437","77437","77437","1","1","1","41531","41531","41531","1","1","1"
"1820","41853","41853","41853","1","1","1","77439","77439","77439","1","1","1","41533","41533","41533","1","1","1"
"1821","41855","41855","41855","1","1","1","77441","77441","77441","1","1","1","41535","41535","41535","1","1","1"
"1822","41857","41857","41857","1","1","1","77443","77443","77443","1","1","1","41537","41537","41537","1","1","1"
"1823","41859","41859","41859","1","1","1","77445","77445","77445","1","1","1","41539","41539","41539","1","1","1"
"1824","41861","41861","41861","1","1","1","77447","77447","77447","1","1","1","41541","41541","41541","1","1","1"
"1825","41863","41863","41863","1","1","1","77449","77449","77449","1","1","1","41543","41543","41543","1","1","1"
"1826","41865","41865","41865","1","1","1","77451","77451","77451","1","1","1","41545","41545","41545","1","1","1"
"1827","42025","42025","42025","1","1","1","77768","77768","77768","0.8","0.8","0.8","41707","41707","41707","1","1","1"
"1828","42027","42027","42027","1","1","1","77770","77770","77770","1","1","1","41709","41709","41709","1","1","1"
"1829","42029","42029","42029","1","1","1","77772","77772","77772","1","1","1","41711","41711","41711","1","1","1"
"1830","42031","42031","42031","1","1","1","77774","77774","77774","0.8","0.8","0.8","41713","41713","41713","1","1","1"
"1831","42033","42033","42033","1","1","1","77776","77776","77776","1","1","1","41715","41715","41715","1","1","1"
"1832","42035","42035","42035","1","1","1","77778","77778","77778","1","1","1","41717","41717","41717","1","1","1"
"1833","42037","42037","42037","1","1","1","77780","77780","77780","1","1","1","41719","41719","41719","1","1","1"
"1834","42039","42039","42039","1","1","1","77782","77782","77782","1","1","1","41721","41721","41721","1","1","1"
"1835","42041","42041","42041","1","1","1","77784","77784","77784","0.8","0.8","0.8","41723","41723","41723","1","1","1"
"1836","42204","42204","42204","1","1","1","78100","78100","78100","0.8","0.8","0.8","41880","41880","41880","1","1","1"
"1837","42206","42206","42206","0.8","0.8","0.8","78102","78102","78102","1","1","1","41882","41882","41882","1","1","1"
"1838","42208","42208","42208","1","1","1","78104","78104","78104","1","1","1","41884","41884","41884","1","1","1"
"1839","42210","42210","42210","1","1","1","78106","78106","78106","0.8","0.8","0.8","41886","41886","41886","1","1","1"
"1840","42212","42212","42212","1","1","1","78108","78108","78108","1","1","1","41888","41888","41888","1","1","1"
"1841","42214","42214","42214","1","1","1","78110","78110","78110","1","1","1","41890","41890","41890","1","1","1"
"1842","42216","42216","42216","1","1","1","78112","78112","78112","1","1","1","41892","41892","41892","1","1","1"
"1843","42218","42218","42218","1","1","1","78114","78114","78114","1","1","1","41894","41894","41894","1","1","1"
"1844","42220","42220","42220","1","1","1","78116","78116","78116","1","1","1","41896","41896","41896","1","1","1"
"1845","42380","42380","42380","1","1","1","78432","78432","78432","0.8","0.8","0.8","42057","42057","42057","1","1","1"
"1846","42382","42382","42382","1","1","1","78434","78434","78434","1","1","1","42059","42059","42059","1","1","1"
"1847","42384","42384","42384","1","1","1","78436","78436","78436","1","1","1","42061","42061","42061","1","1","1"
"1848","42386","42386","42386","1","1","1","78438","78438","78438","1","1","1","42063","42063","42063","1","1","1"
"1849","42388","42388","42388","1","1","1","78440","78440","78440","1","1","1","42065","42065","42065","1","1","1"
"1850","42390","42390","42390","1","1","1","78442","78442","78442","1","1","1","42067","42067","42067","1","1","1"
"1851","42392","42392","42392","1","1","1","78444","78444","78444","1","1","1","42069","42069","42069","1","1","1"
"1852","42394","42394","42394","1","1","1","78446","78446","78446","1","1","1","42071","42071","42071","1","1","1"
"1853","42396","42396","42396","1","1","1","78448","78448","78448","1","1","1","42073","42073","42073","1","1","1"
"1854","42560","42560","42560","1","1","1","78765","78765","78765","0.8","0.8","0.8","42235","42235","42235","1","1","1"
"1855","42562","42562","42562","1","1","1","78767","78767","78767","1","1","1","42237","42237","42237","1","1","1"
"1856","42564","42564","42564","1","1","1","78769","78769","78769","1","1","1","42239","42239","42239","1","1","1"
"1857","42566","42566","42566","0.8","0.8","0.8","78771","78771","78771","0.8","0.8","0.8","42241","42241","42241","1","1","1"
"1858","42568","42568","42568","1","1","1","78773","78773","78773","1","1","1","42243","42243","42243","1","1","1"
"1859","42570","42570","42570","1","1","1","78775","78775","78775","1","1","1","42245","42245","42245","1","1","1"
"1860","42572","42572","42572","0.8","0.8","0.8","78777","78777","78777","0.8","0.8","0.8","42247","42247","42247","1","1","1"
"1861","42574","42574","42574","1","1","1","78779","78779","78779","1","1","1","42249","42249","42249","1","1","1"
"1862","42576","42576","42576","1","1","1","78781","78781","78781","1","1","1","42251","42251","42251","1","1","1"
"1863","42740","42740","42740","1","1","1","79097","79097","79097","0.8","0.8","0.8","42408","42408","42408","1","1","1"
"1864","42742","42742","42742","1","1","1","79099","79099","79099","1","1","1","42410","42410","42410","1","1","1"
"1865","42744","42744","42744","0.8","0.8","0.8","79101","79101","79101","1","1","1","42412","42412","42412","1","1","1"
"1866","42746","42746","42746","0.8","0.8","0.8","79103","79103","79103","0.8","0.8","0.8","42414","42414","42414","1","1","1"
"1867","42748","42748","42748","1","1","1","79105","79105","79105","1","1","1","42416","42416","42416","1","1","1"
"1868","42750","42750","42750","1","1","1","79107","79107","79107","1","1","1","42418","42418","42418","1","1","1"
"1869","42752","42752","42752","1","1","1","79109","79109","79109","1","1","1","42420","42420","42420","1","1","1"
"1870","42754","42754","42754","1","1","1","79111","79111","79111","1","1","1","42422","42422","42422","1","1","1"
"1871","42756","42756","42756","1","1","1","79113","79113","79113","1","1","1","42424","42424","42424","1","1","1"
"1872","42913","42913","42913","1","1","1","79430","79430","79430","0.8","0.8","0.8","","","","","",""
"1873","42915","42915","42915","0.8","0.8","0.8","79432","79432","79432","1","1","1","","","","","",""
"1874","42917","42917","42917","1","1","1","79434","79434","79434","0.8","0.8","0.8","","","","","",""
"1875","42919","42919","42919","0.8","0.8","0.8","79436","79436","79436","1","1","1","","","","","",""
"1876","42921","42921","42921","1","1","1","79438","79438","79438","1","1","1","","","","","",""
"1877","42923","42923","42923","1","1","1","79440","79440","79440","1","1","1","","","","","",""
"1878","42925","42925","42925","0.8","0.8","0.8","79442","79442","79442","1","1","1","","","","","",""
"1879","42927","42927","42927","1","1","1","79444","79444","79444","1","1","1","","","","","",""
"1880","42929","42929","42929","1","1","1","79446","79446","79446","1","1","1","","","","","",""
"1881","43087","43087","43087","1","1","1","79762","79762","79762","0.8","0.8","0.8","","","","","",""
"1882","43089","43089","43089","1","1","1","79764","79764","79764","1","1","1","","","","","",""
"1883","43091","43091","43091","1","1","1","79766","79766","79766","1","1","1","","","","","",""
"1884","43093","43093","43093","1","1","1","79768","79768","79768","0.8","0.8","0.8","","","","","",""
"1885","43095","43095","43095","1","1","1","79770","79770","79770","1","1","1","","","","","",""
"1886","43097","43097","43097","1","1","1","79772","79772","79772","1","1","1","","","","","",""
"1887","43099","43099","43099","1","1","1","79774","79774","79774","1","1","1","","","","","",""
"1888","43101","43101","43101","1","1","1","79776","79776","79776","1","1","1","","","","","",""
"1889","43103","43103","43103","1","1","1","79778","79778","79778","1","1","1","","","","","",""
"1890","43269","43269","43269","1","1","1","80094","80094","80094","0.8","0.8","0.8","","","","","",""
"1891","43271","43271","43271","1","1","1","80096","80096","80096","1","1","1","","","","","",""
"1892","43273","43273","43273","0.8","0.8","0.8","80098","80098","80098","1","1","1","","","","","",""
"1893","43275","43275","43275","1","1","1","80100","80100","80100","1","1","1","","","","","",""
"1894","43277","43277","43277","1","1","1","80102","80102","80102","1","1","1","","","","","",""
"1895","43279","43279","43279","1","1","1","80104","80104","80104","1","1","1","","","","","",""
"1896","43281","43281","43281","1","1","1","80106","80106","80106","1","1","1","","","","","",""
"1897","43283","43283","43283","1","1","1","80108","80108","80108","1","1","1","","","","","",""
"1898","43285","43285","43285","1","1","1","80110","80110","80110","1","1","1","","","","","",""
"1899","43443","43443","43443","0.8","0.8","0.8","80427","80427","80427","0.8","0.8","0.8","","","","","",""
"1900","43445","43445","43445","0.8","0.8","0.8","80429","80429","80429","1","1","1","","","","","",""
"1901","43447","43447","43447","1","1","1","80431","80431","80431","1","1","1","","","","","",""
"1902","43449","43449","43449","1","1","1","80433","80433","80433","0.8","0.8","0.8","","","","","",""
"1903","43451","43451","43451","1","1","1","80435","80435","80435","1","1","1","","","","","",""
"1904","43453","43453","43453","0.8","0.8","0.8","80437","80437","80437","1","1","1","","","","","",""
"1905","43455","43455","43455","0.8","0.8","0.8","80439","80439","80439","1","1","1","","","","","",""
"1906","43457","43457","43457","1","1","1","80441","80441","80441","1","1","1","","","","","",""
"1907","43459","43459","43459","1","1","1","80443","80443","80443","1","1","1","","","","","",""
"1908","43624","43624","43624","1","1","1","","","","","","","","","","","",""
"1909","43626","43626","43626","1","1","1","","","","","","","","","","","",""
"1910","43628","43628","43628","1","1","1","","","","","","","","","","","",""
"1911","43630","43630","43630","1","1","1","","","","","","","","","","","",""
"1912","43632","43632","43632","1","1","1","","","","","","","","","","","",""
"1913","43634","43634","43634","1","1","1","","","","","","","","","","","",""
"1914","43636","43636","43636","1","1","1","","","","","","","","","","","",""
"1915","43638","43638","43638","1","1","1","","","","","","","","","","","",""
"1916","43640","43640","43640","1","1","1","","","","","","","","","","","",""
"1917","43803","43803","43803","0.8","0.8","0.8","","","","","","","","","","","",""
"1918","43805","43805","43805","0.8","0.8","0.8","","","","","","","","","","","",""
"1919","43807","43807","43807","1","1","1","","","","","","","","","","","",""
"1920","43809","43809","43809","1","1","1","","","","","","","","","","","",""
"1921","43811","43811","43811","1","1","1","","","","","","","","","","","",""
"1922","43813","43813","43813","1","1","1","","","","","","","","","","","",""
"1923","43815","43815","43815","1","1","1","","","","","","","","","","","",""
"1924","43817","43817","43817","1","1","1","","","","","","","","","","","",""
"1925","43819","43819","43819","1","1","1","","","","","","","","","","","",""
"1926","43982","43982","43982","1","1","1","","","","","","","","","","","",""
"1927","43984","43984","43984","1","1","1","","","","","","","","","","","",""
"1928","43986","43986","43986","1","1","1","","","","","","","","","","","",""
"1929","43988","43988","43988","1","1","1","","","","","","","","","","","",""
"1930","43990","43990","43990","1","1","1","","","","","","","","","","","",""
"1931","43992","43992","43992","1","1","1","","","","","","","","","","","",""
"1932","43994","43994","43994","1","1","1","","","","","","","","","","","",""
"1933","43996","43996","43996","1","1","1","","","","","","","","","","","",""
"1934","43998","43998","43998","1","1","1","","","","","","","","","","","",""
"1935","44157","44157","44157","1","1","1","","","","","","","","","","","",""
"1936","44159","44159","44159","1","1","1","","","","","","","","","","","",""
"1937","44161","44161","44161","1","1","1","","","","","","","","","","","",""
"1938","44163","44163","44163","0.8","0.8","0.8","","","","","","","","","","","",""
"1939","44165","44165","44165","1","1","1","","","","","","","","","","","",""
"1940","44167","44167","44167","1","1","1","","","","","","","","","","","",""
"1941","44169","44169","44169","1","1","1","","","","","","","","","","","",""
"1942","44171","44171","44171","1","1","1","","","","","","","","","","","",""
"1943","44173","44173","44173","1","1","1","","","","","","","","","","","",""
"1944","44330","44330","44330","1","1","1","","","","","","","","","","","",""
"1945","44332","44332","44332","1","1","1","","","","","","","","","","","",""
"1946","44334","44334","44334","1","1","1","","","","","","","","","","","",""
"1947","44336","44336","44336","0.8","0.8","0.8","","","","","","","","","","","",""
"1948","44338","44338","44338","1","1","1","","","","","","","","","","","",""
"1949","44340","44340","44340","1","1","1","","","","","","","","","","","",""
"1950","44342","44342","44342","1","1","1","","","","","","","","","","","",""
"1951","44344","44344","44344","1","1","1","","","","","","","","","","","",""
"1952","44346","44346","44346","1","1","1","","","","","","","","","","","",""
"1953","44508","44508","44508","1","1","1","","","","","","","","","","","",""
"1954","44510","44510","44510","1","1","1","","","","","","","","","","","",""
"1955","44512","44512","44512","0.8","0.8","0.8","","","","","","","","","","","",""
"1956","44514","44514","44514","1","1","1","","","","","","","","","","","",""
"1957","44516","44516","44516","1","1","1","","","","","","","","","","","",""
"1958","44518","44518","44518","1","1","1","","","","","","","","","","","",""
"1959","44520","44520","44520","1","1","1","","","","","","","","","","","",""
"1960","44522","44522","44522","1","1","1","","","","","","","","","","","",""
"1961","44524","44524","44524","1","1","1","","","","","","","","","","","",""
"1962","44689","44689","44689","1","1","1","","","","","","","","","","","",""
"1963","44691","44691","44691","1","1","1","","","","","","","","","","","",""
"1964","44693","44693","44693","1","1","1","","","","","","","","","","","",""
"1965","44695","44695","44695","1","1","1","","","","","","","","","","","",""
"1966","44697","44697","44697","1","1","1","","","","","","","","","","","",""
"1967","44699","44699","44699","1","1","1","","","","","","","","","","","",""
"1968","44701","44701","44701","0.8","0.8","0.8","","","","","","","","","","","",""
"1969","44703","44703","44703","1","1","1","","","","","","","","","","","",""
"1970","44705","44705","44705","1","1","1","","","","","","","","","","","",""
"1971","44869","44869","44869","1","1","1","","","","","","","","","","","",""
"1972","44871","44871","44871","1","1","1","","","","","","","","","","","",""
"1973","44873","44873","44873","1","1","1","","","","","","","","","","","",""
"1974","44875","44875","44875","1","1","1","","","","","","","","","","","",""
"1975","44877","44877","44877","1","1","1","","","","","","","","","","","",""
"1976","44879","44879","44879","1","1","1","","","","","","","","","","","",""
"1977","44881","44881","44881","1","1","1","","","","","","","","","","","",""
"1978","44883","44883","44883","1","1","1","","","","","","","","","","","",""
"1979","44885","44885","44885","1","1","1","","","","","","","","","","","",""
"1980","45045","45045","45045","1","1","1","","","","","","","","","","","",""
"1981","45047","45047","45047","1","1","1","","","","","","","","","","","",""
"1982","45049","45049","45049","1","1","1","","","","","","","","","","","",""
"1983","45051","45051","45051","1","1","1","","","","","","","","","","","",""
"1984","45053","45053","45053","1","1","1","","","","","","","","","","","",""
"1985","45055","45055","45055","1","1","1","","","","","","","","","","","",""
"1986","45057","45057","45057","0.8","0.8","0.8","","","","","","","","","","","",""
"1987","45059","45059","45059","1","1","1","","","","","","","","","","","",""
"1988","45061","45061","45061","1","1","1","","","","","","","","","","","",""
"1989","45219","45219","45219","1","1","1","","","","","","","","","","","",""
"1990","45221","45221","45221","1","1","1","","","","","","","","","","","",""
"1991","45223","45223","45223","1","1","1","","","","","","","","","","","",""
"1992","45225","45225","45225","0.8","0.8","0.8","","","","","","","","","","","",""
"1993","45227","45227","45227","1","1","1","","","","","","","","","","","",""
"1994","45229","45229","45229","1","1","1","","","","","","","","","","","",""
"1995","45231","45231","45231","1","1","1","","","","","","","","","","","",""
"1996","45233","45233","45233","1","1","1","","","","","","","","","","","",""
"1997","45235","45235","45235","1","1","1","","","","","","","","","","","",""
"1998","45395","45395","45395","1","1","1","","","","","","","","","","","",""
"1999","45397","45397","45397","1","1","1","","","","","","","","","","","",""
"2000","45399","45399","45399","1","1","1","","","","","","","","","","","",""
"2001","45401","45401","45401","0.8","0.8","0.8","","","","","","","","","","","",""
"2002","45403","45403","45403","1","1","1","","","","","","","","","","","",""
"2003","45405","45405","45405","1","1","1","","","","","","","","","","","",""
"2004","45407","45407","45407","1","1","1","","","","","","","","","","","",""
"2005","45409","45409","45409","1","1","1","","","","","","","","","","","",""
"2006","45411","45411","45411","1","1","1","","","","","","","","","","","",""
"2007","45576","45576","45576","1","1","1","","","","","","","","","","","",""
"2008","45578","45578","45578","1","1","1","","","","","","","","","","","",""
"2009","45580","45580","45580","1","1","1","","","","","","","","","","","",""
"2010","45582","45582","45582","1","1","1","","","","","","","","","","","",""
"2011","45584","45584","45584","1","1","1","","","","","","","","","","","",""
"2012","45586","45586","45586","1","1","1","","","","","","","","","","","",""
"2013","45588","45588","45588","0.8","0.8","0.8","","","","","","","","","","","",""
"2014","45590","45590","45590","1","1","1","","","","","","","","","","","",""
"2015","45592","45592","45592","1","1","1","","","","","","","","","","","",""
"2016","45752","45752","45752","1","1","1","","","","","","","","","","","",""
"2017","45754","45754","45754","1","1","1","","","","","","","","","","","",""
"2018","45756","45756","45756","1","1","1","","","","","","","","","","","",""
"2019","45758","45758","45758","0.8","0.8","0.8","","","","","","","","","","","",""
"2020","45760","45760","45760","1","1","1","","","","","","","","","","","",""
"2021","45762","45762","45762","1","1","1","","","","","","","","","","","",""
"2022","45764","45764","45764","0.8","0.8","0.8","","","","","","","","","","","",""
"2023","45766","45766","45766","1","1","1","","","","","","","","","","","",""
"2024","45768","45768","45768","1","1","1","","","","","","","","","","","",""
"2025","45935","45935","45935","0.8","0.8","0.8","","","","","","","","","","","",""
"2026","45937","45937","45937","1","1","1","","","","","","","","","","","",""
"2027","45939","45939","45939","0.8","0.8","0.8","","","","","","","","","","","",""
"2028","45941","45941","45941","1","1","1","","","","","","","","","","","",""
"2029","45943","45943","45943","1","1","1","","","","","","","","","","","",""
"2030","45945","45945","45945","0.8","0.8","0.8","","","","","","","","","","","",""
"2031","45947","45947","45947","1","1","1","","","","","","","","","","","",""
"2032","45949","45949","45949","1","1","1","","","","","","","","","","","",""
"2033","45951","45951","45951","1","1","1","","","","","","","","","","","",""
"2034","46117","46117","46117","0.8","0.8","0.8","","","","","","","","","","","",""
"2035","46119","46119","46119","1","1","1","","","","","","","","","","","",""
"2036","46121","46121","46121","1","1","1","","","","","","","","","","","",""
"2037","46123","46123","46123","1","1","1","","","","","","","","","","","",""
"2038","46125","46125","46125","1","1","1","","","","","","","","","","","",""
"2039","46127","46127","46127","1","1","1","","","","","","","","","","","",""
"2040","46129","46129","46129","1","1","1","","","","","","","","","","","",""
"2041","46131","46131","46131","1","1","1","","","","","","","","","","","",""
"2042","46133","46133","46133","1","1","1","","","","","","","","","","","",""
"2043","46298","46298","46298","0.8","0.8","0.8","","","","","","","","","","","",""
"2044","46300","46300","46300","1","1","1","","","","","","","","","","","",""
"2045","46302","46302","46302","1","1","1","","","","","","","","","","","",""
"2046","46304","46304","46304","1","1","1","","","","","","","","","","","",""
"2047","46306","46306","46306","1","1","1","","","","","","","","","","","",""
"2048","46308","46308","46308","1","1","1","","","","","","","","","","","",""
"2049","46310","46310","46310","1","1","1","","","","","","","","","","","",""
"2050","46312","46312","46312","1","1","1","","","","","","","","","","","",""
"2051","46314","46314","46314","1","1","1","","","","","","","","","","","",""
"2052","46476","46476","46476","0.8","0.8","0.8","","","","","","","","","","","",""
"2053","46478","46478","46478","1","1","1","","","","","","","","","","","",""
"2054","46480","46480","46480","1","1","1","","","","","","","","","","","",""
"2055","46482","46482","46482","1","1","1","","","","","","","","","","","",""
"2056","46484","46484","46484","1","1","1","","","","","","","","","","","",""
"2057","46486","46486","46486","1","1","1","","","","","","","","","","","",""
"2058","46488","46488","46488","1","1","1","","","","","","","","","","","",""
"2059","46490","46490","46490","1","1","1","","","","","","","","","","","",""
"2060","46492","46492","46492","1","1","1","","","","","","","","","","","",""
"2061","46653","46653","46653","1","1","1","","","","","","","","","","","",""
"2062","46655","46655","46655","0.8","0.8","0.8","","","","","","","","","","","",""
"2063","46657","46657","46657","1","1","1","","","","","","","","","","","",""
"2064","46659","46659","46659","0.8","0.8","0.8","","","","","","","","","","","",""
"2065","46661","46661","46661","1","1","1","","","","","","","","","","","",""
"2066","46663","46663","46663","1","1","1","","","","","","","","","","","",""
"2067","46665","46665","46665","1","1","1","","","","","","","","","","","",""
"2068","46667","46667","46667","1","1","1","","","","","","","","","","","",""
"2069","46669","46669","46669","1","1","1","","","","","","","","","","","",""
"2070","46833","46833","46833","0.8","0.8","0.8","","","","","","","","","","","",""
"2071","46835","46835","46835","1","1","1","","","","","","","","","","","",""
"2072","46837","46837","46837","1","1","1","","","","","","","","","","","",""
"2073","46839","46839","46839","0.8","0.8","0.8","","","","","","","","","","","",""
"2074","46841","46841","46841","1","1","1","","","","","","","","","","","",""
"2075","46843","46843","46843","1","1","1","","","","","","","","","","","",""
"2076","46845","46845","46845","1","1","1","","","","","","","","","","","",""
"2077","46847","46847","46847","1","1","1","","","","","","","","","","","",""
"2078","46849","46849","46849","1","1","1","","","","","","","","","","","",""
"2079","47012","47012","47012","1","1","1","","","","","","","","","","","",""
"2080","47014","47014","47014","1","1","1","","","","","","","","","","","",""
"2081","47016","47016","47016","1","1","1","","","","","","","","","","","",""
"2082","47018","47018","47018","0.8","0.8","0.8","","","","","","","","","","","",""
"2083","47020","47020","47020","1","1","1","","","","","","","","","","","",""
"2084","47022","47022","47022","1","1","1","","","","","","","","","","","",""
"2085","47024","47024","47024","1","1","1","","","","","","","","","","","",""
"2086","47026","47026","47026","1","1","1","","","","","","","","","","","",""
"2087","47028","47028","47028","1","1","1","","","","","","","","","","","",""
"2088","47188","47188","47188","1","1","1","","","","","","","","","","","",""
"2089","47190","47190","47190","1","1","1","","","","","","","","","","","",""
"2090","47192","47192","47192","1","1","1","","","","","","","","","","","",""
"2091","47194","47194","47194","0.8","0.8","0.8","","","","","","","","","","","",""
"2092","47196","47196","47196","1","1","1","","","","","","","","","","","",""
"2093","47198","47198","47198","1","1","1","","","","","","","","","","","",""
"2094","47200","47200","47200","1","1","1","","","","","","","","","","","",""
"2095","47202","47202","47202","1","1","1","","","","","","","","","","","",""
"2096","47204","47204","47204","1","1","1","","","","","","","","","","","",""
"2097","47367","47367","47367","1","1","1","","","","","","","","","","","",""
"2098","47369","47369","47369","1","1","1","","","","","","","","","","","",""
"2099","47371","47371","47371","1","1","1","","","","","","","","","","","",""
"2100","47373","47373","47373","1","1","1","","","","","","","","","","","",""
"2101","47375","47375","47375","1","1","1","","","","","","","","","","","",""
"2102","47377","47377","47377","1","1","1","","","","","","","","","","","",""
"2103","47379","47379","47379","1","1","1","","","","","","","","","","","",""
"2104","47381","47381","47381","1","1","1","","","","","","","","","","","",""
"2105","47383","47383","47383","1","1","1","","","","","","","","","","","",""
"2106","47542","47542","47542","1","1","1","","","","","","","","","","","",""
"2107","47544","47544","47544","1","1","1","","","","","","","","","","","",""
"2108","47546","47546","47546","1","1","1","","","","","","","","","","","",""
"2109","47548","47548","47548","0.8","0.8","0.8","","","","","","","","","","","",""
"2110","47550","47550","47550","1","1","1","","","","","","","","","","","",""
"2111","47552","47552","47552","1","1","1","","","","","","","","","","","",""
"2112","47554","47554","47554","1","1","1","","","","","","","","","","","",""
"2113","47556","47556","47556","1","1","1","","","","","","","","","","","",""
"2114","47558","47558","47558","1","1","1","","","","","","","","","","","",""
"2115","47718","47718","47718","1","1","1","","","","","","","","","","","",""
"2116","47720","47720","47720","1","1","1","","","","","","","","","","","",""
"2117","47722","47722","47722","1","1","1","","","","","","","","","","","",""
"2118","47724","47724","47724","0.8","0.8","0.8","","","","","","","","","","","",""
"2119","47726","47726","47726","1","1","1","","","","","","","","","","","",""
"2120","47728","47728","47728","1","1","1","","","","","","","","","","","",""
"2121","47730","47730","47730","0.8","0.8","0.8","","","","","","","","","","","",""
"2122","47732","47732","47732","1","1","1","","","","","","","","","","","",""
"2123","47734","47734","47734","1","1","1","","","","","","","","","","","",""
"2124","47895","47895","47895","1","1","1","","","","","","","","","","","",""
"2125","47897","47897","47897","1","1","1","","","","","","","","","","","",""
"2126","47899","47899","47899","1","1","1","","","","","","","","","","","",""
"2127","47901","47901","47901","0.8","0.8","0.8","","","","","","","","","","","",""
"2128","47903","47903","47903","1","1","1","","","","","","","","","","","",""
"2129","47905","47905","47905","1","1","1","","","","","","","","","","","",""
"2130","47907","47907","47907","0.8","0.8","0.8","","","","","","","","","","","",""
"2131","47909","47909","47909","1","1","1","","","","","","","","","","","",""
"2132","47911","47911","47911","1","1","1","","","","","","","","","","","",""
"2133","48073","48073","48073","1","1","1","","","","","","","","","","","",""
"2134","48075","48075","48075","1","1","1","","","","","","","","","","","",""
"2135","48077","48077","48077","1","1","1","","","","","","","","","","","",""
"2136","48079","48079","48079","1","1","1","","","","","","","","","","","",""
"2137","48081","48081","48081","1","1","1","","","","","","","","","","","",""
"2138","48083","48083","48083","1","1","1","","","","","","","","","","","",""
"2139","48085","48085","48085","1","1","1","","","","","","","","","","","",""
"2140","48087","48087","48087","1","1","1","","","","","","","","","","","",""
"2141","48089","48089","48089","1","1","1","","","","","","","","","","","",""
"2142","48253","48253","48253","0.8","0.8","0.8","","","","","","","","","","","",""
"2143","48255","48255","48255","1","1","1","","","","","","","","","","","",""
"2144","48257","48257","48257","1","1","1","","","","","","","","","","","",""
"2145","48259","48259","48259","1","1","1","","","","","","","","","","","",""
"2146","48261","48261","48261","1","1","1","","","","","","","","","","","",""
"2147","48263","48263","48263","1","1","1","","","","","","","","","","","",""
"2148","48265","48265","48265","1","1","1","","","","","","","","","","","",""
"2149","48267","48267","48267","1","1","1","","","","","","","","","","","",""
"2150","48269","48269","48269","1","1","1","","","","","","","","","","","",""
"2151","48429","48429","48429","1","1","1","","","","","","","","","","","",""
"2152","48431","48431","48431","1","1","1","","","","","","","","","","","",""
"2153","48433","48433","48433","1","1","1","","","","","","","","","","","",""
"2154","48435","48435","48435","1","1","1","","","","","","","","","","","",""
"2155","48437","48437","48437","1","1","1","","","","","","","","","","","",""
"2156","48439","48439","48439","1","1","1","","","","","","","","","","","",""
"2157","48441","48441","48441","1","1","1","","","","","","","","","","","",""
"2158","48443","48443","48443","1","1","1","","","","","","","","","","","",""
"2159","48445","48445","48445","1","1","1","","","","","","","","","","","",""
"2160","48605","48605","48605","1","1","1","","","","","","","","","","","",""
"2161","48607","48607","48607","1","1","1","","","","","","","","","","","",""
"2162","48609","48609","48609","1","1","1","","","","","","","","","","","",""
"2163","48611","48611","48611","1","1","1","","","","","","","","","","","",""
"2164","48613","48613","48613","1","1","1","","","","","","","","","","","",""
"2165","48615","48615","48615","1","1","1","","","","","","","","","","","",""
"2166","48617","48617","48617","1","1","1","","","","","","","","","","","",""
"2167","48619","48619","48619","1","1","1","","","","","","","","","","","",""
"2168","48621","48621","48621","1","1","1","","","","","","","","","","","",""
"2169","48786","48786","48786","1","1","1","","","","","","","","","","","",""
"2170","48788","48788","48788","1","1","1","","","","","","","","","","","",""
"2171","48790","48790","48790","1","1","1","","","","","","","","","","","",""
"2172","48792","48792","48792","1","1","1","","","","","","","","","","","",""
"2173","48794","48794","48794","1","1","1","","","","","","","","","","","",""
"2174","48796","48796","48796","1","1","1","","","","","","","","","","","",""
"2175","48798","48798","48798","1","1","1","","","","","","","","","","","",""
"2176","48800","48800","48800","1","1","1","","","","","","","","","","","",""
"2177","48802","48802","48802","1","1","1","","","","","","","","","","","",""
"2178","48960","48960","48960","1","1","1","","","","","","","","","","","",""
"2179","48962","48962","48962","1","1","1","","","","","","","","","","","",""
"2180","48964","48964","48964","1","1","1","","","","","","","","","","","",""
"2181","48966","48966","48966","0.8","0.8","0.8","","","","","","","","","","","",""
"2182","48968","48968","48968","1","1","1","","","","","","","","","","","",""
"2183","48970","48970","48970","1","1","1","","","","","","","","","","","",""
"2184","48972","48972","48972","1","1","1","","","","","","","","","","","",""
"2185","48974","48974","48974","1","1","1","","","","","","","","","","","",""
"2186","48976","48976","48976","1","1","1","","","","","","","","","","","",""
"2187","49138","49138","49138","1","1","1","","","","","","","","","","","",""
"2188","49140","49140","49140","1","1","1","","","","","","","","","","","",""
"2189","49142","49142","49142","1","1","1","","","","","","","","","","","",""
"2190","49144","49144","49144","1","1","1","","","","","","","","","","","",""
"2191","49146","49146","49146","1","1","1","","","","","","","","","","","",""
"2192","49148","49148","49148","1","1","1","","","","","","","","","","","",""
"2193","49150","49150","49150","1","1","1","","","","","","","","","","","",""
"2194","49152","49152","49152","1","1","1","","","","","","","","","","","",""
"2195","49154","49154","49154","1","1","1","","","","","","","","","","","",""
"2196","49320","49320","49320","1","1","1","","","","","","","","","","","",""
"2197","49322","49322","49322","1","1","1","","","","","","","","","","","",""
"2198","49324","49324","49324","1","1","1","","","","","","","","","","","",""
"2199","49326","49326","49326","1","1","1","","","","","","","","","","","",""
"2200","49328","49328","49328","1","1","1","","","","","","","","","","","",""
"2201","49330","49330","49330","1","1","1","","","","","","","","","","","",""
"2202","49332","49332","49332","1","1","1","","","","","","","","","","","",""
"2203","49334","49334","49334","1","1","1","","","","","","","","","","","",""
"2204","49336","49336","49336","0.8","0.8","0.8","","","","","","","","","","","",""
"2205","49494","49494","49494","1","1","1","","","","","","","","","","","",""
"2206","49496","49496","49496","1","1","1","","","","","","","","","","","",""
"2207","49498","49498","49498","1","1","1","","","","","","","","","","","",""
"2208","49500","49500","49500","1","1","1","","","","","","","","","","","",""
"2209","49502","49502","49502","1","1","1","","","","","","","","","","","",""
"2210","49504","49504","49504","1","1","1","","","","","","","","","","","",""
"2211","49506","49506","49506","1","1","1","","","","","","","","","","","",""
"2212","49508","49508","49508","1","1","1","","","","","","","","","","","",""
"2213","49510","49510","49510","1","1","1","","","","","","","","","","","",""
"2214","49672","49672","49672","1","1","1","","","","","","","","","","","",""
"2215","49674","49674","49674","1","1","1","","","","","","","","","","","",""
"2216","49676","49676","49676","0.8","0.8","0.8","","","","","","","","","","","",""
"2217","49678","49678","49678","1","1","1","","","","","","","","","","","",""
"2218","49680","49680","49680","1","1","1","","","","","","","","","","","",""
"2219","49682","49682","49682","1","1","1","","","","","","","","","","","",""
"2220","49684","49684","49684","1","1","1","","","","","","","","","","","",""
"2221","49686","49686","49686","1","1","1","","","","","","","","","","","",""
"2222","49688","49688","49688","1","1","1","","","","","","","","","","","",""
"2223","49852","49852","49852","1","1","1","","","","","","","","","","","",""
"2224","49854","49854","49854","1","1","1","","","","","","","","","","","",""
"2225","49856","49856","49856","1","1","1","","","","","","","","","","","",""
"2226","49858","49858","49858","1","1","1","","","","","","","","","","","",""
"2227","49860","49860","49860","1","1","1","","","","","","","","","","","",""
"2228","49862","49862","49862","1","1","1","","","","","","","","","","","",""
"2229","49864","49864","49864","1","1","1","","","","","","","","","","","",""
"2230","49866","49866","49866","1","1","1","","","","","","","","","","","",""
"2231","49868","49868","49868","1","1","1","","","","","","","","","","","",""
"2232","50032","50032","50032","1","1","1","","","","","","","","","","","",""
"2233","50034","50034","50034","1","1","1","","","","","","","","","","","",""
"2234","50036","50036","50036","1","1","1","","","","","","","","","","","",""
"2235","50038","50038","50038","1","1","1","","","","","","","","","","","",""
"2236","50040","50040","50040","1","1","1","","","","","","","","","","","",""
"2237","50042","50042","50042","1","1","1","","","","","","","","","","","",""
"2238","50044","50044","50044","1","1","1","","","","","","","","","","","",""
"2239","50046","50046","50046","1","1","1","","","","","","","","","","","",""
"2240","50048","50048","50048","1","1","1","","","","","","","","","","","",""
"2241","50209","50209","50209","1","1","1","","","","","","","","","","","",""
"2242","50211","50211","50211","0.8","0.8","0.8","","","","","","","","","","","",""
"2243","50213","50213","50213","0.8","0.8","0.8","","","","","","","","","","","",""
"2244","50215","50215","50215","0.8","0.8","0.8","","","","","","","","","","","",""
"2245","50217","50217","50217","1","1","1","","","","","","","","","","","",""
"2246","50219","50219","50219","1","1","1","","","","","","","","","","","",""
"2247","50221","50221","50221","1","1","1","","","","","","","","","","","",""
"2248","50223","50223","50223","1","1","1","","","","","","","","","","","",""
"2249","50225","50225","50225","1","1","1","","","","","","","","","","","",""
"2250","50388","50388","50388","1","1","1","","","","","","","","","","","",""
"2251","50390","50390","50390","1","1","1","","","","","","","","","","","",""
"2252","50392","50392","50392","1","1","1","","","","","","","","","","","",""
"2253","50394","50394","50394","1","1","1","","","","","","","","","","","",""
"2254","50396","50396","50396","1","1","1","","","","","","","","","","","",""
"2255","50398","50398","50398","1","1","1","","","","","","","","","","","",""
"2256","50400","50400","50400","1","1","1","","","","","","","","","","","",""
"2257","50402","50402","50402","1","1","1","","","","","","","","","","","",""
"2258","50404","50404","50404","1","1","1","","","","","","","","","","","",""
"2259","50567","50567","50567","1","1","1","","","","","","","","","","","",""
"2260","50569","50569","50569","1","1","1","","","","","","","","","","","",""
"2261","50571","50571","50571","1","1","1","","","","","","","","","","","",""
"2262","50573","50573","50573","0.8","0.8","0.8","","","","","","","","","","","",""
"2263","50575","50575","50575","1","1","1","","","","","","","","","","","",""
"2264","50577","50577","50577","1","1","1","","","","","","","","","","","",""
"2265","50579","50579","50579","1","1","1","","","","","","","","","","","",""
"2266","50581","50581","50581","1","1","1","","","","","","","","","","","",""
"2267","50583","50583","50583","1","1","1","","","","","","","","","","","",""
"2268","50748","50748","50748","1","1","1","","","","","","","","","","","",""
"2269","50750","50750","50750","1","1","1","","","","","","","","","","","",""
"2270","50752","50752","50752","1","1","1","","","","","","","","","","","",""
"2271","50754","50754","50754","1","1","1","","","","","","","","","","","",""
"2272","50756","50756","50756","1","1","1","","","","","","","","","","","",""
"2273","50758","50758","50758","0.8","0.8","0.8","","","","","","","","","","","",""
"2274","50760","50760","50760","1","1","1","","","","","","","","","","","",""
"2275","50762","50762","50762","1","1","1","","","","","","","","","","","",""
"2276","50764","50764","50764","1","1","1","","","","","","","","","","","",""
"2277","50926","50926","50926","1","1","1","","","","","","","","","","","",""
"2278","50928","50928","50928","1","1","1","","","","","","","","","","","",""
"2279","50930","50930","50930","1","1","1","","","","","","","","","","","",""
"2280","50932","50932","50932","1","1","1","","","","","","","","","","","",""
"2281","50934","50934","50934","1","1","1","","","","","","","","","","","",""
"2282","50936","50936","50936","1","1","1","","","","","","","","","","","",""
"2283","50938","50938","50938","1","1","1","","","","","","","","","","","",""
"2284","50940","50940","50940","1","1","1","","","","","","","","","","","",""
"2285","50942","50942","50942","1","1","1","","","","","","","","","","","",""
"2286","51103","51103","51103","1","1","1","","","","","","","","","","","",""
"2287","51105","51105","51105","1","1","1","","","","","","","","","","","",""
"2288","51107","51107","51107","1","1","1","","","","","","","","","","","",""
"2289","51109","51109","51109","1","1","1","","","","","","","","","","","",""
"2290","51111","51111","51111","1","1","1","","","","","","","","","","","",""
"2291","51113","51113","51113","1","1","1","","","","","","","","","","","",""
"2292","51115","51115","51115","1","1","1","","","","","","","","","","","",""
"2293","51117","51117","51117","1","1","1","","","","","","","","","","","",""
"2294","51119","51119","51119","1","1","1","","","","","","","","","","","",""
"2295","51277","51277","51277","1","1","1","","","","","","","","","","","",""
"2296","51279","51279","51279","1","1","1","","","","","","","","","","","",""
"2297","51281","51281","51281","1","1","1","","","","","","","","","","","",""
"2298","51283","51283","51283","0.8","0.8","0.8","","","","","","","","","","","",""
"2299","51285","51285","51285","1","1","1","","","","","","","","","","","",""
"2300","51287","51287","51287","1","1","1","","","","","","","","","","","",""
"2301","51289","51289","51289","1","1","1","","","","","","","","","","","",""
"2302","51291","51291","51291","1","1","1","","","","","","","","","","","",""
"2303","51293","51293","51293","1","1","1","","","","","","","","","","","",""
"2304","51451","51451","51451","1","1","1","","","","","","","","","","","",""
"2305","51453","51453","51453","1","1","1","","","","","","","","","","","",""
"2306","51455","51455","51455","1","1","1","","","","","","","","","","","",""
"2307","51457","51457","51457","1","1","1","","","","","","","","","","","",""
"2308","51459","51459","51459","1","1","1","","","","","","","","","","","",""
"2309","51461","51461","51461","1","1","1","","","","","","","","","","","",""
"2310","51463","51463","51463","1","1","1","","","","","","","","","","","",""
"2311","51465","51465","51465","1","1","1","","","","","","","","","","","",""
"2312","51467","51467","51467","1","1","1","","","","","","","","","","","",""
"2313","51629","51629","51629","1","1","1","","","","","","","","","","","",""
"2314","51631","51631","51631","1","1","1","","","","","","","","","","","",""
"2315","51633","51633","51633","1","1","1","","","","","","","","","","","",""
"2316","51635","51635","51635","1","1","1","","","","","","","","","","","",""
"2317","51637","51637","51637","1","1","1","","","","","","","","","","","",""
"2318","51639","51639","51639","1","1","1","","","","","","","","","","","",""
"2319","51641","51641","51641","1","1","1","","","","","","","","","","","",""
"2320","51643","51643","51643","1","1","1","","","","","","","","","","","",""
"2321","51645","51645","51645","1","1","1","","","","","","","","","","","",""
"2322","51808","51808","51808","1","1","1","","","","","","","","","","","",""
"2323","51810","51810","51810","1","1","1","","","","","","","","","","","",""
"2324","51812","51812","51812","1","1","1","","","","","","","","","","","",""
"2325","51814","51814","51814","1","1","1","","","","","","","","","","","",""
"2326","51816","51816","51816","1","1","1","","","","","","","","","","","",""
"2327","51818","51818","51818","1","1","1","","","","","","","","","","","",""
"2328","51820","51820","51820","1","1","1","","","","","","","","","","","",""
"2329","51822","51822","51822","1","1","1","","","","","","","","","","","",""
"2330","51824","51824","51824","1","1","1","","","","","","","","","","","",""
"2331","51984","51984","51984","0.8","0.8","0.8","","","","","","","","","","","",""
"2332","51986","51986","51986","1","1","1","","","","","","","","","","","",""
"2333","51988","51988","51988","1","1","1","","","","","","","","","","","",""
"2334","51990","51990","51990","1","1","1","","","","","","","","","","","",""
"2335","51992","51992","51992","1","1","1","","","","","","","","","","","",""
"2336","51994","51994","51994","1","1","1","","","","","","","","","","","",""
"2337","51996","51996","51996","1","1","1","","","","","","","","","","","",""
"2338","51998","51998","51998","1","1","1","","","","","","","","","","","",""
"2339","52000","52000","52000","1","1","1","","","","","","","","","","","",""
"2340","52164","52164","52164","0.8","0.8","0.8","","","","","","","","","","","",""
"2341","52166","52166","52166","1","1","1","","","","","","","","","","","",""
"2342","52168","52168","52168","1","1","1","","","","","","","","","","","",""
"2343","52170","52170","52170","1","1","1","","","","","","","","","","","",""
"2344","52172","52172","52172","1","1","1","","","","","","","","","","","",""
"2345","52174","52174","52174","1","1","1","","","","","","","","","","","",""
"2346","52176","52176","52176","1","1","1","","","","","","","","","","","",""
"2347","52178","52178","52178","1","1","1","","","","","","","","","","","",""
"2348","52180","52180","52180","1","1","1","","","","","","","","","","","",""
"2349","52337","52337","52337","0.8","0.8","0.8","","","","","","","","","","","",""
"2350","52339","52339","52339","1","1","1","","","","","","","","","","","",""
"2351","52341","52341","52341","1","1","1","","","","","","","","","","","",""
"2352","52343","52343","52343","0.8","0.8","0.8","","","","","","","","","","","",""
"2353","52345","52345","52345","1","1","1","","","","","","","","","","","",""
"2354","52347","52347","52347","1","1","1","","","","","","","","","","","",""
"2355","52349","52349","52349","1","1","1","","","","","","","","","","","",""
"2356","52351","52351","52351","1","1","1","","","","","","","","","","","",""
"2357","52353","52353","52353","1","1","1","","","","","","","","","","","",""
"2358","52511","52511","52511","0.8","0.8","0.8","","","","","","","","","","","",""
"2359","52513","52513","52513","1","1","1","","","","","","","","","","","",""
"2360","52515","52515","52515","1","1","1","","","","","","","","","","","",""
"2361","52517","52517","52517","1","1","1","","","","","","","","","","","",""
"2362","52519","52519","52519","1","1","1","","","","","","","","","","","",""
"2363","52521","52521","52521","1","1","1","","","","","","","","","","","",""
"2364","52523","52523","52523","1","1","1","","","","","","","","","","","",""
"2365","52525","52525","52525","1","1","1","","","","","","","","","","","",""
"2366","52527","52527","52527","1","1","1","","","","","","","","","","","",""
"2367","52690","52690","52690","0.8","0.8","0.8","","","","","","","","","","","",""
"2368","52692","52692","52692","1","1","1","","","","","","","","","","","",""
"2369","52694","52694","52694","1","1","1","","","","","","","","","","","",""
"2370","52696","52696","52696","0.8","0.8","0.8","","","","","","","","","","","",""
"2371","52698","52698","52698","1","1","1","","","","","","","","","","","",""
"2372","52700","52700","52700","1","1","1","","","","","","","","","","","",""
"2373","52702","52702","52702","1","1","1","","","","","","","","","","","",""
"2374","52704","52704","52704","1","1","1","","","","","","","","","","","",""
"2375","52706","52706","52706","1","1","1","","","","","","","","","","","",""
"2376","52866","52866","52866","0.8","0.8","0.8","","","","","","","","","","","",""
"2377","52868","52868","52868","1","1","1","","","","","","","","","","","",""
"2378","52870","52870","52870","1","1","1","","","","","","","","","","","",""
"2379","52872","52872","52872","1","1","1","","","","","","","","","","","",""
"2380","52874","52874","52874","1","1","1","","","","","","","","","","","",""
"2381","52876","52876","52876","1","1","1","","","","","","","","","","","",""
"2382","52878","52878","52878","1","1","1","","","","","","","","","","","",""
"2383","52880","52880","52880","1","1","1","","","","","","","","","","","",""
"2384","52882","52882","52882","1","1","1","","","","","","","","","","","",""
"2385","53049","53049","53049","0.8","0.8","0.8","","","","","","","","","","","",""
"2386","53051","53051","53051","1","1","1","","","","","","","","","","","",""
"2387","53053","53053","53053","1","1","1","","","","","","","","","","","",""
"2388","53055","53055","53055","1","1","1","","","","","","","","","","","",""
"2389","53057","53057","53057","1","1","1","","","","","","","","","","","",""
"2390","53059","53059","53059","1","1","1","","","","","","","","","","","",""
"2391","53061","53061","53061","1","1","1","","","","","","","","","","","",""
"2392","53063","53063","53063","1","1","1","","","","","","","","","","","",""
"2393","53065","53065","53065","1","1","1","","","","","","","","","","","",""
"2394","53225","53225","53225","0.8","0.8","0.8","","","","","","","","","","","",""
"2395","53227","53227","53227","1","1","1","","","","","","","","","","","",""
"2396","53229","53229","53229","1","1","1","","","","","","","","","","","",""
"2397","53231","53231","53231","1","1","1","","","","","","","","","","","",""
"2398","53233","53233","53233","1","1","1","","","","","","","","","","","",""
"2399","53235","53235","53235","1","1","1","","","","","","","","","","","",""
"2400","53237","53237","53237","1","1","1","","","","","","","","","","","",""
"2401","53239","53239","53239","1","1","1","","","","","","","","","","","",""
"2402","53241","53241","53241","1","1","1","","","","","","","","","","","",""
"2403","53404","53404","53404","0.8","0.8","0.8","","","","","","","","","","","",""
"2404","53406","53406","53406","1","1","1","","","","","","","","","","","",""
"2405","53408","53408","53408","1","1","1","","","","","","","","","","","",""
"2406","53410","53410","53410","0.8","0.8","0.8","","","","","","","","","","","",""
"2407","53412","53412","53412","1","1","1","","","","","","","","","","","",""
"2408","53414","53414","53414","1","1","1","","","","","","","","","","","",""
"2409","53416","53416","53416","1","1","1","","","","","","","","","","","",""
"2410","53418","53418","53418","1","1","1","","","","","","","","","","","",""
"2411","53420","53420","53420","1","1","1","","","","","","","","","","","",""
"2412","53580","53580","53580","0.8","0.8","0.8","","","","","","","","","","","",""
"2413","53582","53582","53582","1","1","1","","","","","","","","","","","",""
"2414","53584","53584","53584","1","1","1","","","","","","","","","","","",""
"2415","53586","53586","53586","0.8","0.8","0.8","","","","","","","","","","","",""
"2416","53588","53588","53588","1","1","1","","","","","","","","","","","",""
"2417","53590","53590","53590","1","1","1","","","","","","","","","","","",""
"2418","53592","53592","53592","1","1","1","","","","","","","","","","","",""
"2419","53594","53594","53594","1","1","1","","","","","","","","","","","",""
"2420","53596","53596","53596","1","1","1","","","","","","","","","","","",""
"2421","53757","53757","53757","0.8","0.8","0.8","","","","","","","","","","","",""
"2422","53759","53759","53759","0.8","0.8","0.8","","","","","","","","","","","",""
"2423","53761","53761","53761","1","1","1","","","","","","","","","","","",""
"2424","53763","53763","53763","0.8","0.8","0.8","","","","","","","","","","","",""
"2425","53765","53765","53765","1","1","1","","","","","","","","","","","",""
"2426","53767","53767","53767","1","1","1","","","","","","","","","","","",""
"2427","53769","53769","53769","1","1","1","","","","","","","","","","","",""
"2428","53771","53771","53771","1","1","1","","","","","","","","","","","",""
"2429","53773","53773","53773","1","1","1","","","","","","","","","","","",""
"2430","53931","53931","53931","1","1","1","","","","","","","","","","","",""
"2431","53933","53933","53933","1","1","1","","","","","","","","","","","",""
"2432","53935","53935","53935","1","1","1","","","","","","","","","","","",""
"2433","53937","53937","53937","1","1","1","","","","","","","","","","","",""
"2434","53939","53939","53939","1","1","1","","","","","","","","","","","",""
"2435","53941","53941","53941","1","1","1","","","","","","","","","","","",""
"2436","53943","53943","53943","1","1","1","","","","","","","","","","","",""
"2437","53945","53945","53945","1","1","1","","","","","","","","","","","",""
"2438","53947","53947","53947","1","1","1","","","","","","","","","","","",""
"2439","54109","54109","54109","1","1","1","","","","","","","","","","","",""
"2440","54111","54111","54111","1","1","1","","","","","","","","","","","",""
"2441","54113","54113","54113","1","1","1","","","","","","","","","","","",""
"2442","54115","54115","54115","0.8","0.8","0.8","","","","","","","","","","","",""
"2443","54117","54117","54117","1","1","1","","","","","","","","","","","",""
"2444","54119","54119","54119","1","1","1","","","","","","","","","","","",""
"2445","54121","54121","54121","1","1","1","","","","","","","","","","","",""
"2446","54123","54123","54123","1","1","1","","","","","","","","","","","",""
"2447","54125","54125","54125","1","1","1","","","","","","","","","","","",""
"2448","54285","54285","54285","0.8","0.8","0.8","","","","","","","","","","","",""
"2449","54287","54287","54287","1","1","1","","","","","","","","","","","",""
"2450","54289","54289","54289","1","1","1","","","","","","","","","","","",""
"2451","54291","54291","54291","1","1","1","","","","","","","","","","","",""
"2452","54293","54293","54293","1","1","1","","","","","","","","","","","",""
"2453","54295","54295","54295","1","1","1","","","","","","","","","","","",""
"2454","54297","54297","54297","1","1","1","","","","","","","","","","","",""
"2455","54299","54299","54299","1","1","1","","","","","","","","","","","",""
"2456","54301","54301","54301","1","1","1","","","","","","","","","","","",""
"2457","54464","54464","54464","0.8","0.8","0.8","","","","","","","","","","","",""
"2458","54466","54466","54466","1","1","1","","","","","","","","","","","",""
"2459","54468","54468","54468","1","1","1","","","","","","","","","","","",""
"2460","54470","54470","54470","1","1","1","","","","","","","","","","","",""
"2461","54472","54472","54472","1","1","1","","","","","","","","","","","",""
"2462","54474","54474","54474","1","1","1","","","","","","","","","","","",""
"2463","54476","54476","54476","1","1","1","","","","","","","","","","","",""
"2464","54478","54478","54478","1","1","1","","","","","","","","","","","",""
"2465","54480","54480","54480","1","1","1","","","","","","","","","","","",""
"2466","54636","54636","54636","1","1","1","","","","","","","","","","","",""
"2467","54638","54638","54638","1","1","1","","","","","","","","","","","",""
"2468","54640","54640","54640","1","1","1","","","","","","","","","","","",""
"2469","54642","54642","54642","1","1","1","","","","","","","","","","","",""
"2470","54644","54644","54644","1","1","1","","","","","","","","","","","",""
"2471","54646","54646","54646","1","1","1","","","","","","","","","","","",""
"2472","54648","54648","54648","1","1","1","","","","","","","","","","","",""
"2473","54650","54650","54650","1","1","1","","","","","","","","","","","",""
"2474","54652","54652","54652","1","1","1","","","","","","","","","","","",""
"2475","54812","54812","54812","0.8","0.8","0.8","","","","","","","","","","","",""
"2476","54814","54814","54814","1","1","1","","","","","","","","","","","",""
"2477","54816","54816","54816","1","1","1","","","","","","","","","","","",""
"2478","54818","54818","54818","1","1","1","","","","","","","","","","","",""
"2479","54820","54820","54820","1","1","1","","","","","","","","","","","",""
"2480","54822","54822","54822","1","1","1","","","","","","","","","","","",""
"2481","54824","54824","54824","1","1","1","","","","","","","","","","","",""
"2482","54826","54826","54826","1","1","1","","","","","","","","","","","",""
"2483","54828","54828","54828","1","1","1","","","","","","","","","","","",""
"2484","54990","54990","54990","0.8","0.8","0.8","","","","","","","","","","","",""
"2485","54992","54992","54992","1","1","1","","","","","","","","","","","",""
"2486","54994","54994","54994","1","1","1","","","","","","","","","","","",""
"2487","54996","54996","54996","0.8","0.8","0.8","","","","","","","","","","","",""
"2488","54998","54998","54998","1","1","1","","","","","","","","","","","",""
"2489","55000","55000","55000","1","1","1","","","","","","","","","","","",""
"2490","55002","55002","55002","1","1","1","","","","","","","","","","","",""
"2491","55004","55004","55004","1","1","1","","","","","","","","","","","",""
"2492","55006","55006","55006","1","1","1","","","","","","","","","","","",""
"2493","55163","55163","55163","0.8","0.8","0.8","","","","","","","","","","","",""
"2494","55165","55165","55165","1","1","1","","","","","","","","","","","",""
"2495","55167","55167","55167","1","1","1","","","","","","","","","","","",""
"2496","55169","55169","55169","1","1","1","","","","","","","","","","","",""
"2497","55171","55171","55171","1","1","1","","","","","","","","","","","",""
"2498","55173","55173","55173","1","1","1","","","","","","","","","","","",""
"2499","55175","55175","55175","1","1","1","","","","","","","","","","","",""
"2500","55177","55177","55177","1","1","1","","","","","","","","","","","",""
"2501","55179","55179","55179","1","1","1","","","","","","","","","","","",""
"2502","55337","55337","55337","0.8","0.8","0.8","","","","","","","","","","","",""
"2503","55339","55339","55339","1","1","1","","","","","","","","","","","",""
"2504","55341","55341","55341","1","1","1","","","","","","","","","","","",""
"2505","55343","55343","55343","1","1","1","","","","","","","","","","","",""
"2506","55345","55345","55345","1","1","1","","","","","","","","","","","",""
"2507","55347","55347","55347","1","1","1","","","","","","","","","","","",""
"2508","55349","55349","55349","1","1","1","","","","","","","","","","","",""
"2509","55351","55351","55351","1","1","1","","","","","","","","","","","",""
"2510","55353","55353","55353","1","1","1","","","","","","","","","","","",""
"2511","55511","55511","55511","1","1","1","","","","","","","","","","","",""
"2512","55513","55513","55513","1","1","1","","","","","","","","","","","",""
"2513","55515","55515","55515","1","1","1","","","","","","","","","","","",""
"2514","55517","55517","55517","0.8","0.8","0.8","","","","","","","","","","","",""
"2515","55519","55519","55519","1","1","1","","","","","","","","","","","",""
"2516","55521","55521","55521","1","1","1","","","","","","","","","","","",""
"2517","55523","55523","55523","1","1","1","","","","","","","","","","","",""
"2518","55525","55525","55525","1","1","1","","","","","","","","","","","",""
"2519","55527","55527","55527","1","1","1","","","","","","","","","","","",""
"2520","55688","55688","55688","0.8","0.8","0.8","","","","","","","","","","","",""
"2521","55690","55690","55690","1","1","1","","","","","","","","","","","",""
"2522","55692","55692","55692","1","1","1","","","","","","","","","","","",""
"2523","55694","55694","55694","1","1","1","","","","","","","","","","","",""
"2524","55696","55696","55696","1","1","1","","","","","","","","","","","",""
"2525","55698","55698","55698","1","1","1","","","","","","","","","","","",""
"2526","55700","55700","55700","1","1","1","","","","","","","","","","","",""
"2527","55702","55702","55702","1","1","1","","","","","","","","","","","",""
"2528","55704","55704","55704","1","1","1","","","","","","","","","","","",""
"2529","55868","55868","55868","0.8","0.8","0.8","","","","","","","","","","","",""
"2530","55870","55870","55870","1","1","1","","","","","","","","","","","",""
"2531","55872","55872","55872","1","1","1","","","","","","","","","","","",""
"2532","55874","55874","55874","1","1","1","","","","","","","","","","","",""
"2533","55876","55876","55876","1","1","1","","","","","","","","","","","",""
"2534","55878","55878","55878","1","1","1","","","","","","","","","","","",""
"2535","55880","55880","55880","1","1","1","","","","","","","","","","","",""
"2536","55882","55882","55882","1","1","1","","","","","","","","","","","",""
"2537","55884","55884","55884","1","1","1","","","","","","","","","","","",""
"2538","56047","56047","56047","0.8","0.8","0.8","","","","","","","","","","","",""
"2539","56049","56049","56049","1","1","1","","","","","","","","","","","",""
"2540","56051","56051","56051","1","1","1","","","","","","","","","","","",""
"2541","56053","56053","56053","1","1","1","","","","","","","","","","","",""
"2542","56055","56055","56055","1","1","1","","","","","","","","","","","",""
"2543","56057","56057","56057","1","1","1","","","","","","","","","","","",""
"2544","56059","56059","56059","1","1","1","","","","","","","","","","","",""
"2545","56061","56061","56061","1","1","1","","","","","","","","","","","",""
"2546","56063","56063","56063","1","1","1","","","","","","","","","","","",""
"2547","56223","56223","56223","1","1","1","","","","","","","","","","","",""
"2548","56225","56225","56225","1","1","1","","","","","","","","","","","",""
"2549","56227","56227","56227","1","1","1","","","","","","","","","","","",""
"2550","56229","56229","56229","1","1","1","","","","","","","","","","","",""
"2551","56231","56231","56231","1","1","1","","","","","","","","","","","",""
"2552","56233","56233","56233","1","1","1","","","","","","","","","","","",""
"2553","56235","56235","56235","0.8","0.8","0.8","","","","","","","","","","","",""
"2554","56237","56237","56237","1","1","1","","","","","","","","","","","",""
"2555","56239","56239","56239","1","1","1","","","","","","","","","","","",""
"2556","56397","56397","56397","1","1","1","","","","","","","","","","","",""
"2557","56399","56399","56399","0.8","0.8","0.8","","","","","","","","","","","",""
"2558","56401","56401","56401","1","1","1","","","","","","","","","","","",""
"2559","56403","56403","56403","1","1","1","","","","","","","","","","","",""
"2560","56405","56405","56405","1","1","1","","","","","","","","","","","",""
"2561","56407","56407","56407","1","1","1","","","","","","","","","","","",""
"2562","56409","56409","56409","1","1","1","","","","","","","","","","","",""
"2563","56411","56411","56411","1","1","1","","","","","","","","","","","",""
"2564","56413","56413","56413","1","1","1","","","","","","","","","","","",""
"2565","56576","56576","56576","1","1","1","","","","","","","","","","","",""
"2566","56578","56578","56578","1","1","1","","","","","","","","","","","",""
"2567","56580","56580","56580","1","1","1","","","","","","","","","","","",""
"2568","56582","56582","56582","1","1","1","","","","","","","","","","","",""
"2569","56584","56584","56584","1","1","1","","","","","","","","","","","",""
"2570","56586","56586","56586","1","1","1","","","","","","","","","","","",""
"2571","56588","56588","56588","1","1","1","","","","","","","","","","","",""
"2572","56590","56590","56590","1","1","1","","","","","","","","","","","",""
"2573","56592","56592","56592","1","1","1","","","","","","","","","","","",""
"2574","56751","56751","56751","1","1","1","","","","","","","","","","","",""
"2575","56753","56753","56753","1","1","1","","","","","","","","","","","",""
"2576","56755","56755","56755","1","1","1","","","","","","","","","","","",""
"2577","56757","56757","56757","1","1","1","","","","","","","","","","","",""
"2578","56759","56759","56759","1","1","1","","","","","","","","","","","",""
"2579","56761","56761","56761","1","1","1","","","","","","","","","","","",""
"2580","56763","56763","56763","1","1","1","","","","","","","","","","","",""
"2581","56765","56765","56765","1","1","1","","","","","","","","","","","",""
"2582","56767","56767","56767","1","1","1","","","","","","","","","","","",""
"2583","56933","56933","56933","1","1","1","","","","","","","","","","","",""
"2584","56935","56935","56935","1","1","1","","","","","","","","","","","",""
"2585","56937","56937","56937","1","1","1","","","","","","","","","","","",""
"2586","56939","56939","56939","1","1","1","","","","","","","","","","","",""
"2587","56941","56941","56941","1","1","1","","","","","","","","","","","",""
"2588","56943","56943","56943","1","1","1","","","","","","","","","","","",""
"2589","56945","56945","56945","1","1","1","","","","","","","","","","","",""
"2590","56947","56947","56947","1","1","1","","","","","","","","","","","",""
"2591","56949","56949","56949","1","1","1","","","","","","","","","","","",""
"2592","57110","57110","57110","1","1","1","","","","","","","","","","","",""
"2593","57112","57112","57112","1","1","1","","","","","","","","","","","",""
"2594","57114","57114","57114","1","1","1","","","","","","","","","","","",""
"2595","57116","57116","57116","1","1","1","","","","","","","","","","","",""
"2596","57118","57118","57118","1","1","1","","","","","","","","","","","",""
"2597","57120","57120","57120","1","1","1","","","","","","","","","","","",""
"2598","57122","57122","57122","1","1","1","","","","","","","","","","","",""
"2599","57124","57124","57124","1","1","1","","","","","","","","","","","",""
"2600","57126","57126","57126","1","1","1","","","","","","","","","","","",""
"2601","57288","57288","57288","0.8","0.8","0.8","","","","","","","","","","","",""
"2602","57290","57290","57290","1","1","1","","","","","","","","","","","",""
"2603","57292","57292","57292","1","1","1","","","","","","","","","","","",""
"2604","57294","57294","57294","1","1","1","","","","","","","","","","","",""
"2605","57296","57296","57296","1","1","1","","","","","","","","","","","",""
"2606","57298","57298","57298","1","1","1","","","","","","","","","","","",""
"2607","57300","57300","57300","1","1","1","","","","","","","","","","","",""
"2608","57302","57302","57302","1","1","1","","","","","","","","","","","",""
"2609","57304","57304","57304","1","1","1","","","","","","","","","","","",""
"2610","57464","57464","57464","1","1","1","","","","","","","","","","","",""
"2611","57466","57466","57466","0.8","0.8","0.8","","","","","","","","","","","",""
"2612","57468","57468","57468","1","1","1","","","","","","","","","","","",""
"2613","57470","57470","57470","1","1","1","","","","","","","","","","","",""
"2614","57472","57472","57472","1","1","1","","","","","","","","","","","",""
"2615","57474","57474","57474","1","1","1","","","","","","","","","","","",""
"2616","57476","57476","57476","0.8","0.8","0.8","","","","","","","","","","","",""
"2617","57478","57478","57478","1","1","1","","","","","","","","","","","",""
"2618","57480","57480","57480","0.9","0.9","0.9","","","","","","","","","","","",""
"2619","57637","57637","57637","1","1","1","","","","","","","","","","","",""
"2620","57639","57639","57639","1","1","1","","","","","","","","","","","",""
"2621","57641","57641","57641","1","1","1","","","","","","","","","","","",""
"2622","57643","57643","57643","1","1","1","","","","","","","","","","","",""
"2623","57645","57645","57645","1","1","1","","","","","","","","","","","",""
"2624","57647","57647","57647","1","1","1","","","","","","","","","","","",""
"2625","57649","57649","57649","1","1","1","","","","","","","","","","","",""
"2626","57651","57651","57651","1","1","1","","","","","","","","","","","",""
"2627","57653","57653","57653","1","1","1","","","","","","","","","","","",""
"2628","57816","57816","57816","1","1","1","","","","","","","","","","","",""
"2629","57818","57818","57818","1","1","1","","","","","","","","","","","",""
"2630","57820","57820","57820","1","1","1","","","","","","","","","","","",""
"2631","57822","57822","57822","1","1","1","","","","","","","","","","","",""
"2632","57824","57824","57824","1","1","1","","","","","","","","","","","",""
"2633","57826","57826","57826","1","1","1","","","","","","","","","","","",""
"2634","57828","57828","57828","1","1","1","","","","","","","","","","","",""
"2635","57830","57830","57830","1","1","1","","","","","","","","","","","",""
"2636","57832","57832","57832","1","1","1","","","","","","","","","","","",""
"2637","57994","57994","57994","1","1","1","","","","","","","","","","","",""
"2638","57996","57996","57996","1","1","1","","","","","","","","","","","",""
"2639","57998","57998","57998","1","1","1","","","","","","","","","","","",""
"2640","58000","58000","58000","1","1","1","","","","","","","","","","","",""
"2641","58002","58002","58002","1","1","1","","","","","","","","","","","",""
"2642","58004","58004","58004","1","1","1","","","","","","","","","","","",""
"2643","58006","58006","58006","1","1","1","","","","","","","","","","","",""
"2644","58008","58008","58008","1","1","1","","","","","","","","","","","",""
"2645","58010","58010","58010","1","1","1","","","","","","","","","","","",""
"2646","58173","58173","58173","0.8","0.8","0.8","","","","","","","","","","","",""
"2647","58175","58175","58175","1","1","1","","","","","","","","","","","",""
"2648","58177","58177","58177","1","1","1","","","","","","","","","","","",""
"2649","58179","58179","58179","1","1","1","","","","","","","","","","","",""
"2650","58181","58181","58181","1","1","1","","","","","","","","","","","",""
"2651","58183","58183","58183","1","1","1","","","","","","","","","","","",""
"2652","58185","58185","58185","1","1","1","","","","","","","","","","","",""
"2653","58187","58187","58187","1","1","1","","","","","","","","","","","",""
"2654","58189","58189","58189","1","1","1","","","","","","","","","","","",""
"2655","58350","58350","58350","0.8","0.8","0.8","","","","","","","","","","","",""
"2656","58352","58352","58352","0.8","0.8","0.8","","","","","","","","","","","",""
"2657","58354","58354","58354","1","1","1","","","","","","","","","","","",""
"2658","58356","58356","58356","1","1","1","","","","","","","","","","","",""
"2659","58358","58358","58358","1","1","1","","","","","","","","","","","",""
"2660","58360","58360","58360","1","1","1","","","","","","","","","","","",""
"2661","58362","58362","58362","1","1","1","","","","","","","","","","","",""
"2662","58364","58364","58364","1","1","1","","","","","","","","","","","",""
"2663","58366","58366","58366","1","1","1","","","","","","","","","","","",""
"2664","58530","58530","58530","1","1","1","","","","","","","","","","","",""
"2665","58532","58532","58532","1","1","1","","","","","","","","","","","",""
"2666","58534","58534","58534","1","1","1","","","","","","","","","","","",""
"2667","58536","58536","58536","0.8","0.8","0.8","","","","","","","","","","","",""
"2668","58538","58538","58538","1","1","1","","","","","","","","","","","",""
"2669","58540","58540","58540","1","1","1","","","","","","","","","","","",""
"2670","58542","58542","58542","1","1","1","","","","","","","","","","","",""
"2671","58544","58544","58544","1","1","1","","","","","","","","","","","",""
"2672","58546","58546","58546","1","1","1","","","","","","","","","","","",""
"2673","58703","58703","58703","0.8","0.8","0.8","","","","","","","","","","","",""
"2674","58705","58705","58705","1","1","1","","","","","","","","","","","",""
"2675","58707","58707","58707","1","1","1","","","","","","","","","","","",""
"2676","58709","58709","58709","1","1","1","","","","","","","","","","","",""
"2677","58711","58711","58711","1","1","1","","","","","","","","","","","",""
"2678","58713","58713","58713","1","1","1","","","","","","","","","","","",""
"2679","58715","58715","58715","1","1","1","","","","","","","","","","","",""
"2680","58717","58717","58717","1","1","1","","","","","","","","","","","",""
"2681","58719","58719","58719","1","1","1","","","","","","","","","","","",""
"2682","58879","58879","58879","0.8","0.8","0.8","","","","","","","","","","","",""
"2683","58881","58881","58881","1","1","1","","","","","","","","","","","",""
"2684","58883","58883","58883","1","1","1","","","","","","","","","","","",""
"2685","58885","58885","58885","1","1","1","","","","","","","","","","","",""
"2686","58887","58887","58887","1","1","1","","","","","","","","","","","",""
"2687","58889","58889","58889","1","1","1","","","","","","","","","","","",""
"2688","58891","58891","58891","1","1","1","","","","","","","","","","","",""
"2689","58893","58893","58893","1","1","1","","","","","","","","","","","",""
"2690","58895","58895","58895","1","1","1","","","","","","","","","","","",""
"2691","59056","59056","59056","0.8","0.8","0.8","","","","","","","","","","","",""
"2692","59058","59058","59058","1","1","1","","","","","","","","","","","",""
"2693","59060","59060","59060","1","1","1","","","","","","","","","","","",""
"2694","59062","59062","59062","1","1","1","","","","","","","","","","","",""
"2695","59064","59064","59064","1","1","1","","","","","","","","","","","",""
"2696","59066","59066","59066","1","1","1","","","","","","","","","","","",""
"2697","59068","59068","59068","1","1","1","","","","","","","","","","","",""
"2698","59070","59070","59070","1","1","1","","","","","","","","","","","",""
"2699","59072","59072","59072","1","1","1","","","","","","","","","","","",""
"2700","59232","59232","59232","0.8","0.8","0.8","","","","","","","","","","","",""
"2701","59234","59234","59234","1","1","1","","","","","","","","","","","",""
"2702","59236","59236","59236","1","1","1","","","","","","","","","","","",""
"2703","59238","59238","59238","1","1","1","","","","","","","","","","","",""
"2704","59240","59240","59240","1","1","1","","","","","","","","","","","",""
"2705","59242","59242","59242","1","1","1","","","","","","","","","","","",""
"2706","59244","59244","59244","1","1","1","","","","","","","","","","","",""
"2707","59246","59246","59246","1","1","1","","","","","","","","","","","",""
"2708","59248","59248","59248","1","1","1","","","","","","","","","","","",""
"2709","59409","59409","59409","0.8","0.8","0.8","","","","","","","","","","","",""
"2710","59411","59411","59411","1","1","1","","","","","","","","","","","",""
"2711","59413","59413","59413","1","1","1","","","","","","","","","","","",""
"2712","59415","59415","59415","1","1","1","","","","","","","","","","","",""
"2713","59417","59417","59417","1","1","1","","","","","","","","","","","",""
"2714","59419","59419","59419","1","1","1","","","","","","","","","","","",""
"2715","59421","59421","59421","1","1","1","","","","","","","","","","","",""
"2716","59423","59423","59423","1","1","1","","","","","","","","","","","",""
"2717","59425","59425","59425","1","1","1","","","","","","","","","","","",""
"2718","59585","59585","59585","0.8","0.8","0.8","","","","","","","","","","","",""
"2719","59587","59587","59587","1","1","1","","","","","","","","","","","",""
"2720","59589","59589","59589","1","1","1","","","","","","","","","","","",""
"2721","59591","59591","59591","1","1","1","","","","","","","","","","","",""
"2722","59593","59593","59593","1","1","1","","","","","","","","","","","",""
"2723","59595","59595","59595","1","1","1","","","","","","","","","","","",""
"2724","59597","59597","59597","1","1","1","","","","","","","","","","","",""
"2725","59599","59599","59599","1","1","1","","","","","","","","","","","",""
"2726","59601","59601","59601","1","1","1","","","","","","","","","","","",""
"2727","59766","59766","59766","0.8","0.8","0.8","","","","","","","","","","","",""
"2728","59768","59768","59768","1","1","1","","","","","","","","","","","",""
"2729","59770","59770","59770","1","1","1","","","","","","","","","","","",""
"2730","59772","59772","59772","1","1","1","","","","","","","","","","","",""
"2731","59774","59774","59774","1","1","1","","","","","","","","","","","",""
"2732","59776","59776","59776","1","1","1","","","","","","","","","","","",""
"2733","59778","59778","59778","1","1","1","","","","","","","","","","","",""
"2734","59780","59780","59780","1","1","1","","","","","","","","","","","",""
"2735","59782","59782","59782","1","1","1","","","","","","","","","","","",""
"2736","59942","59942","59942","0.8","0.8","0.8","","","","","","","","","","","",""
"2737","59944","59944","59944","1","1","1","","","","","","","","","","","",""
"2738","59946","59946","59946","1","1","1","","","","","","","","","","","",""
"2739","59948","59948","59948","1","1","1","","","","","","","","","","","",""
"2740","59950","59950","59950","1","1","1","","","","","","","","","","","",""
"2741","59952","59952","59952","1","1","1","","","","","","","","","","","",""
"2742","59954","59954","59954","1","1","1","","","","","","","","","","","",""
"2743","59956","59956","59956","1","1","1","","","","","","","","","","","",""
"2744","59958","59958","59958","1","1","1","","","","","","","","","","","",""
"2745","60119","60119","60119","0.8","0.8","0.8","","","","","","","","","","","",""
"2746","60121","60121","60121","1","1","1","","","","","","","","","","","",""
"2747","60123","60123","60123","1","1","1","","","","","","","","","","","",""
"2748","60125","60125","60125","1","1","1","","","","","","","","","","","",""
"2749","60127","60127","60127","1","1","1","","","","","","","","","","","",""
"2750","60129","60129","60129","1","1","1","","","","","","","","","","","",""
"2751","60131","60131","60131","1","1","1","","","","","","","","","","","",""
"2752","60133","60133","60133","1","1","1","","","","","","","","","","","",""
"2753","60135","60135","60135","1","1","1","","","","","","","","","","","",""
"2754","60293","60293","60293","1","1","1","","","","","","","","","","","",""
"2755","60295","60295","60295","1","1","1","","","","","","","","","","","",""
"2756","60297","60297","60297","1","1","1","","","","","","","","","","","",""
"2757","60299","60299","60299","1","1","1","","","","","","","","","","","",""
"2758","60301","60301","60301","1","1","1","","","","","","","","","","","",""
"2759","60303","60303","60303","1","1","1","","","","","","","","","","","",""
"2760","60305","60305","60305","1","1","1","","","","","","","","","","","",""
"2761","60307","60307","60307","1","1","1","","","","","","","","","","","",""
"2762","60309","60309","60309","1","1","1","","","","","","","","","","","",""
"2763","60471","60471","60471","0.8","0.8","0.8","","","","","","","","","","","",""
"2764","60473","60473","60473","1","1","1","","","","","","","","","","","",""
"2765","60475","60475","60475","1","1","1","","","","","","","","","","","",""
"2766","60477","60477","60477","1","1","1","","","","","","","","","","","",""
"2767","60479","60479","60479","1","1","1","","","","","","","","","","","",""
"2768","60481","60481","60481","1","1","1","","","","","","","","","","","",""
"2769","60483","60483","60483","1","1","1","","","","","","","","","","","",""
"2770","60485","60485","60485","1","1","1","","","","","","","","","","","",""
"2771","60487","60487","60487","1","1","1","","","","","","","","","","","",""
"2772","60647","60647","60647","0.8","0.8","0.8","","","","","","","","","","","",""
"2773","60649","60649","60649","1","1","1","","","","","","","","","","","",""
"2774","60651","60651","60651","1","1","1","","","","","","","","","","","",""
"2775","60653","60653","60653","1","1","1","","","","","","","","","","","",""
"2776","60655","60655","60655","1","1","1","","","","","","","","","","","",""
"2777","60657","60657","60657","1","1","1","","","","","","","","","","","",""
"2778","60659","60659","60659","1","1","1","","","","","","","","","","","",""
"2779","60661","60661","60661","1","1","1","","","","","","","","","","","",""
"2780","60663","60663","60663","1","1","1","","","","","","","","","","","",""
"2781","60821","60821","60821","0.8","0.8","0.8","","","","","","","","","","","",""
"2782","60823","60823","60823","1","1","1","","","","","","","","","","","",""
"2783","60825","60825","60825","1","1","1","","","","","","","","","","","",""
"2784","60827","60827","60827","1","1","1","","","","","","","","","","","",""
"2785","60829","60829","60829","1","1","1","","","","","","","","","","","",""
"2786","60831","60831","60831","1","1","1","","","","","","","","","","","",""
"2787","60833","60833","60833","1","1","1","","","","","","","","","","","",""
"2788","60835","60835","60835","1","1","1","","","","","","","","","","","",""
"2789","60837","60837","60837","1","1","1","","","","","","","","","","","",""
"2790","60998","60998","60998","0.8","0.8","0.8","","","","","","","","","","","",""
"2791","61000","61000","61000","1","1","1","","","","","","","","","","","",""
"2792","61002","61002","61002","1","1","1","","","","","","","","","","","",""
"2793","61004","61004","61004","1","1","1","","","","","","","","","","","",""
"2794","61006","61006","61006","1","1","1","","","","","","","","","","","",""
"2795","61008","61008","61008","1","1","1","","","","","","","","","","","",""
"2796","61010","61010","61010","1","1","1","","","","","","","","","","","",""
"2797","61012","61012","61012","1","1","1","","","","","","","","","","","",""
"2798","61014","61014","61014","1","1","1","","","","","","","","","","","",""
"2799","61176","61176","61176","0.8","0.8","0.8","","","","","","","","","","","",""
"2800","61178","61178","61178","1","1","1","","","","","","","","","","","",""
"2801","61180","61180","61180","1","1","1","","","","","","","","","","","",""
"2802","61182","61182","61182","1","1","1","","","","","","","","","","","",""
"2803","61184","61184","61184","1","1","1","","","","","","","","","","","",""
"2804","61186","61186","61186","1","1","1","","","","","","","","","","","",""
"2805","61188","61188","61188","1","1","1","","","","","","","","","","","",""
"2806","61190","61190","61190","1","1","1","","","","","","","","","","","",""
"2807","61192","61192","61192","1","1","1","","","","","","","","","","","",""
"2808","61353","61353","61353","0.8","0.8","0.8","","","","","","","","","","","",""
"2809","61355","61355","61355","1","1","1","","","","","","","","","","","",""
"2810","61357","61357","61357","1","1","1","","","","","","","","","","","",""
"2811","61359","61359","61359","1","1","1","","","","","","","","","","","",""
"2812","61361","61361","61361","1","1","1","","","","","","","","","","","",""
"2813","61363","61363","61363","1","1","1","","","","","","","","","","","",""
"2814","61365","61365","61365","1","1","1","","","","","","","","","","","",""
"2815","61367","61367","61367","1","1","1","","","","","","","","","","","",""
"2816","61369","61369","61369","1","1","1","","","","","","","","","","","",""
"2817","61527","61527","61527","0.8","0.8","0.8","","","","","","","","","","","",""
"2818","61529","61529","61529","1","1","1","","","","","","","","","","","",""
"2819","61531","61531","61531","1","1","1","","","","","","","","","","","",""
"2820","61533","61533","61533","1","1","1","","","","","","","","","","","",""
"2821","61535","61535","61535","1","1","1","","","","","","","","","","","",""
"2822","61537","61537","61537","1","1","1","","","","","","","","","","","",""
"2823","61539","61539","61539","1","1","1","","","","","","","","","","","",""
"2824","61541","61541","61541","1","1","1","","","","","","","","","","","",""
"2825","61543","61543","61543","1","1","1","","","","","","","","","","","",""
"2826","61710","61710","61710","0.8","0.8","0.8","","","","","","","","","","","",""
"2827","61712","61712","61712","1","1","1","","","","","","","","","","","",""
"2828","61714","61714","61714","1","1","1","","","","","","","","","","","",""
"2829","61716","61716","61716","1","1","1","","","","","","","","","","","",""
"2830","61718","61718","61718","1","1","1","","","","","","","","","","","",""
"2831","61720","61720","61720","1","1","1","","","","","","","","","","","",""
"2832","61722","61722","61722","1","1","1","","","","","","","","","","","",""
"2833","61724","61724","61724","1","1","1","","","","","","","","","","","",""
"2834","61726","61726","61726","1","1","1","","","","","","","","","","","",""
"2835","61884","61884","61884","0.8","0.8","0.8","","","","","","","","","","","",""
"2836","61886","61886","61886","1","1","1","","","","","","","","","","","",""
"2837","61888","61888","61888","1","1","1","","","","","","","","","","","",""
"2838","61890","61890","61890","1","1","1","","","","","","","","","","","",""
"2839","61892","61892","61892","1","1","1","","","","","","","","","","","",""
"2840","61894","61894","61894","1","1","1","","","","","","","","","","","",""
"2841","61896","61896","61896","1","1","1","","","","","","","","","","","",""
"2842","61898","61898","61898","1","1","1","","","","","","","","","","","",""
"2843","61900","61900","61900","1","1","1","","","","","","","","","","","",""
"2844","62061","62061","62061","1","1","1","","","","","","","","","","","",""
"2845","62063","62063","62063","1","1","1","","","","","","","","","","","",""
"2846","62065","62065","62065","1","1","1","","","","","","","","","","","",""
"2847","62067","62067","62067","1","1","1","","","","","","","","","","","",""
"2848","62069","62069","62069","1","1","1","","","","","","","","","","","",""
"2849","62071","62071","62071","1","1","1","","","","","","","","","","","",""
"2850","62073","62073","62073","1","1","1","","","","","","","","","","","",""
"2851","62075","62075","62075","1","1","1","","","","","","","","","","","",""
"2852","62077","62077","62077","1","1","1","","","","","","","","","","","",""
"2853","62238","62238","62238","0.8","0.8","0.8","","","","","","","","","","","",""
"2854","62240","62240","62240","1","1","1","","","","","","","","","","","",""
"2855","62242","62242","62242","1","1","1","","","","","","","","","","","",""
"2856","62244","62244","62244","1","1","1","","","","","","","","","","","",""
"2857","62246","62246","62246","1","1","1","","","","","","","","","","","",""
"2858","62248","62248","62248","1","1","1","","","","","","","","","","","",""
"2859","62250","62250","62250","1","1","1","","","","","","","","","","","",""
"2860","62252","62252","62252","1","1","1","","","","","","","","","","","",""
"2861","62254","62254","62254","1","1","1","","","","","","","","","","","",""
"2862","62419","62419","62419","0.8","0.8","0.8","","","","","","","","","","","",""
"2863","62421","62421","62421","1","1","1","","","","","","","","","","","",""
"2864","62423","62423","62423","1","1","1","","","","","","","","","","","",""
"2865","62425","62425","62425","1","1","1","","","","","","","","","","","",""
"2866","62427","62427","62427","1","1","1","","","","","","","","","","","",""
"2867","62429","62429","62429","1","1","1","","","","","","","","","","","",""
"2868","62431","62431","62431","1","1","1","","","","","","","","","","","",""
"2869","62433","62433","62433","1","1","1","","","","","","","","","","","",""
"2870","62435","62435","62435","1","1","1","","","","","","","","","","","",""
"2871","62591","62591","62591","1","1","1","","","","","","","","","","","",""
"2872","62593","62593","62593","1","1","1","","","","","","","","","","","",""
"2873","62595","62595","62595","1","1","1","","","","","","","","","","","",""
"2874","62597","62597","62597","1","1","1","","","","","","","","","","","",""
"2875","62599","62599","62599","1","1","1","","","","","","","","","","","",""
"2876","62601","62601","62601","1","1","1","","","","","","","","","","","",""
"2877","62603","62603","62603","1","1","1","","","","","","","","","","","",""
"2878","62605","62605","62605","1","1","1","","","","","","","","","","","",""
"2879","62607","62607","62607","1","1","1","","","","","","","","","","","",""
"2880","62769","62769","62769","1","1","1","","","","","","","","","","","",""
"2881","62771","62771","62771","1","1","1","","","","","","","","","","","",""
"2882","62773","62773","62773","1","1","1","","","","","","","","","","","",""
"2883","62775","62775","62775","1","1","1","","","","","","","","","","","",""
"2884","62777","62777","62777","1","1","1","","","","","","","","","","","",""
"2885","62779","62779","62779","1","1","1","","","","","","","","","","","",""
"2886","62781","62781","62781","1","1","1","","","","","","","","","","","",""
"2887","62783","62783","62783","1","1","1","","","","","","","","","","","",""
"2888","62785","62785","62785","1","1","1","","","","","","","","","","","",""
"2889","62942","62942","62942","1","1","1","","","","","","","","","","","",""
"2890","62944","62944","62944","1","1","1","","","","","","","","","","","",""
"2891","62946","62946","62946","1","1","1","","","","","","","","","","","",""
"2892","62948","62948","62948","1","1","1","","","","","","","","","","","",""
"2893","62950","62950","62950","1","1","1","","","","","","","","","","","",""
"2894","62952","62952","62952","1","1","1","","","","","","","","","","","",""
"2895","62954","62954","62954","1","1","1","","","","","","","","","","","",""
"2896","62956","62956","62956","1","1","1","","","","","","","","","","","",""
"2897","62958","62958","62958","1","1","1","","","","","","","","","","","",""
"2898","63120","63120","63120","1","1","1","","","","","","","","","","","",""
"2899","63122","63122","63122","1","1","1","","","","","","","","","","","",""
"2900","63124","63124","63124","1","1","1","","","","","","","","","","","",""
"2901","63126","63126","63126","1","1","1","","","","","","","","","","","",""
"2902","63128","63128","63128","1","1","1","","","","","","","","","","","",""
"2903","63130","63130","63130","1","1","1","","","","","","","","","","","",""
"2904","63132","63132","63132","1","1","1","","","","","","","","","","","",""
"2905","63134","63134","63134","1","1","1","","","","","","","","","","","",""
"2906","63136","63136","63136","1","1","1","","","","","","","","","","","",""
"2907","63297","63297","63297","1","1","1","","","","","","","","","","","",""
"2908","63299","63299","63299","1","1","1","","","","","","","","","","","",""
"2909","63301","63301","63301","1","1","1","","","","","","","","","","","",""
"2910","63303","63303","63303","1","1","1","","","","","","","","","","","",""
"2911","63305","63305","63305","1","1","1","","","","","","","","","","","",""
"2912","63307","63307","63307","1","1","1","","","","","","","","","","","",""
"2913","63309","63309","63309","1","1","1","","","","","","","","","","","",""
"2914","63311","63311","63311","1","1","1","","","","","","","","","","","",""
"2915","63313","63313","63313","1","1","1","","","","","","","","","","","",""
"2916","63477","63477","63477","1","1","1","","","","","","","","","","","",""
"2917","63479","63479","63479","0.8","0.8","0.8","","","","","","","","","","","",""
"2918","63481","63481","63481","1","1","1","","","","","","","","","","","",""
"2919","63483","63483","63483","1","1","1","","","","","","","","","","","",""
"2920","63485","63485","63485","1","1","1","","","","","","","","","","","",""
"2921","63487","63487","63487","1","1","1","","","","","","","","","","","",""
"2922","63489","63489","63489","1","1","1","","","","","","","","","","","",""
"2923","63491","63491","63491","1","1","1","","","","","","","","","","","",""
"2924","63493","63493","63493","1","1","1","","","","","","","","","","","",""
"2925","63655","63655","63655","0.8","0.8","0.8","","","","","","","","","","","",""
"2926","63657","63657","63657","1","1","1","","","","","","","","","","","",""
"2927","63659","63659","63659","1","1","1","","","","","","","","","","","",""
"2928","63661","63661","63661","1","1","1","","","","","","","","","","","",""
"2929","63663","63663","63663","1","1","1","","","","","","","","","","","",""
"2930","63665","63665","63665","1","1","1","","","","","","","","","","","",""
"2931","63667","63667","63667","1","1","1","","","","","","","","","","","",""
"2932","63669","63669","63669","1","1","1","","","","","","","","","","","",""
"2933","63671","63671","63671","1","1","1","","","","","","","","","","","",""
"2934","63831","63831","63831","0.8","0.8","0.8","","","","","","","","","","","",""
"2935","63833","63833","63833","1","1","1","","","","","","","","","","","",""
"2936","63835","63835","63835","1","1","1","","","","","","","","","","","",""
"2937","63837","63837","63837","1","1","1","","","","","","","","","","","",""
"2938","63839","63839","63839","1","1","1","","","","","","","","","","","",""
"2939","63841","63841","63841","1","1","1","","","","","","","","","","","",""
"2940","63843","63843","63843","1","1","1","","","","","","","","","","","",""
"2941","63845","63845","63845","1","1","1","","","","","","","","","","","",""
"2942","63847","63847","63847","1","1","1","","","","","","","","","","","",""
"2943","64008","64008","64008","0.8","0.8","0.8","","","","","","","","","","","",""
"2944","64010","64010","64010","1","1","1","","","","","","","","","","","",""
"2945","64012","64012","64012","1","1","1","","","","","","","","","","","",""
"2946","64014","64014","64014","1","1","1","","","","","","","","","","","",""
"2947","64016","64016","64016","1","1","1","","","","","","","","","","","",""
"2948","64018","64018","64018","1","1","1","","","","","","","","","","","",""
"2949","64020","64020","64020","1","1","1","","","","","","","","","","","",""
"2950","64022","64022","64022","1","1","1","","","","","","","","","","","",""
"2951","64024","64024","64024","1","1","1","","","","","","","","","","","",""
"2952","64186","64186","64186","0.8","0.8","0.8","","","","","","","","","","","",""
"2953","64188","64188","64188","1","1","1","","","","","","","","","","","",""
"2954","64190","64190","64190","1","1","1","","","","","","","","","","","",""
"2955","64192","64192","64192","1","1","1","","","","","","","","","","","",""
"2956","64194","64194","64194","1","1","1","","","","","","","","","","","",""
"2957","64196","64196","64196","1","1","1","","","","","","","","","","","",""
"2958","64198","64198","64198","1","1","1","","","","","","","","","","","",""
"2959","64200","64200","64200","1","1","1","","","","","","","","","","","",""
"2960","64202","64202","64202","1","1","1","","","","","","","","","","","",""
"2961","64361","64361","64361","0.8","0.8","0.8","","","","","","","","","","","",""
"2962","64363","64363","64363","1","1","1","","","","","","","","","","","",""
"2963","64365","64365","64365","1","1","1","","","","","","","","","","","",""
"2964","64367","64367","64367","1","1","1","","","","","","","","","","","",""
"2965","64369","64369","64369","1","1","1","","","","","","","","","","","",""
"2966","64371","64371","64371","1","1","1","","","","","","","","","","","",""
"2967","64373","64373","64373","1","1","1","","","","","","","","","","","",""
"2968","64375","64375","64375","1","1","1","","","","","","","","","","","",""
"2969","64377","64377","64377","1","1","1","","","","","","","","","","","",""
"2970","64537","64537","64537","0.8","0.8","0.8","","","","","","","","","","","",""
"2971","64539","64539","64539","1","1","1","","","","","","","","","","","",""
"2972","64541","64541","64541","1","1","1","","","","","","","","","","","",""
"2973","64543","64543","64543","1","1","1","","","","","","","","","","","",""
"2974","64545","64545","64545","1","1","1","","","","","","","","","","","",""
"2975","64547","64547","64547","1","1","1","","","","","","","","","","","",""
"2976","64549","64549","64549","1","1","1","","","","","","","","","","","",""
"2977","64551","64551","64551","1","1","1","","","","","","","","","","","",""
"2978","64553","64553","64553","1","1","1","","","","","","","","","","","",""
"2979","64720","64720","64720","0.8","0.8","0.8","","","","","","","","","","","",""
"2980","64722","64722","64722","1","1","1","","","","","","","","","","","",""
"2981","64724","64724","64724","1","1","1","","","","","","","","","","","",""
"2982","64726","64726","64726","1","1","1","","","","","","","","","","","",""
"2983","64728","64728","64728","1","1","1","","","","","","","","","","","",""
"2984","64730","64730","64730","1","1","1","","","","","","","","","","","",""
"2985","64732","64732","64732","1","1","1","","","","","","","","","","","",""
"2986","64734","64734","64734","1","1","1","","","","","","","","","","","",""
"2987","64736","64736","64736","1","1","1","","","","","","","","","","","",""
"2988","64894","64894","64894","0.8","0.8","0.8","","","","","","","","","","","",""
"2989","64896","64896","64896","1","1","1","","","","","","","","","","","",""
"2990","64898","64898","64898","1","1","1","","","","","","","","","","","",""
"2991","64900","64900","64900","1","1","1","","","","","","","","","","","",""
"2992","64902","64902","64902","1","1","1","","","","","","","","","","","",""
"2993","64904","64904","64904","1","1","1","","","","","","","","","","","",""
"2994","64906","64906","64906","1","1","1","","","","","","","","","","","",""
"2995","64908","64908","64908","1","1","1","","","","","","","","","","","",""
"2996","64910","64910","64910","1","1","1","","","","","","","","","","","",""
"2997","65075","65075","65075","0.8","0.8","0.8","","","","","","","","","","","",""
"2998","65077","65077","65077","1","1","1","","","","","","","","","","","",""
"2999","65079","65079","65079","1","1","1","","","","","","","","","","","",""
"3000","65081","65081","65081","1","1","1","","","","","","","","","","","",""
"3001","65083","65083","65083","1","1","1","","","","","","","","","","","",""
"3002","65085","65085","65085","1","1","1","","","","","","","","","","","",""
"3003","65087","65087","65087","1","1","1","","","","","","","","","","","",""
"3004","65089","65089","65089","1","1","1","","","","","","","","","","","",""
"3005","65091","65091","65091","1","1","1","","","","","","","","","","","",""
"3006","65251","65251","65251","0.8","0.8","0.8","","","","","","","","","","","",""
"3007","65253","65253","65253","1","1","1","","","","","","","","","","","",""
"3008","65255","65255","65255","1","1","1","","","","","","","","","","","",""
"3009","65257","65257","65257","1","1","1","","","","","","","","","","","",""
"3010","65259","65259","65259","1","1","1","","","","","","","","","","","",""
"3011","65261","65261","65261","1","1","1","","","","","","","","","","","",""
"3012","65263","65263","65263","1","1","1","","","","","","","","","","","",""
"3013","65265","65265","65265","1","1","1","","","","","","","","","","","",""
"3014","65267","65267","65267","1","1","1","","","","","","","","","","","",""
"3015","65430","65430","65430","0.8","0.8","0.8","","","","","","","","","","","",""
"3016","65432","65432","65432","1","1","1","","","","","","","","","","","",""
"3017","65434","65434","65434","1","1","1","","","","","","","","","","","",""
"3018","65436","65436","65436","1","1","1","","","","","","","","","","","",""
"3019","65438","65438","65438","1","1","1","","","","","","","","","","","",""
"3020","65440","65440","65440","1","1","1","","","","","","","","","","","",""
"3021","65442","65442","65442","1","1","1","","","","","","","","","","","",""
"3022","65444","65444","65444","1","1","1","","","","","","","","","","","",""
"3023","65446","65446","65446","1","1","1","","","","","","","","","","","",""
"3024","65608","65608","65608","0.8","0.8","0.8","","","","","","","","","","","",""
"3025","65610","65610","65610","1","1","1","","","","","","","","","","","",""
"3026","65612","65612","65612","1","1","1","","","","","","","","","","","",""
"3027","65614","65614","65614","1","1","1","","","","","","","","","","","",""
"3028","65616","65616","65616","1","1","1","","","","","","","","","","","",""
"3029","65618","65618","65618","1","1","1","","","","","","","","","","","",""
"3030","65620","65620","65620","1","1","1","","","","","","","","","","","",""
"3031","65622","65622","65622","1","1","1","","","","","","","","","","","",""
"3032","65624","65624","65624","1","1","1","","","","","","","","","","","",""
"3033","65788","65788","65788","0.8","0.8","0.8","","","","","","","","","","","",""
"3034","65790","65790","65790","1","1","1","","","","","","","","","","","",""
"3035","65792","65792","65792","1","1","1","","","","","","","","","","","",""
"3036","65794","65794","65794","1","1","1","","","","","","","","","","","",""
"3037","65796","65796","65796","1","1","1","","","","","","","","","","","",""
"3038","65798","65798","65798","1","1","1","","","","","","","","","","","",""
"3039","65800","65800","65800","1","1","1","","","","","","","","","","","",""
"3040","65802","65802","65802","1","1","1","","","","","","","","","","","",""
"3041","65804","65804","65804","1","1","1","","","","","","","","","","","",""
"3042","65965","65965","65965","0.8","0.8","0.8","","","","","","","","","","","",""
"3043","65967","65967","65967","1","1","1","","","","","","","","","","","",""
"3044","65969","65969","65969","1","1","1","","","","","","","","","","","",""
"3045","65971","65971","65971","1","1","1","","","","","","","","","","","",""
"3046","65973","65973","65973","1","1","1","","","","","","","","","","","",""
"3047","65975","65975","65975","1","1","1","","","","","","","","","","","",""
"3048","65977","65977","65977","1","1","1","","","","","","","","","","","",""
"3049","65979","65979","65979","1","1","1","","","","","","","","","","","",""
"3050","65981","65981","65981","1","1","1","","","","","","","","","","","",""
"3051","66143","66143","66143","0.8","0.8","0.8","","","","","","","","","","","",""
"3052","66145","66145","66145","1","1","1","","","","","","","","","","","",""
"3053","66147","66147","66147","1","1","1","","","","","","","","","","","",""
"3054","66149","66149","66149","1","1","1","","","","","","","","","","","",""
"3055","66151","66151","66151","1","1","1","","","","","","","","","","","",""
"3056","66153","66153","66153","1","1","1","","","","","","","","","","","",""
"3057","66155","66155","66155","1","1","1","","","","","","","","","","","",""
"3058","66157","66157","66157","1","1","1","","","","","","","","","","","",""
"3059","66159","66159","66159","1","1","1","","","","","","","","","","","",""
"3060","66322","66322","66322","0.8","0.8","0.8","","","","","","","","","","","",""
"3061","66324","66324","66324","1","1","1","","","","","","","","","","","",""
"3062","66326","66326","66326","1","1","1","","","","","","","","","","","",""
"3063","66328","66328","66328","1","1","1","","","","","","","","","","","",""
"3064","66330","66330","66330","1","1","1","","","","","","","","","","","",""
"3065","66332","66332","66332","1","1","1","","","","","","","","","","","",""
"3066","66334","66334","66334","1","1","1","","","","","","","","","","","",""
"3067","66336","66336","66336","1","1","1","","","","","","","","","","","",""
"3068","66338","66338","66338","0.8","0.8","0.8","","","","","","","","","","","",""
"3069","66500","66500","66500","0.8","0.8","0.8","","","","","","","","","","","",""
"3070","66502","66502","66502","0.8","0.8","0.8","","","","","","","","","","","",""
"3071","66504","66504","66504","1","1","1","","","","","","","","","","","",""
"3072","66506","66506","66506","1","1","1","","","","","","","","","","","",""
"3073","66508","66508","66508","1","1","1","","","","","","","","","","","",""
"3074","66510","66510","66510","1","1","1","","","","","","","","","","","",""
"3075","66512","66512","66512","1","1","1","","","","","","","","","","","",""
"3076","66514","66514","66514","1","1","1","","","","","","","","","","","",""
"3077","66516","66516","66516","1","1","1","","","","","","","","","","","",""
"3078","66675","66675","66675","0.8","0.8","0.8","","","","","","","","","","","",""
"3079","66677","66677","66677","1","1","1","","","","","","","","","","","",""
"3080","66679","66679","66679","1","1","1","","","","","","","","","","","",""
"3081","66681","66681","66681","1","1","1","","","","","","","","","","","",""
"3082","66683","66683","66683","1","1","1","","","","","","","","","","","",""
"3083","66685","66685","66685","1","1","1","","","","","","","","","","","",""
"3084","66687","66687","66687","1","1","1","","","","","","","","","","","",""
"3085","66689","66689","66689","1","1","1","","","","","","","","","","","",""
"3086","66691","66691","66691","1","1","1","","","","","","","","","","","",""
"3087","66851","66851","66851","0.8","0.8","0.8","","","","","","","","","","","",""
"3088","66853","66853","66853","1","1","1","","","","","","","","","","","",""
"3089","66855","66855","66855","1","1","1","","","","","","","","","","","",""
"3090","66857","66857","66857","1","1","1","","","","","","","","","","","",""
"3091","66859","66859","66859","1","1","1","","","","","","","","","","","",""
"3092","66861","66861","66861","1","1","1","","","","","","","","","","","",""
"3093","66863","66863","66863","1","1","1","","","","","","","","","","","",""
"3094","66865","66865","66865","1","1","1","","","","","","","","","","","",""
"3095","66867","66867","66867","1","1","1","","","","","","","","","","","",""
"3096","67028","67028","67028","0.8","0.8","0.8","","","","","","","","","","","",""
"3097","67030","67030","67030","1","1","1","","","","","","","","","","","",""
"3098","67032","67032","67032","1","1","1","","","","","","","","","","","",""
"3099","67034","67034","67034","1","1","1","","","","","","","","","","","",""
"3100","67036","67036","67036","1","1","1","","","","","","","","","","","",""
"3101","67038","67038","67038","1","1","1","","","","","","","","","","","",""
"3102","67040","67040","67040","1","1","1","","","","","","","","","","","",""
"3103","67042","67042","67042","1","1","1","","","","","","","","","","","",""
"3104","67044","67044","67044","1","1","1","","","","","","","","","","","",""
"3105","67206","67206","67206","0.8","0.8","0.8","","","","","","","","","","","",""
"3106","67208","67208","67208","1","1","1","","","","","","","","","","","",""
"3107","67210","67210","67210","1","1","1","","","","","","","","","","","",""
"3108","67212","67212","67212","1","1","1","","","","","","","","","","","",""
"3109","67214","67214","67214","1","1","1","","","","","","","","","","","",""
"3110","67216","67216","67216","1","1","1","","","","","","","","","","","",""
"3111","67218","67218","67218","1","1","1","","","","","","","","","","","",""
"3112","67220","67220","67220","1","1","1","","","","","","","","","","","",""
"3113","67222","67222","67222","1","1","1","","","","","","","","","","","",""
"3114","67381","67381","67381","0.8","0.8","0.8","","","","","","","","","","","",""
"3115","67383","67383","67383","1","1","1","","","","","","","","","","","",""
"3116","67385","67385","67385","1","1","1","","","","","","","","","","","",""
"3117","67387","67387","67387","1","1","1","","","","","","","","","","","",""
"3118","67389","67389","67389","1","1","1","","","","","","","","","","","",""
"3119","67391","67391","67391","1","1","1","","","","","","","","","","","",""
"3120","67393","67393","67393","1","1","1","","","","","","","","","","","",""
"3121","67395","67395","67395","1","1","1","","","","","","","","","","","",""
"3122","67397","67397","67397","1","1","1","","","","","","","","","","","",""
"3123","67553","67553","67553","0.8","0.8","0.8","","","","","","","","","","","",""
"3124","67555","67555","67555","1","1","1","","","","","","","","","","","",""
"3125","67557","67557","67557","1","1","1","","","","","","","","","","","",""
"3126","67559","67559","67559","1","1","1","","","","","","","","","","","",""
"3127","67561","67561","67561","1","1","1","","","","","","","","","","","",""
"3128","67563","67563","67563","1","1","1","","","","","","","","","","","",""
"3129","67565","67565","67565","1","1","1","","","","","","","","","","","",""
"3130","67567","67567","67567","1","1","1","","","","","","","","","","","",""
"3131","67569","67569","67569","1","1","1","","","","","","","","","","","",""
"3132","67732","67732","67732","0.8","0.8","0.8","","","","","","","","","","","",""
"3133","67734","67734","67734","1","1","1","","","","","","","","","","","",""
"3134","67736","67736","67736","1","1","1","","","","","","","","","","","",""
"3135","67738","67738","67738","1","1","1","","","","","","","","","","","",""
"3136","67740","67740","67740","1","1","1","","","","","","","","","","","",""
"3137","67742","67742","67742","1","1","1","","","","","","","","","","","",""
"3138","67744","67744","67744","1","1","1","","","","","","","","","","","",""
"3139","67746","67746","67746","1","1","1","","","","","","","","","","","",""
"3140","67748","67748","67748","1","1","1","","","","","","","","","","","",""
"3141","67908","67908","67908","0.8","0.8","0.8","","","","","","","","","","","",""
"3142","67910","67910","67910","1","1","1","","","","","","","","","","","",""
"3143","67912","67912","67912","1","1","1","","","","","","","","","","","",""
"3144","67914","67914","67914","1","1","1","","","","","","","","","","","",""
"3145","67916","67916","67916","1","1","1","","","","","","","","","","","",""
"3146","67918","67918","67918","1","1","1","","","","","","","","","","","",""
"3147","67920","67920","67920","1","1","1","","","","","","","","","","","",""
"3148","67922","67922","67922","1","1","1","","","","","","","","","","","",""
"3149","67924","67924","67924","1","1","1","","","","","","","","","","","",""
"3150","68085","68085","68085","0.8","0.8","0.8","","","","","","","","","","","",""
"3151","68087","68087","68087","1","1","1","","","","","","","","","","","",""
"3152","68089","68089","68089","1","1","1","","","","","","","","","","","",""
"3153","68091","68091","68091","1","1","1","","","","","","","","","","","",""
"3154","68093","68093","68093","1","1","1","","","","","","","","","","","",""
"3155","68095","68095","68095","1","1","1","","","","","","","","","","","",""
"3156","68097","68097","68097","1","1","1","","","","","","","","","","","",""
"3157","68099","68099","68099","1","1","1","","","","","","","","","","","",""
"3158","68101","68101","68101","1","1","1","","","","","","","","","","","",""
"3159","68259","68259","68259","0.8","0.8","0.8","","","","","","","","","","","",""
"3160","68261","68261","68261","1","1","1","","","","","","","","","","","",""
"3161","68263","68263","68263","1","1","1","","","","","","","","","","","",""
"3162","68265","68265","68265","1","1","1","","","","","","","","","","","",""
"3163","68267","68267","68267","1","1","1","","","","","","","","","","","",""
"3164","68269","68269","68269","1","1","1","","","","","","","","","","","",""
"3165","68271","68271","68271","1","1","1","","","","","","","","","","","",""
"3166","68273","68273","68273","1","1","1","","","","","","","","","","","",""
"3167","68275","68275","68275","1","1","1","","","","","","","","","","","",""
"3168","68440","68440","68440","0.8","0.8","0.8","","","","","","","","","","","",""
"3169","68442","68442","68442","1","1","1","","","","","","","","","","","",""
"3170","68444","68444","68444","1","1","1","","","","","","","","","","","",""
"3171","68446","68446","68446","1","1","1","","","","","","","","","","","",""
"3172","68448","68448","68448","1","1","1","","","","","","","","","","","",""
"3173","68450","68450","68450","1","1","1","","","","","","","","","","","",""
"3174","68452","68452","68452","1","1","1","","","","","","","","","","","",""
"3175","68454","68454","68454","1","1","1","","","","","","","","","","","",""
"3176","68456","68456","68456","1","1","1","","","","","","","","","","","",""
"3177","68614","68614","68614","0.8","0.8","0.8","","","","","","","","","","","",""
"3178","68616","68616","68616","0.8","0.8","0.8","","","","","","","","","","","",""
"3179","68618","68618","68618","1","1","1","","","","","","","","","","","",""
"3180","68620","68620","68620","1","1","1","","","","","","","","","","","",""
"3181","68622","68622","68622","1","1","1","","","","","","","","","","","",""
"3182","68624","68624","68624","1","1","1","","","","","","","","","","","",""
"3183","68626","68626","68626","1","1","1","","","","","","","","","","","",""
"3184","68628","68628","68628","1","1","1","","","","","","","","","","","",""
"3185","68630","68630","68630","1","1","1","","","","","","","","","","","",""
"3186","68786","68786","68786","0.8","0.8","0.8","","","","","","","","","","","",""
"3187","68788","68788","68788","1","1","1","","","","","","","","","","","",""
"3188","68790","68790","68790","1","1","1","","","","","","","","","","","",""
"3189","68792","68792","68792","1","1","1","","","","","","","","","","","",""
"3190","68794","68794","68794","1","1","1","","","","","","","","","","","",""
"3191","68796","68796","68796","1","1","1","","","","","","","","","","","",""
"3192","68798","68798","68798","1","1","1","","","","","","","","","","","",""
"3193","68800","68800","68800","1","1","1","","","","","","","","","","","",""
"3194","68802","68802","68802","1","1","1","","","","","","","","","","","",""
"3195","68963","68963","68963","0.8","0.8","0.8","","","","","","","","","","","",""
"3196","68965","68965","68965","0.8","0.8","0.8","","","","","","","","","","","",""
"3197","68967","68967","68967","1","1","1","","","","","","","","","","","",""
"3198","68969","68969","68969","1","1","1","","","","","","","","","","","",""
"3199","68971","68971","68971","1","1","1","","","","","","","","","","","",""
"3200","68973","68973","68973","1","1","1","","","","","","","","","","","",""
"3201","68975","68975","68975","1","1","1","","","","","","","","","","","",""
"3202","68977","68977","68977","1","1","1","","","","","","","","","","","",""
"3203","68979","68979","68979","1","1","1","","","","","","","","","","","",""
"3204","69137","69137","69137","0.8","0.8","0.8","","","","","","","","","","","",""
"3205","69139","69139","69139","1","1","1","","","","","","","","","","","",""
"3206","69141","69141","69141","1","1","1","","","","","","","","","","","",""
"3207","69143","69143","69143","1","1","1","","","","","","","","","","","",""
"3208","69145","69145","69145","1","1","1","","","","","","","","","","","",""
"3209","69147","69147","69147","1","1","1","","","","","","","","","","","",""
"3210","69149","69149","69149","1","1","1","","","","","","","","","","","",""
"3211","69151","69151","69151","1","1","1","","","","","","","","","","","",""
"3212","69153","69153","69153","1","1","1","","","","","","","","","","","",""
"3213","69310","69310","69310","0.8","0.8","0.8","","","","","","","","","","","",""
"3214","69312","69312","69312","1","1","1","","","","","","","","","","","",""
"3215","69314","69314","69314","1","1","1","","","","","","","","","","","",""
"3216","69316","69316","69316","1","1","1","","","","","","","","","","","",""
"3217","69318","69318","69318","1","1","1","","","","","","","","","","","",""
"3218","69320","69320","69320","1","1","1","","","","","","","","","","","",""
"3219","69322","69322","69322","1","1","1","","","","","","","","","","","",""
"3220","69324","69324","69324","1","1","1","","","","","","","","","","","",""
"3221","69326","69326","69326","1","1","1","","","","","","","","","","","",""
"3222","69490","69490","69490","0.8","0.8","0.8","","","","","","","","","","","",""
"3223","69492","69492","69492","1","1","1","","","","","","","","","","","",""
"3224","69494","69494","69494","1","1","1","","","","","","","","","","","",""
"3225","69496","69496","69496","1","1","1","","","","","","","","","","","",""
"3226","69498","69498","69498","1","1","1","","","","","","","","","","","",""
"3227","69500","69500","69500","1","1","1","","","","","","","","","","","",""
"3228","69502","69502","69502","1","1","1","","","","","","","","","","","",""
"3229","69504","69504","69504","1","1","1","","","","","","","","","","","",""
"3230","69506","69506","69506","1","1","1","","","","","","","","","","","",""
"3231","69663","69663","69663","0.8","0.8","0.8","","","","","","","","","","","",""
"3232","69665","69665","69665","1","1","1","","","","","","","","","","","",""
"3233","69667","69667","69667","1","1","1","","","","","","","","","","","",""
"3234","69669","69669","69669","1","1","1","","","","","","","","","","","",""
"3235","69671","69671","69671","1","1","1","","","","","","","","","","","",""
"3236","69673","69673","69673","1","1","1","","","","","","","","","","","",""
"3237","69675","69675","69675","1","1","1","","","","","","","","","","","",""
"3238","69677","69677","69677","1","1","1","","","","","","","","","","","",""
"3239","69679","69679","69679","1","1","1","","","","","","","","","","","",""
"3240","69843","69843","69843","0.8","0.8","0.8","","","","","","","","","","","",""
"3241","69845","69845","69845","1","1","1","","","","","","","","","","","",""
"3242","69847","69847","69847","1","1","1","","","","","","","","","","","",""
"3243","69849","69849","69849","1","1","1","","","","","","","","","","","",""
"3244","69851","69851","69851","1","1","1","","","","","","","","","","","",""
"3245","69853","69853","69853","1","1","1","","","","","","","","","","","",""
"3246","69855","69855","69855","1","1","1","","","","","","","","","","","",""
"3247","69857","69857","69857","1","1","1","","","","","","","","","","","",""
"3248","69859","69859","69859","1","1","1","","","","","","","","","","","",""
"3249","70020","70020","70020","0.8","0.8","0.8","","","","","","","","","","","",""
"3250","70022","70022","70022","1","1","1","","","","","","","","","","","",""
"3251","70024","70024","70024","1","1","1","","","","","","","","","","","",""
"3252","70026","70026","70026","1","1","1","","","","","","","","","","","",""
"3253","70028","70028","70028","1","1","1","","","","","","","","","","","",""
"3254","70030","70030","70030","1","1","1","","","","","","","","","","","",""
"3255","70032","70032","70032","1","1","1","","","","","","","","","","","",""
"3256","70034","70034","70034","1","1","1","","","","","","","","","","","",""
"3257","70036","70036","70036","1","1","1","","","","","","","","","","","",""
"3258","70198","70198","70198","0.8","0.8","0.8","","","","","","","","","","","",""
"3259","70200","70200","70200","1","1","1","","","","","","","","","","","",""
"3260","70202","70202","70202","1","1","1","","","","","","","","","","","",""
"3261","70204","70204","70204","1","1","1","","","","","","","","","","","",""
"3262","70206","70206","70206","1","1","1","","","","","","","","","","","",""
"3263","70208","70208","70208","1","1","1","","","","","","","","","","","",""
"3264","70210","70210","70210","1","1","1","","","","","","","","","","","",""
"3265","70212","70212","70212","1","1","1","","","","","","","","","","","",""
"3266","70214","70214","70214","1","1","1","","","","","","","","","","","",""
"3267","70375","70375","70375","0.8","0.8","0.8","","","","","","","","","","","",""
"3268","70377","70377","70377","1","1","1","","","","","","","","","","","",""
"3269","70379","70379","70379","1","1","1","","","","","","","","","","","",""
"3270","70381","70381","70381","1","1","1","","","","","","","","","","","",""
"3271","70383","70383","70383","1","1","1","","","","","","","","","","","",""
"3272","70385","70385","70385","1","1","1","","","","","","","","","","","",""
"3273","70387","70387","70387","1","1","1","","","","","","","","","","","",""
"3274","70389","70389","70389","1","1","1","","","","","","","","","","","",""
"3275","70391","70391","70391","1","1","1","","","","","","","","","","","",""
"3276","70549","70549","70549","0.8","0.8","0.8","","","","","","","","","","","",""
"3277","70551","70551","70551","1","1","1","","","","","","","","","","","",""
"3278","70553","70553","70553","1","1","1","","","","","","","","","","","",""
"3279","70555","70555","70555","1","1","1","","","","","","","","","","","",""
"3280","70557","70557","70557","1","1","1","","","","","","","","","","","",""
"3281","70559","70559","70559","1","1","1","","","","","","","","","","","",""
"3282","70561","70561","70561","1","1","1","","","","","","","","","","","",""
"3283","70563","70563","70563","1","1","1","","","","","","","","","","","",""
"3284","70565","70565","70565","1","1","1","","","","","","","","","","","",""
"3285","70730","70730","70730","1","1","1","","","","","","","","","","","",""
"3286","70732","70732","70732","1","1","1","","","","","","","","","","","",""
"3287","70734","70734","70734","1","1","1","","","","","","","","","","","",""
"3288","70736","70736","70736","1","1","1","","","","","","","","","","","",""
"3289","70738","70738","70738","1","1","1","","","","","","","","","","","",""
"3290","70740","70740","70740","1","1","1","","","","","","","","","","","",""
"3291","70742","70742","70742","1","1","1","","","","","","","","","","","",""
"3292","70744","70744","70744","1","1","1","","","","","","","","","","","",""
"3293","70746","70746","70746","1","1","1","","","","","","","","","","","",""
"3294","70903","70903","70903","0.8","0.8","0.8","","","","","","","","","","","",""
"3295","70905","70905","70905","1","1","1","","","","","","","","","","","",""
"3296","70907","70907","70907","1","1","1","","","","","","","","","","","",""
"3297","70909","70909","70909","1","1","1","","","","","","","","","","","",""
"3298","70911","70911","70911","1","1","1","","","","","","","","","","","",""
"3299","70913","70913","70913","1","1","1","","","","","","","","","","","",""
"3300","70915","70915","70915","1","1","1","","","","","","","","","","","",""
"3301","70917","70917","70917","1","1","1","","","","","","","","","","","",""
"3302","70919","70919","70919","1","1","1","","","","","","","","","","","",""
"3303","71080","71080","71080","0.8","0.8","0.8","","","","","","","","","","","",""
"3304","71082","71082","71082","1","1","1","","","","","","","","","","","",""
"3305","71084","71084","71084","1","1","1","","","","","","","","","","","",""
"3306","71086","71086","71086","1","1","1","","","","","","","","","","","",""
"3307","71088","71088","71088","1","1","1","","","","","","","","","","","",""
"3308","71090","71090","71090","1","1","1","","","","","","","","","","","",""
"3309","71092","71092","71092","1","1","1","","","","","","","","","","","",""
"3310","71094","71094","71094","1","1","1","","","","","","","","","","","",""
"3311","71096","71096","71096","1","1","1","","","","","","","","","","","",""
"3312","71254","71254","71254","0.8","0.8","0.8","","","","","","","","","","","",""
"3313","71256","71256","71256","1","1","1","","","","","","","","","","","",""
"3314","71258","71258","71258","1","1","1","","","","","","","","","","","",""
"3315","71260","71260","71260","1","1","1","","","","","","","","","","","",""
"3316","71262","71262","71262","1","1","1","","","","","","","","","","","",""
"3317","71264","71264","71264","1","1","1","","","","","","","","","","","",""
"3318","71266","71266","71266","1","1","1","","","","","","","","","","","",""
"3319","71268","71268","71268","1","1","1","","","","","","","","","","","",""
"3320","71270","71270","71270","1","1","1","","","","","","","","","","","",""
"3321","71433","71433","71433","1","1","1","","","","","","","","","","","",""
"3322","71435","71435","71435","1","1","1","","","","","","","","","","","",""
"3323","71437","71437","71437","1","1","1","","","","","","","","","","","",""
"3324","71439","71439","71439","1","1","1","","","","","","","","","","","",""
"3325","71441","71441","71441","1","1","1","","","","","","","","","","","",""
"3326","71443","71443","71443","1","1","1","","","","","","","","","","","",""
"3327","71445","71445","71445","1","1","1","","","","","","","","","","","",""
"3328","71447","71447","71447","1","1","1","","","","","","","","","","","",""
"3329","71449","71449","71449","1","1","1","","","","","","","","","","","",""
"3330","71610","71610","71610","0.8","0.8","0.8","","","","","","","","","","","",""
"3331","71612","71612","71612","1","1","1","","","","","","","","","","","",""
"3332","71614","71614","71614","1","1","1","","","","","","","","","","","",""
"3333","71616","71616","71616","1","1","1","","","","","","","","","","","",""
"3334","71618","71618","71618","1","1","1","","","","","","","","","","","",""
"3335","71620","71620","71620","1","1","1","","","","","","","","","","","",""
"3336","71622","71622","71622","1","1","1","","","","","","","","","","","",""
"3337","71624","71624","71624","1","1","1","","","","","","","","","","","",""
"3338","71626","71626","71626","1","1","1","","","","","","","","","","","",""
"3339","71785","71785","71785","0.8","0.8","0.8","","","","","","","","","","","",""
"3340","71787","71787","71787","1","1","1","","","","","","","","","","","",""
"3341","71789","71789","71789","1","1","1","","","","","","","","","","","",""
"3342","71791","71791","71791","1","1","1","","","","","","","","","","","",""
"3343","71793","71793","71793","1","1","1","","","","","","","","","","","",""
"3344","71795","71795","71795","1","1","1","","","","","","","","","","","",""
"3345","71797","71797","71797","1","1","1","","","","","","","","","","","",""
"3346","71799","71799","71799","1","1","1","","","","","","","","","","","",""
"3347","71801","71801","71801","1","1","1","","","","","","","","","","","",""
"3348","71961","71961","71961","0.8","0.8","0.8","","","","","","","","","","","",""
"3349","71963","71963","71963","1","1","1","","","","","","","","","","","",""
"3350","71965","71965","71965","1","1","1","","","","","","","","","","","",""
"3351","71967","71967","71967","1","1","1","","","","","","","","","","","",""
"3352","71969","71969","71969","1","1","1","","","","","","","","","","","",""
"3353","71971","71971","71971","1","1","1","","","","","","","","","","","",""
"3354","71973","71973","71973","1","1","1","","","","","","","","","","","",""
"3355","71975","71975","71975","1","1","1","","","","","","","","","","","",""
"3356","71977","71977","71977","1","1","1","","","","","","","","","","","",""
"3357","72137","72137","72137","0.8","0.8","0.8","","","","","","","","","","","",""
"3358","72139","72139","72139","1","1","1","","","","","","","","","","","",""
"3359","72141","72141","72141","1","1","1","","","","","","","","","","","",""
"3360","72143","72143","72143","1","1","1","","","","","","","","","","","",""
"3361","72145","72145","72145","1","1","1","","","","","","","","","","","",""
"3362","72147","72147","72147","1","1","1","","","","","","","","","","","",""
"3363","72149","72149","72149","1","1","1","","","","","","","","","","","",""
"3364","72151","72151","72151","1","1","1","","","","","","","","","","","",""
"3365","72153","72153","72153","1","1","1","","","","","","","","","","","",""
"3366","72316","72316","72316","1","1","1","","","","","","","","","","","",""
"3367","72318","72318","72318","1","1","1","","","","","","","","","","","",""
"3368","72320","72320","72320","1","1","1","","","","","","","","","","","",""
"3369","72322","72322","72322","1","1","1","","","","","","","","","","","",""
"3370","72324","72324","72324","1","1","1","","","","","","","","","","","",""
"3371","72326","72326","72326","1","1","1","","","","","","","","","","","",""
"3372","72328","72328","72328","1","1","1","","","","","","","","","","","",""
"3373","72330","72330","72330","1","1","1","","","","","","","","","","","",""
"3374","72332","72332","72332","1","1","1","","","","","","","","","","","",""
"3375","72499","72499","72499","0.8","0.8","0.8","","","","","","","","","","","",""
"3376","72501","72501","72501","1","1","1","","","","","","","","","","","",""
"3377","72503","72503","72503","1","1","1","","","","","","","","","","","",""
"3378","72505","72505","72505","1","1","1","","","","","","","","","","","",""
"3379","72507","72507","72507","1","1","1","","","","","","","","","","","",""
"3380","72509","72509","72509","1","1","1","","","","","","","","","","","",""
"3381","72511","72511","72511","1","1","1","","","","","","","","","","","",""
"3382","72513","72513","72513","1","1","1","","","","","","","","","","","",""
"3383","72515","72515","72515","1","1","1","","","","","","","","","","","",""
"3384","72674","72674","72674","1","1","1","","","","","","","","","","","",""
"3385","72676","72676","72676","1","1","1","","","","","","","","","","","",""
"3386","72678","72678","72678","1","1","1","","","","","","","","","","","",""
"3387","72680","72680","72680","1","1","1","","","","","","","","","","","",""
"3388","72682","72682","72682","1","1","1","","","","","","","","","","","",""
"3389","72684","72684","72684","1","1","1","","","","","","","","","","","",""
"3390","72686","72686","72686","1","1","1","","","","","","","","","","","",""
"3391","72688","72688","72688","1","1","1","","","","","","","","","","","",""
"3392","72690","72690","72690","1","1","1","","","","","","","","","","","",""
"3393","72849","72849","72849","0.8","0.8","0.8","","","","","","","","","","","",""
"3394","72851","72851","72851","1","1","1","","","","","","","","","","","",""
"3395","72853","72853","72853","1","1","1","","","","","","","","","","","",""
"3396","72855","72855","72855","1","1","1","","","","","","","","","","","",""
"3397","72857","72857","72857","1","1","1","","","","","","","","","","","",""
"3398","72859","72859","72859","1","1","1","","","","","","","","","","","",""
"3399","72861","72861","72861","1","1","1","","","","","","","","","","","",""
"3400","72863","72863","72863","1","1","1","","","","","","","","","","","",""
"3401","72865","72865","72865","1","1","1","","","","","","","","","","","",""
"3402","73024","73024","73024","0.8","0.8","0.8","","","","","","","","","","","",""
"3403","73026","73026","73026","1","1","1","","","","","","","","","","","",""
"3404","73028","73028","73028","1","1","1","","","","","","","","","","","",""
"3405","73030","73030","73030","1","1","1","","","","","","","","","","","",""
"3406","73032","73032","73032","1","1","1","","","","","","","","","","","",""
"3407","73034","73034","73034","1","1","1","","","","","","","","","","","",""
"3408","73036","73036","73036","1","1","1","","","","","","","","","","","",""
"3409","73038","73038","73038","1","1","1","","","","","","","","","","","",""
"3410","73040","73040","73040","1","1","1","","","","","","","","","","","",""
"3411","73200","73200","73200","0.8","0.8","0.8","","","","","","","","","","","",""
"3412","73202","73202","73202","1","1","1","","","","","","","","","","","",""
"3413","73204","73204","73204","1","1","1","","","","","","","","","","","",""
"3414","73206","73206","73206","1","1","1","","","","","","","","","","","",""
"3415","73208","73208","73208","1","1","1","","","","","","","","","","","",""
"3416","73210","73210","73210","1","1","1","","","","","","","","","","","",""
"3417","73212","73212","73212","1","1","1","","","","","","","","","","","",""
"3418","73214","73214","73214","1","1","1","","","","","","","","","","","",""
"3419","73216","73216","73216","1","1","1","","","","","","","","","","","",""
"3420","73377","73377","73377","0.8","0.8","0.8","","","","","","","","","","","",""
"3421","73379","73379","73379","1","1","1","","","","","","","","","","","",""
"3422","73381","73381","73381","1","1","1","","","","","","","","","","","",""
"3423","73383","73383","73383","1","1","1","","","","","","","","","","","",""
"3424","73385","73385","73385","1","1","1","","","","","","","","","","","",""
"3425","73387","73387","73387","1","1","1","","","","","","","","","","","",""
"3426","73389","73389","73389","1","1","1","","","","","","","","","","","",""
"3427","73391","73391","73391","1","1","1","","","","","","","","","","","",""
"3428","73393","73393","73393","1","1","1","","","","","","","","","","","",""
"3429","73551","73551","73551","0.8","0.8","0.8","","","","","","","","","","","",""
"3430","73553","73553","73553","1","1","1","","","","","","","","","","","",""
"3431","73555","73555","73555","1","1","1","","","","","","","","","","","",""
"3432","73557","73557","73557","1","1","1","","","","","","","","","","","",""
"3433","73559","73559","73559","1","1","1","","","","","","","","","","","",""
"3434","73561","73561","73561","1","1","1","","","","","","","","","","","",""
"3435","73563","73563","73563","1","1","1","","","","","","","","","","","",""
"3436","73565","73565","73565","1","1","1","","","","","","","","","","","",""
"3437","73567","73567","73567","1","1","1","","","","","","","","","","","",""
"3438","73730","73730","73730","0.8","0.8","0.8","","","","","","","","","","","",""
"3439","73732","73732","73732","1","1","1","","","","","","","","","","","",""
"3440","73734","73734","73734","1","1","1","","","","","","","","","","","",""
"3441","73736","73736","73736","1","1","1","","","","","","","","","","","",""
"3442","73738","73738","73738","1","1","1","","","","","","","","","","","",""
"3443","73740","73740","73740","1","1","1","","","","","","","","","","","",""
"3444","73742","73742","73742","1","1","1","","","","","","","","","","","",""
"3445","73744","73744","73744","1","1","1","","","","","","","","","","","",""
"3446","73746","73746","73746","1","1","1","","","","","","","","","","","",""
"3447","73906","73906","73906","0.8","0.8","0.8","","","","","","","","","","","",""
"3448","73908","73908","73908","1","1","1","","","","","","","","","","","",""
"3449","73910","73910","73910","1","1","1","","","","","","","","","","","",""
"3450","73912","73912","73912","1","1","1","","","","","","","","","","","",""
"3451","73914","73914","73914","1","1","1","","","","","","","","","","","",""
"3452","73916","73916","73916","1","1","1","","","","","","","","","","","",""
"3453","73918","73918","73918","1","1","1","","","","","","","","","","","",""
"3454","73920","73920","73920","1","1","1","","","","","","","","","","","",""
"3455","73922","73922","73922","1","1","1","","","","","","","","","","","",""
"3456","74083","74083","74083","0.8","0.8","0.8","","","","","","","","","","","",""
"3457","74085","74085","74085","1","1","1","","","","","","","","","","","",""
"3458","74087","74087","74087","1","1","1","","","","","","","","","","","",""
"3459","74089","74089","74089","1","1","1","","","","","","","","","","","",""
"3460","74091","74091","74091","1","1","1","","","","","","","","","","","",""
"3461","74093","74093","74093","1","1","1","","","","","","","","","","","",""
"3462","74095","74095","74095","1","1","1","","","","","","","","","","","",""
"3463","74097","74097","74097","1","1","1","","","","","","","","","","","",""
"3464","74099","74099","74099","1","1","1","","","","","","","","","","","",""
"3465","74259","74259","74259","0.8","0.8","0.8","","","","","","","","","","","",""
"3466","74261","74261","74261","1","1","1","","","","","","","","","","","",""
"3467","74263","74263","74263","1","1","1","","","","","","","","","","","",""
"3468","74265","74265","74265","1","1","1","","","","","","","","","","","",""
"3469","74267","74267","74267","1","1","1","","","","","","","","","","","",""
"3470","74269","74269","74269","1","1","1","","","","","","","","","","","",""
"3471","74271","74271","74271","1","1","1","","","","","","","","","","","",""
"3472","74273","74273","74273","1","1","1","","","","","","","","","","","",""
"3473","74275","74275","74275","1","1","1","","","","","","","","","","","",""
"3474","74436","74436","74436","0.8","0.8","0.8","","","","","","","","","","","",""
"3475","74438","74438","74438","1","1","1","","","","","","","","","","","",""
"3476","74440","74440","74440","1","1","1","","","","","","","","","","","",""
"3477","74442","74442","74442","1","1","1","","","","","","","","","","","",""
"3478","74444","74444","74444","1","1","1","","","","","","","","","","","",""
"3479","74446","74446","74446","1","1","1","","","","","","","","","","","",""
"3480","74448","74448","74448","1","1","1","","","","","","","","","","","",""
"3481","74450","74450","74450","1","1","1","","","","","","","","","","","",""
"3482","74452","74452","74452","1","1","1","","","","","","","","","","","",""
"3483","74610","74610","74610","0.8","0.8","0.8","","","","","","","","","","","",""
"3484","74612","74612","74612","1","1","1","","","","","","","","","","","",""
"3485","74614","74614","74614","1","1","1","","","","","","","","","","","",""
"3486","74616","74616","74616","1","1","1","","","","","","","","","","","",""
"3487","74618","74618","74618","1","1","1","","","","","","","","","","","",""
"3488","74620","74620","74620","1","1","1","","","","","","","","","","","",""
"3489","74622","74622","74622","1","1","1","","","","","","","","","","","",""
"3490","74624","74624","74624","1","1","1","","","","","","","","","","","",""
"3491","74626","74626","74626","1","1","1","","","","","","","","","","","",""
"3492","74789","74789","74789","0.8","0.8","0.8","","","","","","","","","","","",""
"3493","74791","74791","74791","1","1","1","","","","","","","","","","","",""
"3494","74793","74793","74793","1","1","1","","","","","","","","","","","",""
"3495","74795","74795","74795","1","1","1","","","","","","","","","","","",""
"3496","74797","74797","74797","1","1","1","","","","","","","","","","","",""
"3497","74799","74799","74799","1","1","1","","","","","","","","","","","",""
"3498","74801","74801","74801","1","1","1","","","","","","","","","","","",""
"3499","74803","74803","74803","1","1","1","","","","","","","","","","","",""
"3500","74805","74805","74805","1","1","1","","","","","","","","","","","",""
"3501","74963","74963","74963","0.8","0.8","0.8","","","","","","","","","","","",""
"3502","74965","74965","74965","1","1","1","","","","","","","","","","","",""
"3503","74967","74967","74967","1","1","1","","","","","","","","","","","",""
"3504","74969","74969","74969","1","1","1","","","","","","","","","","","",""
"3505","74971","74971","74971","1","1","1","","","","","","","","","","","",""
"3506","74973","74973","74973","1","1","1","","","","","","","","","","","",""
"3507","74975","74975","74975","1","1","1","","","","","","","","","","","",""
"3508","74977","74977","74977","1","1","1","","","","","","","","","","","",""
"3509","74979","74979","74979","1","1","1","","","","","","","","","","","",""
"3510","75142","75142","75142","0.8","0.8","0.8","","","","","","","","","","","",""
"3511","75144","75144","75144","1","1","1","","","","","","","","","","","",""
"3512","75146","75146","75146","1","1","1","","","","","","","","","","","",""
"3513","75148","75148","75148","1","1","1","","","","","","","","","","","",""
"3514","75150","75150","75150","1","1","1","","","","","","","","","","","",""
"3515","75152","75152","75152","1","1","1","","","","","","","","","","","",""
"3516","75154","75154","75154","1","1","1","","","","","","","","","","","",""
"3517","75156","75156","75156","1","1","1","","","","","","","","","","","",""
"3518","75158","75158","75158","1","1","1","","","","","","","","","","","",""
"3519","75322","75322","75322","0.8","0.8","0.8","","","","","","","","","","","",""
"3520","75324","75324","75324","1","1","1","","","","","","","","","","","",""
"3521","75326","75326","75326","1","1","1","","","","","","","","","","","",""
"3522","75328","75328","75328","1","1","1","","","","","","","","","","","",""
"3523","75330","75330","75330","1","1","1","","","","","","","","","","","",""
"3524","75332","75332","75332","1","1","1","","","","","","","","","","","",""
"3525","75334","75334","75334","1","1","1","","","","","","","","","","","",""
"3526","75336","75336","75336","1","1","1","","","","","","","","","","","",""
"3527","75338","75338","75338","1","1","1","","","","","","","","","","","",""
"3528","75499","75499","75499","0.8","0.8","0.8","","","","","","","","","","","",""
"3529","75501","75501","75501","1","1","1","","","","","","","","","","","",""
"3530","75503","75503","75503","1","1","1","","","","","","","","","","","",""
"3531","75505","75505","75505","1","1","1","","","","","","","","","","","",""
"3532","75507","75507","75507","1","1","1","","","","","","","","","","","",""
"3533","75509","75509","75509","1","1","1","","","","","","","","","","","",""
"3534","75511","75511","75511","1","1","1","","","","","","","","","","","",""
"3535","75513","75513","75513","1","1","1","","","","","","","","","","","",""
"3536","75515","75515","75515","1","1","1","","","","","","","","","","","",""
"3537","75675","75675","75675","1","1","1","","","","","","","","","","","",""
"3538","75677","75677","75677","0.8","0.8","0.8","","","","","","","","","","","",""
"3539","75679","75679","75679","1","1","1","","","","","","","","","","","",""
"3540","75681","75681","75681","1","1","1","","","","","","","","","","","",""
"3541","75683","75683","75683","1","1","1","","","","","","","","","","","",""
"3542","75685","75685","75685","1","1","1","","","","","","","","","","","",""
"3543","75687","75687","75687","1","1","1","","","","","","","","","","","",""
"3544","75689","75689","75689","1","1","1","","","","","","","","","","","",""
"3545","75691","75691","75691","1","1","1","","","","","","","","","","","",""
"3546","75850","75850","75850","0.8","0.8","0.8","","","","","","","","","","","",""
"3547","75852","75852","75852","1","1","1","","","","","","","","","","","",""
"3548","75854","75854","75854","1","1","1","","","","","","","","","","","",""
"3549","75856","75856","75856","1","1","1","","","","","","","","","","","",""
"3550","75858","75858","75858","1","1","1","","","","","","","","","","","",""
"3551","75860","75860","75860","1","1","1","","","","","","","","","","","",""
"3552","75862","75862","75862","1","1","1","","","","","","","","","","","",""
"3553","75864","75864","75864","1","1","1","","","","","","","","","","","",""
"3554","75866","75866","75866","1","1","1","","","","","","","","","","","",""
"3555","76028","76028","76028","0.8","0.8","0.8","","","","","","","","","","","",""
"3556","76030","76030","76030","1","1","1","","","","","","","","","","","",""
"3557","76032","76032","76032","1","1","1","","","","","","","","","","","",""
"3558","76034","76034","76034","1","1","1","","","","","","","","","","","",""
"3559","76036","76036","76036","1","1","1","","","","","","","","","","","",""
"3560","76038","76038","76038","1","1","1","","","","","","","","","","","",""
"3561","76040","76040","76040","1","1","1","","","","","","","","","","","",""
"3562","76042","76042","76042","1","1","1","","","","","","","","","","","",""
"3563","76044","76044","76044","1","1","1","","","","","","","","","","","",""
"3564","76207","76207","76207","0.8","0.8","0.8","","","","","","","","","","","",""
"3565","76209","76209","76209","1","1","1","","","","","","","","","","","",""
"3566","76211","76211","76211","1","1","1","","","","","","","","","","","",""
"3567","76213","76213","76213","1","1","1","","","","","","","","","","","",""
"3568","76215","76215","76215","1","1","1","","","","","","","","","","","",""
"3569","76217","76217","76217","1","1","1","","","","","","","","","","","",""
"3570","76219","76219","76219","1","1","1","","","","","","","","","","","",""
"3571","76221","76221","76221","1","1","1","","","","","","","","","","","",""
"3572","76223","76223","76223","1","1","1","","","","","","","","","","","",""
"3573","76383","76383","76383","0.8","0.8","0.8","","","","","","","","","","","",""
"3574","76385","76385","76385","1","1","1","","","","","","","","","","","",""
"3575","76387","76387","76387","1","1","1","","","","","","","","","","","",""
"3576","76389","76389","76389","1","1","1","","","","","","","","","","","",""
"3577","76391","76391","76391","1","1","1","","","","","","","","","","","",""
"3578","76393","76393","76393","1","1","1","","","","","","","","","","","",""
"3579","76395","76395","76395","1","1","1","","","","","","","","","","","",""
"3580","76397","76397","76397","1","1","1","","","","","","","","","","","",""
"3581","76399","76399","76399","1","1","1","","","","","","","","","","","",""
"3582","76556","76556","76556","0.8","0.8","0.8","","","","","","","","","","","",""
"3583","76558","76558","76558","1","1","1","","","","","","","","","","","",""
"3584","76560","76560","76560","1","1","1","","","","","","","","","","","",""
"3585","76562","76562","76562","1","1","1","","","","","","","","","","","",""
"3586","76564","76564","76564","1","1","1","","","","","","","","","","","",""
"3587","76566","76566","76566","1","1","1","","","","","","","","","","","",""
"3588","76568","76568","76568","1","1","1","","","","","","","","","","","",""
"3589","76570","76570","76570","1","1","1","","","","","","","","","","","",""
"3590","76572","76572","76572","1","1","1","","","","","","","","","","","",""
"3591","76730","76730","76730","0.8","0.8","0.8","","","","","","","","","","","",""
"3592","76732","76732","76732","1","1","1","","","","","","","","","","","",""
"3593","76734","76734","76734","1","1","1","","","","","","","","","","","",""
"3594","76736","76736","76736","1","1","1","","","","","","","","","","","",""
"3595","76738","76738","76738","1","1","1","","","","","","","","","","","",""
"3596","76740","76740","76740","1","1","1","","","","","","","","","","","",""
"3597","76742","76742","76742","1","1","1","","","","","","","","","","","",""
"3598","76744","76744","76744","1","1","1","","","","","","","","","","","",""
"3599","76746","76746","76746","1","1","1","","","","","","","","","","","",""
"3600","76907","76907","76907","0.8","0.8","0.8","","","","","","","","","","","",""
"3601","76909","76909","76909","1","1","1","","","","","","","","","","","",""
"3602","76911","76911","76911","1","1","1","","","","","","","","","","","",""
"3603","76913","76913","76913","1","1","1","","","","","","","","","","","",""
"3604","76915","76915","76915","1","1","1","","","","","","","","","","","",""
"3605","76917","76917","76917","1","1","1","","","","","","","","","","","",""
"3606","76919","76919","76919","1","1","1","","","","","","","","","","","",""
"3607","76921","76921","76921","1","1","1","","","","","","","","","","","",""
"3608","76923","76923","76923","1","1","1","","","","","","","","","","","",""
"3609","77085","77085","77085","0.8","0.8","0.8","","","","","","","","","","","",""
"3610","77087","77087","77087","1","1","1","","","","","","","","","","","",""
"3611","77089","77089","77089","1","1","1","","","","","","","","","","","",""
"3612","77091","77091","77091","1","1","1","","","","","","","","","","","",""
"3613","77093","77093","77093","1","1","1","","","","","","","","","","","",""
"3614","77095","77095","77095","1","1","1","","","","","","","","","","","",""
"3615","77097","77097","77097","1","1","1","","","","","","","","","","","",""
"3616","77099","77099","77099","1","1","1","","","","","","","","","","","",""
"3617","77101","77101","77101","1","1","1","","","","","","","","","","","",""
"3618","77260","77260","77260","0.8","0.8","0.8","","","","","","","","","","","",""
"3619","77262","77262","77262","1","1","1","","","","","","","","","","","",""
"3620","77264","77264","77264","1","1","1","","","","","","","","","","","",""
"3621","77266","77266","77266","1","1","1","","","","","","","","","","","",""
"3622","77268","77268","77268","1","1","1","","","","","","","","","","","",""
"3623","77270","77270","77270","1","1","1","","","","","","","","","","","",""
"3624","77272","77272","77272","1","1","1","","","","","","","","","","","",""
"3625","77274","77274","77274","1","1","1","","","","","","","","","","","",""
"3626","77276","77276","77276","1","1","1","","","","","","","","","","","",""
"3627","77436","77436","77436","0.8","0.8","0.8","","","","","","","","","","","",""
"3628","77438","77438","77438","1","1","1","","","","","","","","","","","",""
"3629","77440","77440","77440","1","1","1","","","","","","","","","","","",""
"3630","77442","77442","77442","1","1","1","","","","","","","","","","","",""
"3631","77444","77444","77444","1","1","1","","","","","","","","","","","",""
"3632","77446","77446","77446","1","1","1","","","","","","","","","","","",""
"3633","77448","77448","77448","1","1","1","","","","","","","","","","","",""
"3634","77450","77450","77450","1","1","1","","","","","","","","","","","",""
"3635","77452","77452","77452","0.9","0.9","0.9","","","","","","","","","","","",""