{"Parameter": {"_type": "table-file", "sha256": "4c30b6498b7c2bd6ba8d48f5ff3fde4b870720fefa905b14addad27973bdcb8c", "size": 54, "artifact_path": "wandb-client-artifact://sywxp1nyh1dnzwui8rndbehgbtqmlhh3r72hmuhhcrw7aa62bjph5ineaqfpt2zaktdop2w0a3lgfdjzuw7bj1j9o08drr6usvdkxxx739zv6sy3jqibvcdcgzq8wwvj:latest/Parameter.table.json", "_latest_artifact_path": "wandb-client-artifact://sywxp1nyh1dnzwui8rndbehgbtqmlhh3r72hmuhhcrw7aa62bjph5ineaqfpt2zaktdop2w0a3lgfdjzuw7bj1j9o08drr6usvdkxxx739zv6sy3jqibvcdcgzq8wwvj:latest/Parameter.table.json", "path": "media/table/Parameter_0_4c30b6498b7c2bd6ba8d.table.json", "ncols": 1, "nrows": 1}, "_timestamp": 1728283877, "_runtime": 1264, "_step": 74, "Train/step": 15000, "Train/num_episode": 7, "Train/buffer_size": 15000, "Metrics/step_episode": 7, "Metrics/EpRet": -549.8120727539062, "Metrics/EpLen": 2499.0, "Metrics/EpTime": 171.15106201171875, "Metrics/EpProgress": 0.0, "Metrics/EpRetAction": -249.9060516357422, "Metrics/Mrewards": 89.41478729248047, "Metrics/MLen": 1988.857177734375, "Train/Loss": [3.9300079345703125, 3.930006742477417, 3.9300074577331543, 3.930007219314575, 3.9300074577331543, 3.9297542572021484, 3.9297544956207275, 3.929753541946411]}