"Evaluate/step_episode","long_rainbowmini_2025-05-25_11-32-15 - _step","long_rainbowmini_2025-05-25_11-32-15 - _step__MIN","long_rainbowmini_2025-05-25_11-32-15 - _step__MAX","long_rainbowmini_2025-05-25_11-32-15 - Evaluate/EpEnvLen","long_rainbowmini_2025-05-25_11-32-15 - Evaluate/EpEnvLen__MIN","long_rainbowmini_2025-05-25_11-32-15 - Evaluate/EpEnvLen__MAX","no_spatial_rainbowmini_2024-12-23_18-12-29 - _step","no_spatial_rainbowmini_2024-12-23_18-12-29 - _step__MIN","no_spatial_rainbowmini_2024-12-23_18-12-29 - _step__MAX","no_spatial_rainbowmini_2024-12-23_18-12-29 - Evaluate/EpEnvLen","no_spatial_rainbowmini_2024-12-23_18-12-29 - Evaluate/EpEnvLen__MIN","no_spatial_rainbowmini_2024-12-23_18-12-29 - Evaluate/EpEnvLen__MAX","FactoryTaskAllocationMiC_2024-12-08_15-44-10 - _step","FactoryTaskAllocationMiC_2024-12-08_15-44-10 - _step__MIN","FactoryTaskAllocationMiC_2024-12-08_15-44-10 - _step__MAX","FactoryTaskAllocationMiC_2024-12-08_15-44-10 - Evaluate/EpEnvLen","FactoryTaskAllocationMiC_2024-12-08_15-44-10 - Evaluate/EpEnvLen__MIN","FactoryTaskAllocationMiC_2024-12-08_15-44-10 - Evaluate/EpEnvLen__MAX"
"0","5919","5919","5919","1249","1249","1249","5832","5832","5832","1249","1249","1249","5899","5899","5899","1249","1249","1249"
"1","5921","5921","5921","1095","1095","1095","5834","5834","5834","1166","1166","1166","5901","5901","5901","1084","1084","1084"
"2","5923","5923","5923","1090","1090","1090","5836","5836","5836","1033","1033","1033","5903","5903","5903","1087","1087","1087"
"3","5925","5925","5925","999","999","999","5838","5838","5838","999","999","999","5905","5905","5905","999","999","999"
"4","5927","5927","5927","755","755","755","5840","5840","5840","807","807","807","5907","5907","5907","956","956","956"
"5","5929","5929","5929","947","947","947","5842","5842","5842","914","914","914","5909","5909","5909","919","919","919"
"6","5931","5931","5931","792","792","792","5844","5844","5844","999","999","999","5911","5911","5911","999","999","999"
"7","5933","5933","5933","836","836","836","5846","5846","5846","883","883","883","5913","5913","5913","938","938","938"
"8","5935","5935","5935","691","691","691","5848","5848","5848","883","883","883","5915","5915","5915","841","841","841"
"9","6046","6046","6046","1249","1249","1249","6019","6019","6019","1249","1249","1249","6087","6087","6087","1249","1249","1249"
"10","6048","6048","6048","1160","1160","1160","6021","6021","6021","1100","1100","1100","6089","6089","6089","1033","1033","1033"
"11","6050","6050","6050","1179","1179","1179","6023","6023","6023","1148","1148","1148","6091","6091","6091","1023","1023","1023"
"12","6052","6052","6052","967","967","967","6025","6025","6025","999","999","999","6093","6093","6093","999","999","999"
"13","6054","6054","6054","832","832","832","6027","6027","6027","798","798","798","6095","6095","6095","900","900","900"
"14","6056","6056","6056","946","946","946","6029","6029","6029","922","922","922","6097","6097","6097","900","900","900"
"15","6058","6058","6058","999","999","999","6031","6031","6031","999","999","999","6099","6099","6099","909","909","909"
"16","6060","6060","6060","917","917","917","6033","6033","6033","794","794","794","6101","6101","6101","707","707","707"
"17","6062","6062","6062","705","705","705","6035","6035","6035","855","855","855","6103","6103","6103","855","855","855"
"18","6233","6233","6233","1249","1249","1249","6199","6199","6199","1249","1249","1249","6267","6267","6267","1249","1249","1249"
"19","6235","6235","6235","1169","1169","1169","6201","6201","6201","1080","1080","1080","6269","6269","6269","1056","1056","1056"
"20","6237","6237","6237","1126","1126","1126","6203","6203","6203","1055","1055","1055","6271","6271","6271","1106","1106","1106"
"21","6239","6239","6239","999","999","999","6205","6205","6205","874","874","874","6273","6273","6273","902","902","902"
"22","6241","6241","6241","814","814","814","6207","6207","6207","915","915","915","6275","6275","6275","929","929","929"
"23","6243","6243","6243","999","999","999","6209","6209","6209","804","804","804","6277","6277","6277","922","922","922"
"24","6245","6245","6245","999","999","999","6211","6211","6211","964","964","964","6279","6279","6279","872","872","872"
"25","6247","6247","6247","897","897","897","6213","6213","6213","783","783","783","6281","6281","6281","926","926","926"
"26","6249","6249","6249","845","845","845","6215","6215","6215","778","778","778","6283","6283","6283","708","708","708"
"27","6413","6413","6413","1249","1249","1249","6379","6379","6379","1249","1249","1249","6450","6450","6450","1249","1249","1249"
"28","6415","6415","6415","1075","1075","1075","6381","6381","6381","1141","1141","1141","6452","6452","6452","1060","1060","1060"
"29","6417","6417","6417","1090","1090","1090","6383","6383","6383","1116","1116","1116","6454","6454","6454","1073","1073","1073"
"30","6419","6419","6419","999","999","999","6385","6385","6385","973","973","973","6456","6456","6456","899","899","899"
"31","6421","6421","6421","916","916","916","6387","6387","6387","844","844","844","6458","6458","6458","842","842","842"
"32","6423","6423","6423","926","926","926","6389","6389","6389","999","999","999","6460","6460","6460","938","938","938"
"33","6425","6425","6425","753","753","753","6391","6391","6391","791","791","791","6462","6462","6462","875","875","875"
"34","6427","6427","6427","999","999","999","6393","6393","6393","724","724","724","6464","6464","6464","853","853","853"
"35","6429","6429","6429","723","723","723","6395","6395","6395","700","700","700","6466","6466","6466","853","853","853"
"36","6593","6593","6593","1249","1249","1249","6559","6559","6559","1249","1249","1249","6626","6626","6626","1249","1249","1249"
"37","6595","6595","6595","1126","1126","1126","6561","6561","6561","1135","1135","1135","6628","6628","6628","1104","1104","1104"
"38","6597","6597","6597","1053","1053","1053","6563","6563","6563","962","962","962","6630","6630","6630","1249","1249","1249"
"39","6599","6599","6599","876","876","876","6565","6565","6565","813","813","813","6632","6632","6632","999","999","999"
"40","6601","6601","6601","875","875","875","6567","6567","6567","999","999","999","6634","6634","6634","820","820","820"
"41","6603","6603","6603","999","999","999","6569","6569","6569","999","999","999","6636","6636","6636","999","999","999"
"42","6605","6605","6605","807","807","807","6571","6571","6571","799","799","799","6638","6638","6638","908","908","908"
"43","6607","6607","6607","693","693","693","6573","6573","6573","999","999","999","6640","6640","6640","780","780","780"
"44","6609","6609","6609","879","879","879","6575","6575","6575","688","688","688","6642","6642","6642","999","999","999"
"45","6781","6781","6781","1249","1249","1249","6743","6743","6743","1249","1249","1249","6802","6802","6802","1249","1249","1249"
"46","6783","6783","6783","940","940","940","6745","6745","6745","1120","1120","1120","6804","6804","6804","925","925","925"
"47","6785","6785","6785","971","971","971","6747","6747","6747","998","998","998","6806","6806","6806","933","933","933"
"48","6787","6787","6787","999","999","999","6749","6749","6749","793","793","793","6808","6808","6808","811","811","811"
"49","6789","6789","6789","999","999","999","6751","6751","6751","885","885","885","6810","6810","6810","736","736","736"
"50","6791","6791","6791","743","743","743","6753","6753","6753","899","899","899","6812","6812","6812","999","999","999"
"51","6793","6793","6793","770","770","770","6755","6755","6755","871","871","871","6814","6814","6814","959","959","959"
"52","6795","6795","6795","789","789","789","6757","6757","6757","851","851","851","6816","6816","6816","695","695","695"
"53","6797","6797","6797","688","688","688","6759","6759","6759","723","723","723","6818","6818","6818","695","695","695"
"54","6969","6969","6969","1249","1249","1249","6926","6926","6926","1249","1249","1249","6985","6985","6985","1249","1249","1249"
"55","6971","6971","6971","1018","1018","1018","6928","6928","6928","1162","1162","1162","6987","6987","6987","1114","1114","1114"
"56","6973","6973","6973","929","929","929","6930","6930","6930","951","951","951","6989","6989","6989","1118","1118","1118"
"57","6975","6975","6975","808","808","808","6932","6932","6932","999","999","999","6991","6991","6991","872","872","872"
"58","6977","6977","6977","999","999","999","6934","6934","6934","845","845","845","6993","6993","6993","803","803","803"
"59","6979","6979","6979","999","999","999","6936","6936","6936","999","999","999","6995","6995","6995","999","999","999"
"60","6981","6981","6981","807","807","807","6938","6938","6938","873","873","873","6997","6997","6997","863","863","863"
"61","6983","6983","6983","693","693","693","6940","6940","6940","871","871","871","6999","6999","6999","693","693","693"
"62","6985","6985","6985","862","862","862","6942","6942","6942","783","783","783","7001","7001","7001","853","853","853"
"63","7152","7152","7152","1055","1055","1055","7106","7106","7106","1003","1003","1003","7169","7169","7169","1249","1249","1249"
"64","7154","7154","7154","1194","1194","1194","7108","7108","7108","1051","1051","1051","7171","7171","7171","1038","1038","1038"
"65","7156","7156","7156","1192","1192","1192","7110","7110","7110","1068","1068","1068","7173","7173","7173","1114","1114","1114"
"66","7158","7158","7158","804","804","804","7112","7112","7112","815","815","815","7175","7175","7175","800","800","800"
"67","7160","7160","7160","755","755","755","7114","7114","7114","848","848","848","7177","7177","7177","999","999","999"
"68","7162","7162","7162","999","999","999","7116","7116","7116","999","999","999","7179","7179","7179","999","999","999"
"69","7164","7164","7164","750","750","750","7118","7118","7118","896","896","896","7181","7181","7181","881","881","881"
"70","7166","7166","7166","870","870","870","7120","7120","7120","721","721","721","7183","7183","7183","693","693","693"
"71","7168","7168","7168","883","883","883","7122","7122","7122","865","865","865","7185","7185","7185","698","698","698"
"72","7325","7325","7325","1121","1121","1121","7284","7284","7284","1249","1249","1249","7350","7350","7350","1249","1249","1249"
"73","7327","7327","7327","1246","1246","1246","7286","7286","7286","1240","1240","1240","7352","7352","7352","998","998","998"
"74","7329","7329","7329","1155","1155","1155","7288","7288","7288","1003","1003","1003","7354","7354","7354","995","995","995"
"75","7331","7331","7331","800","800","800","7290","7290","7290","748","748","748","7356","7356","7356","999","999","999"
"76","7333","7333","7333","767","767","767","7292","7292","7292","999","999","999","7358","7358","7358","751","751","751"
"77","7335","7335","7335","935","935","935","7294","7294","7294","826","826","826","7360","7360","7360","751","751","751"
"78","7337","7337","7337","887","887","887","7296","7296","7296","743","743","743","7362","7362","7362","749","749","749"
"79","7339","7339","7339","786","786","786","7298","7298","7298","723","723","723","7364","7364","7364","696","696","696"
"80","7341","7341","7341","791","791","791","7300","7300","7300","886","886","886","7366","7366","7366","758","758","758"
"81","7504","7504","7504","1097","1097","1097","7460","7460","7460","1001","1001","1001","7532","7532","7532","1249","1249","1249"
"82","7506","7506","7506","1154","1154","1154","7462","7462","7462","1249","1249","1249","7534","7534","7534","1217","1217","1217"
"83","7508","7508","7508","1108","1108","1108","7464","7464","7464","940","940","940","7536","7536","7536","1249","1249","1249"
"84","7510","7510","7510","881","881","881","7466","7466","7466","818","818","818","7538","7538","7538","826","826","826"
"85","7512","7512","7512","999","999","999","7468","7468","7468","743","743","743","7540","7540","7540","999","999","999"
"86","7514","7514","7514","745","745","745","7470","7470","7470","723","723","723","7542","7542","7542","755","755","755"
"87","7516","7516","7516","763","763","763","7472","7472","7472","889","889","889","7544","7544","7544","883","883","883"
"88","7518","7518","7518","800","800","800","7474","7474","7474","703","703","703","7546","7546","7546","716","716","716"
"89","7520","7520","7520","688","688","688","7476","7476","7476","776","776","776","7548","7548","7548","697","697","697"
"90","7676","7676","7676","1000","1000","1000","7634","7634","7634","1249","1249","1249","7713","7713","7713","1249","1249","1249"
"91","7678","7678","7678","1142","1142","1142","7636","7636","7636","948","948","948","7715","7715","7715","968","968","968"
"92","7680","7680","7680","1151","1151","1151","7638","7638","7638","937","937","937","7717","7717","7717","960","960","960"
"93","7682","7682","7682","765","765","765","7640","7640","7640","807","807","807","7719","7719","7719","999","999","999"
"94","7684","7684","7684","757","757","757","7642","7642","7642","727","727","727","7721","7721","7721","902","902","902"
"95","7686","7686","7686","999","999","999","7644","7644","7644","994","994","994","7723","7723","7723","727","727","727"
"96","7688","7688","7688","735","735","735","7646","7646","7646","828","828","828","7725","7725","7725","952","952","952"
"97","7690","7690","7690","832","832","832","7648","7648","7648","692","692","692","7727","7727","7727","698","698","698"
"98","7692","7692","7692","957","957","957","7650","7650","7650","777","777","777","7729","7729","7729","753","753","753"
"99","7854","7854","7854","1249","1249","1249","7810","7810","7810","1018","1018","1018","7891","7891","7891","998","998","998"
"100","7856","7856","7856","1071","1071","1071","7812","7812","7812","1029","1029","1029","7893","7893","7893","956","956","956"
"101","7858","7858","7858","1191","1191","1191","7814","7814","7814","1122","1122","1122","7895","7895","7895","1003","1003","1003"
"102","7860","7860","7860","764","764","764","7816","7816","7816","906","906","906","7897","7897","7897","741","741","741"
"103","7862","7862","7862","999","999","999","7818","7818","7818","931","931","931","7899","7899","7899","999","999","999"
"104","7864","7864","7864","839","839","839","7820","7820","7820","892","892","892","7901","7901","7901","748","748","748"
"105","7866","7866","7866","790","790","790","7822","7822","7822","801","801","801","7903","7903","7903","799","799","799"
"106","7868","7868","7868","719","719","719","7824","7824","7824","763","763","763","7905","7905","7905","686","686","686"
"107","7870","7870","7870","883","883","883","7826","7826","7826","872","872","872","7907","7907","7907","673","673","673"
"108","8030","8030","8030","1086","1086","1086","7985","7985","7985","1031","1031","1031","8073","8073","8073","1249","1249","1249"
"109","8032","8032","8032","954","954","954","7987","7987","7987","1113","1113","1113","8075","8075","8075","969","969","969"
"110","8034","8034","8034","947","947","947","7989","7989","7989","1052","1052","1052","8077","8077","8077","973","973","973"
"111","8036","8036","8036","823","823","823","7991","7991","7991","742","742","742","8079","8079","8079","881","881","881"
"112","8038","8038","8038","769","769","769","7993","7993","7993","787","787","787","8081","8081","8081","964","964","964"
"113","8040","8040","8040","922","922","922","7995","7995","7995","905","905","905","8083","8083","8083","974","974","974"
"114","8042","8042","8042","999","999","999","7997","7997","7997","750","750","750","8085","8085","8085","943","943","943"
"115","8044","8044","8044","720","720","720","7999","7999","7999","753","753","753","8087","8087","8087","758","758","758"
"116","8046","8046","8046","938","938","938","8001","8001","8001","778","778","778","8089","8089","8089","703","703","703"
"117","8202","8202","8202","1026","1026","1026","8161","8161","8161","1016","1016","1016","8251","8251","8251","1135","1135","1135"
"118","8204","8204","8204","1008","1008","1008","8163","8163","8163","1033","1033","1033","8253","8253","8253","1222","1222","1222"
"119","8206","8206","8206","1053","1053","1053","8165","8165","8165","1033","1033","1033","8255","8255","8255","1249","1249","1249"
"120","8208","8208","8208","801","801","801","8167","8167","8167","999","999","999","8257","8257","8257","827","827","827"
"121","8210","8210","8210","835","835","835","8169","8169","8169","821","821","821","8259","8259","8259","734","734","734"
"122","8212","8212","8212","822","822","822","8171","8171","8171","923","923","923","8261","8261","8261","722","722","722"
"123","8214","8214","8214","802","802","802","8173","8173","8173","802","802","802","8263","8263","8263","807","807","807"
"124","8216","8216","8216","891","891","891","8175","8175","8175","771","771","771","8265","8265","8265","697","697","697"
"125","8218","8218","8218","999","999","999","8177","8177","8177","883","883","883","8267","8267","8267","695","695","695"
"126","8378","8378","8378","1249","1249","1249","8337","8337","8337","1133","1133","1133","8425","8425","8425","1038","1038","1038"
"127","8380","8380","8380","1043","1043","1043","8339","8339","8339","1190","1190","1190","8427","8427","8427","1149","1149","1149"
"128","8382","8382","8382","1249","1249","1249","8341","8341","8341","1026","1026","1026","8429","8429","8429","938","938","938"
"129","8384","8384","8384","807","807","807","8343","8343","8343","755","755","755","8431","8431","8431","812","812","812"
"130","8386","8386","8386","888","888","888","8345","8345","8345","734","734","734","8433","8433","8433","745","745","745"
"131","8388","8388","8388","999","999","999","8347","8347","8347","957","957","957","8435","8435","8435","749","749","749"
"132","8390","8390","8390","763","763","763","8349","8349","8349","734","734","734","8437","8437","8437","798","798","798"
"133","8392","8392","8392","705","705","705","8351","8351","8351","772","772","772","8439","8439","8439","724","724","724"
"134","8394","8394","8394","869","869","869","8353","8353","8353","854","854","854","8441","8441","8441","676","676","676"
"135","8553","8553","8553","1089","1089","1089","8512","8512","8512","1249","1249","1249","8603","8603","8603","1037","1037","1037"
"136","8555","8555","8555","1249","1249","1249","8514","8514","8514","1033","1033","1033","8605","8605","8605","1117","1117","1117"
"137","8557","8557","8557","1070","1070","1070","8516","8516","8516","980","980","980","8607","8607","8607","977","977","977"
"138","8559","8559","8559","747","747","747","8518","8518","8518","744","744","744","8609","8609","8609","802","802","802"
"139","8561","8561","8561","810","810","810","8520","8520","8520","909","909","909","8611","8611","8611","999","999","999"
"140","8563","8563","8563","842","842","842","8522","8522","8522","999","999","999","8613","8613","8613","999","999","999"
"141","8565","8565","8565","748","748","748","8524","8524","8524","918","918","918","8615","8615","8615","788","788","788"
"142","8567","8567","8567","800","800","800","8526","8526","8526","866","866","866","8617","8617","8617","676","676","676"
"143","8569","8569","8569","869","869","869","8528","8528","8528","786","786","786","8619","8619","8619","693","693","693"
"144","8731","8731","8731","1105","1105","1105","8687","8687","8687","1249","1249","1249","8781","8781","8781","1249","1249","1249"
"145","8733","8733","8733","1151","1151","1151","8689","8689","8689","931","931","931","8783","8783","8783","974","974","974"
"146","8735","8735","8735","1048","1048","1048","8691","8691","8691","980","980","980","8785","8785","8785","1018","1018","1018"
"147","8737","8737","8737","802","802","802","8693","8693","8693","999","999","999","8787","8787","8787","900","900","900"
"148","8739","8739","8739","752","752","752","8695","8695","8695","942","942","942","8789","8789","8789","771","771","771"
"149","8741","8741","8741","999","999","999","8697","8697","8697","840","840","840","8791","8791","8791","734","734","734"
"150","8743","8743","8743","807","807","807","8699","8699","8699","799","799","799","8793","8793","8793","898","898","898"
"151","8745","8745","8745","872","872","872","8701","8701","8701","941","941","941","8795","8795","8795","856","856","856"
"152","8747","8747","8747","679","679","679","8703","8703","8703","999","999","999","8797","8797","8797","864","864","864"
"153","8907","8907","8907","1249","1249","1249","8861","8861","8861","1046","1046","1046","8959","8959","8959","1249","1249","1249"
"154","8909","8909","8909","1150","1150","1150","8863","8863","8863","1164","1164","1164","8961","8961","8961","975","975","975"
"155","8911","8911","8911","1249","1249","1249","8865","8865","8865","1088","1088","1088","8963","8963","8963","954","954","954"
"156","8913","8913","8913","897","897","897","8867","8867","8867","877","877","877","8965","8965","8965","895","895","895"
"157","8915","8915","8915","769","769","769","8869","8869","8869","858","858","858","8967","8967","8967","788","788","788"
"158","8917","8917","8917","930","930","930","8871","8871","8871","932","932","932","8969","8969","8969","999","999","999"
"159","8919","8919","8919","891","891","891","8873","8873","8873","868","868","868","8971","8971","8971","873","873","873"
"160","8921","8921","8921","846","846","846","8875","8875","8875","799","799","799","8973","8973","8973","706","706","706"
"161","8923","8923","8923","704","704","704","8877","8877","8877","753","753","753","8975","8975","8975","681","681","681"
"162","9084","9084","9084","1084","1084","1084","9050","9050","9050","999","999","999","9140","9140","9140","1249","1249","1249"
"163","9086","9086","9086","1124","1124","1124","9052","9052","9052","1249","1249","1249","9142","9142","9142","1003","1003","1003"
"164","9088","9088","9088","1106","1106","1106","9054","9054","9054","994","994","994","9144","9144","9144","941","941","941"
"165","9090","9090","9090","835","835","835","9056","9056","9056","847","847","847","9146","9146","9146","909","909","909"
"166","9092","9092","9092","846","846","846","9058","9058","9058","784","784","784","9148","9148","9148","713","713","713"
"167","9094","9094","9094","999","999","999","9060","9060","9060","789","789","789","9150","9150","9150","754","754","754"
"168","9096","9096","9096","811","811","811","9062","9062","9062","799","799","799","9152","9152","9152","875","875","875"
"169","9098","9098","9098","724","724","724","9064","9064","9064","764","764","764","9154","9154","9154","677","677","677"
"170","9100","9100","9100","688","688","688","9066","9066","9066","851","851","851","9156","9156","9156","758","758","758"
"171","9262","9262","9262","1249","1249","1249","9230","9230","9230","1249","1249","1249","9320","9320","9320","1249","1249","1249"
"172","9264","9264","9264","1083","1083","1083","9232","9232","9232","973","973","973","9322","9322","9322","969","969","969"
"173","9266","9266","9266","1047","1047","1047","9234","9234","9234","1010","1010","1010","9324","9324","9324","995","995","995"
"174","9268","9268","9268","831","831","831","9236","9236","9236","901","901","901","9326","9326","9326","913","913","913"
"175","9270","9270","9270","758","758","758","9238","9238","9238","885","885","885","9328","9328","9328","749","749","749"
"176","9272","9272","9272","758","758","758","9240","9240","9240","800","800","800","9330","9330","9330","750","750","750"
"177","9274","9274","9274","796","796","796","9242","9242","9242","999","999","999","9332","9332","9332","880","880","880"
"178","9276","9276","9276","848","848","848","9244","9244","9244","868","868","868","9334","9334","9334","699","699","699"
"179","9278","9278","9278","865","865","865","9246","9246","9246","868","868","868","9336","9336","9336","684","684","684"
"180","9437","9437","9437","1035","1035","1035","9411","9411","9411","1249","1249","1249","9498","9498","9498","1249","1249","1249"
"181","9439","9439","9439","1058","1058","1058","9413","9413","9413","1205","1205","1205","9500","9500","9500","1053","1053","1053"
"182","9441","9441","9441","1054","1054","1054","9415","9415","9415","1013","1013","1013","9502","9502","9502","908","908","908"
"183","9443","9443","9443","835","835","835","9417","9417","9417","829","829","829","9504","9504","9504","892","892","892"
"184","9445","9445","9445","759","759","759","9419","9419","9419","903","903","903","9506","9506","9506","999","999","999"
"185","9447","9447","9447","917","917","917","9421","9421","9421","999","999","999","9508","9508","9508","735","735","735"
"186","9449","9449","9449","824","824","824","9423","9423","9423","803","803","803","9510","9510","9510","999","999","999"
"187","9451","9451","9451","836","836","836","9425","9425","9425","772","772","772","9512","9512","9512","680","680","680"
"188","9453","9453","9453","791","791","791","9427","9427","9427","781","781","781","9514","9514","9514","678","678","678"
"189","9612","9612","9612","1249","1249","1249","9591","9591","9591","1249","1249","1249","9685","9685","9685","1249","1249","1249"
"190","9614","9614","9614","1102","1102","1102","9593","9593","9593","1055","1055","1055","9687","9687","9687","1038","1038","1038"
"191","9616","9616","9616","1084","1084","1084","9595","9595","9595","1049","1049","1049","9689","9689","9689","973","973","973"
"192","9618","9618","9618","750","750","750","9597","9597","9597","863","863","863","9691","9691","9691","868","868","868"
"193","9620","9620","9620","753","753","753","9599","9599","9599","837","837","837","9693","9693","9693","812","812","812"
"194","9622","9622","9622","923","923","923","9601","9601","9601","861","861","861","9695","9695","9695","755","755","755"
"195","9624","9624","9624","759","759","759","9603","9603","9603","899","899","899","9697","9697","9697","828","828","828"
"196","9626","9626","9626","724","724","724","9605","9605","9605","747","747","747","9699","9699","9699","769","769","769"
"197","9628","9628","9628","706","706","706","9607","9607","9607","928","928","928","9701","9701","9701","780","780","780"
"198","9789","9789","9789","1079","1079","1079","9765","9765","9765","1249","1249","1249","9863","9863","9863","1083","1083","1083"
"199","9791","9791","9791","1106","1106","1106","9767","9767","9767","1039","1039","1039","9865","9865","9865","945","945","945"
"200","9793","9793","9793","1035","1035","1035","9769","9769","9769","1249","1249","1249","9867","9867","9867","943","943","943"
"201","9795","9795","9795","825","825","825","9771","9771","9771","881","881","881","9869","9869","9869","835","835","835"
"202","9797","9797","9797","839","839","839","9773","9773","9773","762","762","762","9871","9871","9871","719","719","719"
"203","9799","9799","9799","919","919","919","9775","9775","9775","926","926","926","9873","9873","9873","734","734","734"
"204","9801","9801","9801","791","791","791","9777","9777","9777","884","884","884","9875","9875","9875","825","825","825"
"205","9803","9803","9803","847","847","847","9779","9779","9779","698","698","698","9877","9877","9877","691","691","691"
"206","9805","9805","9805","868","868","868","9781","9781","9781","693","693","693","9879","9879","9879","695","695","695"
"207","9964","9964","9964","1249","1249","1249","9944","9944","9944","1129","1129","1129","10043","10043","10043","1249","1249","1249"
"208","9966","9966","9966","1045","1045","1045","9946","9946","9946","996","996","996","10045","10045","10045","988","988","988"
"209","9968","9968","9968","994","994","994","9948","9948","9948","1019","1019","1019","10047","10047","10047","1000","1000","1000"
"210","9970","9970","9970","838","838","838","9950","9950","9950","883","883","883","10049","10049","10049","815","815","815"
"211","9972","9972","9972","750","750","750","9952","9952","9952","807","807","807","10051","10051","10051","751","751","751"
"212","9974","9974","9974","753","753","753","9954","9954","9954","720","720","720","10053","10053","10053","738","738","738"
"213","9976","9976","9976","793","793","793","9956","9956","9956","870","870","870","10055","10055","10055","801","801","801"
"214","9978","9978","9978","857","857","857","9958","9958","9958","886","886","886","10057","10057","10057","712","712","712"
"215","9980","9980","9980","875","875","875","9960","9960","9960","775","775","775","10059","10059","10059","697","697","697"
"216","10142","10142","10142","1249","1249","1249","10125","10125","10125","1249","1249","1249","10223","10223","10223","1249","1249","1249"
"217","10144","10144","10144","983","983","983","10127","10127","10127","1070","1070","1070","10225","10225","10225","953","953","953"
"218","10146","10146","10146","1055","1055","1055","10129","10129","10129","1050","1050","1050","10227","10227","10227","1249","1249","1249"
"219","10148","10148","10148","782","782","782","10131","10131","10131","885","885","885","10229","10229","10229","863","863","863"
"220","10150","10150","10150","834","834","834","10133","10133","10133","826","826","826","10231","10231","10231","737","737","737"
"221","10152","10152","10152","892","892","892","10135","10135","10135","968","968","968","10233","10233","10233","745","745","745"
"222","10154","10154","10154","791","791","791","10137","10137","10137","823","823","823","10235","10235","10235","885","885","885"
"223","10156","10156","10156","817","817","817","10139","10139","10139","764","764","764","10237","10237","10237","900","900","900"
"224","10158","10158","10158","883","883","883","10141","10141","10141","783","783","783","10239","10239","10239","692","692","692"
"225","10319","10319","10319","1034","1034","1034","10300","10300","10300","1249","1249","1249","10402","10402","10402","1103","1103","1103"
"226","10321","10321","10321","1023","1023","1023","10302","10302","10302","1058","1058","1058","10404","10404","10404","1024","1024","1024"
"227","10323","10323","10323","1031","1031","1031","10304","10304","10304","1028","1028","1028","10406","10406","10406","1249","1249","1249"
"228","10325","10325","10325","819","819","819","10306","10306","10306","888","888","888","10408","10408","10408","813","813","813"
"229","10327","10327","10327","758","758","758","10308","10308","10308","910","910","910","10410","10410","10410","736","736","736"
"230","10329","10329","10329","917","917","917","10310","10310","10310","977","977","977","10412","10412","10412","999","999","999"
"231","10331","10331","10331","795","795","795","10312","10312","10312","888","888","888","10414","10414","10414","813","813","813"
"232","10333","10333","10333","823","823","823","10314","10314","10314","693","693","693","10416","10416","10416","721","721","721"
"233","10335","10335","10335","708","708","708","10316","10316","10316","690","690","690","10418","10418","10418","701","701","701"
"234","10498","10498","10498","1249","1249","1249","10480","10480","10480","1199","1199","1199","10582","10582","10582","957","957","957"
"235","10500","10500","10500","1140","1140","1140","10482","10482","10482","1058","1058","1058","10584","10584","10584","992","992","992"
"236","10502","10502","10502","1249","1249","1249","10484","10484","10484","1009","1009","1009","10586","10586","10586","1011","1011","1011"
"237","10504","10504","10504","999","999","999","10486","10486","10486","874","874","874","10588","10588","10588","808","808","808"
"238","10506","10506","10506","912","912","912","10488","10488","10488","729","729","729","10590","10590","10590","818","818","818"
"239","10508","10508","10508","910","910","910","10490","10490","10490","752","752","752","10592","10592","10592","749","749","749"
"240","10510","10510","10510","825","825","825","10492","10492","10492","881","881","881","10594","10594","10594","879","879","879"
"241","10512","10512","10512","838","838","838","10494","10494","10494","731","731","731","10596","10596","10596","712","712","712"
"242","10514","10514","10514","879","879","879","10496","10496","10496","705","705","705","10598","10598","10598","773","773","773"
"243","10677","10677","10677","1249","1249","1249","10658","10658","10658","1070","1070","1070","10758","10758","10758","1249","1249","1249"
"244","10679","10679","10679","1047","1047","1047","10660","10660","10660","1099","1099","1099","10760","10760","10760","992","992","992"
"245","10681","10681","10681","1062","1062","1062","10662","10662","10662","980","980","980","10762","10762","10762","927","927","927"
"246","10683","10683","10683","747","747","747","10664","10664","10664","907","907","907","10764","10764","10764","846","846","846"
"247","10685","10685","10685","832","832","832","10666","10666","10666","758","758","758","10766","10766","10766","729","729","729"
"248","10687","10687","10687","898","898","898","10668","10668","10668","749","749","749","10768","10768","10768","810","810","810"
"249","10689","10689","10689","749","749","749","10670","10670","10670","880","880","880","10770","10770","10770","890","890","890"
"250","10691","10691","10691","891","891","891","10672","10672","10672","756","756","756","10772","10772","10772","694","694","694"
"251","10693","10693","10693","868","868","868","10674","10674","10674","777","777","777","10774","10774","10774","870","870","870"
"252","10853","10853","10853","1249","1249","1249","10839","10839","10839","1249","1249","1249","10934","10934","10934","1126","1126","1126"
"253","10855","10855","10855","1035","1035","1035","10841","10841","10841","1072","1072","1072","10936","10936","10936","1047","1047","1047"
"254","10857","10857","10857","1249","1249","1249","10843","10843","10843","1249","1249","1249","10938","10938","10938","1249","1249","1249"
"255","10859","10859","10859","745","745","745","10845","10845","10845","955","955","955","10940","10940","10940","889","889","889"
"256","10861","10861","10861","738","738","738","10847","10847","10847","772","772","772","10942","10942","10942","750","750","750"
"257","10863","10863","10863","999","999","999","10849","10849","10849","739","739","739","10944","10944","10944","750","750","750"
"258","10865","10865","10865","750","750","750","10851","10851","10851","923","923","923","10946","10946","10946","910","910","910"
"259","10867","10867","10867","689","689","689","10853","10853","10853","706","706","706","10948","10948","10948","761","761","761"
"260","10869","10869","10869","999","999","999","10855","10855","10855","770","770","770","10950","10950","10950","691","691","691"
"261","11035","11035","11035","1249","1249","1249","11019","11019","11019","1249","1249","1249","11112","11112","11112","1249","1249","1249"
"262","11037","11037","11037","1107","1107","1107","11021","11021","11021","1081","1081","1081","11114","11114","11114","991","991","991"
"263","11039","11039","11039","1054","1054","1054","11023","11023","11023","1249","1249","1249","11116","11116","11116","971","971","971"
"264","11041","11041","11041","999","999","999","11025","11025","11025","843","843","843","11118","11118","11118","881","881","881"
"265","11043","11043","11043","760","760","760","11027","11027","11027","733","733","733","11120","11120","11120","737","737","737"
"266","11045","11045","11045","820","820","820","11029","11029","11029","740","740","740","11122","11122","11122","739","739","739"
"267","11047","11047","11047","820","820","820","11031","11031","11031","822","822","822","11124","11124","11124","890","890","890"
"268","11049","11049","11049","893","893","893","11033","11033","11033","904","904","904","11126","11126","11126","774","774","774"
"269","11051","11051","11051","999","999","999","11035","11035","11035","848","848","848","11128","11128","11128","758","758","758"
"270","11212","11212","11212","1249","1249","1249","11196","11196","11196","1249","1249","1249","11289","11289","11289","1249","1249","1249"
"271","11214","11214","11214","1249","1249","1249","11198","11198","11198","1128","1128","1128","11291","11291","11291","982","982","982"
"272","11216","11216","11216","1058","1058","1058","11200","11200","11200","1002","1002","1002","11293","11293","11293","1249","1249","1249"
"273","11218","11218","11218","819","819","819","11202","11202","11202","852","852","852","11295","11295","11295","840","840","840"
"274","11220","11220","11220","837","837","837","11204","11204","11204","718","718","718","11297","11297","11297","750","750","750"
"275","11222","11222","11222","999","999","999","11206","11206","11206","907","907","907","11299","11299","11299","761","761","761"
"276","11224","11224","11224","793","793","793","11208","11208","11208","827","827","827","11301","11301","11301","820","820","820"
"277","11226","11226","11226","842","842","842","11210","11210","11210","722","722","722","11303","11303","11303","769","769","769"
"278","11228","11228","11228","882","882","882","11212","11212","11212","860","860","860","11305","11305","11305","704","704","704"
"279","11394","11394","11394","961","961","961","11376","11376","11376","1249","1249","1249","11461","11461","11461","1249","1249","1249"
"280","11396","11396","11396","1249","1249","1249","11378","11378","11378","1012","1012","1012","11463","11463","11463","1011","1011","1011"
"281","11398","11398","11398","1249","1249","1249","11380","11380","11380","1249","1249","1249","11465","11465","11465","1249","1249","1249"
"282","11400","11400","11400","817","817","817","11382","11382","11382","811","811","811","11467","11467","11467","836","836","836"
"283","11402","11402","11402","740","740","740","11384","11384","11384","819","819","819","11469","11469","11469","999","999","999"
"284","11404","11404","11404","842","842","842","11386","11386","11386","736","736","736","11471","11471","11471","737","737","737"
"285","11406","11406","11406","809","809","809","11388","11388","11388","792","792","792","11473","11473","11473","923","923","923"
"286","11408","11408","11408","708","708","708","11390","11390","11390","706","706","706","11475","11475","11475","694","694","694"
"287","11410","11410","11410","865","865","865","11392","11392","11392","708","708","708","11477","11477","11477","696","696","696"
"288","11573","11573","11573","1249","1249","1249","11553","11553","11553","1249","1249","1249","11640","11640","11640","1249","1249","1249"
"289","11575","11575","11575","1104","1104","1104","11555","11555","11555","1052","1052","1052","11642","11642","11642","1040","1040","1040"
"290","11577","11577","11577","1249","1249","1249","11557","11557","11557","1016","1016","1016","11644","11644","11644","1249","1249","1249"
"291","11579","11579","11579","782","782","782","11559","11559","11559","807","807","807","11646","11646","11646","825","825","825"
"292","11581","11581","11581","838","838","838","11561","11561","11561","749","749","749","11648","11648","11648","772","772","772"
"293","11583","11583","11583","932","932","932","11563","11563","11563","922","922","922","11650","11650","11650","746","746","746"
"294","11585","11585","11585","796","796","796","11565","11565","11565","788","788","788","11652","11652","11652","853","853","853"
"295","11587","11587","11587","841","841","841","11567","11567","11567","796","796","796","11654","11654","11654","694","694","694"
"296","11589","11589","11589","883","883","883","11569","11569","11569","760","760","760","11656","11656","11656","672","672","672"
"297","11751","11751","11751","1249","1249","1249","11727","11727","11727","1034","1034","1034","11814","11814","11814","1249","1249","1249"
"298","11753","11753","11753","1249","1249","1249","11729","11729","11729","1065","1065","1065","11816","11816","11816","1070","1070","1070"
"299","11755","11755","11755","1062","1062","1062","11731","11731","11731","1249","1249","1249","11818","11818","11818","1249","1249","1249"
"300","11757","11757","11757","775","775","775","11733","11733","11733","842","842","842","11820","11820","11820","840","840","840"
"301","11759","11759","11759","834","834","834","11735","11735","11735","861","861","861","11822","11822","11822","781","781","781"
"302","11761","11761","11761","821","821","821","11737","11737","11737","718","718","718","11824","11824","11824","763","763","763"
"303","11763","11763","11763","792","792","792","11739","11739","11739","824","824","824","11826","11826","11826","822","822","822"
"304","11765","11765","11765","812","812","812","11741","11741","11741","881","881","881","11828","11828","11828","711","711","711"
"305","11767","11767","11767","882","882","882","11743","11743","11743","757","757","757","11830","11830","11830","696","696","696"
"306","11931","11931","11931","1249","1249","1249","11908","11908","11908","1249","1249","1249","11995","11995","11995","1249","1249","1249"
"307","11933","11933","11933","1014","1014","1014","11910","11910","11910","1249","1249","1249","11997","11997","11997","1052","1052","1052"
"308","11935","11935","11935","1031","1031","1031","11912","11912","11912","1059","1059","1059","11999","11999","11999","996","996","996"
"309","11937","11937","11937","744","744","744","11914","11914","11914","740","740","740","12001","12001","12001","867","867","867"
"310","11939","11939","11939","756","756","756","11916","11916","11916","741","741","741","12003","12003","12003","749","749","749"
"311","11941","11941","11941","851","851","851","11918","11918","11918","734","734","734","12005","12005","12005","748","748","748"
"312","11943","11943","11943","772","772","772","11920","11920","11920","764","764","764","12007","12007","12007","831","831","831"
"313","11945","11945","11945","723","723","723","11922","11922","11922","906","906","906","12009","12009","12009","706","706","706"
"314","11947","11947","11947","999","999","999","11924","11924","11924","873","873","873","12011","12011","12011","693","693","693"
"315","12112","12112","12112","1249","1249","1249","12088","12088","12088","1249","1249","1249","12167","12167","12167","1138","1138","1138"
"316","12114","12114","12114","1139","1139","1139","12090","12090","12090","1154","1154","1154","12169","12169","12169","1027","1027","1027"
"317","12116","12116","12116","1076","1076","1076","12092","12092","12092","1054","1054","1054","12171","12171","12171","942","942","942"
"318","12118","12118","12118","835","835","835","12094","12094","12094","804","804","804","12173","12173","12173","868","868","868"
"319","12120","12120","12120","767","767","767","12096","12096","12096","749","749","749","12175","12175","12175","788","788","788"
"320","12122","12122","12122","839","839","839","12098","12098","12098","821","821","821","12177","12177","12177","733","733","733"
"321","12124","12124","12124","840","840","840","12100","12100","12100","814","814","814","12179","12179","12179","890","890","890"
"322","12126","12126","12126","832","832","832","12102","12102","12102","683","683","683","12181","12181","12181","691","691","691"
"323","12128","12128","12128","879","879","879","12104","12104","12104","852","852","852","12183","12183","12183","709","709","709"
"324","12292","12292","12292","1249","1249","1249","12262","12262","12262","1249","1249","1249","12349","12349","12349","1249","1249","1249"
"325","12294","12294","12294","1041","1041","1041","12264","12264","12264","1016","1016","1016","12351","12351","12351","969","969","969"
"326","12296","12296","12296","1023","1023","1023","12266","12266","12266","1065","1065","1065","12353","12353","12353","946","946","946"
"327","12298","12298","12298","838","838","838","12268","12268","12268","816","816","816","12355","12355","12355","814","814","814"
"328","12300","12300","12300","739","739","739","12270","12270","12270","750","750","750","12357","12357","12357","999","999","999"
"329","12302","12302","12302","838","838","838","12272","12272","12272","848","848","848","12359","12359","12359","739","739","739"
"330","12304","12304","12304","778","778","778","12274","12274","12274","794","794","794","12361","12361","12361","800","800","800"
"331","12306","12306","12306","817","817","817","12276","12276","12276","789","789","789","12363","12363","12363","693","693","693"
"332","12308","12308","12308","708","708","708","12278","12278","12278","668","668","668","12365","12365","12365","769","769","769"
"333","12469","12469","12469","1249","1249","1249","12441","12441","12441","1249","1249","1249","12529","12529","12529","1249","1249","1249"
"334","12471","12471","12471","1109","1109","1109","12443","12443","12443","1019","1019","1019","12531","12531","12531","1051","1051","1051"
"335","12473","12473","12473","1089","1089","1089","12445","12445","12445","967","967","967","12533","12533","12533","958","958","958"
"336","12475","12475","12475","819","819","819","12447","12447","12447","841","841","841","12535","12535","12535","803","803","803"
"337","12477","12477","12477","740","740","740","12449","12449","12449","796","796","796","12537","12537","12537","741","741","741"
"338","12479","12479","12479","820","820","820","12451","12451","12451","841","841","841","12539","12539","12539","737","737","737"
"339","12481","12481","12481","796","796","796","12453","12453","12453","817","817","817","12541","12541","12541","799","799","799"
"340","12483","12483","12483","694","694","694","12455","12455","12455","892","892","892","12543","12543","12543","726","726","726"
"341","12485","12485","12485","999","999","999","12457","12457","12457","680","680","680","12545","12545","12545","860","860","860"
"342","12657","12657","12657","1249","1249","1249","12623","12623","12623","1249","1249","1249","12702","12702","12702","1249","1249","1249"
"343","12659","12659","12659","1249","1249","1249","12625","12625","12625","992","992","992","12704","12704","12704","959","959","959"
"344","12661","12661","12661","1062","1062","1062","12627","12627","12627","1062","1062","1062","12706","12706","12706","988","988","988"
"345","12663","12663","12663","814","814","814","12629","12629","12629","834","834","834","12708","12708","12708","861","861","861"
"346","12665","12665","12665","834","834","834","12631","12631","12631","727","727","727","12710","12710","12710","819","819","819"
"347","12667","12667","12667","837","837","837","12633","12633","12633","754","754","754","12712","12712","12712","737","737","737"
"348","12669","12669","12669","843","843","843","12635","12635","12635","826","826","826","12714","12714","12714","849","849","849"
"349","12671","12671","12671","834","834","834","12637","12637","12637","687","687","687","12716","12716","12716","899","899","899"
"350","12673","12673","12673","688","688","688","12639","12639","12639","835","835","835","12718","12718","12718","764","764","764"
"351","12833","12833","12833","1249","1249","1249","12802","12802","12802","1249","1249","1249","12882","12882","12882","1156","1156","1156"
"352","12835","12835","12835","1249","1249","1249","12804","12804","12804","1011","1011","1011","12884","12884","12884","982","982","982"
"353","12837","12837","12837","997","997","997","12806","12806","12806","1249","1249","1249","12886","12886","12886","1016","1016","1016"
"354","12839","12839","12839","805","805","805","12808","12808","12808","846","846","846","12888","12888","12888","887","887","887"
"355","12841","12841","12841","823","823","823","12810","12810","12810","737","737","737","12890","12890","12890","822","822","822"
"356","12843","12843","12843","852","852","852","12812","12812","12812","730","730","730","12892","12892","12892","749","749","749"
"357","12845","12845","12845","797","797","797","12814","12814","12814","789","789","789","12894","12894","12894","908","908","908"
"358","12847","12847","12847","836","836","836","12816","12816","12816","804","804","804","12896","12896","12896","691","691","691"
"359","12849","12849","12849","879","879","879","12818","12818","12818","691","691","691","12898","12898","12898","774","774","774"
"360","13012","13012","13012","1249","1249","1249","12982","12982","12982","1249","1249","1249","13058","13058","13058","1249","1249","1249"
"361","13014","13014","13014","1249","1249","1249","12984","12984","12984","1021","1021","1021","13060","13060","13060","1049","1049","1049"
"362","13016","13016","13016","1057","1057","1057","12986","12986","12986","1054","1054","1054","13062","13062","13062","951","951","951"
"363","13018","13018","13018","764","764","764","12988","12988","12988","818","818","818","13064","13064","13064","840","840","840"
"364","13020","13020","13020","834","834","834","12990","12990","12990","840","840","840","13066","13066","13066","795","795","795"
"365","13022","13022","13022","833","833","833","12992","12992","12992","742","742","742","13068","13068","13068","750","750","750"
"366","13024","13024","13024","774","774","774","12994","12994","12994","751","751","751","13070","13070","13070","827","827","827"
"367","13026","13026","13026","723","723","723","12996","12996","12996","902","902","902","13072","13072","13072","758","758","758"
"368","13028","13028","13028","879","879","879","12998","12998","12998","719","719","719","13074","13074","13074","697","697","697"
"369","13188","13188","13188","1249","1249","1249","13165","13165","13165","1249","1249","1249","13236","13236","13236","1249","1249","1249"
"370","13190","13190","13190","1249","1249","1249","13167","13167","13167","1024","1024","1024","13238","13238","13238","1061","1061","1061"
"371","13192","13192","13192","1082","1082","1082","13169","13169","13169","985","985","985","13240","13240","13240","1249","1249","1249"
"372","13194","13194","13194","768","768","768","13171","13171","13171","832","832","832","13242","13242","13242","824","824","824"
"373","13196","13196","13196","742","742","742","13173","13173","13173","919","919","919","13244","13244","13244","769","769","769"
"374","13198","13198","13198","828","828","828","13175","13175","13175","830","830","830","13246","13246","13246","759","759","759"
"375","13200","13200","13200","764","764","764","13177","13177","13177","816","816","816","13248","13248","13248","801","801","801"
"376","13202","13202","13202","725","725","725","13179","13179","13179","813","813","813","13250","13250","13250","771","771","771"
"377","13204","13204","13204","879","879","879","13181","13181","13181","858","858","858","13252","13252","13252","696","696","696"
"378","13367","13367","13367","1249","1249","1249","13349","13349","13349","1031","1031","1031","13415","13415","13415","1020","1020","1020"
"379","13369","13369","13369","1249","1249","1249","13351","13351","13351","1049","1049","1049","13417","13417","13417","983","983","983"
"380","13371","13371","13371","1105","1105","1105","13353","13353","13353","1249","1249","1249","13419","13419","13419","1249","1249","1249"
"381","13373","13373","13373","805","805","805","13355","13355","13355","820","820","820","13421","13421","13421","806","806","806"
"382","13375","13375","13375","880","880","880","13357","13357","13357","799","799","799","13423","13423","13423","736","736","736"
"383","13377","13377","13377","821","821","821","13359","13359","13359","745","745","745","13425","13425","13425","733","733","733"
"384","13379","13379","13379","797","797","797","13361","13361","13361","804","804","804","13427","13427","13427","798","798","798"
"385","13381","13381","13381","898","898","898","13363","13363","13363","851","851","851","13429","13429","13429","694","694","694"
"386","13383","13383","13383","852","852","852","13365","13365","13365","720","720","720","13431","13431","13431","695","695","695"
"387","13549","13549","13549","1249","1249","1249","13524","13524","13524","1249","1249","1249","13589","13589","13589","1249","1249","1249"
"388","13551","13551","13551","1049","1049","1049","13526","13526","13526","950","950","950","13591","13591","13591","1035","1035","1035"
"389","13553","13553","13553","1019","1019","1019","13528","13528","13528","1023","1023","1023","13593","13593","13593","1000","1000","1000"
"390","13555","13555","13555","845","845","845","13530","13530","13530","826","826","826","13595","13595","13595","806","806","806"
"391","13557","13557","13557","831","831","831","13532","13532","13532","759","759","759","13597","13597","13597","911","911","911"
"392","13559","13559","13559","855","855","855","13534","13534","13534","804","804","804","13599","13599","13599","722","722","722"
"393","13561","13561","13561","809","809","809","13536","13536","13536","796","796","796","13601","13601","13601","811","811","811"
"394","13563","13563","13563","845","845","845","13538","13538","13538","841","841","841","13603","13603","13603","726","726","726"
"395","13565","13565","13565","883","883","883","13540","13540","13540","708","708","708","13605","13605","13605","771","771","771"
"396","13730","13730","13730","1249","1249","1249","13704","13704","13704","1249","1249","1249","13766","13766","13766","1249","1249","1249"
"397","13732","13732","13732","1249","1249","1249","13706","13706","13706","1098","1098","1098","13768","13768","13768","1070","1070","1070"
"398","13734","13734","13734","1084","1084","1084","13708","13708","13708","1028","1028","1028","13770","13770","13770","970","970","970"
"399","13736","13736","13736","805","805","805","13710","13710","13710","837","837","837","13772","13772","13772","800","800","800"
"400","13738","13738","13738","748","748","748","13712","13712","13712","785","785","785","13774","13774","13774","734","734","734"
"401","13740","13740","13740","830","830","830","13714","13714","13714","929","929","929","13776","13776","13776","738","738","738"
"402","13742","13742","13742","796","796","796","13716","13716","13716","801","801","801","13778","13778","13778","815","815","815"
"403","13744","13744","13744","832","832","832","13718","13718","13718","820","820","820","13780","13780","13780","717","717","717"
"404","13746","13746","13746","882","882","882","13720","13720","13720","849","849","849","13782","13782","13782","691","691","691"
"405","13908","13908","13908","1249","1249","1249","13879","13879","13879","1070","1070","1070","13942","13942","13942","1047","1047","1047"
"406","13910","13910","13910","1011","1011","1011","13881","13881","13881","1090","1090","1090","13944","13944","13944","996","996","996"
"407","13912","13912","13912","1111","1111","1111","13883","13883","13883","1063","1063","1063","13946","13946","13946","1249","1249","1249"
"408","13914","13914","13914","818","818","818","13885","13885","13885","840","840","840","13948","13948","13948","821","821","821"
"409","13916","13916","13916","839","839","839","13887","13887","13887","764","764","764","13950","13950","13950","739","739","739"
"410","13918","13918","13918","830","830","830","13889","13889","13889","908","908","908","13952","13952","13952","745","745","745"
"411","13920","13920","13920","809","809","809","13891","13891","13891","899","899","899","13954","13954","13954","811","811","811"
"412","13922","13922","13922","853","853","853","13893","13893","13893","876","876","876","13956","13956","13956","698","698","698"
"413","13924","13924","13924","883","883","883","13895","13895","13895","876","876","876","13958","13958","13958","861","861","861"
"414","14090","14090","14090","1249","1249","1249","14062","14062","14062","1249","1249","1249","14123","14123","14123","1249","1249","1249"
"415","14092","14092","14092","1018","1018","1018","14064","14064","14064","1028","1028","1028","14125","14125","14125","1183","1183","1183"
"416","14094","14094","14094","1021","1021","1021","14066","14066","14066","1249","1249","1249","14127","14127","14127","955","955","955"
"417","14096","14096","14096","856","856","856","14068","14068","14068","832","832","832","14129","14129","14129","880","880","880"
"418","14098","14098","14098","775","775","775","14070","14070","14070","907","907","907","14131","14131","14131","735","735","735"
"419","14100","14100","14100","830","830","830","14072","14072","14072","893","893","893","14133","14133","14133","741","741","741"
"420","14102","14102","14102","782","782","782","14074","14074","14074","789","789","789","14135","14135","14135","999","999","999"
"421","14104","14104","14104","857","857","857","14076","14076","14076","733","733","733","14137","14137","14137","693","693","693"
"422","14106","14106","14106","999","999","999","14078","14078","14078","866","866","866","14139","14139","14139","681","681","681"
"423","14265","14265","14265","1249","1249","1249","14242","14242","14242","1044","1044","1044","14299","14299","14299","1249","1249","1249"
"424","14267","14267","14267","1121","1121","1121","14244","14244","14244","1017","1017","1017","14301","14301","14301","1036","1036","1036"
"425","14269","14269","14269","1114","1114","1114","14246","14246","14246","1057","1057","1057","14303","14303","14303","1249","1249","1249"
"426","14271","14271","14271","849","849","849","14248","14248","14248","836","836","836","14305","14305","14305","836","836","836"
"427","14273","14273","14273","838","838","838","14250","14250","14250","806","806","806","14307","14307","14307","761","761","761"
"428","14275","14275","14275","925","925","925","14252","14252","14252","892","892","892","14309","14309","14309","761","761","761"
"429","14277","14277","14277","813","813","813","14254","14254","14254","834","834","834","14311","14311","14311","820","820","820"
"430","14279","14279","14279","849","849","849","14256","14256","14256","814","814","814","14313","14313","14313","721","721","721"
"431","14281","14281","14281","999","999","999","14258","14258","14258","999","999","999","14315","14315","14315","693","693","693"
"432","14447","14447","14447","1249","1249","1249","14421","14421","14421","1249","1249","1249","14475","14475","14475","1249","1249","1249"
"433","14449","14449","14449","991","991","991","14423","14423","14423","1057","1057","1057","14477","14477","14477","1049","1049","1049"
"434","14451","14451","14451","999","999","999","14425","14425","14425","952","952","952","14479","14479","14479","1035","1035","1035"
"435","14453","14453","14453","818","818","818","14427","14427","14427","816","816","816","14481","14481","14481","830","830","830"
"436","14455","14455","14455","758","758","758","14429","14429","14429","713","713","713","14483","14483","14483","757","757","757"
"437","14457","14457","14457","825","825","825","14431","14431","14431","785","785","785","14485","14485","14485","731","731","731"
"438","14459","14459","14459","807","807","807","14433","14433","14433","800","800","800","14487","14487","14487","827","827","827"
"439","14461","14461","14461","832","832","832","14435","14435","14435","890","890","890","14489","14489","14489","753","753","753"
"440","14463","14463","14463","999","999","999","14437","14437","14437","837","837","837","14491","14491","14491","697","697","697"
"441","14624","14624","14624","1249","1249","1249","14599","14599","14599","1249","1249","1249","14652","14652","14652","1249","1249","1249"
"442","14626","14626","14626","1249","1249","1249","14601","14601","14601","1249","1249","1249","14654","14654","14654","998","998","998"
"443","14628","14628","14628","1024","1024","1024","14603","14603","14603","1249","1249","1249","14656","14656","14656","1249","1249","1249"
"444","14630","14630","14630","812","812","812","14605","14605","14605","810","810","810","14658","14658","14658","822","822","822"
"445","14632","14632","14632","834","834","834","14607","14607","14607","747","747","747","14660","14660","14660","753","753","753"
"446","14634","14634","14634","821","821","821","14609","14609","14609","729","729","729","14662","14662","14662","735","735","735"
"447","14636","14636","14636","792","792","792","14611","14611","14611","793","793","793","14664","14664","14664","802","802","802"
"448","14638","14638","14638","852","852","852","14613","14613","14613","864","864","864","14666","14666","14666","880","880","880"
"449","14640","14640","14640","879","879","879","14615","14615","14615","697","697","697","14668","14668","14668","694","694","694"
"450","14804","14804","14804","1039","1039","1039","14778","14778","14778","1249","1249","1249","14830","14830","14830","1249","1249","1249"
"451","14806","14806","14806","1099","1099","1099","14780","14780","14780","1041","1041","1041","14832","14832","14832","979","979","979"
"452","14808","14808","14808","991","991","991","14782","14782","14782","1001","1001","1001","14834","14834","14834","1249","1249","1249"
"453","14810","14810","14810","752","752","752","14784","14784","14784","834","834","834","14836","14836","14836","824","824","824"
"454","14812","14812","14812","746","746","746","14786","14786","14786","729","729","729","14838","14838","14838","749","749","749"
"455","14814","14814","14814","926","926","926","14788","14788","14788","832","832","832","14840","14840","14840","715","715","715"
"456","14816","14816","14816","771","771","771","14790","14790","14790","911","911","911","14842","14842","14842","817","817","817"
"457","14818","14818","14818","841","841","841","14792","14792","14792","721","721","721","14844","14844","14844","694","694","694"
"458","14820","14820","14820","708","708","708","14794","14794","14794","999","999","999","14846","14846","14846","753","753","753"
"459","14986","14986","14986","1249","1249","1249","14958","14958","14958","1249","1249","1249","15007","15007","15007","1249","1249","1249"
"460","14988","14988","14988","993","993","993","14960","14960","14960","1046","1046","1046","15009","15009","15009","999","999","999"
"461","14990","14990","14990","1031","1031","1031","14962","14962","14962","1013","1013","1013","15011","15011","15011","1249","1249","1249"
"462","14992","14992","14992","781","781","781","14964","14964","14964","742","742","742","15013","15013","15013","841","841","841"
"463","14994","14994","14994","750","750","750","14966","14966","14966","915","915","915","15015","15015","15015","760","760","760"
"464","14996","14996","14996","847","847","847","14968","14968","14968","729","729","729","15017","15017","15017","762","762","762"
"465","14998","14998","14998","833","833","833","14970","14970","14970","815","815","815","15019","15019","15019","836","836","836"
"466","15000","15000","15000","722","722","722","14972","14972","14972","834","834","834","15021","15021","15021","764","764","764"
"467","15002","15002","15002","688","688","688","14974","14974","14974","838","838","838","15023","15023","15023","672","672","672"
"468","15168","15168","15168","1249","1249","1249","15141","15141","15141","1249","1249","1249","15181","15181","15181","1249","1249","1249"
"469","15170","15170","15170","1099","1099","1099","15143","15143","15143","987","987","987","15183","15183","15183","1014","1014","1014"
"470","15172","15172","15172","1019","1019","1019","15145","15145","15145","1008","1008","1008","15185","15185","15185","947","947","947"
"471","15174","15174","15174","832","832","832","15147","15147","15147","839","839","839","15187","15187","15187","822","822","822"
"472","15176","15176","15176","846","846","846","15149","15149","15149","741","741","741","15189","15189","15189","733","733","733"
"473","15178","15178","15178","917","917","917","15151","15151","15151","826","826","826","15191","15191","15191","734","734","734"
"474","15180","15180","15180","807","807","807","15153","15153","15153","783","783","783","15193","15193","15193","798","798","798"
"475","15182","15182","15182","842","842","842","15155","15155","15155","815","815","815","15195","15195","15195","758","758","758"
"476","15184","15184","15184","879","879","879","15157","15157","15157","999","999","999","15197","15197","15197","711","711","711"
"477","15346","15346","15346","1249","1249","1249","15319","15319","15319","1249","1249","1249","15356","15356","15356","1102","1102","1102"
"478","15348","15348","15348","1079","1079","1079","15321","15321","15321","1249","1249","1249","15358","15358","15358","1180","1180","1180"
"479","15350","15350","15350","1023","1023","1023","15323","15323","15323","1249","1249","1249","15360","15360","15360","1249","1249","1249"
"480","15352","15352","15352","807","807","807","15325","15325","15325","800","800","800","15362","15362","15362","820","820","820"
"481","15354","15354","15354","759","759","759","15327","15327","15327","812","812","812","15364","15364","15364","999","999","999"
"482","15356","15356","15356","811","811","811","15329","15329","15329","892","892","892","15366","15366","15366","734","734","734"
"483","15358","15358","15358","802","802","802","15331","15331","15331","793","793","793","15368","15368","15368","816","816","816"
"484","15360","15360","15360","695","695","695","15333","15333","15333","729","729","729","15370","15370","15370","673","673","673"
"485","15362","15362","15362","999","999","999","15335","15335","15335","868","868","868","15372","15372","15372","695","695","695"
"486","15519","15519","15519","1249","1249","1249","15493","15493","15493","1249","1249","1249","15530","15530","15530","1041","1041","1041"
"487","15521","15521","15521","991","991","991","15495","15495","15495","1045","1045","1045","15532","15532","15532","1056","1056","1056"
"488","15523","15523","15523","1089","1089","1089","15497","15497","15497","1249","1249","1249","15534","15534","15534","1249","1249","1249"
"489","15525","15525","15525","801","801","801","15499","15499","15499","816","816","816","15536","15536","15536","841","841","841"
"490","15527","15527","15527","834","834","834","15501","15501","15501","729","729","729","15538","15538","15538","999","999","999"
"491","15529","15529","15529","857","857","857","15503","15503","15503","738","738","738","15540","15540","15540","999","999","999"
"492","15531","15531","15531","809","809","809","15505","15505","15505","796","796","796","15542","15542","15542","779","779","779"
"493","15533","15533","15533","832","832","832","15507","15507","15507","905","905","905","15544","15544","15544","691","691","691"
"494","15535","15535","15535","863","863","863","15509","15509","15509","693","693","693","15546","15546","15546","696","696","696"
"495","15697","15697","15697","1249","1249","1249","15670","15670","15670","1249","1249","1249","15709","15709","15709","1037","1037","1037"
"496","15699","15699","15699","1006","1006","1006","15672","15672","15672","1249","1249","1249","15711","15711","15711","1074","1074","1074"
"497","15701","15701","15701","1004","1004","1004","15674","15674","15674","1065","1065","1065","15713","15713","15713","1249","1249","1249"
"498","15703","15703","15703","751","751","751","15676","15676","15676","837","837","837","15715","15715","15715","828","828","828"
"499","15705","15705","15705","846","846","846","15678","15678","15678","764","764","764","15717","15717","15717","772","772","772"
"500","15707","15707","15707","902","902","902","15680","15680","15680","911","911","911","15719","15719","15719","723","723","723"
"501","15709","15709","15709","769","769","769","15682","15682","15682","808","808","808","15721","15721","15721","821","821","821"
"502","15711","15711","15711","825","825","825","15684","15684","15684","894","894","894","15723","15723","15723","696","696","696"
"503","15713","15713","15713","708","708","708","15686","15686","15686","689","689","689","15725","15725","15725","696","696","696"
"504","15874","15874","15874","1249","1249","1249","15846","15846","15846","1249","1249","1249","15887","15887","15887","1249","1249","1249"
"505","15876","15876","15876","1016","1016","1016","15848","15848","15848","1249","1249","1249","15889","15889","15889","1249","1249","1249"
"506","15878","15878","15878","1029","1029","1029","15850","15850","15850","1043","1043","1043","15891","15891","15891","1249","1249","1249"
"507","15880","15880","15880","754","754","754","15852","15852","15852","776","776","776","15893","15893","15893","833","833","833"
"508","15882","15882","15882","838","838","838","15854","15854","15854","752","752","752","15895","15895","15895","733","733","733"
"509","15884","15884","15884","830","830","830","15856","15856","15856","728","728","728","15897","15897","15897","715","715","715"
"510","15886","15886","15886","738","738","738","15858","15858","15858","796","796","796","15899","15899","15899","824","824","824"
"511","15888","15888","15888","855","855","855","15860","15860","15860","769","769","769","15901","15901","15901","703","703","703"
"512","15890","15890","15890","863","863","863","15862","15862","15862","676","676","676","15903","15903","15903","694","694","694"
"513","16052","16052","16052","1249","1249","1249","16021","16021","16021","1249","1249","1249","16072","16072","16072","1249","1249","1249"
"514","16054","16054","16054","1088","1088","1088","16023","16023","16023","1067","1067","1067","16074","16074","16074","1040","1040","1040"
"515","16056","16056","16056","1249","1249","1249","16025","16025","16025","963","963","963","16076","16076","16076","976","976","976"
"516","16058","16058","16058","750","750","750","16027","16027","16027","828","828","828","16078","16078","16078","833","833","833"
"517","16060","16060","16060","845","845","845","16029","16029","16029","910","910","910","16080","16080","16080","738","738","738"
"518","16062","16062","16062","839","839","839","16031","16031","16031","901","901","901","16082","16082","16082","999","999","999"
"519","16064","16064","16064","825","825","825","16033","16033","16033","949","949","949","16084","16084","16084","774","774","774"
"520","16066","16066","16066","833","833","833","16035","16035","16035","726","726","726","16086","16086","16086","999","999","999"
"521","16068","16068","16068","881","881","881","16037","16037","16037","843","843","843","16088","16088","16088","764","764","764"
"522","16227","16227","16227","1249","1249","1249","16199","16199","16199","1249","1249","1249","16248","16248","16248","1249","1249","1249"
"523","16229","16229","16229","1004","1004","1004","16201","16201","16201","1249","1249","1249","16250","16250","16250","1174","1174","1174"
"524","16231","16231","16231","1031","1031","1031","16203","16203","16203","1012","1012","1012","16252","16252","16252","964","964","964"
"525","16233","16233","16233","755","755","755","16205","16205","16205","842","842","842","16254","16254","16254","849","849","849"
"526","16235","16235","16235","848","848","848","16207","16207","16207","749","749","749","16256","16256","16256","999","999","999"
"527","16237","16237","16237","999","999","999","16209","16209","16209","826","826","826","16258","16258","16258","720","720","720"
"528","16239","16239","16239","735","735","735","16211","16211","16211","812","812","812","16260","16260","16260","806","806","806"
"529","16241","16241","16241","999","999","999","16213","16213","16213","786","786","786","16262","16262","16262","694","694","694"
"530","16243","16243","16243","858","858","858","16215","16215","16215","749","749","749","16264","16264","16264","696","696","696"
"531","16405","16405","16405","1249","1249","1249","16378","16378","16378","1249","1249","1249","16428","16428","16428","1249","1249","1249"
"532","16407","16407","16407","1007","1007","1007","16380","16380","16380","1083","1083","1083","16430","16430","16430","1015","1015","1015"
"533","16409","16409","16409","1009","1009","1009","16382","16382","16382","1249","1249","1249","16432","16432","16432","969","969","969"
"534","16411","16411","16411","852","852","852","16384","16384","16384","739","739","739","16434","16434","16434","831","831","831"
"535","16413","16413","16413","840","840","840","16386","16386","16386","747","747","747","16436","16436","16436","733","733","733"
"536","16415","16415","16415","999","999","999","16388","16388","16388","820","820","820","16438","16438","16438","722","722","722"
"537","16417","16417","16417","798","798","798","16390","16390","16390","746","746","746","16440","16440","16440","822","822","822"
"538","16419","16419","16419","850","850","850","16392","16392","16392","913","913","913","16442","16442","16442","680","680","680"
"539","16421","16421","16421","708","708","708","16394","16394","16394","865","865","865","16444","16444","16444","785","785","785"
"540","16582","16582","16582","1249","1249","1249","16556","16556","16556","1249","1249","1249","16607","16607","16607","1249","1249","1249"
"541","16584","16584","16584","1007","1007","1007","16558","16558","16558","1249","1249","1249","16609","16609","16609","1028","1028","1028"
"542","16586","16586","16586","1080","1080","1080","16560","16560","16560","1029","1029","1029","16611","16611","16611","1249","1249","1249"
"543","16588","16588","16588","812","812","812","16562","16562","16562","838","838","838","16613","16613","16613","829","829","829"
"544","16590","16590","16590","837","837","837","16564","16564","16564","739","739","739","16615","16615","16615","722","722","722"
"545","16592","16592","16592","817","817","817","16566","16566","16566","792","792","792","16617","16617","16617","999","999","999"
"546","16594","16594","16594","767","767","767","16568","16568","16568","878","878","878","16619","16619","16619","824","824","824"
"547","16596","16596","16596","847","847","847","16570","16570","16570","813","813","813","16621","16621","16621","696","696","696"
"548","16598","16598","16598","693","693","693","16572","16572","16572","847","847","847","16623","16623","16623","698","698","698"
"549","16758","16758","16758","1249","1249","1249","16733","16733","16733","1249","1249","1249","16783","16783","16783","1004","1004","1004"
"550","16760","16760","16760","1006","1006","1006","16735","16735","16735","1130","1130","1130","16785","16785","16785","1158","1158","1158"
"551","16762","16762","16762","1065","1065","1065","16737","16737","16737","1062","1062","1062","16787","16787","16787","1249","1249","1249"
"552","16764","16764","16764","761","761","761","16739","16739","16739","819","819","819","16789","16789","16789","833","833","833"
"553","16766","16766","16766","845","845","845","16741","16741","16741","823","823","823","16791","16791","16791","728","728","728"
"554","16768","16768","16768","999","999","999","16743","16743","16743","946","946","946","16793","16793","16793","728","728","728"
"555","16770","16770","16770","741","741","741","16745","16745","16745","771","771","771","16795","16795","16795","850","850","850"
"556","16772","16772","16772","847","847","847","16747","16747","16747","740","740","740","16797","16797","16797","711","711","711"
"557","16774","16774","16774","879","879","879","16749","16749","16749","722","722","722","16799","16799","16799","763","763","763"
"558","16937","16937","16937","1249","1249","1249","16915","16915","16915","1249","1249","1249","16964","16964","16964","1249","1249","1249"
"559","16939","16939","16939","1040","1040","1040","16917","16917","16917","981","981","981","16966","16966","16966","1097","1097","1097"
"560","16941","16941","16941","1017","1017","1017","16919","16919","16919","1249","1249","1249","16968","16968","16968","1249","1249","1249"
"561","16943","16943","16943","756","756","756","16921","16921","16921","758","758","758","16970","16970","16970","839","839","839"
"562","16945","16945","16945","758","758","758","16923","16923","16923","809","809","809","16972","16972","16972","737","737","737"
"563","16947","16947","16947","831","831","831","16925","16925","16925","749","749","749","16974","16974","16974","750","750","750"
"564","16949","16949","16949","754","754","754","16927","16927","16927","740","740","740","16976","16976","16976","814","814","814"
"565","16951","16951","16951","722","722","722","16929","16929","16929","853","853","853","16978","16978","16978","696","696","696"
"566","16953","16953","16953","883","883","883","16931","16931","16931","723","723","723","16980","16980","16980","700","700","700"
"567","17113","17113","17113","1249","1249","1249","17093","17093","17093","1249","1249","1249","17142","17142","17142","1249","1249","1249"
"568","17115","17115","17115","1249","1249","1249","17095","17095","17095","987","987","987","17144","17144","17144","948","948","948"
"569","17117","17117","17117","1070","1070","1070","17097","17097","17097","1249","1249","1249","17146","17146","17146","1249","1249","1249"
"570","17119","17119","17119","850","850","850","17099","17099","17099","839","839","839","17148","17148","17148","841","841","841"
"571","17121","17121","17121","747","747","747","17101","17101","17101","909","909","909","17150","17150","17150","722","722","722"
"572","17123","17123","17123","825","825","825","17103","17103","17103","769","769","769","17152","17152","17152","722","722","722"
"573","17125","17125","17125","813","813","813","17105","17105","17105","827","827","827","17154","17154","17154","824","824","824"
"574","17127","17127","17127","840","840","840","17107","17107","17107","909","909","909","17156","17156","17156","714","714","714"
"575","17129","17129","17129","999","999","999","17109","17109","17109","851","851","851","17158","17158","17158","691","691","691"
"576","17291","17291","17291","927","927","927","17274","17274","17274","1249","1249","1249","17317","17317","17317","1020","1020","1020"
"577","17293","17293","17293","1051","1051","1051","17276","17276","17276","977","977","977","17319","17319","17319","1052","1052","1052"
"578","17295","17295","17295","1066","1066","1066","17278","17278","17278","1006","1006","1006","17321","17321","17321","1036","1036","1036"
"579","17297","17297","17297","762","762","762","17280","17280","17280","856","856","856","17323","17323","17323","748","748","748"
"580","17299","17299","17299","747","747","747","17282","17282","17282","911","911","911","17325","17325","17325","726","726","726"
"581","17301","17301","17301","821","821","821","17284","17284","17284","742","742","742","17327","17327","17327","755","755","755"
"582","17303","17303","17303","767","767","767","17286","17286","17286","838","838","838","17329","17329","17329","838","838","838"
"583","17305","17305","17305","999","999","999","17288","17288","17288","897","897","897","17331","17331","17331","694","694","694"
"584","17307","17307","17307","690","690","690","17290","17290","17290","779","779","779","17333","17333","17333","774","774","774"
"585","17470","17470","17470","1249","1249","1249","17456","17456","17456","1249","1249","1249","17490","17490","17490","1249","1249","1249"
"586","17472","17472","17472","1027","1027","1027","17458","17458","17458","1102","1102","1102","17492","17492","17492","1154","1154","1154"
"587","17474","17474","17474","1006","1006","1006","17460","17460","17460","1249","1249","1249","17494","17494","17494","1249","1249","1249"
"588","17476","17476","17476","762","762","762","17462","17462","17462","814","814","814","17496","17496","17496","836","836","836"
"589","17478","17478","17478","844","844","844","17464","17464","17464","760","760","760","17498","17498","17498","736","736","736"
"590","17480","17480","17480","828","828","828","17466","17466","17466","895","895","895","17500","17500","17500","999","999","999"
"591","17482","17482","17482","764","764","764","17468","17468","17468","806","806","806","17502","17502","17502","843","843","843"
"592","17484","17484","17484","722","722","722","17470","17470","17470","909","909","909","17504","17504","17504","769","769","769"
"593","17486","17486","17486","882","882","882","17472","17472","17472","846","846","846","17506","17506","17506","999","999","999"
"594","17644","17644","17644","1249","1249","1249","17638","17638","17638","1249","1249","1249","17669","17669","17669","1249","1249","1249"
"595","17646","17646","17646","1249","1249","1249","17640","17640","17640","949","949","949","17671","17671","17671","1074","1074","1074"
"596","17648","17648","17648","1249","1249","1249","17642","17642","17642","1008","1008","1008","17673","17673","17673","959","959","959"
"597","17650","17650","17650","762","762","762","17644","17644","17644","823","823","823","17675","17675","17675","840","840","840"
"598","17652","17652","17652","837","837","837","17646","17646","17646","752","752","752","17677","17677","17677","720","720","720"
"599","17654","17654","17654","811","811","811","17648","17648","17648","740","740","740","17679","17679","17679","758","758","758"
"600","17656","17656","17656","745","745","745","17650","17650","17650","795","795","795","17681","17681","17681","841","841","841"
"601","17658","17658","17658","832","832","832","17652","17652","17652","742","742","742","17683","17683","17683","774","774","774"
"602","17660","17660","17660","883","883","883","17654","17654","17654","999","999","999","17685","17685","17685","682","682","682"
"603","17819","17819","17819","1249","1249","1249","17817","17817","17817","1249","1249","1249","17845","17845","17845","1249","1249","1249"
"604","17821","17821","17821","989","989","989","17819","17819","17819","1249","1249","1249","17847","17847","17847","1013","1013","1013"
"605","17823","17823","17823","1026","1026","1026","17821","17821","17821","1009","1009","1009","17849","17849","17849","946","946","946"
"606","17825","17825","17825","755","755","755","17823","17823","17823","816","816","816","17851","17851","17851","820","820","820"
"607","17827","17827","17827","827","827","827","17825","17825","17825","753","753","753","17853","17853","17853","999","999","999"
"608","17829","17829","17829","809","809","809","17827","17827","17827","736","736","736","17855","17855","17855","753","753","753"
"609","17831","17831","17831","748","748","748","17829","17829","17829","815","815","815","17857","17857","17857","830","830","830"
"610","17833","17833","17833","845","845","845","17831","17831","17831","923","923","923","17859","17859","17859","999","999","999"
"611","17835","17835","17835","882","882","882","17833","17833","17833","865","865","865","17861","17861","17861","774","774","774"
"612","17999","17999","17999","1249","1249","1249","17991","17991","17991","1249","1249","1249","18022","18022","18022","1169","1169","1169"
"613","18001","18001","18001","997","997","997","17993","17993","17993","1249","1249","1249","18024","18024","18024","950","950","950"
"614","18003","18003","18003","1087","1087","1087","17995","17995","17995","1064","1064","1064","18026","18026","18026","1249","1249","1249"
"615","18005","18005","18005","840","840","840","17997","17997","17997","832","832","832","18028","18028","18028","822","822","822"
"616","18007","18007","18007","776","776","776","17999","17999","17999","911","911","911","18030","18030","18030","999","999","999"
"617","18009","18009","18009","841","841","841","18001","18001","18001","831","831","831","18032","18032","18032","733","733","733"
"618","18011","18011","18011","761","761","761","18003","18003","18003","813","813","813","18034","18034","18034","836","836","836"
"619","18013","18013","18013","719","719","719","18005","18005","18005","775","775","775","18036","18036","18036","697","697","697"
"620","18015","18015","18015","882","882","882","18007","18007","18007","776","776","776","18038","18038","18038","771","771","771"
"621","18178","18178","18178","1249","1249","1249","18168","18168","18168","1249","1249","1249","18202","18202","18202","1249","1249","1249"
"622","18180","18180","18180","1052","1052","1052","18170","18170","18170","1249","1249","1249","18204","18204","18204","1032","1032","1032"
"623","18182","18182","18182","1076","1076","1076","18172","18172","18172","1249","1249","1249","18206","18206","18206","1249","1249","1249"
"624","18184","18184","18184","738","738","738","18174","18174","18174","747","747","747","18208","18208","18208","833","833","833"
"625","18186","18186","18186","759","759","759","18176","18176","18176","911","911","911","18210","18210","18210","746","746","746"
"626","18188","18188","18188","826","826","826","18178","18178","18178","896","896","896","18212","18212","18212","762","762","762"
"627","18190","18190","18190","754","754","754","18180","18180","18180","770","770","770","18214","18214","18214","820","820","820"
"628","18192","18192","18192","854","854","854","18182","18182","18182","893","893","893","18216","18216","18216","761","761","761"
"629","18194","18194","18194","999","999","999","18184","18184","18184","700","700","700","18218","18218","18218","777","777","777"
"630","18360","18360","18360","1249","1249","1249","18348","18348","18348","1249","1249","1249","18377","18377","18377","1249","1249","1249"
"631","18362","18362","18362","1009","1009","1009","18350","18350","18350","1249","1249","1249","18379","18379","18379","1155","1155","1155"
"632","18364","18364","18364","993","993","993","18352","18352","18352","1249","1249","1249","18381","18381","18381","1004","1004","1004"
"633","18366","18366","18366","814","814","814","18354","18354","18354","809","809","809","18383","18383","18383","759","759","759"
"634","18368","18368","18368","756","756","756","18356","18356","18356","920","920","920","18385","18385","18385","999","999","999"
"635","18370","18370","18370","825","825","825","18358","18358","18358","830","830","830","18387","18387","18387","999","999","999"
"636","18372","18372","18372","734","734","734","18360","18360","18360","822","822","822","18389","18389","18389","751","751","751"
"637","18374","18374","18374","832","832","832","18362","18362","18362","922","922","922","18391","18391","18391","695","695","695"
"638","18376","18376","18376","879","879","879","18364","18364","18364","677","677","677","18393","18393","18393","697","697","697"
"639","18539","18539","18539","1249","1249","1249","18525","18525","18525","1249","1249","1249","18551","18551","18551","1249","1249","1249"
"640","18541","18541","18541","1078","1078","1078","18527","18527","18527","1249","1249","1249","18553","18553","18553","1029","1029","1029"
"641","18543","18543","18543","1002","1002","1002","18529","18529","18529","1046","1046","1046","18555","18555","18555","997","997","997"
"642","18545","18545","18545","829","829","829","18531","18531","18531","843","843","843","18557","18557","18557","767","767","767"
"643","18547","18547","18547","739","739","739","18533","18533","18533","749","749","749","18559","18559","18559","716","716","716"
"644","18549","18549","18549","828","828","828","18535","18535","18535","808","808","808","18561","18561","18561","715","715","715"
"645","18551","18551","18551","815","815","815","18537","18537","18537","782","782","782","18563","18563","18563","839","839","839"
"646","18553","18553","18553","897","897","897","18539","18539","18539","842","842","842","18565","18565","18565","699","699","699"
"647","18555","18555","18555","865","865","865","18541","18541","18541","867","867","867","18567","18567","18567","692","692","692"
"648","18719","18719","18719","1249","1249","1249","18701","18701","18701","1249","1249","1249","18728","18728","18728","1249","1249","1249"
"649","18721","18721","18721","1002","1002","1002","18703","18703","18703","1249","1249","1249","18730","18730","18730","1078","1078","1078"
"650","18723","18723","18723","994","994","994","18705","18705","18705","1040","1040","1040","18732","18732","18732","940","940","940"
"651","18725","18725","18725","756","756","756","18707","18707","18707","755","755","755","18734","18734","18734","765","765","765"
"652","18727","18727","18727","828","828","828","18709","18709","18709","907","907","907","18736","18736","18736","749","749","749"
"653","18729","18729","18729","833","833","833","18711","18711","18711","807","807","807","18738","18738","18738","738","738","738"
"654","18731","18731","18731","754","754","754","18713","18713","18713","814","814","814","18740","18740","18740","819","819","819"
"655","18733","18733","18733","850","850","850","18715","18715","18715","908","908","908","18742","18742","18742","760","760","760"
"656","18735","18735","18735","882","882","882","18717","18717","18717","938","938","938","18744","18744","18744","695","695","695"
"657","18896","18896","18896","1039","1039","1039","18882","18882","18882","1249","1249","1249","18902","18902","18902","968","968","968"
"658","18898","18898","18898","1105","1105","1105","18884","18884","18884","1019","1019","1019","18904","18904","18904","1028","1028","1028"
"659","18900","18900","18900","1107","1107","1107","18886","18886","18886","1033","1033","1033","18906","18906","18906","928","928","928"
"660","18902","18902","18902","837","837","837","18888","18888","18888","999","999","999","18908","18908","18908","822","822","822"
"661","18904","18904","18904","834","834","834","18890","18890","18890","826","826","826","18910","18910","18910","749","749","749"
"662","18906","18906","18906","914","914","914","18892","18892","18892","818","818","818","18912","18912","18912","727","727","727"
"663","18908","18908","18908","769","769","769","18894","18894","18894","936","936","936","18914","18914","18914","831","831","831"
"664","18910","18910","18910","839","839","839","18896","18896","18896","806","806","806","18916","18916","18916","999","999","999"
"665","18912","18912","18912","712","712","712","18898","18898","18898","690","690","690","18918","18918","18918","758","758","758"
"666","19073","19073","19073","1249","1249","1249","19062","19062","19062","1249","1249","1249","19076","19076","19076","1120","1120","1120"
"667","19075","19075","19075","1034","1034","1034","19064","19064","19064","963","963","963","19078","19078","19078","1160","1160","1160"
"668","19077","19077","19077","1025","1025","1025","19066","19066","19066","1249","1249","1249","19080","19080","19080","986","986","986"
"669","19079","19079","19079","754","754","754","19068","19068","19068","837","837","837","19082","19082","19082","817","817","817"
"670","19081","19081","19081","853","853","853","19070","19070","19070","767","767","767","19084","19084","19084","999","999","999"
"671","19083","19083","19083","830","830","830","19072","19072","19072","901","901","901","19086","19086","19086","741","741","741"
"672","19085","19085","19085","771","771","771","19074","19074","19074","796","796","796","19088","19088","19088","853","853","853"
"673","19087","19087","19087","853","853","853","19076","19076","19076","919","919","919","19090","19090","19090","686","686","686"
"674","19089","19089","19089","882","882","882","19078","19078","19078","703","703","703","19092","19092","19092","696","696","696"
"675","19249","19249","19249","1249","1249","1249","19242","19242","19242","1249","1249","1249","19253","19253","19253","977","977","977"
"676","19251","19251","19251","1011","1011","1011","19244","19244","19244","997","997","997","19255","19255","19255","1030","1030","1030"
"677","19253","19253","19253","1083","1083","1083","19246","19246","19246","1020","1020","1020","19257","19257","19257","934","934","934"
"678","19255","19255","19255","767","767","767","19248","19248","19248","811","811","811","19259","19259","19259","828","828","828"
"679","19257","19257","19257","769","769","769","19250","19250","19250","816","816","816","19261","19261","19261","907","907","907"
"680","19259","19259","19259","825","825","825","19252","19252","19252","831","831","831","19263","19263","19263","735","735","735"
"681","19261","19261","19261","764","764","764","19254","19254","19254","804","804","804","19265","19265","19265","827","827","827"
"682","19263","19263","19263","820","820","820","19256","19256","19256","740","740","740","19267","19267","19267","725","725","725"
"683","19265","19265","19265","999","999","999","19258","19258","19258","864","864","864","19269","19269","19269","691","691","691"
"684","19428","19428","19428","1249","1249","1249","19421","19421","19421","1249","1249","1249","19432","19432","19432","1097","1097","1097"
"685","19430","19430","19430","1031","1031","1031","19423","19423","19423","1083","1083","1083","19434","19434","19434","981","981","981"
"686","19432","19432","19432","1092","1092","1092","19425","19425","19425","994","994","994","19436","19436","19436","938","938","938"
"687","19434","19434","19434","799","799","799","19427","19427","19427","783","783","783","19438","19438","19438","825","825","825"
"688","19436","19436","19436","843","843","843","19429","19429","19429","844","844","844","19440","19440","19440","814","814","814"
"689","19438","19438","19438","928","928","928","19431","19431","19431","941","941","941","19442","19442","19442","732","732","732"
"690","19440","19440","19440","752","752","752","19433","19433","19433","829","829","829","19444","19444","19444","806","806","806"
"691","19442","19442","19442","830","830","830","19435","19435","19435","737","737","737","19446","19446","19446","899","899","899"
"692","19444","19444","19444","725","725","725","19437","19437","19437","773","773","773","19448","19448","19448","712","712","712"
"693","19614","19614","19614","1249","1249","1249","19597","19597","19597","1249","1249","1249","19612","19612","19612","1160","1160","1160"
"694","19616","19616","19616","1036","1036","1036","19599","19599","19599","941","941","941","19614","19614","19614","957","957","957"
"695","19618","19618","19618","1073","1073","1073","19601","19601","19601","1010","1010","1010","19616","19616","19616","1249","1249","1249"
"696","19620","19620","19620","837","837","837","19603","19603","19603","756","756","756","19618","19618","19618","824","824","824"
"697","19622","19622","19622","839","839","839","19605","19605","19605","909","909","909","19620","19620","19620","749","749","749"
"698","19624","19624","19624","814","814","814","19607","19607","19607","730","730","730","19622","19622","19622","733","733","733"
"699","19626","19626","19626","740","740","740","19609","19609","19609","749","749","749","19624","19624","19624","835","835","835"
"700","19628","19628","19628","832","832","832","19611","19611","19611","912","912","912","19626","19626","19626","867","867","867"
"701","19630","19630","19630","882","882","882","19613","19613","19613","852","852","852","19628","19628","19628","771","771","771"
"702","19795","19795","19795","949","949","949","19774","19774","19774","1249","1249","1249","19786","19786","19786","974","974","974"
"703","19797","19797","19797","1015","1015","1015","19776","19776","19776","1067","1067","1067","19788","19788","19788","936","936","936"
"704","19799","19799","19799","1026","1026","1026","19778","19778","19778","1002","1002","1002","19790","19790","19790","938","938","938"
"705","19801","19801","19801","837","837","837","19780","19780","19780","744","744","744","19792","19792","19792","830","830","830"
"706","19803","19803","19803","829","829","829","19782","19782","19782","752","752","752","19794","19794","19794","999","999","999"
"707","19805","19805","19805","845","845","845","19784","19784","19784","949","949","949","19796","19796","19796","736","736","736"
"708","19807","19807","19807","775","775","775","19786","19786","19786","803","803","803","19798","19798","19798","827","827","827"
"709","19809","19809","19809","838","838","838","19788","19788","19788","738","738","738","19800","19800","19800","693","693","693"
"710","19811","19811","19811","882","882","882","19790","19790","19790","839","839","839","19802","19802","19802","771","771","771"
"711","19968","19968","19968","1249","1249","1249","19948","19948","19948","1249","1249","1249","19961","19961","19961","1097","1097","1097"
"712","19970","19970","19970","1055","1055","1055","19950","19950","19950","1249","1249","1249","19963","19963","19963","962","962","962"
"713","19972","19972","19972","1068","1068","1068","19952","19952","19952","1249","1249","1249","19965","19965","19965","933","933","933"
"714","19974","19974","19974","746","746","746","19954","19954","19954","746","746","746","19967","19967","19967","822","822","822"
"715","19976","19976","19976","844","844","844","19956","19956","19956","733","733","733","19969","19969","19969","757","757","757"
"716","19978","19978","19978","830","830","830","19958","19958","19958","810","810","810","19971","19971","19971","733","733","733"
"717","19980","19980","19980","776","776","776","19960","19960","19960","749","749","749","19973","19973","19973","854","854","854"
"718","19982","19982","19982","773","773","773","19962","19962","19962","899","899","899","19975","19975","19975","700","700","700"
"719","19984","19984","19984","999","999","999","19964","19964","19964","884","884","884","19977","19977","19977","692","692","692"
"720","20152","20152","20152","1249","1249","1249","20129","20129","20129","1249","1249","1249","20136","20136","20136","1018","1018","1018"
"721","20154","20154","20154","1104","1104","1104","20131","20131","20131","1079","1079","1079","20138","20138","20138","1249","1249","1249"
"722","20156","20156","20156","1008","1008","1008","20133","20133","20133","989","989","989","20140","20140","20140","986","986","986"
"723","20158","20158","20158","823","823","823","20135","20135","20135","817","817","817","20142","20142","20142","762","762","762"
"724","20160","20160","20160","846","846","846","20137","20137","20137","746","746","746","20144","20144","20144","798","798","798"
"725","20162","20162","20162","922","922","922","20139","20139","20139","862","862","862","20146","20146","20146","749","749","749"
"726","20164","20164","20164","766","766","766","20141","20141","20141","775","775","775","20148","20148","20148","853","853","853"
"727","20166","20166","20166","846","846","846","20143","20143","20143","822","822","822","20150","20150","20150","675","675","675"
"728","20168","20168","20168","708","708","708","20145","20145","20145","766","766","766","20152","20152","20152","695","695","695"
"729","20335","20335","20335","947","947","947","20309","20309","20309","1249","1249","1249","20315","20315","20315","1097","1097","1097"
"730","20337","20337","20337","1027","1027","1027","20311","20311","20311","996","996","996","20317","20317","20317","937","937","937"
"731","20339","20339","20339","1017","1017","1017","20313","20313","20313","1000","1000","1000","20319","20319","20319","1249","1249","1249"
"732","20341","20341","20341","842","842","842","20315","20315","20315","816","816","816","20321","20321","20321","832","832","832"
"733","20343","20343","20343","839","839","839","20317","20317","20317","856","856","856","20323","20323","20323","907","907","907"
"734","20345","20345","20345","827","827","827","20319","20319","20319","882","882","882","20325","20325","20325","999","999","999"
"735","20347","20347","20347","745","745","745","20321","20321","20321","767","767","767","20327","20327","20327","822","822","822"
"736","20349","20349","20349","841","841","841","20323","20323","20323","751","751","751","20329","20329","20329","758","758","758"
"737","20351","20351","20351","858","858","858","20325","20325","20325","999","999","999","20331","20331","20331","695","695","695"
"738","20510","20510","20510","1249","1249","1249","20488","20488","20488","1249","1249","1249","20489","20489","20489","956","956","956"
"739","20512","20512","20512","1027","1027","1027","20490","20490","20490","1038","1038","1038","20491","20491","20491","928","928","928"
"740","20514","20514","20514","1055","1055","1055","20492","20492","20492","1038","1038","1038","20493","20493","20493","936","936","936"
"741","20516","20516","20516","838","838","838","20494","20494","20494","761","761","761","20495","20495","20495","822","822","822"
"742","20518","20518","20518","843","843","843","20496","20496","20496","927","927","927","20497","20497","20497","735","735","735"
"743","20520","20520","20520","999","999","999","20498","20498","20498","771","771","771","20499","20499","20499","734","734","734"
"744","20522","20522","20522","774","774","774","20500","20500","20500","749","749","749","20501","20501","20501","842","842","842"
"745","20524","20524","20524","841","841","841","20502","20502","20502","999","999","999","20503","20503","20503","897","897","897"
"746","20526","20526","20526","876","876","876","20504","20504","20504","870","870","870","20505","20505","20505","679","679","679"
"747","20691","20691","20691","1249","1249","1249","20668","20668","20668","1249","1249","1249","20663","20663","20663","968","968","968"
"748","20693","20693","20693","1043","1043","1043","20670","20670","20670","1249","1249","1249","20665","20665","20665","946","946","946"
"749","20695","20695","20695","1027","1027","1027","20672","20672","20672","998","998","998","20667","20667","20667","1249","1249","1249"
"750","20697","20697","20697","831","831","831","20674","20674","20674","850","850","850","20669","20669","20669","825","825","825"
"751","20699","20699","20699","839","839","839","20676","20676","20676","829","829","829","20671","20671","20671","999","999","999"
"752","20701","20701","20701","999","999","999","20678","20678","20678","897","897","897","20673","20673","20673","728","728","728"
"753","20703","20703","20703","752","752","752","20680","20680","20680","812","812","812","20675","20675","20675","803","803","803"
"754","20705","20705","20705","841","841","841","20682","20682","20682","824","824","824","20677","20677","20677","774","774","774"
"755","20707","20707","20707","879","879","879","20684","20684","20684","856","856","856","20679","20679","20679","758","758","758"
"756","20865","20865","20865","1048","1048","1048","20843","20843","20843","1249","1249","1249","20837","20837","20837","1021","1021","1021"
"757","20867","20867","20867","1053","1053","1053","20845","20845","20845","1089","1089","1089","20839","20839","20839","983","983","983"
"758","20869","20869","20869","1006","1006","1006","20847","20847","20847","1008","1008","1008","20841","20841","20841","910","910","910"
"759","20871","20871","20871","857","857","857","20849","20849","20849","748","748","748","20843","20843","20843","838","838","838"
"760","20873","20873","20873","743","743","743","20851","20851","20851","910","910","910","20845","20845","20845","736","736","736"
"761","20875","20875","20875","842","842","842","20853","20853","20853","774","774","774","20847","20847","20847","733","733","733"
"762","20877","20877","20877","764","764","764","20855","20855","20855","752","752","752","20849","20849","20849","810","810","810"
"763","20879","20879","20879","851","851","851","20857","20857","20857","750","750","750","20851","20851","20851","677","677","677"
"764","20881","20881","20881","886","886","886","20859","20859","20859","857","857","857","20853","20853","20853","999","999","999"
"765","21045","21045","21045","1249","1249","1249","21023","21023","21023","1249","1249","1249","21012","21012","21012","999","999","999"
"766","21047","21047","21047","1004","1004","1004","21025","21025","21025","1052","1052","1052","21014","21014","21014","985","985","985"
"767","21049","21049","21049","1029","1029","1029","21027","21027","21027","1249","1249","1249","21016","21016","21016","1249","1249","1249"
"768","21051","21051","21051","792","792","792","21029","21029","21029","764","764","764","21018","21018","21018","741","741","741"
"769","21053","21053","21053","848","848","848","21031","21031","21031","737","737","737","21020","21020","21020","754","754","754"
"770","21055","21055","21055","860","860","860","21033","21033","21033","738","738","738","21022","21022","21022","734","734","734"
"771","21057","21057","21057","749","749","749","21035","21035","21035","740","740","740","21024","21024","21024","853","853","853"
"772","21059","21059","21059","703","703","703","21037","21037","21037","681","681","681","21026","21026","21026","691","691","691"
"773","21061","21061","21061","882","882","882","21039","21039","21039","696","696","696","21028","21028","21028","761","761","761"
"774","21225","21225","21225","1249","1249","1249","21202","21202","21202","1249","1249","1249","21188","21188","21188","1011","1011","1011"
"775","21227","21227","21227","1040","1040","1040","21204","21204","21204","1024","1024","1024","21190","21190","21190","1063","1063","1063"
"776","21229","21229","21229","1017","1017","1017","21206","21206","21206","1249","1249","1249","21192","21192","21192","1249","1249","1249"
"777","21231","21231","21231","837","837","837","21208","21208","21208","749","749","749","21194","21194","21194","836","836","836"
"778","21233","21233","21233","769","769","769","21210","21210","21210","770","770","770","21196","21196","21196","811","811","811"
"779","21235","21235","21235","827","827","827","21212","21212","21212","819","819","819","21198","21198","21198","816","816","816"
"780","21237","21237","21237","775","775","775","21214","21214","21214","772","772","772","21200","21200","21200","822","822","822"
"781","21239","21239","21239","830","830","830","21216","21216","21216","746","746","746","21202","21202","21202","709","709","709"
"782","21241","21241","21241","958","958","958","21218","21218","21218","775","775","775","21204","21204","21204","697","697","697"
"783","21399","21399","21399","1249","1249","1249","21384","21384","21384","1249","1249","1249","21366","21366","21366","974","974","974"
"784","21401","21401","21401","1012","1012","1012","21386","21386","21386","964","964","964","21368","21368","21368","1094","1094","1094"
"785","21403","21403","21403","1031","1031","1031","21388","21388","21388","975","975","975","21370","21370","21370","928","928","928"
"786","21405","21405","21405","749","749","749","21390","21390","21390","767","767","767","21372","21372","21372","837","837","837"
"787","21407","21407","21407","839","839","839","21392","21392","21392","823","823","823","21374","21374","21374","750","750","750"
"788","21409","21409","21409","844","844","844","21394","21394","21394","831","831","831","21376","21376","21376","732","732","732"
"789","21411","21411","21411","846","846","846","21396","21396","21396","747","747","747","21378","21378","21378","824","824","824"
"790","21413","21413","21413","830","830","830","21398","21398","21398","811","811","811","21380","21380","21380","683","683","683"
"791","21415","21415","21415","872","872","872","21400","21400","21400","854","854","854","21382","21382","21382","758","758","758"
"792","21572","21572","21572","1249","1249","1249","21560","21560","21560","1249","1249","1249","21542","21542","21542","935","935","935"
"793","21574","21574","21574","1055","1055","1055","21562","21562","21562","996","996","996","21544","21544","21544","933","933","933"
"794","21576","21576","21576","1013","1013","1013","21564","21564","21564","1249","1249","1249","21546","21546","21546","923","923","923"
"795","21578","21578","21578","803","803","803","21566","21566","21566","756","756","756","21548","21548","21548","834","834","834"
"796","21580","21580","21580","769","769","769","21568","21568","21568","752","752","752","21550","21550","21550","751","751","751"
"797","21582","21582","21582","845","845","845","21570","21570","21570","815","815","815","21552","21552","21552","717","717","717"
"798","21584","21584","21584","766","766","766","21572","21572","21572","758","758","758","21554","21554","21554","822","822","822"
"799","21586","21586","21586","820","820","820","21574","21574","21574","910","910","910","21556","21556","21556","896","896","896"
"800","21588","21588","21588","882","882","882","21576","21576","21576","676","676","676","21558","21558","21558","760","760","760"
"801","21758","21758","21758","1249","1249","1249","21737","21737","21737","1249","1249","1249","21715","21715","21715","1016","1016","1016"
"802","21760","21760","21760","1062","1062","1062","21739","21739","21739","1035","1035","1035","21717","21717","21717","1004","1004","1004"
"803","21762","21762","21762","1031","1031","1031","21741","21741","21741","1095","1095","1095","21719","21719","21719","950","950","950"
"804","21764","21764","21764","999","999","999","21743","21743","21743","768","768","768","21721","21721","21721","741","741","741"
"805","21766","21766","21766","759","759","759","21745","21745","21745","824","824","824","21723","21723","21723","798","798","798"
"806","21768","21768","21768","999","999","999","21747","21747","21747","738","738","738","21725","21725","21725","735","735","735"
"807","21770","21770","21770","770","770","770","21749","21749","21749","751","751","751","21727","21727","21727","825","825","825"
"808","21772","21772","21772","846","846","846","21751","21751","21751","732","732","732","21729","21729","21729","769","769","769"
"809","21774","21774","21774","882","882","882","21753","21753","21753","780","780","780","21731","21731","21731","691","691","691"
"810","21937","21937","21937","1249","1249","1249","21911","21911","21911","1249","1249","1249","21893","21893","21893","975","975","975"
"811","21939","21939","21939","1012","1012","1012","21913","21913","21913","1249","1249","1249","21895","21895","21895","1037","1037","1037"
"812","21941","21941","21941","1003","1003","1003","21915","21915","21915","1060","1060","1060","21897","21897","21897","955","955","955"
"813","21943","21943","21943","837","837","837","21917","21917","21917","825","825","825","21899","21899","21899","815","815","815"
"814","21945","21945","21945","739","739","739","21919","21919","21919","924","924","924","21901","21901","21901","912","912","912"
"815","21947","21947","21947","826","826","826","21921","21921","21921","813","813","813","21903","21903","21903","735","735","735"
"816","21949","21949","21949","750","750","750","21923","21923","21923","750","750","750","21905","21905","21905","822","822","822"
"817","21951","21951","21951","846","846","846","21925","21925","21925","713","713","713","21907","21907","21907","999","999","999"
"818","21953","21953","21953","864","864","864","21927","21927","21927","704","704","704","21909","21909","21909","679","679","679"
"819","22111","22111","22111","1249","1249","1249","22090","22090","22090","1249","1249","1249","22067","22067","22067","951","951","951"
"820","22113","22113","22113","1015","1015","1015","22092","22092","22092","1249","1249","1249","22069","22069","22069","951","951","951"
"821","22115","22115","22115","1019","1019","1019","22094","22094","22094","1053","1053","1053","22071","22071","22071","922","922","922"
"822","22117","22117","22117","837","837","837","22096","22096","22096","766","766","766","22073","22073","22073","840","840","840"
"823","22119","22119","22119","756","756","756","22098","22098","22098","729","729","729","22075","22075","22075","749","749","749"
"824","22121","22121","22121","831","831","831","22100","22100","22100","890","890","890","22077","22077","22077","738","738","738"
"825","22123","22123","22123","737","737","737","22102","22102","22102","745","745","745","22079","22079","22079","822","822","822"
"826","22125","22125","22125","832","832","832","22104","22104","22104","803","803","803","22081","22081","22081","677","677","677"
"827","22127","22127","22127","862","862","862","22106","22106","22106","863","863","863","22083","22083","22083","679","679","679"
"828","22284","22284","22284","1249","1249","1249","22270","22270","22270","1249","1249","1249","22247","22247","22247","1249","1249","1249"
"829","22286","22286","22286","1040","1040","1040","22272","22272","22272","1033","1033","1033","22249","22249","22249","980","980","980"
"830","22288","22288","22288","1066","1066","1066","22274","22274","22274","951","951","951","22251","22251","22251","933","933","933"
"831","22290","22290","22290","821","821","821","22276","22276","22276","764","764","764","22253","22253","22253","748","748","748"
"832","22292","22292","22292","843","843","843","22278","22278","22278","735","735","735","22255","22255","22255","749","749","749"
"833","22294","22294","22294","731","731","731","22280","22280","22280","755","755","755","22257","22257","22257","746","746","746"
"834","22296","22296","22296","749","749","749","22282","22282","22282","747","747","747","22259","22259","22259","824","824","824"
"835","22298","22298","22298","845","845","845","22284","22284","22284","917","917","917","22261","22261","22261","691","691","691"
"836","22300","22300","22300","881","881","881","22286","22286","22286","850","850","850","22263","22263","22263","678","678","678"
"837","22460","22460","22460","944","944","944","22447","22447","22447","1249","1249","1249","22421","22421","22421","1004","1004","1004"
"838","22462","22462","22462","1072","1072","1072","22449","22449","22449","1067","1067","1067","22423","22423","22423","1011","1011","1011"
"839","22464","22464","22464","1070","1070","1070","22451","22451","22451","1001","1001","1001","22425","22425","22425","973","973","973"
"840","22466","22466","22466","753","753","753","22453","22453","22453","758","758","758","22427","22427","22427","822","822","822"
"841","22468","22468","22468","758","758","758","22455","22455","22455","812","812","812","22429","22429","22429","774","774","774"
"842","22470","22470","22470","912","912","912","22457","22457","22457","819","819","819","22431","22431","22431","721","721","721"
"843","22472","22472","22472","735","735","735","22459","22459","22459","756","756","756","22433","22433","22433","824","824","824"
"844","22474","22474","22474","723","723","723","22461","22461","22461","798","798","798","22435","22435","22435","680","680","680"
"845","22476","22476","22476","869","869","869","22463","22463","22463","865","865","865","22437","22437","22437","753","753","753"
"846","22637","22637","22637","1249","1249","1249","22629","22629","22629","1249","1249","1249","22594","22594","22594","975","975","975"
"847","22639","22639","22639","1023","1023","1023","22631","22631","22631","1019","1019","1019","22596","22596","22596","962","962","962"
"848","22641","22641","22641","1028","1028","1028","22633","22633","22633","1055","1055","1055","22598","22598","22598","925","925","925"
"849","22643","22643","22643","841","841","841","22635","22635","22635","826","826","826","22600","22600","22600","820","820","820"
"850","22645","22645","22645","840","840","840","22637","22637","22637","732","732","732","22602","22602","22602","853","853","853"
"851","22647","22647","22647","847","847","847","22639","22639","22639","827","827","827","22604","22604","22604","733","733","733"
"852","22649","22649","22649","750","750","750","22641","22641","22641","787","787","787","22606","22606","22606","841","841","841"
"853","22651","22651","22651","829","829","829","22643","22643","22643","913","913","913","22608","22608","22608","726","726","726"
"854","22653","22653","22653","874","874","874","22645","22645","22645","692","692","692","22610","22610","22610","697","697","697"
"855","22820","22820","22820","1249","1249","1249","22804","22804","22804","1249","1249","1249","22770","22770","22770","983","983","983"
"856","22822","22822","22822","1028","1028","1028","22806","22806","22806","1249","1249","1249","22772","22772","22772","954","954","954"
"857","22824","22824","22824","1029","1029","1029","22808","22808","22808","1249","1249","1249","22774","22774","22774","949","949","949"
"858","22826","22826","22826","842","842","842","22810","22810","22810","840","840","840","22776","22776","22776","766","766","766"
"859","22828","22828","22828","759","759","759","22812","22812","22812","727","727","727","22778","22778","22778","719","719","719"
"860","22830","22830","22830","813","813","813","22814","22814","22814","733","733","733","22780","22780","22780","732","732","732"
"861","22832","22832","22832","769","769","769","22816","22816","22816","745","745","745","22782","22782","22782","757","757","757"
"862","22834","22834","22834","848","848","848","22818","22818","22818","838","838","838","22784","22784","22784","683","683","683"
"863","22836","22836","22836","883","883","883","22820","22820","22820","856","856","856","22786","22786","22786","693","693","693"
"864","23004","23004","23004","1249","1249","1249","22984","22984","22984","1249","1249","1249","22949","22949","22949","989","989","989"
"865","23006","23006","23006","1052","1052","1052","22986","22986","22986","1249","1249","1249","22951","22951","22951","996","996","996"
"866","23008","23008","23008","1053","1053","1053","22988","22988","22988","1249","1249","1249","22953","22953","22953","914","914","914"
"867","23010","23010","23010","841","841","841","22990","22990","22990","746","746","746","22955","22955","22955","822","822","822"
"868","23012","23012","23012","844","844","844","22992","22992","22992","825","825","825","22957","22957","22957","735","735","735"
"869","23014","23014","23014","817","817","817","22994","22994","22994","894","894","894","22959","22959","22959","745","745","745"
"870","23016","23016","23016","761","761","761","22996","22996","22996","764","764","764","22961","22961","22961","824","824","824"
"871","23018","23018","23018","853","853","853","22998","22998","22998","926","926","926","22963","22963","22963","696","696","696"
"872","23020","23020","23020","999","999","999","23000","23000","23000","858","858","858","22965","22965","22965","691","691","691"
"873","23181","23181","23181","1249","1249","1249","23160","23160","23160","1249","1249","1249","23127","23127","23127","944","944","944"
"874","23183","23183","23183","1015","1015","1015","23162","23162","23162","1249","1249","1249","23129","23129","23129","933","933","933"
"875","23185","23185","23185","1008","1008","1008","23164","23164","23164","1249","1249","1249","23131","23131","23131","925","925","925"
"876","23187","23187","23187","856","856","856","23166","23166","23166","757","757","757","23133","23133","23133","817","817","817"
"877","23189","23189","23189","837","837","837","23168","23168","23168","813","813","813","23135","23135","23135","739","739","739"
"878","23191","23191","23191","818","818","818","23170","23170","23170","830","830","830","23137","23137","23137","722","722","722"
"879","23193","23193","23193","743","743","743","23172","23172","23172","780","780","780","23139","23139","23139","796","796","796"
"880","23195","23195","23195","841","841","841","23174","23174","23174","696","696","696","23141","23141","23141","726","726","726"
"881","23197","23197","23197","883","883","883","23176","23176","23176","999","999","999","23143","23143","23143","695","695","695"
"882","23359","23359","23359","1249","1249","1249","23343","23343","23343","968","968","968","23304","23304","23304","946","946","946"
"883","23361","23361","23361","1051","1051","1051","23345","23345","23345","1081","1081","1081","23306","23306","23306","968","968","968"
"884","23363","23363","23363","1008","1008","1008","23347","23347","23347","995","995","995","23308","23308","23308","918","918","918"
"885","23365","23365","23365","821","821","821","23349","23349","23349","743","743","743","23310","23310","23310","820","820","820"
"886","23367","23367","23367","846","846","846","23351","23351","23351","835","835","835","23312","23312","23312","741","741","741"
"887","23369","23369","23369","830","830","830","23353","23353","23353","769","769","769","23314","23314","23314","719","719","719"
"888","23371","23371","23371","759","759","759","23355","23355","23355","777","777","777","23316","23316","23316","825","825","825"
"889","23373","23373","23373","850","850","850","23357","23357","23357","681","681","681","23318","23318","23318","695","695","695"
"890","23375","23375","23375","999","999","999","23359","23359","23359","855","855","855","23320","23320","23320","697","697","697"
"891","23537","23537","23537","968","968","968","23516","23516","23516","1249","1249","1249","23484","23484","23484","949","949","949"
"892","23539","23539","23539","1049","1049","1049","23518","23518","23518","1052","1052","1052","23486","23486","23486","996","996","996"
"893","23541","23541","23541","1026","1026","1026","23520","23520","23520","973","973","973","23488","23488","23488","1249","1249","1249"
"894","23543","23543","23543","852","852","852","23522","23522","23522","766","766","766","23490","23490","23490","825","825","825"
"895","23545","23545","23545","750","750","750","23524","23524","23524","808","808","808","23492","23492","23492","804","804","804"
"896","23547","23547","23547","818","818","818","23526","23526","23526","733","733","733","23494","23494","23494","750","750","750"
"897","23549","23549","23549","735","735","735","23528","23528","23528","729","729","729","23496","23496","23496","817","817","817"
"898","23551","23551","23551","831","831","831","23530","23530","23530","910","910","910","23498","23498","23498","758","758","758"
"899","23553","23553","23553","999","999","999","23532","23532","23532","864","864","864","23500","23500","23500","670","670","670"
"900","23716","23716","23716","1249","1249","1249","23695","23695","23695","1249","1249","1249","23658","23658","23658","946","946","946"
"901","23718","23718","23718","1046","1046","1046","23697","23697","23697","1249","1249","1249","23660","23660","23660","953","953","953"
"902","23720","23720","23720","1019","1019","1019","23699","23699","23699","1008","1008","1008","23662","23662","23662","922","922","922"
"903","23722","23722","23722","766","766","766","23701","23701","23701","777","777","777","23664","23664","23664","841","841","841"
"904","23724","23724","23724","837","837","837","23703","23703","23703","924","924","924","23666","23666","23666","730","730","730"
"905","23726","23726","23726","828","828","828","23705","23705","23705","919","919","919","23668","23668","23668","735","735","735"
"906","23728","23728","23728","745","745","745","23707","23707","23707","780","780","780","23670","23670","23670","819","819","819"
"907","23730","23730","23730","844","844","844","23709","23709","23709","728","728","728","23672","23672","23672","699","699","699"
"908","23732","23732","23732","886","886","886","23711","23711","23711","999","999","999","23674","23674","23674","692","692","692"
"909","23896","23896","23896","1249","1249","1249","23871","23871","23871","977","977","977","23835","23835","23835","999","999","999"
"910","23898","23898","23898","1040","1040","1040","23873","23873","23873","1016","1016","1016","23837","23837","23837","1040","1040","1040"
"911","23900","23900","23900","1099","1099","1099","23875","23875","23875","1040","1040","1040","23839","23839","23839","954","954","954"
"912","23902","23902","23902","821","821","821","23877","23877","23877","842","842","842","23841","23841","23841","768","768","768"
"913","23904","23904","23904","758","758","758","23879","23879","23879","749","749","749","23843","23843","23843","741","741","741"
"914","23906","23906","23906","910","910","910","23881","23881","23881","732","732","732","23845","23845","23845","722","722","722"
"915","23908","23908","23908","752","752","752","23883","23883","23883","828","828","828","23847","23847","23847","741","741","741"
"916","23910","23910","23910","850","850","850","23885","23885","23885","821","821","821","23849","23849","23849","693","693","693"
"917","23912","23912","23912","723","723","723","23887","23887","23887","682","682","682","23851","23851","23851","774","774","774"
"918","24073","24073","24073","1249","1249","1249","24053","24053","24053","1249","1249","1249","24011","24011","24011","954","954","954"
"919","24075","24075","24075","1046","1046","1046","24055","24055","24055","1249","1249","1249","24013","24013","24013","957","957","957"
"920","24077","24077","24077","1044","1044","1044","24057","24057","24057","973","973","973","24015","24015","24015","936","936","936"
"921","24079","24079","24079","767","767","767","24059","24059","24059","749","749","749","24017","24017","24017","822","822","822"
"922","24081","24081","24081","839","839","839","24061","24061","24061","742","742","742","24019","24019","24019","752","752","752"
"923","24083","24083","24083","809","809","809","24063","24063","24063","800","800","800","24021","24021","24021","999","999","999"
"924","24085","24085","24085","752","752","752","24065","24065","24065","745","745","745","24023","24023","24023","822","822","822"
"925","24087","24087","24087","829","829","829","24067","24067","24067","683","683","683","24025","24025","24025","691","691","691"
"926","24089","24089","24089","882","882","882","24069","24069","24069","693","693","693","24027","24027","24027","697","697","697"
"927","24251","24251","24251","1020","1020","1020","24227","24227","24227","1249","1249","1249","24185","24185","24185","929","929","929"
"928","24253","24253","24253","1078","1078","1078","24229","24229","24229","1249","1249","1249","24187","24187","24187","943","943","943"
"929","24255","24255","24255","1060","1060","1060","24231","24231","24231","980","980","980","24189","24189","24189","933","933","933"
"930","24257","24257","24257","840","840","840","24233","24233","24233","775","775","775","24191","24191","24191","841","841","841"
"931","24259","24259","24259","843","843","843","24235","24235","24235","926","926","926","24193","24193","24193","733","733","733"
"932","24261","24261","24261","845","845","845","24237","24237","24237","823","823","823","24195","24195","24195","725","725","725"
"933","24263","24263","24263","770","770","770","24239","24239","24239","760","760","760","24197","24197","24197","820","820","820"
"934","24265","24265","24265","850","850","850","24241","24241","24241","732","732","732","24199","24199","24199","681","681","681"
"935","24267","24267","24267","883","883","883","24243","24243","24243","864","864","864","24201","24201","24201","764","764","764"
"936","24429","24429","24429","974","974","974","24408","24408","24408","1249","1249","1249","24361","24361","24361","1249","1249","1249"
"937","24431","24431","24431","970","970","970","24410","24410","24410","966","966","966","24363","24363","24363","970","970","970"
"938","24433","24433","24433","1103","1103","1103","24412","24412","24412","1042","1042","1042","24365","24365","24365","1249","1249","1249"
"939","24435","24435","24435","831","831","831","24414","24414","24414","747","747","747","24367","24367","24367","825","825","825"
"940","24437","24437","24437","775","775","775","24416","24416","24416","745","745","745","24369","24369","24369","759","759","759"
"941","24439","24439","24439","826","826","826","24418","24418","24418","892","892","892","24371","24371","24371","737","737","737"
"942","24441","24441","24441","774","774","774","24420","24420","24420","741","741","741","24373","24373","24373","821","821","821"
"943","24443","24443","24443","835","835","835","24422","24422","24422","794","794","794","24375","24375","24375","699","699","699"
"944","24445","24445","24445","999","999","999","24424","24424","24424","767","767","767","24377","24377","24377","680","680","680"
"945","24607","24607","24607","1249","1249","1249","24580","24580","24580","954","954","954","24537","24537","24537","948","948","948"
"946","24609","24609","24609","988","988","988","24582","24582","24582","999","999","999","24539","24539","24539","961","961","961"
"947","24611","24611","24611","1027","1027","1027","24584","24584","24584","1249","1249","1249","24541","24541","24541","934","934","934"
"948","24613","24613","24613","830","830","830","24586","24586","24586","759","759","759","24543","24543","24543","833","833","833"
"949","24615","24615","24615","751","751","751","24588","24588","24588","744","744","744","24545","24545","24545","718","718","718"
"950","24617","24617","24617","928","928","928","24590","24590","24590","745","745","745","24547","24547","24547","716","716","716"
"951","24619","24619","24619","775","775","775","24592","24592","24592","756","756","756","24549","24549","24549","820","820","820"
"952","24621","24621","24621","850","850","850","24594","24594","24594","820","820","820","24551","24551","24551","695","695","695"
"953","24623","24623","24623","999","999","999","24596","24596","24596","868","868","868","24553","24553","24553","771","771","771"
"954","24781","24781","24781","985","985","985","24759","24759","24759","1249","1249","1249","24713","24713","24713","963","963","963"
"955","24783","24783","24783","1006","1006","1006","24761","24761","24761","968","968","968","24715","24715","24715","981","981","981"
"956","24785","24785","24785","1032","1032","1032","24763","24763","24763","1018","1018","1018","24717","24717","24717","1249","1249","1249"
"957","24787","24787","24787","763","763","763","24765","24765","24765","755","755","755","24719","24719","24719","822","822","822"
"958","24789","24789","24789","755","755","755","24767","24767","24767","930","930","930","24721","24721","24721","743","743","743"
"959","24791","24791","24791","825","825","825","24769","24769","24769","743","743","743","24723","24723","24723","742","742","742"
"960","24793","24793","24793","753","753","753","24771","24771","24771","862","862","862","24725","24725","24725","835","835","835"
"961","24795","24795","24795","839","839","839","24773","24773","24773","848","848","848","24727","24727","24727","699","699","699"
"962","24797","24797","24797","683","683","683","24775","24775","24775","691","691","691","24729","24729","24729","769","769","769"
"963","24959","24959","24959","1249","1249","1249","24937","24937","24937","1249","1249","1249","24891","24891","24891","971","971","971"
"964","24961","24961","24961","1044","1044","1044","24939","24939","24939","1028","1028","1028","24893","24893","24893","996","996","996"
"965","24963","24963","24963","1043","1043","1043","24941","24941","24941","1040","1040","1040","24895","24895","24895","924","924","924"
"966","24965","24965","24965","756","756","756","24943","24943","24943","744","744","744","24897","24897","24897","822","822","822"
"967","24967","24967","24967","827","827","827","24945","24945","24945","742","742","742","24899","24899","24899","736","736","736"
"968","24969","24969","24969","838","838","838","24947","24947","24947","786","786","786","24901","24901","24901","720","720","720"
"969","24971","24971","24971","747","747","747","24949","24949","24949","744","744","744","24903","24903","24903","813","813","813"
"970","24973","24973","24973","827","827","827","24951","24951","24951","897","897","897","24905","24905","24905","693","693","693"
"971","24975","24975","24975","999","999","999","24953","24953","24953","869","869","869","24907","24907","24907","697","697","697"
"972","25133","25133","25133","1249","1249","1249","25112","25112","25112","1249","1249","1249","25064","25064","25064","969","969","969"
"973","25135","25135","25135","1010","1010","1010","25114","25114","25114","975","975","975","25066","25066","25066","957","957","957"
"974","25137","25137","25137","1074","1074","1074","25116","25116","25116","1004","1004","1004","25068","25068","25068","911","911","911"
"975","25139","25139","25139","830","830","830","25118","25118","25118","754","754","754","25070","25070","25070","822","822","822"
"976","25141","25141","25141","842","842","842","25120","25120","25120","744","744","744","25072","25072","25072","737","737","737"
"977","25143","25143","25143","913","913","913","25122","25122","25122","888","888","888","25074","25074","25074","723","723","723"
"978","25145","25145","25145","764","764","764","25124","25124","25124","813","813","813","25076","25076","25076","826","826","826"
"979","25147","25147","25147","827","827","827","25126","25126","25126","746","746","746","25078","25078","25078","769","769","769"
"980","25149","25149","25149","709","709","709","25128","25128","25128","865","865","865","25080","25080","25080","698","698","698"
"981","25312","25312","25312","1249","1249","1249","25288","25288","25288","1249","1249","1249","25240","25240","25240","974","974","974"
"982","25314","25314","25314","1024","1024","1024","25290","25290","25290","1045","1045","1045","25242","25242","25242","1025","1025","1025"
"983","25316","25316","25316","1044","1044","1044","25292","25292","25292","978","978","978","25244","25244","25244","961","961","961"
"984","25318","25318","25318","816","816","816","25294","25294","25294","759","759","759","25246","25246","25246","841","841","841"
"985","25320","25320","25320","739","739","739","25296","25296","25296","754","754","754","25248","25248","25248","743","743","743"
"986","25322","25322","25322","830","830","830","25298","25298","25298","718","718","718","25250","25250","25250","770","770","770"
"987","25324","25324","25324","771","771","771","25300","25300","25300","753","753","753","25252","25252","25252","819","819","819"
"988","25326","25326","25326","823","823","823","25302","25302","25302","730","730","730","25254","25254","25254","696","696","696"
"989","25328","25328","25328","879","879","879","25304","25304","25304","711","711","711","25256","25256","25256","692","692","692"
"990","25488","25488","25488","1249","1249","1249","25468","25468","25468","1249","1249","1249","25415","25415","25415","936","936","936"
"991","25490","25490","25490","1062","1062","1062","25470","25470","25470","974","974","974","25417","25417","25417","995","995","995"
"992","25492","25492","25492","1041","1041","1041","25472","25472","25472","1012","1012","1012","25419","25419","25419","934","934","934"
"993","25494","25494","25494","841","841","841","25474","25474","25474","765","765","765","25421","25421","25421","838","838","838"
"994","25496","25496","25496","845","845","845","25476","25476","25476","914","914","914","25423","25423","25423","720","720","720"
"995","25498","25498","25498","855","855","855","25478","25478","25478","717","717","717","25425","25425","25425","722","722","722"
"996","25500","25500","25500","764","764","764","25480","25480","25480","763","763","763","25427","25427","25427","850","850","850"
"997","25502","25502","25502","849","849","849","25482","25482","25482","739","739","739","25429","25429","25429","696","696","696"
"998","25504","25504","25504","851","851","851","25484","25484","25484","856","856","856","25431","25431","25431","691","691","691"
"999","25667","25667","25667","1249","1249","1249","25645","25645","25645","1034","1034","1034","25595","25595","25595","926","926","926"
"1000","25669","25669","25669","1050","1050","1050","25647","25647","25647","969","969","969","25597","25597","25597","981","981","981"
"1001","25671","25671","25671","1039","1039","1039","25649","25649","25649","984","984","984","25599","25599","25599","1249","1249","1249"
"1002","25673","25673","25673","823","823","823","25651","25651","25651","999","999","999","25601","25601","25601","820","820","820"
"1003","25675","25675","25675","845","845","845","25653","25653","25653","840","840","840","25603","25603","25603","751","751","751"
"1004","25677","25677","25677","837","837","837","25655","25655","25655","935","935","935","25605","25605","25605","727","727","727"
"1005","25679","25679","25679","748","748","748","25657","25657","25657","842","842","842","25607","25607","25607","801","801","801"
"1006","25681","25681","25681","841","841","841","25659","25659","25659","809","809","809","25609","25609","25609","694","694","694"
"1007","25683","25683","25683","708","708","708","25661","25661","25661","744","744","744","25611","25611","25611","697","697","697"
"1008","25847","25847","25847","1249","1249","1249","25823","25823","25823","969","969","969","25773","25773","25773","1037","1037","1037"
"1009","25849","25849","25849","1044","1044","1044","25825","25825","25825","999","999","999","25775","25775","25775","962","962","962"
"1010","25851","25851","25851","1023","1023","1023","25827","25827","25827","1018","1018","1018","25777","25777","25777","915","915","915"
"1011","25853","25853","25853","840","840","840","25829","25829","25829","761","761","761","25779","25779","25779","822","822","822"
"1012","25855","25855","25855","769","769","769","25831","25831","25831","917","917","917","25781","25781","25781","741","741","741"
"1013","25857","25857","25857","854","854","854","25833","25833","25833","800","800","800","25783","25783","25783","725","725","725"
"1014","25859","25859","25859","752","752","752","25835","25835","25835","747","747","747","25785","25785","25785","822","822","822"
"1015","25861","25861","25861","832","832","832","25837","25837","25837","892","892","892","25787","25787","25787","719","719","719"
"1016","25863","25863","25863","851","851","851","25839","25839","25839","678","678","678","25789","25789","25789","694","694","694"
"1017","26023","26023","26023","1249","1249","1249","25999","25999","25999","1027","1027","1027","25947","25947","25947","983","983","983"
"1018","26025","26025","26025","1018","1018","1018","26001","26001","26001","990","990","990","25949","25949","25949","995","995","995"
"1019","26027","26027","26027","1018","1018","1018","26003","26003","26003","992","992","992","25951","25951","25951","1249","1249","1249"
"1020","26029","26029","26029","835","835","835","26005","26005","26005","753","753","753","25953","25953","25953","829","829","829"
"1021","26031","26031","26031","848","848","848","26007","26007","26007","917","917","917","25955","25955","25955","743","743","743"
"1022","26033","26033","26033","832","832","832","26009","26009","26009","895","895","895","25957","25957","25957","740","740","740"
"1023","26035","26035","26035","773","773","773","26011","26011","26011","750","750","750","25959","25959","25959","825","825","825"
"1024","26037","26037","26037","844","844","844","26013","26013","26013","747","747","747","25961","25961","25961","699","699","699"
"1025","26039","26039","26039","999","999","999","26015","26015","26015","760","760","760","25963","25963","25963","760","760","760"
"1026","26204","26204","26204","1249","1249","1249","26180","26180","26180","1249","1249","1249","26127","26127","26127","1006","1006","1006"
"1027","26206","26206","26206","1058","1058","1058","26182","26182","26182","952","952","952","26129","26129","26129","946","946","946"
"1028","26208","26208","26208","1111","1111","1111","26184","26184","26184","1035","1035","1035","26131","26131","26131","935","935","935"
"1029","26210","26210","26210","818","818","818","26186","26186","26186","820","820","820","26133","26133","26133","836","836","836"
"1030","26212","26212","26212","746","746","746","26188","26188","26188","800","800","800","26135","26135","26135","736","736","736"
"1031","26214","26214","26214","837","837","837","26190","26190","26190","897","897","897","26137","26137","26137","741","741","741"
"1032","26216","26216","26216","753","753","753","26192","26192","26192","837","837","837","26139","26139","26139","841","841","841"
"1033","26218","26218","26218","853","853","853","26194","26194","26194","816","816","816","26141","26141","26141","763","763","763"
"1034","26220","26220","26220","693","693","693","26196","26196","26196","676","676","676","26143","26143","26143","698","698","698"
"1035","26380","26380","26380","1249","1249","1249","26361","26361","26361","1249","1249","1249","26302","26302","26302","929","929","929"
"1036","26382","26382","26382","985","985","985","26363","26363","26363","1249","1249","1249","26304","26304","26304","1054","1054","1054"
"1037","26384","26384","26384","1037","1037","1037","26365","26365","26365","1002","1002","1002","26306","26306","26306","1249","1249","1249"
"1038","26386","26386","26386","838","838","838","26367","26367","26367","764","764","764","26308","26308","26308","756","756","756"
"1039","26388","26388","26388","844","844","844","26369","26369","26369","727","727","727","26310","26310","26310","729","729","729"
"1040","26390","26390","26390","854","854","854","26371","26371","26371","906","906","906","26312","26312","26312","752","752","752"
"1041","26392","26392","26392","765","765","765","26373","26373","26373","747","747","747","26314","26314","26314","777","777","777"
"1042","26394","26394","26394","850","850","850","26375","26375","26375","749","749","749","26316","26316","26316","696","696","696"
"1043","26396","26396","26396","868","868","868","26377","26377","26377","692","692","692","26318","26318","26318","777","777","777"
"1044","26557","26557","26557","994","994","994","26533","26533","26533","1042","1042","1042","26481","26481","26481","959","959","959"
"1045","26559","26559","26559","1076","1076","1076","26535","26535","26535","1009","1009","1009","26483","26483","26483","978","978","978"
"1046","26561","26561","26561","1062","1062","1062","26537","26537","26537","1027","1027","1027","26485","26485","26485","928","928","928"
"1047","26563","26563","26563","821","821","821","26539","26539","26539","820","820","820","26487","26487","26487","828","828","828"
"1048","26565","26565","26565","758","758","758","26541","26541","26541","729","729","729","26489","26489","26489","749","749","749"
"1049","26567","26567","26567","822","822","822","26543","26543","26543","829","829","829","26491","26491","26491","726","726","726"
"1050","26569","26569","26569","755","755","755","26545","26545","26545","818","818","818","26493","26493","26493","805","805","805"
"1051","26571","26571","26571","841","841","841","26547","26547","26547","929","929","929","26495","26495","26495","686","686","686"
"1052","26573","26573","26573","999","999","999","26549","26549","26549","852","852","852","26497","26497","26497","697","697","697"
"1053","26733","26733","26733","957","957","957","26709","26709","26709","1249","1249","1249","26658","26658","26658","968","968","968"
"1054","26735","26735","26735","1045","1045","1045","26711","26711","26711","1000","1000","1000","26660","26660","26660","1030","1030","1030"
"1055","26737","26737","26737","1112","1112","1112","26713","26713","26713","1016","1016","1016","26662","26662","26662","974","974","974"
"1056","26739","26739","26739","831","831","831","26715","26715","26715","806","806","806","26664","26664","26664","820","820","820"
"1057","26741","26741","26741","760","760","760","26717","26717","26717","740","740","740","26666","26666","26666","730","730","730"
"1058","26743","26743","26743","933","933","933","26719","26719","26719","900","900","900","26668","26668","26668","749","749","749"
"1059","26745","26745","26745","777","777","777","26721","26721","26721","815","815","815","26670","26670","26670","842","842","842"
"1060","26747","26747","26747","841","841","841","26723","26723","26723","887","887","887","26672","26672","26672","691","691","691"
"1061","26749","26749","26749","999","999","999","26725","26725","26725","756","756","756","26674","26674","26674","771","771","771"
"1062","26910","26910","26910","1249","1249","1249","26885","26885","26885","1249","1249","1249","26838","26838","26838","979","979","979"
"1063","26912","26912","26912","1027","1027","1027","26887","26887","26887","970","970","970","26840","26840","26840","973","973","973"
"1064","26914","26914","26914","1015","1015","1015","26889","26889","26889","951","951","951","26842","26842","26842","1249","1249","1249"
"1065","26916","26916","26916","825","825","825","26891","26891","26891","746","746","746","26844","26844","26844","762","762","762"
"1066","26918","26918","26918","839","839","839","26893","26893","26893","812","812","812","26846","26846","26846","724","724","724"
"1067","26920","26920","26920","830","830","830","26895","26895","26895","738","738","738","26848","26848","26848","749","749","749"
"1068","26922","26922","26922","815","815","815","26897","26897","26897","829","829","829","26850","26850","26850","751","751","751"
"1069","26924","26924","26924","836","836","836","26899","26899","26899","757","757","757","26852","26852","26852","694","694","694"
"1070","26926","26926","26926","999","999","999","26901","26901","26901","872","872","872","26854","26854","26854","771","771","771"
"1071","27088","27088","27088","1249","1249","1249","27059","27059","27059","1249","1249","1249","27012","27012","27012","1249","1249","1249"
"1072","27090","27090","27090","1011","1011","1011","27061","27061","27061","970","970","970","27014","27014","27014","985","985","985"
"1073","27092","27092","27092","1041","1041","1041","27063","27063","27063","1086","1086","1086","27016","27016","27016","1249","1249","1249"
"1074","27094","27094","27094","841","841","841","27065","27065","27065","740","740","740","27018","27018","27018","825","825","825"
"1075","27096","27096","27096","857","857","857","27067","27067","27067","913","913","913","27020","27020","27020","818","818","818"
"1076","27098","27098","27098","854","854","854","27069","27069","27069","791","791","791","27022","27022","27022","735","735","735"
"1077","27100","27100","27100","770","770","770","27071","27071","27071","738","738","738","27024","27024","27024","807","807","807"
"1078","27102","27102","27102","850","850","850","27073","27073","27073","718","718","718","27026","27026","27026","861","861","861"
"1079","27104","27104","27104","883","883","883","27075","27075","27075","856","856","856","27028","27028","27028","672","672","672"
"1080","27266","27266","27266","1249","1249","1249","27234","27234","27234","1249","1249","1249","27189","27189","27189","930","930","930"
"1081","27268","27268","27268","1036","1036","1036","27236","27236","27236","939","939","939","27191","27191","27191","952","952","952"
"1082","27270","27270","27270","985","985","985","27238","27238","27238","1043","1043","1043","27193","27193","27193","1249","1249","1249"
"1083","27272","27272","27272","831","831","831","27240","27240","27240","830","830","830","27195","27195","27195","839","839","839"
"1084","27274","27274","27274","834","834","834","27242","27242","27242","764","764","764","27197","27197","27197","721","721","721"
"1085","27276","27276","27276","833","833","833","27244","27244","27244","860","860","860","27199","27199","27199","716","716","716"
"1086","27278","27278","27278","732","732","732","27246","27246","27246","831","831","831","27201","27201","27201","820","820","820"
"1087","27280","27280","27280","836","836","836","27248","27248","27248","754","754","754","27203","27203","27203","708","708","708"
"1088","27282","27282","27282","999","999","999","27250","27250","27250","706","706","706","27205","27205","27205","763","763","763"
"1089","27441","27441","27441","1249","1249","1249","27406","27406","27406","1249","1249","1249","27363","27363","27363","945","945","945"
"1090","27443","27443","27443","1114","1114","1114","27408","27408","27408","968","968","968","27365","27365","27365","1003","1003","1003"
"1091","27445","27445","27445","1083","1083","1083","27410","27410","27410","988","988","988","27367","27367","27367","1249","1249","1249"
"1092","27447","27447","27447","837","837","837","27412","27412","27412","754","754","754","27369","27369","27369","833","833","833"
"1093","27449","27449","27449","761","761","761","27414","27414","27414","825","825","825","27371","27371","27371","718","718","718"
"1094","27451","27451","27451","855","855","855","27416","27416","27416","744","744","744","27373","27373","27373","729","729","729"
"1095","27453","27453","27453","774","774","774","27418","27418","27418","746","746","746","27375","27375","27375","834","834","834"
"1096","27455","27455","27455","851","851","851","27420","27420","27420","896","896","896","27377","27377","27377","675","675","675"
"1097","27457","27457","27457","879","879","879","27422","27422","27422","855","855","855","27379","27379","27379","677","677","677"
"1098","27627","27627","27627","1249","1249","1249","27587","27587","27587","1249","1249","1249","27536","27536","27536","932","932","932"
"1099","27629","27629","27629","1047","1047","1047","27589","27589","27589","1068","1068","1068","27538","27538","27538","1249","1249","1249"
"1100","27631","27631","27631","1249","1249","1249","27591","27591","27591","1034","1034","1034","27540","27540","27540","914","914","914"
"1101","27633","27633","27633","816","816","816","27593","27593","27593","814","814","814","27542","27542","27542","746","746","746"
"1102","27635","27635","27635","835","835","835","27595","27595","27595","852","852","852","27544","27544","27544","830","830","830"
"1103","27637","27637","27637","813","813","813","27597","27597","27597","798","798","798","27546","27546","27546","729","729","729"
"1104","27639","27639","27639","764","764","764","27599","27599","27599","775","775","775","27548","27548","27548","827","827","827"
"1105","27641","27641","27641","853","853","853","27601","27601","27601","906","906","906","27550","27550","27550","694","694","694"
"1106","27643","27643","27643","999","999","999","27603","27603","27603","856","856","856","27552","27552","27552","753","753","753"
"1107","27800","27800","27800","1249","1249","1249","27763","27763","27763","1249","1249","1249","27710","27710","27710","926","926","926"
"1108","27802","27802","27802","1023","1023","1023","27765","27765","27765","1012","1012","1012","27712","27712","27712","960","960","960"
"1109","27804","27804","27804","1009","1009","1009","27767","27767","27767","1038","1038","1038","27714","27714","27714","922","922","922"
"1110","27806","27806","27806","833","833","833","27769","27769","27769","815","815","815","27716","27716","27716","816","816","816"
"1111","27808","27808","27808","761","761","761","27771","27771","27771","755","755","755","27718","27718","27718","818","818","818"
"1112","27810","27810","27810","825","825","825","27773","27773","27773","830","830","830","27720","27720","27720","728","728","728"
"1113","27812","27812","27812","749","749","749","27775","27775","27775","770","770","770","27722","27722","27722","803","803","803"
"1114","27814","27814","27814","855","855","855","27777","27777","27777","917","917","917","27724","27724","27724","725","725","725"
"1115","27816","27816","27816","879","879","879","27779","27779","27779","765","765","765","27726","27726","27726","779","779","779"
"1116","27978","27978","27978","1249","1249","1249","27938","27938","27938","1249","1249","1249","27889","27889","27889","971","971","971"
"1117","27980","27980","27980","1040","1040","1040","27940","27940","27940","1249","1249","1249","27891","27891","27891","945","945","945"
"1118","27982","27982","27982","1249","1249","1249","27942","27942","27942","1034","1034","1034","27893","27893","27893","1249","1249","1249"
"1119","27984","27984","27984","999","999","999","27944","27944","27944","749","749","749","27895","27895","27895","773","773","773"
"1120","27986","27986","27986","834","834","834","27946","27946","27946","758","758","758","27897","27897","27897","818","818","818"
"1121","27988","27988","27988","825","825","825","27948","27948","27948","919","919","919","27899","27899","27899","999","999","999"
"1122","27990","27990","27990","771","771","771","27950","27950","27950","752","752","752","27901","27901","27901","763","763","763"
"1123","27992","27992","27992","829","829","829","27952","27952","27952","737","737","737","27903","27903","27903","680","680","680"
"1124","27994","27994","27994","688","688","688","27954","27954","27954","690","690","690","27905","27905","27905","769","769","769"
"1125","28152","28152","28152","976","976","976","28112","28112","28112","966","966","966","28070","28070","28070","1002","1002","1002"
"1126","28154","28154","28154","1056","1056","1056","28114","28114","28114","1249","1249","1249","28072","28072","28072","1249","1249","1249"
"1127","28156","28156","28156","1035","1035","1035","28116","28116","28116","1022","1022","1022","28074","28074","28074","1249","1249","1249"
"1128","28158","28158","28158","803","803","803","28118","28118","28118","782","782","782","28076","28076","28076","758","758","758"
"1129","28160","28160","28160","757","757","757","28120","28120","28120","745","745","745","28078","28078","28078","733","733","733"
"1130","28162","28162","28162","846","846","846","28122","28122","28122","803","803","803","28080","28080","28080","735","735","735"
"1131","28164","28164","28164","761","761","761","28124","28124","28124","743","743","743","28082","28082","28082","749","749","749"
"1132","28166","28166","28166","851","851","851","28126","28126","28126","705","705","705","28084","28084","28084","760","760","760"
"1133","28168","28168","28168","688","688","688","28128","28128","28128","689","689","689","28086","28086","28086","774","774","774"
"1134","28330","28330","28330","1249","1249","1249","28290","28290","28290","1249","1249","1249","28246","28246","28246","945","945","945"
"1135","28332","28332","28332","1045","1045","1045","28292","28292","28292","988","988","988","28248","28248","28248","993","993","993"
"1136","28334","28334","28334","1045","1045","1045","28294","28294","28294","1249","1249","1249","28250","28250","28250","1249","1249","1249"
"1137","28336","28336","28336","829","829","829","28296","28296","28296","835","835","835","28252","28252","28252","829","829","829"
"1138","28338","28338","28338","825","825","825","28298","28298","28298","819","819","819","28254","28254","28254","749","749","749"
"1139","28340","28340","28340","828","828","828","28300","28300","28300","792","792","792","28256","28256","28256","733","733","733"
"1140","28342","28342","28342","820","820","820","28302","28302","28302","775","775","775","28258","28258","28258","838","838","838"
"1141","28344","28344","28344","825","825","825","28304","28304","28304","818","818","818","28260","28260","28260","680","680","680"
"1142","28346","28346","28346","999","999","999","28306","28306","28306","931","931","931","28262","28262","28262","753","753","753"
"1143","28506","28506","28506","924","924","924","28471","28471","28471","1249","1249","1249","28423","28423","28423","966","966","966"
"1144","28508","28508","28508","1074","1074","1074","28473","28473","28473","986","986","986","28425","28425","28425","1027","1027","1027"
"1145","28510","28510","28510","1069","1069","1069","28475","28475","28475","1042","1042","1042","28427","28427","28427","921","921","921"
"1146","28512","28512","28512","763","763","763","28477","28477","28477","807","807","807","28429","28429","28429","766","766","766"
"1147","28514","28514","28514","845","845","845","28479","28479","28479","736","736","736","28431","28431","28431","737","737","737"
"1148","28516","28516","28516","826","826","826","28481","28481","28481","891","891","891","28433","28433","28433","717","717","717"
"1149","28518","28518","28518","764","764","764","28483","28483","28483","829","829","829","28435","28435","28435","749","749","749"
"1150","28520","28520","28520","849","849","849","28485","28485","28485","813","813","813","28437","28437","28437","678","678","678"
"1151","28522","28522","28522","879","879","879","28487","28487","28487","761","761","761","28439","28439","28439","671","671","671"
"1152","28680","28680","28680","939","939","939","28649","28649","28649","1249","1249","1249","28598","28598","28598","944","944","944"
"1153","28682","28682","28682","1027","1027","1027","28651","28651","28651","1073","1073","1073","28600","28600","28600","1249","1249","1249"
"1154","28684","28684","28684","1104","1104","1104","28653","28653","28653","1003","1003","1003","28602","28602","28602","1249","1249","1249"
"1155","28686","28686","28686","835","835","835","28655","28655","28655","999","999","999","28604","28604","28604","829","829","829"
"1156","28688","28688","28688","742","742","742","28657","28657","28657","729","729","729","28606","28606","28606","750","750","750"
"1157","28690","28690","28690","822","822","822","28659","28659","28659","756","756","756","28608","28608","28608","725","725","725"
"1158","28692","28692","28692","748","748","748","28661","28661","28661","847","847","847","28610","28610","28610","822","822","822"
"1159","28694","28694","28694","858","858","858","28663","28663","28663","886","886","886","28612","28612","28612","675","675","675"
"1160","28696","28696","28696","999","999","999","28665","28665","28665","776","776","776","28614","28614","28614","706","706","706"
"1161","28852","28852","28852","1249","1249","1249","28828","28828","28828","1249","1249","1249","28777","28777","28777","929","929","929"
"1162","28854","28854","28854","1012","1012","1012","28830","28830","28830","960","960","960","28779","28779","28779","967","967","967"
"1163","28856","28856","28856","1026","1026","1026","28832","28832","28832","972","972","972","28781","28781","28781","1249","1249","1249"
"1164","28858","28858","28858","763","763","763","28834","28834","28834","825","825","825","28783","28783","28783","764","764","764"
"1165","28860","28860","28860","848","848","848","28836","28836","28836","728","728","728","28785","28785","28785","723","723","723"
"1166","28862","28862","28862","809","809","809","28838","28838","28838","818","818","818","28787","28787","28787","999","999","999"
"1167","28864","28864","28864","776","776","776","28840","28840","28840","844","844","844","28789","28789","28789","749","749","749"
"1168","28866","28866","28866","828","828","828","28842","28842","28842","746","746","746","28791","28791","28791","695","695","695"
"1169","28868","28868","28868","849","849","849","28844","28844","28844","703","703","703","28793","28793","28793","694","694","694"
"1170","29033","29033","29033","973","973","973","29004","29004","29004","1249","1249","1249","28953","28953","28953","987","987","987"
"1171","29035","29035","29035","1028","1028","1028","29006","29006","29006","994","994","994","28955","28955","28955","1249","1249","1249"
"1172","29037","29037","29037","1031","1031","1031","29008","29008","29008","1249","1249","1249","28957","28957","28957","1249","1249","1249"
"1173","29039","29039","29039","821","821","821","29010","29010","29010","748","748","748","28959","28959","28959","780","780","780"
"1174","29041","29041","29041","739","739","739","29012","29012","29012","815","815","815","28961","28961","28961","713","713","713"
"1175","29043","29043","29043","825","825","825","29014","29014","29014","920","920","920","28963","28963","28963","733","733","733"
"1176","29045","29045","29045","750","750","750","29016","29016","29016","747","747","747","28965","28965","28965","747","747","747"
"1177","29047","29047","29047","849","849","849","29018","29018","29018","820","820","820","28967","28967","28967","868","868","868"
"1178","29049","29049","29049","882","882","882","29020","29020","29020","775","775","775","28969","28969","28969","686","686","686"
"1179","29214","29214","29214","1249","1249","1249","29185","29185","29185","1249","1249","1249","29129","29129","29129","994","994","994"
"1180","29216","29216","29216","1046","1046","1046","29187","29187","29187","1249","1249","1249","29131","29131","29131","1249","1249","1249"
"1181","29218","29218","29218","1060","1060","1060","29189","29189","29189","990","990","990","29133","29133","29133","1249","1249","1249"
"1182","29220","29220","29220","929","929","929","29191","29191","29191","755","755","755","29135","29135","29135","822","822","822"
"1183","29222","29222","29222","846","846","846","29193","29193","29193","919","919","919","29137","29137","29137","825","825","825"
"1184","29224","29224","29224","813","813","813","29195","29195","29195","839","839","839","29139","29139","29139","734","734","734"
"1185","29226","29226","29226","764","764","764","29197","29197","29197","754","754","754","29141","29141","29141","732","732","732"
"1186","29228","29228","29228","844","844","844","29199","29199","29199","826","826","826","29143","29143","29143","705","705","705"
"1187","29230","29230","29230","999","999","999","29201","29201","29201","721","721","721","29145","29145","29145","763","763","763"
"1188","29390","29390","29390","1249","1249","1249","29359","29359","29359","1249","1249","1249","29310","29310","29310","1054","1054","1054"
"1189","29392","29392","29392","1047","1047","1047","29361","29361","29361","1019","1019","1019","29312","29312","29312","986","986","986"
"1190","29394","29394","29394","1029","1029","1029","29363","29363","29363","1004","1004","1004","29314","29314","29314","1249","1249","1249"
"1191","29396","29396","29396","818","818","818","29365","29365","29365","742","742","742","29316","29316","29316","750","750","750"
"1192","29398","29398","29398","847","847","847","29367","29367","29367","754","754","754","29318","29318","29318","999","999","999"
"1193","29400","29400","29400","830","830","830","29369","29369","29369","823","823","823","29320","29320","29320","999","999","999"
"1194","29402","29402","29402","755","755","755","29371","29371","29371","771","771","771","29322","29322","29322","742","742","742"
"1195","29404","29404","29404","841","841","841","29373","29373","29373","832","832","832","29324","29324","29324","678","678","678"
"1196","29406","29406","29406","865","865","865","29375","29375","29375","711","711","711","29326","29326","29326","682","682","682"
"1197","29569","29569","29569","1249","1249","1249","29538","29538","29538","1249","1249","1249","29484","29484","29484","943","943","943"
"1198","29571","29571","29571","1017","1017","1017","29540","29540","29540","1044","1044","1044","29486","29486","29486","1249","1249","1249"
"1199","29573","29573","29573","1013","1013","1013","29542","29542","29542","1027","1027","1027","29488","29488","29488","1249","1249","1249"
"1200","29575","29575","29575","912","912","912","29544","29544","29544","815","815","815","29490","29490","29490","822","822","822"
"1201","29577","29577","29577","828","828","828","29546","29546","29546","741","741","741","29492","29492","29492","710","710","710"
"1202","29579","29579","29579","846","846","846","29548","29548","29548","898","898","898","29494","29494","29494","734","734","734"
"1203","29581","29581","29581","776","776","776","29550","29550","29550","754","754","754","29496","29496","29496","824","824","824"
"1204","29583","29583","29583","835","835","835","29552","29552","29552","825","825","825","29498","29498","29498","755","755","755"
"1205","29585","29585","29585","721","721","721","29554","29554","29554","929","929","929","29500","29500","29500","760","760","760"
"1206","29747","29747","29747","1249","1249","1249","29714","29714","29714","1024","1024","1024","29667","29667","29667","998","998","998"
"1207","29749","29749","29749","1010","1010","1010","29716","29716","29716","1010","1010","1010","29669","29669","29669","1249","1249","1249"
"1208","29751","29751","29751","1020","1020","1020","29718","29718","29718","1005","1005","1005","29671","29671","29671","904","904","904"
"1209","29753","29753","29753","801","801","801","29720","29720","29720","839","839","839","29673","29673","29673","831","831","831"
"1210","29755","29755","29755","741","741","741","29722","29722","29722","826","826","826","29675","29675","29675","753","753","753"
"1211","29757","29757","29757","811","811","811","29724","29724","29724","813","813","813","29677","29677","29677","730","730","730"
"1212","29759","29759","29759","773","773","773","29726","29726","29726","742","742","742","29679","29679","29679","771","771","771"
"1213","29761","29761","29761","846","846","846","29728","29728","29728","810","810","810","29681","29681","29681","697","697","697"
"1214","29763","29763","29763","999","999","999","29730","29730","29730","722","722","722","29683","29683","29683","696","696","696"
"1215","29922","29922","29922","980","980","980","29889","29889","29889","1249","1249","1249","29845","29845","29845","1024","1024","1024"
"1216","29924","29924","29924","1018","1018","1018","29891","29891","29891","1029","1029","1029","29847","29847","29847","1249","1249","1249"
"1217","29926","29926","29926","1004","1004","1004","29893","29893","29893","986","986","986","29849","29849","29849","914","914","914"
"1218","29928","29928","29928","835","835","835","29895","29895","29895","767","767","767","29851","29851","29851","830","830","830"
"1219","29930","29930","29930","749","749","749","29897","29897","29897","757","757","757","29853","29853","29853","747","747","747"
"1220","29932","29932","29932","851","851","851","29899","29899","29899","789","789","789","29855","29855","29855","999","999","999"
"1221","29934","29934","29934","737","737","737","29901","29901","29901","744","744","744","29857","29857","29857","822","822","822"
"1222","29936","29936","29936","770","770","770","29903","29903","29903","913","913","913","29859","29859","29859","721","721","721"
"1223","29938","29938","29938","725","725","725","29905","29905","29905","851","851","851","29861","29861","29861","999","999","999"
"1224","30099","30099","30099","1249","1249","1249","30072","30072","30072","1249","1249","1249","30022","30022","30022","945","945","945"
"1225","30101","30101","30101","987","987","987","30074","30074","30074","1249","1249","1249","30024","30024","30024","958","958","958"
"1226","30103","30103","30103","1030","1030","1030","30076","30076","30076","1019","1019","1019","30026","30026","30026","1249","1249","1249"
"1227","30105","30105","30105","835","835","835","30078","30078","30078","766","766","766","30028","30028","30028","840","840","840"
"1228","30107","30107","30107","755","755","755","30080","30080","30080","909","909","909","30030","30030","30030","748","748","748"
"1229","30109","30109","30109","846","846","846","30082","30082","30082","809","809","809","30032","30032","30032","749","749","749"
"1230","30111","30111","30111","735","735","735","30084","30084","30084","749","749","749","30034","30034","30034","743","743","743"
"1231","30113","30113","30113","815","815","815","30086","30086","30086","911","911","911","30036","30036","30036","691","691","691"
"1232","30115","30115","30115","879","879","879","30088","30088","30088","835","835","835","30038","30038","30038","681","681","681"
"1233","30273","30273","30273","1249","1249","1249","30252","30252","30252","1249","1249","1249","30196","30196","30196","987","987","987"
"1234","30275","30275","30275","1047","1047","1047","30254","30254","30254","976","976","976","30198","30198","30198","954","954","954"
"1235","30277","30277","30277","1006","1006","1006","30256","30256","30256","1002","1002","1002","30200","30200","30200","1249","1249","1249"
"1236","30279","30279","30279","803","803","803","30258","30258","30258","753","753","753","30202","30202","30202","819","819","819"
"1237","30281","30281","30281","768","768","768","30260","30260","30260","842","842","842","30204","30204","30204","722","722","722"
"1238","30283","30283","30283","842","842","842","30262","30262","30262","896","896","896","30206","30206","30206","751","751","751"
"1239","30285","30285","30285","774","774","774","30264","30264","30264","759","759","759","30208","30208","30208","780","780","780"
"1240","30287","30287","30287","846","846","846","30266","30266","30266","906","906","906","30210","30210","30210","703","703","703"
"1241","30289","30289","30289","999","999","999","30268","30268","30268","696","696","696","30212","30212","30212","695","695","695"
"1242","30448","30448","30448","997","997","997","30425","30425","30425","998","998","998","30368","30368","30368","967","967","967"
"1243","30450","30450","30450","1013","1013","1013","30427","30427","30427","1079","1079","1079","30370","30370","30370","954","954","954"
"1244","30452","30452","30452","1032","1032","1032","30429","30429","30429","979","979","979","30372","30372","30372","1249","1249","1249"
"1245","30454","30454","30454","782","782","782","30431","30431","30431","757","757","757","30374","30374","30374","847","847","847"
"1246","30456","30456","30456","739","739","739","30433","30433","30433","820","820","820","30376","30376","30376","826","826","826"
"1247","30458","30458","30458","837","837","837","30435","30435","30435","894","894","894","30378","30378","30378","750","750","750"
"1248","30460","30460","30460","771","771","771","30437","30437","30437","762","762","762","30380","30380","30380","763","763","763"
"1249","30462","30462","30462","771","771","771","30439","30439","30439","889","889","889","30382","30382","30382","726","726","726"
"1250","30464","30464","30464","872","872","872","30441","30441","30441","785","785","785","30384","30384","30384","760","760","760"
"1251","30627","30627","30627","1249","1249","1249","30602","30602","30602","1249","1249","1249","30545","30545","30545","992","992","992"
"1252","30629","30629","30629","1048","1048","1048","30604","30604","30604","1012","1012","1012","30547","30547","30547","952","952","952"
"1253","30631","30631","30631","1021","1021","1021","30606","30606","30606","980","980","980","30549","30549","30549","922","922","922"
"1254","30633","30633","30633","798","798","798","30608","30608","30608","761","761","761","30551","30551","30551","766","766","766"
"1255","30635","30635","30635","847","847","847","30610","30610","30610","807","807","807","30553","30553","30553","720","720","720"
"1256","30637","30637","30637","855","855","855","30612","30612","30612","749","749","749","30555","30555","30555","721","721","721"
"1257","30639","30639","30639","778","778","778","30614","30614","30614","757","757","757","30557","30557","30557","745","745","745"
"1258","30641","30641","30641","752","752","752","30616","30616","30616","808","808","808","30559","30559","30559","678","678","678"
"1259","30643","30643","30643","882","882","882","30618","30618","30618","765","765","765","30561","30561","30561","693","693","693"
"1260","30801","30801","30801","1249","1249","1249","30779","30779","30779","1249","1249","1249","30722","30722","30722","944","944","944"
"1261","30803","30803","30803","994","994","994","30781","30781","30781","971","971","971","30724","30724","30724","973","973","973"
"1262","30805","30805","30805","1041","1041","1041","30783","30783","30783","1011","1011","1011","30726","30726","30726","1249","1249","1249"
"1263","30807","30807","30807","802","802","802","30785","30785","30785","758","758","758","30728","30728","30728","766","766","766"
"1264","30809","30809","30809","739","739","739","30787","30787","30787","740","740","740","30730","30730","30730","744","744","744"
"1265","30811","30811","30811","853","853","853","30789","30789","30789","776","776","776","30732","30732","30732","722","722","722"
"1266","30813","30813","30813","755","755","755","30791","30791","30791","777","777","777","30734","30734","30734","744","744","744"
"1267","30815","30815","30815","846","846","846","30793","30793","30793","725","725","725","30736","30736","30736","728","728","728"
"1268","30817","30817","30817","999","999","999","30795","30795","30795","867","867","867","30738","30738","30738","697","697","697"
"1269","30978","30978","30978","1249","1249","1249","30951","30951","30951","1249","1249","1249","30897","30897","30897","942","942","942"
"1270","30980","30980","30980","1056","1056","1056","30953","30953","30953","997","997","997","30899","30899","30899","1003","1003","1003"
"1271","30982","30982","30982","1099","1099","1099","30955","30955","30955","939","939","939","30901","30901","30901","962","962","962"
"1272","30984","30984","30984","835","835","835","30957","30957","30957","761","761","761","30903","30903","30903","754","754","754"
"1273","30986","30986","30986","838","838","838","30959","30959","30959","743","743","743","30905","30905","30905","724","724","724"
"1274","30988","30988","30988","826","826","826","30961","30961","30961","907","907","907","30907","30907","30907","717","717","717"
"1275","30990","30990","30990","770","770","770","30963","30963","30963","750","750","750","30909","30909","30909","751","751","751"
"1276","30992","30992","30992","817","817","817","30965","30965","30965","827","827","827","30911","30911","30911","680","680","680"
"1277","30994","30994","30994","958","958","958","30967","30967","30967","837","837","837","30913","30913","30913","676","676","676"
"1278","31158","31158","31158","1249","1249","1249","31133","31133","31133","1249","1249","1249","31072","31072","31072","943","943","943"
"1279","31160","31160","31160","1092","1092","1092","31135","31135","31135","963","963","963","31074","31074","31074","970","970","970"
"1280","31162","31162","31162","1013","1013","1013","31137","31137","31137","996","996","996","31076","31076","31076","1249","1249","1249"
"1281","31164","31164","31164","826","826","826","31139","31139","31139","755","755","755","31078","31078","31078","766","766","766"
"1282","31166","31166","31166","766","766","766","31141","31141","31141","753","753","753","31080","31080","31080","724","724","724"
"1283","31168","31168","31168","829","829","829","31143","31143","31143","763","763","763","31082","31082","31082","727","727","727"
"1284","31170","31170","31170","761","761","761","31145","31145","31145","751","751","751","31084","31084","31084","754","754","754"
"1285","31172","31172","31172","841","841","841","31147","31147","31147","739","739","739","31086","31086","31086","696","696","696"
"1286","31174","31174","31174","876","876","876","31149","31149","31149","692","692","692","31088","31088","31088","693","693","693"
"1287","31333","31333","31333","1249","1249","1249","31308","31308","31308","939","939","939","31248","31248","31248","949","949","949"
"1288","31335","31335","31335","1035","1035","1035","31310","31310","31310","985","985","985","31250","31250","31250","949","949","949"
"1289","31337","31337","31337","1068","1068","1068","31312","31312","31312","954","954","954","31252","31252","31252","927","927","927"
"1290","31339","31339","31339","833","833","833","31314","31314","31314","835","835","835","31254","31254","31254","753","753","753"
"1291","31341","31341","31341","834","834","834","31316","31316","31316","769","769","769","31256","31256","31256","739","739","739"
"1292","31343","31343","31343","815","815","815","31318","31318","31318","814","814","814","31258","31258","31258","734","734","734"
"1293","31345","31345","31345","748","748","748","31320","31320","31320","769","769","769","31260","31260","31260","747","747","747"
"1294","31347","31347","31347","854","854","854","31322","31322","31322","914","914","914","31262","31262","31262","999","999","999"
"1295","31349","31349","31349","707","707","707","31324","31324","31324","697","697","697","31264","31264","31264","678","678","678"
"1296","31513","31513","31513","969","969","969","31491","31491","31491","1249","1249","1249","31425","31425","31425","965","965","965"
"1297","31515","31515","31515","995","995","995","31493","31493","31493","1032","1032","1032","31427","31427","31427","940","940","940"
"1298","31517","31517","31517","1027","1027","1027","31495","31495","31495","1015","1015","1015","31429","31429","31429","962","962","962"
"1299","31519","31519","31519","747","747","747","31497","31497","31497","763","763","763","31431","31431","31431","832","832","832"
"1300","31521","31521","31521","845","845","845","31499","31499","31499","825","825","825","31433","31433","31433","830","830","830"
"1301","31523","31523","31523","825","825","825","31501","31501","31501","815","815","815","31435","31435","31435","804","804","804"
"1302","31525","31525","31525","775","775","775","31503","31503","31503","844","844","844","31437","31437","31437","745","745","745"
"1303","31527","31527","31527","830","830","830","31505","31505","31505","886","886","886","31439","31439","31439","696","696","696"
"1304","31529","31529","31529","879","879","879","31507","31507","31507","701","701","701","31441","31441","31441","769","769","769"
"1305","31690","31690","31690","974","974","974","31666","31666","31666","1249","1249","1249","31602","31602","31602","972","972","972"
"1306","31692","31692","31692","1051","1051","1051","31668","31668","31668","1249","1249","1249","31604","31604","31604","998","998","998"
"1307","31694","31694","31694","1047","1047","1047","31670","31670","31670","975","975","975","31606","31606","31606","922","922","922"
"1308","31696","31696","31696","842","842","842","31672","31672","31672","769","769","769","31608","31608","31608","747","747","747"
"1309","31698","31698","31698","839","839","839","31674","31674","31674","910","910","910","31610","31610","31610","713","713","713"
"1310","31700","31700","31700","841","841","841","31676","31676","31676","742","742","742","31612","31612","31612","760","760","760"
"1311","31702","31702","31702","769","769","769","31678","31678","31678","747","747","747","31614","31614","31614","740","740","740"
"1312","31704","31704","31704","844","844","844","31680","31680","31680","828","828","828","31616","31616","31616","691","691","691"
"1313","31706","31706","31706","721","721","721","31682","31682","31682","870","870","870","31618","31618","31618","697","697","697"
"1314","31868","31868","31868","964","964","964","31846","31846","31846","1249","1249","1249","31778","31778","31778","967","967","967"
"1315","31870","31870","31870","1029","1029","1029","31848","31848","31848","994","994","994","31780","31780","31780","1056","1056","1056"
"1316","31872","31872","31872","1049","1049","1049","31850","31850","31850","1078","1078","1078","31782","31782","31782","1249","1249","1249"
"1317","31874","31874","31874","818","818","818","31852","31852","31852","825","825","825","31784","31784","31784","755","755","755"
"1318","31876","31876","31876","739","739","739","31854","31854","31854","819","819","819","31786","31786","31786","805","805","805"
"1319","31878","31878","31878","827","827","827","31856","31856","31856","890","890","890","31788","31788","31788","757","757","757"
"1320","31880","31880","31880","753","753","753","31858","31858","31858","767","767","767","31790","31790","31790","744","744","744"
"1321","31882","31882","31882","850","850","850","31860","31860","31860","804","804","804","31792","31792","31792","680","680","680"
"1322","31884","31884","31884","883","883","883","31862","31862","31862","856","856","856","31794","31794","31794","694","694","694"
"1323","32049","32049","32049","1249","1249","1249","32025","32025","32025","1249","1249","1249","31952","31952","31952","928","928","928"
"1324","32051","32051","32051","1050","1050","1050","32027","32027","32027","1249","1249","1249","31954","31954","31954","962","962","962"
"1325","32053","32053","32053","1073","1073","1073","32029","32029","32029","984","984","984","31956","31956","31956","924","924","924"
"1326","32055","32055","32055","837","837","837","32031","32031","32031","742","742","742","31958","31958","31958","754","754","754"
"1327","32057","32057","32057","833","833","833","32033","32033","32033","748","748","748","31960","31960","31960","748","748","748"
"1328","32059","32059","32059","809","809","809","32035","32035","32035","733","733","733","31962","31962","31962","774","774","774"
"1329","32061","32061","32061","743","743","743","32037","32037","32037","914","914","914","31964","31964","31964","780","780","780"
"1330","32063","32063","32063","841","841","841","32039","32039","32039","806","806","806","31966","31966","31966","693","693","693"
"1331","32065","32065","32065","868","868","868","32041","32041","32041","697","697","697","31968","31968","31968","678","678","678"
"1332","32228","32228","32228","1249","1249","1249","32207","32207","32207","1249","1249","1249","32132","32132","32132","963","963","963"
"1333","32230","32230","32230","994","994","994","32209","32209","32209","1249","1249","1249","32134","32134","32134","971","971","971"
"1334","32232","32232","32232","1021","1021","1021","32211","32211","32211","992","992","992","32136","32136","32136","922","922","922"
"1335","32234","32234","32234","762","762","762","32213","32213","32213","753","753","753","32138","32138","32138","741","741","741"
"1336","32236","32236","32236","760","760","760","32215","32215","32215","754","754","754","32140","32140","32140","733","733","733"
"1337","32238","32238","32238","808","808","808","32217","32217","32217","999","999","999","32142","32142","32142","717","717","717"
"1338","32240","32240","32240","751","751","751","32219","32219","32219","751","751","751","32144","32144","32144","755","755","755"
"1339","32242","32242","32242","841","841","841","32221","32221","32221","920","920","920","32146","32146","32146","694","694","694"
"1340","32244","32244","32244","851","851","851","32223","32223","32223","758","758","758","32148","32148","32148","676","676","676"
"1341","32402","32402","32402","983","983","983","32387","32387","32387","1249","1249","1249","32305","32305","32305","1014","1014","1014"
"1342","32404","32404","32404","1029","1029","1029","32389","32389","32389","993","993","993","32307","32307","32307","945","945","945"
"1343","32406","32406","32406","1028","1028","1028","32391","32391","32391","955","955","955","32309","32309","32309","906","906","906"
"1344","32408","32408","32408","837","837","837","32393","32393","32393","820","820","820","32311","32311","32311","747","747","747"
"1345","32410","32410","32410","835","835","835","32395","32395","32395","770","770","770","32313","32313","32313","809","809","809"
"1346","32412","32412","32412","817","817","817","32397","32397","32397","834","834","834","32315","32315","32315","736","736","736"
"1347","32414","32414","32414","749","749","749","32399","32399","32399","773","773","773","32317","32317","32317","762","762","762"
"1348","32416","32416","32416","832","832","832","32401","32401","32401","790","790","790","32319","32319","32319","693","693","693"
"1349","32418","32418","32418","854","854","854","32403","32403","32403","699","699","699","32321","32321","32321","671","671","671"
"1350","32591","32591","32591","1249","1249","1249","32570","32570","32570","1249","1249","1249","32484","32484","32484","1009","1009","1009"
"1351","32593","32593","32593","1019","1019","1019","32572","32572","32572","938","938","938","32486","32486","32486","980","980","980"
"1352","32595","32595","32595","1061","1061","1061","32574","32574","32574","1249","1249","1249","32488","32488","32488","944","944","944"
"1353","32597","32597","32597","999","999","999","32576","32576","32576","764","764","764","32490","32490","32490","741","741","741"
"1354","32599","32599","32599","755","755","755","32578","32578","32578","806","806","806","32492","32492","32492","725","725","725"
"1355","32601","32601","32601","840","840","840","32580","32580","32580","999","999","999","32494","32494","32494","723","723","723"
"1356","32603","32603","32603","743","743","743","32582","32582","32582","745","745","745","32496","32496","32496","740","740","740"
"1357","32605","32605","32605","832","832","832","32584","32584","32584","900","900","900","32498","32498","32498","696","696","696"
"1358","32607","32607","32607","879","879","879","32586","32586","32586","868","868","868","32500","32500","32500","788","788","788"
"1359","32772","32772","32772","1249","1249","1249","32748","32748","32748","1249","1249","1249","32660","32660","32660","1004","1004","1004"
"1360","32774","32774","32774","1044","1044","1044","32750","32750","32750","1009","1009","1009","32662","32662","32662","956","956","956"
"1361","32776","32776","32776","1018","1018","1018","32752","32752","32752","1249","1249","1249","32664","32664","32664","947","947","947"
"1362","32778","32778","32778","796","796","796","32754","32754","32754","765","765","765","32666","32666","32666","767","767","767"
"1363","32780","32780","32780","851","851","851","32756","32756","32756","809","809","809","32668","32668","32668","817","817","817"
"1364","32782","32782","32782","838","838","838","32758","32758","32758","811","811","811","32670","32670","32670","768","768","768"
"1365","32784","32784","32784","751","751","751","32760","32760","32760","763","763","763","32672","32672","32672","762","762","762"
"1366","32786","32786","32786","830","830","830","32762","32762","32762","915","915","915","32674","32674","32674","688","688","688"
"1367","32788","32788","32788","728","728","728","32764","32764","32764","873","873","873","32676","32676","32676","760","760","760"
"1368","32948","32948","32948","1249","1249","1249","32931","32931","32931","1249","1249","1249","32837","32837","32837","943","943","943"
"1369","32950","32950","32950","1008","1008","1008","32933","32933","32933","975","975","975","32839","32839","32839","943","943","943"
"1370","32952","32952","32952","1011","1011","1011","32935","32935","32935","979","979","979","32841","32841","32841","910","910","910"
"1371","32954","32954","32954","782","782","782","32937","32937","32937","770","770","770","32843","32843","32843","774","774","774"
"1372","32956","32956","32956","829","829","829","32939","32939","32939","762","762","762","32845","32845","32845","714","714","714"
"1373","32958","32958","32958","837","837","837","32941","32941","32941","746","746","746","32847","32847","32847","999","999","999"
"1374","32960","32960","32960","753","753","753","32943","32943","32943","759","759","759","32849","32849","32849","749","749","749"
"1375","32962","32962","32962","837","837","837","32945","32945","32945","834","834","834","32851","32851","32851","673","673","673"
"1376","32964","32964","32964","882","882","882","32947","32947","32947","878","878","878","32853","32853","32853","708","708","708"
"1377","33125","33125","33125","1249","1249","1249","33109","33109","33109","1249","1249","1249","33012","33012","33012","939","939","939"
"1378","33127","33127","33127","1066","1066","1066","33111","33111","33111","1249","1249","1249","33014","33014","33014","959","959","959"
"1379","33129","33129","33129","1040","1040","1040","33113","33113","33113","994","994","994","33016","33016","33016","1249","1249","1249"
"1380","33131","33131","33131","837","837","837","33115","33115","33115","744","744","744","33018","33018","33018","760","760","760"
"1381","33133","33133","33133","820","820","820","33117","33117","33117","840","840","840","33020","33020","33020","804","804","804"
"1382","33135","33135","33135","809","809","809","33119","33119","33119","999","999","999","33022","33022","33022","732","732","732"
"1383","33137","33137","33137","771","771","771","33121","33121","33121","731","731","731","33024","33024","33024","748","748","748"
"1384","33139","33139","33139","857","857","857","33123","33123","33123","731","731","731","33026","33026","33026","678","678","678"
"1385","33141","33141","33141","999","999","999","33125","33125","33125","678","678","678","33028","33028","33028","682","682","682"
"1386","33305","33305","33305","944","944","944","33290","33290","33290","979","979","979","33184","33184","33184","929","929","929"
"1387","33307","33307","33307","1024","1024","1024","33292","33292","33292","1028","1028","1028","33186","33186","33186","969","969","969"
"1388","33309","33309","33309","1040","1040","1040","33294","33294","33294","979","979","979","33188","33188","33188","914","914","914"
"1389","33311","33311","33311","810","810","810","33296","33296","33296","766","766","766","33190","33190","33190","740","740","740"
"1390","33313","33313","33313","840","840","840","33298","33298","33298","851","851","851","33192","33192","33192","804","804","804"
"1391","33315","33315","33315","845","845","845","33300","33300","33300","906","906","906","33194","33194","33194","730","730","730"
"1392","33317","33317","33317","758","758","758","33302","33302","33302","911","911","911","33196","33196","33196","730","730","730"
"1393","33319","33319","33319","841","841","841","33304","33304","33304","811","811","811","33198","33198","33198","758","758","758"
"1394","33321","33321","33321","717","717","717","33306","33306","33306","867","867","867","33200","33200","33200","692","692","692"
"1395","33485","33485","33485","1249","1249","1249","33467","33467","33467","1249","1249","1249","33365","33365","33365","917","917","917"
"1396","33487","33487","33487","1023","1023","1023","33469","33469","33469","1025","1025","1025","33367","33367","33367","994","994","994"
"1397","33489","33489","33489","1012","1012","1012","33471","33471","33471","1005","1005","1005","33369","33369","33369","936","936","936"
"1398","33491","33491","33491","764","764","764","33473","33473","33473","834","834","834","33371","33371","33371","766","766","766"
"1399","33493","33493","33493","834","834","834","33475","33475","33475","835","835","835","33373","33373","33373","757","757","757"
"1400","33495","33495","33495","830","830","830","33477","33477","33477","902","902","902","33375","33375","33375","722","722","722"
"1401","33497","33497","33497","752","752","752","33479","33479","33479","749","749","749","33377","33377","33377","769","769","769"
"1402","33499","33499","33499","836","836","836","33481","33481","33481","805","805","805","33379","33379","33379","710","710","710"
"1403","33501","33501","33501","877","877","877","33483","33483","33483","698","698","698","33381","33381","33381","999","999","999"
"1404","33667","33667","33667","1249","1249","1249","33647","33647","33647","1249","1249","1249","33540","33540","33540","1014","1014","1014"
"1405","33669","33669","33669","1028","1028","1028","33649","33649","33649","989","989","989","33542","33542","33542","961","961","961"
"1406","33671","33671","33671","1027","1027","1027","33651","33651","33651","986","986","986","33544","33544","33544","922","922","922"
"1407","33673","33673","33673","823","823","823","33653","33653","33653","752","752","752","33546","33546","33546","831","831","831"
"1408","33675","33675","33675","834","834","834","33655","33655","33655","753","753","753","33548","33548","33548","758","758","758"
"1409","33677","33677","33677","836","836","836","33657","33657","33657","750","750","750","33550","33550","33550","739","739","739"
"1410","33679","33679","33679","740","740","740","33659","33659","33659","770","770","770","33552","33552","33552","770","770","770"
"1411","33681","33681","33681","826","826","826","33661","33661","33661","734","734","734","33554","33554","33554","763","763","763"
"1412","33683","33683","33683","708","708","708","33663","33663","33663","690","690","690","33556","33556","33556","693","693","693"
"1413","33842","33842","33842","1249","1249","1249","33820","33820","33820","1249","1249","1249","33715","33715","33715","920","920","920"
"1414","33844","33844","33844","1029","1029","1029","33822","33822","33822","1005","1005","1005","33717","33717","33717","980","980","980"
"1415","33846","33846","33846","1058","1058","1058","33824","33824","33824","973","973","973","33719","33719","33719","1249","1249","1249"
"1416","33848","33848","33848","999","999","999","33826","33826","33826","816","816","816","33721","33721","33721","755","755","755"
"1417","33850","33850","33850","848","848","848","33828","33828","33828","907","907","907","33723","33723","33723","817","817","817"
"1418","33852","33852","33852","826","826","826","33830","33830","33830","750","750","750","33725","33725","33725","750","750","750"
"1419","33854","33854","33854","775","775","775","33832","33832","33832","746","746","746","33727","33727","33727","744","744","744"
"1420","33856","33856","33856","850","850","850","33834","33834","33834","740","740","740","33729","33729","33729","680","680","680"
"1421","33858","33858","33858","999","999","999","33836","33836","33836","698","698","698","33731","33731","33731","692","692","692"
"1422","34020","34020","34020","1249","1249","1249","33996","33996","33996","1249","1249","1249","33894","33894","33894","935","935","935"
"1423","34022","34022","34022","1045","1045","1045","33998","33998","33998","1046","1046","1046","33896","33896","33896","955","955","955"
"1424","34024","34024","34024","1038","1038","1038","34000","34000","34000","998","998","998","33898","33898","33898","928","928","928"
"1425","34026","34026","34026","835","835","835","34002","34002","34002","821","821","821","33900","33900","33900","745","745","745"
"1426","34028","34028","34028","769","769","769","34004","34004","34004","830","830","830","33902","33902","33902","723","723","723"
"1427","34030","34030","34030","820","820","820","34006","34006","34006","815","815","815","33904","33904","33904","738","738","738"
"1428","34032","34032","34032","748","748","748","34008","34008","34008","776","776","776","33906","33906","33906","749","749","749"
"1429","34034","34034","34034","770","770","770","34010","34010","34010","894","894","894","33908","33908","33908","680","680","680"
"1430","34036","34036","34036","882","882","882","34012","34012","34012","765","765","765","33910","33910","33910","696","696","696"
"1431","34203","34203","34203","1249","1249","1249","34177","34177","34177","1249","1249","1249","34069","34069","34069","938","938","938"
"1432","34205","34205","34205","1027","1027","1027","34179","34179","34179","978","978","978","34071","34071","34071","958","958","958"
"1433","34207","34207","34207","1056","1056","1056","34181","34181","34181","991","991","991","34073","34073","34073","922","922","922"
"1434","34209","34209","34209","832","832","832","34183","34183","34183","766","766","766","34075","34075","34075","839","839","839"
"1435","34211","34211","34211","759","759","759","34185","34185","34185","727","727","727","34077","34077","34077","747","747","747"
"1436","34213","34213","34213","828","828","828","34187","34187","34187","724","724","724","34079","34079","34079","734","734","734"
"1437","34215","34215","34215","731","731","731","34189","34189","34189","758","758","758","34081","34081","34081","748","748","748"
"1438","34217","34217","34217","830","830","830","34191","34191","34191","755","755","755","34083","34083","34083","696","696","696"
"1439","34219","34219","34219","868","868","868","34193","34193","34193","858","858","858","34085","34085","34085","696","696","696"
"1440","34377","34377","34377","1249","1249","1249","34353","34353","34353","1249","1249","1249","34246","34246","34246","1018","1018","1018"
"1441","34379","34379","34379","989","989","989","34355","34355","34355","1012","1012","1012","34248","34248","34248","942","942","942"
"1442","34381","34381","34381","1032","1032","1032","34357","34357","34357","1079","1079","1079","34250","34250","34250","911","911","911"
"1443","34383","34383","34383","999","999","999","34359","34359","34359","841","841","841","34252","34252","34252","746","746","746"
"1444","34385","34385","34385","765","765","765","34361","34361","34361","739","739","739","34254","34254","34254","809","809","809"
"1445","34387","34387","34387","838","838","838","34363","34363","34363","827","827","827","34256","34256","34256","752","752","752"
"1446","34389","34389","34389","743","743","743","34365","34365","34365","805","805","805","34258","34258","34258","739","739","739"
"1447","34391","34391","34391","854","854","854","34367","34367","34367","873","873","873","34260","34260","34260","700","700","700"
"1448","34393","34393","34393","999","999","999","34369","34369","34369","852","852","852","34262","34262","34262","761","761","761"
"1449","34557","34557","34557","1249","1249","1249","34531","34531","34531","1249","1249","1249","34422","34422","34422","970","970","970"
"1450","34559","34559","34559","1066","1066","1066","34533","34533","34533","957","957","957","34424","34424","34424","963","963","963"
"1451","34561","34561","34561","1036","1036","1036","34535","34535","34535","992","992","992","34426","34426","34426","911","911","911"
"1452","34563","34563","34563","841","841","841","34537","34537","34537","820","820","820","34428","34428","34428","750","750","750"
"1453","34565","34565","34565","760","760","760","34539","34539","34539","927","927","927","34430","34430","34430","809","809","809"
"1454","34567","34567","34567","837","837","837","34541","34541","34541","719","719","719","34432","34432","34432","762","762","762"
"1455","34569","34569","34569","750","750","750","34543","34543","34543","760","760","760","34434","34434","34434","764","764","764"
"1456","34571","34571","34571","832","832","832","34545","34545","34545","896","896","896","34436","34436","34436","691","691","691"
"1457","34573","34573","34573","877","877","877","34547","34547","34547","700","700","700","34438","34438","34438","764","764","764"
"1458","34734","34734","34734","1249","1249","1249","34706","34706","34706","1249","1249","1249","34597","34597","34597","922","922","922"
"1459","34736","34736","34736","974","974","974","34708","34708","34708","1005","1005","1005","34599","34599","34599","941","941","941"
"1460","34738","34738","34738","1035","1035","1035","34710","34710","34710","1031","1031","1031","34601","34601","34601","908","908","908"
"1461","34740","34740","34740","787","787","787","34712","34712","34712","764","764","764","34603","34603","34603","822","822","822"
"1462","34742","34742","34742","837","837","837","34714","34714","34714","733","733","733","34605","34605","34605","744","744","744"
"1463","34744","34744","34744","828","828","828","34716","34716","34716","815","815","815","34607","34607","34607","734","734","734"
"1464","34746","34746","34746","761","761","761","34718","34718","34718","913","913","913","34609","34609","34609","751","751","751"
"1465","34748","34748","34748","831","831","831","34720","34720","34720","756","756","756","34611","34611","34611","695","695","695"
"1466","34750","34750","34750","881","881","881","34722","34722","34722","836","836","836","34613","34613","34613","697","697","697"
"1467","34912","34912","34912","1249","1249","1249","34882","34882","34882","1249","1249","1249","34773","34773","34773","933","933","933"
"1468","34914","34914","34914","1003","1003","1003","34884","34884","34884","1019","1019","1019","34775","34775","34775","1013","1013","1013"
"1469","34916","34916","34916","1054","1054","1054","34886","34886","34886","995","995","995","34777","34777","34777","913","913","913"
"1470","34918","34918","34918","792","792","792","34888","34888","34888","806","806","806","34779","34779","34779","763","763","763"
"1471","34920","34920","34920","818","818","818","34890","34890","34890","923","923","923","34781","34781","34781","730","730","730"
"1472","34922","34922","34922","815","815","815","34892","34892","34892","737","737","737","34783","34783","34783","725","725","725"
"1473","34924","34924","34924","772","772","772","34894","34894","34894","820","820","820","34785","34785","34785","745","745","745"
"1474","34926","34926","34926","854","854","854","34896","34896","34896","914","914","914","34787","34787","34787","694","694","694"
"1475","34928","34928","34928","851","851","851","34898","34898","34898","688","688","688","34789","34789","34789","696","696","696"
"1476","35089","35089","35089","1249","1249","1249","35057","35057","35057","1249","1249","1249","34948","34948","34948","938","938","938"
"1477","35091","35091","35091","985","985","985","35059","35059","35059","970","970","970","34950","34950","34950","971","971","971"
"1478","35093","35093","35093","1031","1031","1031","35061","35061","35061","996","996","996","34952","34952","34952","924","924","924"
"1479","35095","35095","35095","816","816","816","35063","35063","35063","825","825","825","34954","34954","34954","766","766","766"
"1480","35097","35097","35097","758","758","758","35065","35065","35065","933","933","933","34956","34956","34956","737","737","737"
"1481","35099","35099","35099","839","839","839","35067","35067","35067","738","738","738","34958","34958","34958","719","719","719"
"1482","35101","35101","35101","748","748","748","35069","35069","35069","764","764","764","34960","34960","34960","749","749","749"
"1483","35103","35103","35103","834","834","834","35071","35071","35071","907","907","907","34962","34962","34962","722","722","722"
"1484","35105","35105","35105","688","688","688","35073","35073","35073","714","714","714","34964","34964","34964","692","692","692"
"1485","35267","35267","35267","1249","1249","1249","35235","35235","35235","1249","1249","1249","35126","35126","35126","998","998","998"
"1486","35269","35269","35269","1013","1013","1013","35237","35237","35237","1036","1036","1036","35128","35128","35128","954","954","954"
"1487","35271","35271","35271","1033","1033","1033","35239","35239","35239","977","977","977","35130","35130","35130","926","926","926"
"1488","35273","35273","35273","837","837","837","35241","35241","35241","757","757","757","35132","35132","35132","765","765","765"
"1489","35275","35275","35275","760","760","760","35243","35243","35243","741","741","741","35134","35134","35134","811","811","811"
"1490","35277","35277","35277","844","844","844","35245","35245","35245","829","829","829","35136","35136","35136","733","733","733"
"1491","35279","35279","35279","773","773","773","35247","35247","35247","753","753","753","35138","35138","35138","754","754","754"
"1492","35281","35281","35281","857","857","857","35249","35249","35249","721","721","721","35140","35140","35140","779","779","779"
"1493","35283","35283","35283","707","707","707","35251","35251","35251","849","849","849","35142","35142","35142","760","760","760"
"1494","35444","35444","35444","1249","1249","1249","35408","35408","35408","932","932","932","35301","35301","35301","924","924","924"
"1495","35446","35446","35446","1002","1002","1002","35410","35410","35410","994","994","994","35303","35303","35303","957","957","957"
"1496","35448","35448","35448","1036","1036","1036","35412","35412","35412","1039","1039","1039","35305","35305","35305","927","927","927"
"1497","35450","35450","35450","999","999","999","35414","35414","35414","744","744","744","35307","35307","35307","747","747","747"
"1498","35452","35452","35452","749","749","749","35416","35416","35416","741","741","741","35309","35309","35309","759","759","759"
"1499","35454","35454","35454","819","819","819","35418","35418","35418","923","923","923","35311","35311","35311","734","734","734"
"1500","35456","35456","35456","737","737","737","35420","35420","35420","729","729","729","35313","35313","35313","752","752","752"
"1501","35458","35458","35458","851","851","851","35422","35422","35422","903","903","903","35315","35315","35315","696","696","696"
"1502","35460","35460","35460","879","879","879","35424","35424","35424","867","867","867","35317","35317","35317","677","677","677"
"1503","35620","35620","35620","1249","1249","1249","35589","35589","35589","1249","1249","1249","35476","35476","35476","986","986","986"
"1504","35622","35622","35622","995","995","995","35591","35591","35591","1249","1249","1249","35478","35478","35478","1052","1052","1052"
"1505","35624","35624","35624","1055","1055","1055","35593","35593","35593","971","971","971","35480","35480","35480","1249","1249","1249"
"1506","35626","35626","35626","831","831","831","35595","35595","35595","752","752","752","35482","35482","35482","763","763","763"
"1507","35628","35628","35628","748","748","748","35597","35597","35597","737","737","737","35484","35484","35484","744","744","744"
"1508","35630","35630","35630","832","832","832","35599","35599","35599","738","738","738","35486","35486","35486","735","735","735"
"1509","35632","35632","35632","745","745","745","35601","35601","35601","746","746","746","35488","35488","35488","749","749","749"
"1510","35634","35634","35634","836","836","836","35603","35603","35603","904","904","904","35490","35490","35490","678","678","678"
"1511","35636","35636","35636","882","882","882","35605","35605","35605","698","698","698","35492","35492","35492","678","678","678"
"1512","35794","35794","35794","1249","1249","1249","35770","35770","35770","1249","1249","1249","35649","35649","35649","940","940","940"
"1513","35796","35796","35796","1015","1015","1015","35772","35772","35772","1249","1249","1249","35651","35651","35651","941","941","941"
"1514","35798","35798","35798","1036","1036","1036","35774","35774","35774","1000","1000","1000","35653","35653","35653","909","909","909"
"1515","35800","35800","35800","840","840","840","35776","35776","35776","837","837","837","35655","35655","35655","756","756","756"
"1516","35802","35802","35802","763","763","763","35778","35778","35778","760","760","760","35657","35657","35657","717","717","717"
"1517","35804","35804","35804","825","825","825","35780","35780","35780","731","731","731","35659","35659","35659","999","999","999"
"1518","35806","35806","35806","735","735","735","35782","35782","35782","845","845","845","35661","35661","35661","754","754","754"
"1519","35808","35808","35808","832","832","832","35784","35784","35784","904","904","904","35663","35663","35663","699","699","699"
"1520","35810","35810","35810","883","883","883","35786","35786","35786","854","854","854","35665","35665","35665","699","699","699"
"1521","35973","35973","35973","1249","1249","1249","35946","35946","35946","1249","1249","1249","35825","35825","35825","922","922","922"
"1522","35975","35975","35975","1019","1019","1019","35948","35948","35948","984","984","984","35827","35827","35827","941","941","941"
"1523","35977","35977","35977","1014","1014","1014","35950","35950","35950","1034","1034","1034","35829","35829","35829","916","916","916"
"1524","35979","35979","35979","783","783","783","35952","35952","35952","760","760","760","35831","35831","35831","774","774","774"
"1525","35981","35981","35981","834","834","834","35954","35954","35954","839","839","839","35833","35833","35833","733","733","733"
"1526","35983","35983","35983","842","842","842","35956","35956","35956","802","802","802","35835","35835","35835","719","719","719"
"1527","35985","35985","35985","730","730","730","35958","35958","35958","731","731","731","35837","35837","35837","762","762","762"
"1528","35987","35987","35987","840","840","840","35960","35960","35960","901","901","901","35839","35839","35839","678","678","678"
"1529","35989","35989","35989","713","713","713","35962","35962","35962","878","878","878","35841","35841","35841","675","675","675"
"1530","36147","36147","36147","1249","1249","1249","36124","36124","36124","1249","1249","1249","36001","36001","36001","1006","1006","1006"
"1531","36149","36149","36149","1028","1028","1028","36126","36126","36126","956","956","956","36003","36003","36003","960","960","960"
"1532","36151","36151","36151","996","996","996","36128","36128","36128","971","971","971","36005","36005","36005","925","925","925"
"1533","36153","36153","36153","832","832","832","36130","36130","36130","830","830","830","36007","36007","36007","745","745","745"
"1534","36155","36155","36155","748","748","748","36132","36132","36132","816","816","816","36009","36009","36009","749","749","749"
"1535","36157","36157","36157","838","838","838","36134","36134","36134","722","722","722","36011","36011","36011","736","736","736"
"1536","36159","36159","36159","734","734","734","36136","36136","36136","743","743","743","36013","36013","36013","776","776","776"
"1537","36161","36161","36161","857","857","857","36138","36138","36138","882","882","882","36015","36015","36015","999","999","999"
"1538","36163","36163","36163","690","690","690","36140","36140","36140","760","760","760","36017","36017","36017","692","692","692"
"1539","36322","36322","36322","957","957","957","36299","36299","36299","1249","1249","1249","36175","36175","36175","1016","1016","1016"
"1540","36324","36324","36324","1060","1060","1060","36301","36301","36301","980","980","980","36177","36177","36177","1066","1066","1066"
"1541","36326","36326","36326","1075","1075","1075","36303","36303","36303","960","960","960","36179","36179","36179","927","927","927"
"1542","36328","36328","36328","835","835","835","36305","36305","36305","753","753","753","36181","36181","36181","766","766","766"
"1543","36330","36330","36330","849","849","849","36307","36307","36307","759","759","759","36183","36183","36183","717","717","717"
"1544","36332","36332","36332","845","845","845","36309","36309","36309","742","742","742","36185","36185","36185","735","735","735"
"1545","36334","36334","36334","760","760","760","36311","36311","36311","742","742","742","36187","36187","36187","751","751","751"
"1546","36336","36336","36336","853","853","853","36313","36313","36313","904","904","904","36189","36189","36189","699","699","699"
"1547","36338","36338","36338","704","704","704","36315","36315","36315","773","773","773","36191","36191","36191","696","696","696"
"1548","36501","36501","36501","975","975","975","36475","36475","36475","1249","1249","1249","36348","36348","36348","974","974","974"
"1549","36503","36503","36503","976","976","976","36477","36477","36477","1043","1043","1043","36350","36350","36350","1028","1028","1028"
"1550","36505","36505","36505","1024","1024","1024","36479","36479","36479","1249","1249","1249","36352","36352","36352","1249","1249","1249"
"1551","36507","36507","36507","835","835","835","36481","36481","36481","750","750","750","36354","36354","36354","766","766","766"
"1552","36509","36509","36509","745","745","745","36483","36483","36483","828","828","828","36356","36356","36356","825","825","825"
"1553","36511","36511","36511","809","809","809","36485","36485","36485","927","927","927","36358","36358","36358","999","999","999"
"1554","36513","36513","36513","768","768","768","36487","36487","36487","749","749","749","36360","36360","36360","751","751","751"
"1555","36515","36515","36515","832","832","832","36489","36489","36489","885","885","885","36362","36362","36362","753","753","753"
"1556","36517","36517","36517","708","708","708","36491","36491","36491","724","724","724","36364","36364","36364","774","774","774"
"1557","36683","36683","36683","1249","1249","1249","36654","36654","36654","1249","1249","1249","36525","36525","36525","935","935","935"
"1558","36685","36685","36685","1033","1033","1033","36656","36656","36656","1249","1249","1249","36527","36527","36527","954","954","954"
"1559","36687","36687","36687","1032","1032","1032","36658","36658","36658","1011","1011","1011","36529","36529","36529","923","923","923"
"1560","36689","36689","36689","835","835","835","36660","36660","36660","745","745","745","36531","36531","36531","785","785","785"
"1561","36691","36691","36691","755","755","755","36662","36662","36662","809","809","809","36533","36533","36533","999","999","999"
"1562","36693","36693","36693","835","835","835","36664","36664","36664","745","745","745","36535","36535","36535","733","733","733"
"1563","36695","36695","36695","772","772","772","36666","36666","36666","749","749","749","36537","36537","36537","760","760","760"
"1564","36697","36697","36697","840","840","840","36668","36668","36668","902","902","902","36539","36539","36539","694","694","694"
"1565","36699","36699","36699","883","883","883","36670","36670","36670","691","691","691","36541","36541","36541","694","694","694"
"1566","36861","36861","36861","1249","1249","1249","36830","36830","36830","1249","1249","1249","36699","36699","36699","931","931","931"
"1567","36863","36863","36863","990","990","990","36832","36832","36832","1019","1019","1019","36701","36701","36701","941","941","941"
"1568","36865","36865","36865","1002","1002","1002","36834","36834","36834","1020","1020","1020","36703","36703","36703","968","968","968"
"1569","36867","36867","36867","842","842","842","36836","36836","36836","759","759","759","36705","36705","36705","747","747","747"
"1570","36869","36869","36869","838","838","838","36838","36838","36838","823","823","823","36707","36707","36707","758","758","758"
"1571","36871","36871","36871","833","833","833","36840","36840","36840","902","902","902","36709","36709","36709","769","769","769"
"1572","36873","36873","36873","753","753","753","36842","36842","36842","758","758","758","36711","36711","36711","751","751","751"
"1573","36875","36875","36875","849","849","849","36844","36844","36844","907","907","907","36713","36713","36713","680","680","680"
"1574","36877","36877","36877","882","882","882","36846","36846","36846","779","779","779","36715","36715","36715","692","692","692"
"1575","37041","37041","37041","964","964","964","37007","37007","37007","1249","1249","1249","36875","36875","36875","1249","1249","1249"
"1576","37043","37043","37043","1035","1035","1035","37009","37009","37009","955","955","955","36877","36877","36877","940","940","940"
"1577","37045","37045","37045","1016","1016","1016","37011","37011","37011","965","965","965","36879","36879","36879","928","928","928"
"1578","37047","37047","37047","841","841","841","37013","37013","37013","747","747","747","36881","36881","36881","761","761","761"
"1579","37049","37049","37049","843","843","843","37015","37015","37015","901","901","901","36883","36883","36883","732","732","732"
"1580","37051","37051","37051","841","841","841","37017","37017","37017","893","893","893","36885","36885","36885","999","999","999"
"1581","37053","37053","37053","751","751","751","37019","37019","37019","758","758","758","36887","36887","36887","769","769","769"
"1582","37055","37055","37055","853","853","853","37021","37021","37021","905","905","905","36889","36889","36889","680","680","680"
"1583","37057","37057","37057","724","724","724","37023","37023","37023","867","867","867","36891","36891","36891","678","678","678"
"1584","37217","37217","37217","969","969","969","37185","37185","37185","1249","1249","1249","37051","37051","37051","993","993","993"
"1585","37219","37219","37219","1024","1024","1024","37187","37187","37187","993","993","993","37053","37053","37053","1015","1015","1015"
"1586","37221","37221","37221","1041","1041","1041","37189","37189","37189","1029","1029","1029","37055","37055","37055","911","911","911"
"1587","37223","37223","37223","787","787","787","37191","37191","37191","746","746","746","37057","37057","37057","779","779","779"
"1588","37225","37225","37225","837","837","837","37193","37193","37193","746","746","746","37059","37059","37059","733","733","733"
"1589","37227","37227","37227","838","838","838","37195","37195","37195","814","814","814","37061","37061","37061","718","718","718"
"1590","37229","37229","37229","752","752","752","37197","37197","37197","748","748","748","37063","37063","37063","749","749","749"
"1591","37231","37231","37231","836","836","836","37199","37199","37199","886","886","886","37065","37065","37065","678","678","678"
"1592","37233","37233","37233","708","708","708","37201","37201","37201","836","836","836","37067","37067","37067","697","697","697"
"1593","37396","37396","37396","1249","1249","1249","37362","37362","37362","1249","1249","1249","37229","37229","37229","993","993","993"
"1594","37398","37398","37398","1026","1026","1026","37364","37364","37364","989","989","989","37231","37231","37231","976","976","976"
"1595","37400","37400","37400","1024","1024","1024","37366","37366","37366","938","938","938","37233","37233","37233","922","922","922"
"1596","37402","37402","37402","830","830","830","37368","37368","37368","830","830","830","37235","37235","37235","748","748","748"
"1597","37404","37404","37404","838","838","838","37370","37370","37370","753","753","753","37237","37237","37237","811","811","811"
"1598","37406","37406","37406","836","836","836","37372","37372","37372","915","915","915","37239","37239","37239","718","718","718"
"1599","37408","37408","37408","743","743","743","37374","37374","37374","773","773","773","37241","37241","37241","760","760","760"
"1600","37410","37410","37410","833","833","833","37376","37376","37376","918","918","918","37243","37243","37243","675","675","675"
"1601","37412","37412","37412","999","999","999","37378","37378","37378","765","765","765","37245","37245","37245","697","697","697"
"1602","37577","37577","37577","1249","1249","1249","37544","37544","37544","1249","1249","1249","37406","37406","37406","970","970","970"
"1603","37579","37579","37579","975","975","975","37546","37546","37546","1249","1249","1249","37408","37408","37408","998","998","998"
"1604","37581","37581","37581","1028","1028","1028","37548","37548","37548","963","963","963","37410","37410","37410","948","948","948"
"1605","37583","37583","37583","825","825","825","37550","37550","37550","760","760","760","37412","37412","37412","747","747","747"
"1606","37585","37585","37585","743","743","743","37552","37552","37552","758","758","758","37414","37414","37414","713","713","713"
"1607","37587","37587","37587","841","841","841","37554","37554","37554","968","968","968","37416","37416","37416","764","764","764"
"1608","37589","37589","37589","774","774","774","37556","37556","37556","745","745","745","37418","37418","37418","750","750","750"
"1609","37591","37591","37591","850","850","850","37558","37558","37558","893","893","893","37420","37420","37420","947","947","947"
"1610","37593","37593","37593","999","999","999","37560","37560","37560","763","763","763","37422","37422","37422","774","774","774"
"1611","37757","37757","37757","1249","1249","1249","37721","37721","37721","923","923","923","37581","37581","37581","930","930","930"
"1612","37759","37759","37759","1057","1057","1057","37723","37723","37723","1027","1027","1027","37583","37583","37583","959","959","959"
"1613","37761","37761","37761","1029","1029","1029","37725","37725","37725","982","982","982","37585","37585","37585","949","949","949"
"1614","37763","37763","37763","837","837","837","37727","37727","37727","818","818","818","37587","37587","37587","759","759","759"
"1615","37765","37765","37765","740","740","740","37729","37729","37729","932","932","932","37589","37589","37589","734","734","734"
"1616","37767","37767","37767","838","838","838","37731","37731","37731","830","830","830","37591","37591","37591","755","755","755"
"1617","37769","37769","37769","767","767","767","37733","37733","37733","905","905","905","37593","37593","37593","762","762","762"
"1618","37771","37771","37771","835","835","835","37735","37735","37735","733","733","733","37595","37595","37595","694","694","694"
"1619","37773","37773","37773","999","999","999","37737","37737","37737","708","708","708","37597","37597","37597","761","761","761"
"1620","37933","37933","37933","1249","1249","1249","37900","37900","37900","948","948","948","37757","37757","37757","930","930","930"
"1621","37935","37935","37935","986","986","986","37902","37902","37902","997","997","997","37759","37759","37759","1028","1028","1028"
"1622","37937","37937","37937","1009","1009","1009","37904","37904","37904","973","973","973","37761","37761","37761","1249","1249","1249"
"1623","37939","37939","37939","753","753","753","37906","37906","37906","741","741","741","37763","37763","37763","778","778","778"
"1624","37941","37941","37941","839","839","839","37908","37908","37908","809","809","809","37765","37765","37765","772","772","772"
"1625","37943","37943","37943","827","827","827","37910","37910","37910","817","817","817","37767","37767","37767","765","765","765"
"1626","37945","37945","37945","748","748","748","37912","37912","37912","746","746","746","37769","37769","37769","744","744","744"
"1627","37947","37947","37947","857","857","857","37914","37914","37914","738","738","738","37771","37771","37771","695","695","695"
"1628","37949","37949","37949","999","999","999","37916","37916","37916","791","791","791","37773","37773","37773","680","680","680"
"1629","38112","38112","38112","977","977","977","38079","38079","38079","933","933","933","37929","37929","37929","931","931","931"
"1630","38114","38114","38114","976","976","976","38081","38081","38081","964","964","964","37931","37931","37931","956","956","956"
"1631","38116","38116","38116","1101","1101","1101","38083","38083","38083","980","980","980","37933","37933","37933","922","922","922"
"1632","38118","38118","38118","841","841","841","38085","38085","38085","753","753","753","37935","37935","37935","787","787","787"
"1633","38120","38120","38120","760","760","760","38087","38087","38087","761","761","761","37937","37937","37937","817","817","817"
"1634","38122","38122","38122","826","826","826","38089","38089","38089","906","906","906","37939","37939","37939","719","719","719"
"1635","38124","38124","38124","753","753","753","38091","38091","38091","731","731","731","37941","37941","37941","747","747","747"
"1636","38126","38126","38126","857","857","857","38093","38093","38093","930","930","930","37943","37943","37943","678","678","678"
"1637","38128","38128","38128","679","679","679","38095","38095","38095","775","775","775","37945","37945","37945","677","677","677"
"1638","38297","38297","38297","1249","1249","1249","38261","38261","38261","970","970","970","38111","38111","38111","914","914","914"
"1639","38299","38299","38299","985","985","985","38263","38263","38263","1012","1012","1012","38113","38113","38113","1011","1011","1011"
"1640","38301","38301","38301","1024","1024","1024","38265","38265","38265","983","983","983","38115","38115","38115","928","928","928"
"1641","38303","38303","38303","758","758","758","38267","38267","38267","823","823","823","38117","38117","38117","761","761","761"
"1642","38305","38305","38305","819","819","819","38269","38269","38269","821","821","821","38119","38119","38119","749","749","749"
"1643","38307","38307","38307","833","833","833","38271","38271","38271","720","720","720","38121","38121","38121","719","719","719"
"1644","38309","38309","38309","753","753","753","38273","38273","38273","761","761","761","38123","38123","38123","751","751","751"
"1645","38311","38311","38311","844","844","844","38275","38275","38275","813","813","813","38125","38125","38125","696","696","696"
"1646","38313","38313","38313","879","879","879","38277","38277","38277","710","710","710","38127","38127","38127","695","695","695"
"1647","38472","38472","38472","969","969","969","38436","38436","38436","944","944","944","38288","38288","38288","977","977","977"
"1648","38474","38474","38474","1018","1018","1018","38438","38438","38438","1042","1042","1042","38290","38290","38290","955","955","955"
"1649","38476","38476","38476","1045","1045","1045","38440","38440","38440","1006","1006","1006","38292","38292","38292","922","922","922"
"1650","38478","38478","38478","830","830","830","38442","38442","38442","830","830","830","38294","38294","38294","778","778","778"
"1651","38480","38480","38480","842","842","842","38444","38444","38444","840","840","840","38296","38296","38296","721","721","721"
"1652","38482","38482","38482","836","836","836","38446","38446","38446","894","894","894","38298","38298","38298","733","733","733"
"1653","38484","38484","38484","749","749","749","38448","38448","38448","912","912","912","38300","38300","38300","733","733","733"
"1654","38486","38486","38486","827","827","827","38450","38450","38450","908","908","908","38302","38302","38302","696","696","696"
"1655","38488","38488","38488","690","690","690","38452","38452","38452","854","854","854","38304","38304","38304","696","696","696"
"1656","38653","38653","38653","976","976","976","38609","38609","38609","935","935","935","38463","38463","38463","998","998","998"
"1657","38655","38655","38655","1019","1019","1019","38611","38611","38611","967","967","967","38465","38465","38465","1066","1066","1066"
"1658","38657","38657","38657","1044","1044","1044","38613","38613","38613","1032","1032","1032","38467","38467","38467","926","926","926"
"1659","38659","38659","38659","842","842","842","38615","38615","38615","756","756","756","38469","38469","38469","746","746","746"
"1660","38661","38661","38661","836","836","836","38617","38617","38617","760","760","760","38471","38471","38471","736","736","736"
"1661","38663","38663","38663","840","840","840","38619","38619","38619","792","792","792","38473","38473","38473","716","716","716"
"1662","38665","38665","38665","753","753","753","38621","38621","38621","740","740","740","38475","38475","38475","772","772","772"
"1663","38667","38667","38667","819","819","819","38623","38623","38623","809","809","809","38477","38477","38477","691","691","691"
"1664","38669","38669","38669","721","721","721","38625","38625","38625","690","690","690","38479","38479","38479","691","691","691"
"1665","38828","38828","38828","1249","1249","1249","38787","38787","38787","944","944","944","38639","38639","38639","998","998","998"
"1666","38830","38830","38830","1024","1024","1024","38789","38789","38789","994","994","994","38641","38641","38641","1088","1088","1088"
"1667","38832","38832","38832","1037","1037","1037","38791","38791","38791","998","998","998","38643","38643","38643","913","913","913"
"1668","38834","38834","38834","801","801","801","38793","38793","38793","762","762","762","38645","38645","38645","777","777","777"
"1669","38836","38836","38836","840","840","840","38795","38795","38795","823","823","823","38647","38647","38647","713","713","713"
"1670","38838","38838","38838","811","811","811","38797","38797","38797","810","810","810","38649","38649","38649","734","734","734"
"1671","38840","38840","38840","768","768","768","38799","38799","38799","744","744","744","38651","38651","38651","742","742","742"
"1672","38842","38842","38842","856","856","856","38801","38801","38801","891","891","891","38653","38653","38653","696","696","696"
"1673","38844","38844","38844","869","869","869","38803","38803","38803","853","853","853","38655","38655","38655","697","697","697"
"1674","39011","39011","39011","1249","1249","1249","38966","38966","38966","944","944","944","38812","38812","38812","970","970","970"
"1675","39013","39013","39013","1045","1045","1045","38968","38968","38968","1011","1011","1011","38814","38814","38814","954","954","954"
"1676","39015","39015","39015","1047","1047","1047","38970","38970","38970","1249","1249","1249","38816","38816","38816","925","925","925"
"1677","39017","39017","39017","789","789","789","38972","38972","38972","740","740","740","38818","38818","38818","759","759","759"
"1678","39019","39019","39019","839","839","839","38974","38974","38974","829","829","829","38820","38820","38820","735","735","735"
"1679","39021","39021","39021","861","861","861","38976","38976","38976","914","914","914","38822","38822","38822","716","716","716"
"1680","39023","39023","39023","753","753","753","38978","38978","38978","754","754","754","38824","38824","38824","775","775","775"
"1681","39025","39025","39025","854","854","854","38980","38980","38980","722","722","722","38826","38826","38826","680","680","680"
"1682","39027","39027","39027","883","883","883","38982","38982","38982","668","668","668","38828","38828","38828","676","676","676"
"1683","39187","39187","39187","1249","1249","1249","39141","39141","39141","939","939","939","38986","38986","38986","1013","1013","1013"
"1684","39189","39189","39189","1027","1027","1027","39143","39143","39143","961","961","961","38988","38988","38988","954","954","954"
"1685","39191","39191","39191","1032","1032","1032","39145","39145","39145","1249","1249","1249","38990","38990","38990","925","925","925"
"1686","39193","39193","39193","851","851","851","39147","39147","39147","816","816","816","38992","38992","38992","761","761","761"
"1687","39195","39195","39195","739","739","739","39149","39149","39149","746","746","746","38994","38994","38994","724","724","724"
"1688","39197","39197","39197","844","844","844","39151","39151","39151","911","911","911","38996","38996","38996","722","722","722"
"1689","39199","39199","39199","770","770","770","39153","39153","39153","753","753","753","38998","38998","38998","779","779","779"
"1690","39201","39201","39201","836","836","836","39155","39155","39155","887","887","887","39000","39000","39000","694","694","694"
"1691","39203","39203","39203","882","882","882","39157","39157","39157","707","707","707","39002","39002","39002","696","696","696"
"1692","39365","39365","39365","964","964","964","39315","39315","39315","965","965","965","39167","39167","39167","997","997","997"
"1693","39367","39367","39367","976","976","976","39317","39317","39317","1014","1014","1014","39169","39169","39169","991","991","991"
"1694","39369","39369","39369","1029","1029","1029","39319","39319","39319","1249","1249","1249","39171","39171","39171","948","948","948"
"1695","39371","39371","39371","837","837","837","39321","39321","39321","748","748","748","39173","39173","39173","746","746","746"
"1696","39373","39373","39373","760","760","760","39323","39323","39323","741","741","741","39175","39175","39175","767","767","767"
"1697","39375","39375","39375","827","827","827","39325","39325","39325","832","832","832","39177","39177","39177","735","735","735"
"1698","39377","39377","39377","769","769","769","39327","39327","39327","756","756","756","39179","39179","39179","749","749","749"
"1699","39379","39379","39379","854","854","854","39329","39329","39329","785","785","785","39181","39181","39181","696","696","696"
"1700","39381","39381","39381","879","879","879","39331","39331","39331","766","766","766","39183","39183","39183","692","692","692"
"1701","39545","39545","39545","959","959","959","39493","39493","39493","949","949","949","39342","39342","39342","989","989","989"
"1702","39547","39547","39547","995","995","995","39495","39495","39495","978","978","978","39344","39344","39344","960","960","960"
"1703","39549","39549","39549","1032","1032","1032","39497","39497","39497","1249","1249","1249","39346","39346","39346","963","963","963"
"1704","39551","39551","39551","837","837","837","39499","39499","39499","765","765","765","39348","39348","39348","762","762","762"
"1705","39553","39553","39553","746","746","746","39501","39501","39501","754","754","754","39350","39350","39350","720","720","720"
"1706","39555","39555","39555","830","830","830","39503","39503","39503","713","713","713","39352","39352","39352","735","735","735"
"1707","39557","39557","39557","769","769","769","39505","39505","39505","770","770","770","39354","39354","39354","776","776","776"
"1708","39559","39559","39559","824","824","824","39507","39507","39507","913","913","913","39356","39356","39356","697","697","697"
"1709","39561","39561","39561","721","721","721","39509","39509","39509","689","689","689","39358","39358","39358","693","693","693"
"1710","39724","39724","39724","964","964","964","39672","39672","39672","948","948","948","39516","39516","39516","940","940","940"
"1711","39726","39726","39726","1009","1009","1009","39674","39674","39674","969","969","969","39518","39518","39518","955","955","955"
"1712","39728","39728","39728","987","987","987","39676","39676","39676","968","968","968","39520","39520","39520","934","934","934"
"1713","39730","39730","39730","840","840","840","39678","39678","39678","741","741","741","39522","39522","39522","761","761","761"
"1714","39732","39732","39732","827","827","827","39680","39680","39680","888","888","888","39524","39524","39524","749","749","749"
"1715","39734","39734","39734","827","827","827","39682","39682","39682","738","738","738","39526","39526","39526","748","748","748"
"1716","39736","39736","39736","748","748","748","39684","39684","39684","752","752","752","39528","39528","39528","749","749","749"
"1717","39738","39738","39738","832","832","832","39686","39686","39686","883","883","883","39530","39530","39530","699","699","699"
"1718","39740","39740","39740","724","724","724","39688","39688","39688","722","722","722","39532","39532","39532","707","707","707"
"1719","39902","39902","39902","964","964","964","39847","39847","39847","933","933","933","39689","39689","39689","985","985","985"
"1720","39904","39904","39904","1049","1049","1049","39849","39849","39849","1037","1037","1037","39691","39691","39691","979","979","979"
"1721","39906","39906","39906","1049","1049","1049","39851","39851","39851","995","995","995","39693","39693","39693","1029","1029","1029"
"1722","39908","39908","39908","837","837","837","39853","39853","39853","745","745","745","39695","39695","39695","759","759","759"
"1723","39910","39910","39910","837","837","837","39855","39855","39855","727","727","727","39697","39697","39697","722","722","722"
"1724","39912","39912","39912","837","837","837","39857","39857","39857","732","732","732","39699","39699","39699","999","999","999"
"1725","39914","39914","39914","754","754","754","39859","39859","39859","763","763","763","39701","39701","39701","743","743","743"
"1726","39916","39916","39916","844","844","844","39861","39861","39861","839","839","839","39703","39703","39703","696","696","696"
"1727","39918","39918","39918","877","877","877","39863","39863","39863","775","775","775","39705","39705","39705","676","676","676"
"1728","40079","40079","40079","970","970","970","40023","40023","40023","950","950","950","39864","39864","39864","931","931","931"
"1729","40081","40081","40081","1004","1004","1004","40025","40025","40025","1008","1008","1008","39866","39866","39866","929","929","929"
"1730","40083","40083","40083","1034","1034","1034","40027","40027","40027","998","998","998","39868","39868","39868","950","950","950"
"1731","40085","40085","40085","835","835","835","40029","40029","40029","825","825","825","39870","39870","39870","758","758","758"
"1732","40087","40087","40087","755","755","755","40031","40031","40031","741","741","741","39872","39872","39872","799","799","799"
"1733","40089","40089","40089","827","827","827","40033","40033","40033","826","826","826","39874","39874","39874","739","739","739"
"1734","40091","40091","40091","770","770","770","40035","40035","40035","789","789","789","39876","39876","39876","724","724","724"
"1735","40093","40093","40093","832","832","832","40037","40037","40037","737","737","737","39878","39878","39878","699","699","699"
"1736","40095","40095","40095","999","999","999","40039","40039","40039","844","844","844","39880","39880","39880","696","696","696"
"1737","40256","40256","40256","1249","1249","1249","40202","40202","40202","949","949","949","40039","40039","40039","935","935","935"
"1738","40258","40258","40258","1007","1007","1007","40204","40204","40204","1001","1001","1001","40041","40041","40041","950","950","950"
"1739","40260","40260","40260","1016","1016","1016","40206","40206","40206","1014","1014","1014","40043","40043","40043","926","926","926"
"1740","40262","40262","40262","793","793","793","40208","40208","40208","757","757","757","40045","40045","40045","750","750","750"
"1741","40264","40264","40264","837","837","837","40210","40210","40210","802","802","802","40047","40047","40047","737","737","737"
"1742","40266","40266","40266","826","826","826","40212","40212","40212","747","747","747","40049","40049","40049","738","738","738"
"1743","40268","40268","40268","754","754","754","40214","40214","40214","756","756","756","40051","40051","40051","747","747","747"
"1744","40270","40270","40270","837","837","837","40216","40216","40216","731","731","731","40053","40053","40053","694","694","694"
"1745","40272","40272","40272","999","999","999","40218","40218","40218","861","861","861","40055","40055","40055","678","678","678"
"1746","40432","40432","40432","1249","1249","1249","40376","40376","40376","939","939","939","40214","40214","40214","985","985","985"
"1747","40434","40434","40434","990","990","990","40378","40378","40378","990","990","990","40216","40216","40216","924","924","924"
"1748","40436","40436","40436","1022","1022","1022","40380","40380","40380","1043","1043","1043","40218","40218","40218","950","950","950"
"1749","40438","40438","40438","835","835","835","40382","40382","40382","751","751","751","40220","40220","40220","759","759","759"
"1750","40440","40440","40440","762","762","762","40384","40384","40384","821","821","821","40222","40222","40222","719","719","719"
"1751","40442","40442","40442","848","848","848","40386","40386","40386","896","896","896","40224","40224","40224","716","716","716"
"1752","40444","40444","40444","765","765","765","40388","40388","40388","753","753","753","40226","40226","40226","744","744","744"
"1753","40446","40446","40446","854","854","854","40390","40390","40390","935","935","935","40228","40228","40228","678","678","678"
"1754","40448","40448","40448","883","883","883","40392","40392","40392","771","771","771","40230","40230","40230","696","696","696"
"1755","40613","40613","40613","1249","1249","1249","40549","40549","40549","933","933","933","40390","40390","40390","959","959","959"
"1756","40615","40615","40615","990","990","990","40551","40551","40551","978","978","978","40392","40392","40392","950","950","950"
"1757","40617","40617","40617","1047","1047","1047","40553","40553","40553","1249","1249","1249","40394","40394","40394","930","930","930"
"1758","40619","40619","40619","823","823","823","40555","40555","40555","748","748","748","40396","40396","40396","770","770","770"
"1759","40621","40621","40621","839","839","839","40557","40557","40557","722","722","722","40398","40398","40398","731","731","731"
"1760","40623","40623","40623","854","854","854","40559","40559","40559","789","789","789","40400","40400","40400","753","753","753"
"1761","40625","40625","40625","756","756","756","40561","40561","40561","762","762","762","40402","40402","40402","745","745","745"
"1762","40627","40627","40627","831","831","831","40563","40563","40563","729","729","729","40404","40404","40404","691","691","691"
"1763","40629","40629","40629","958","958","958","40565","40565","40565","868","868","868","40406","40406","40406","695","695","695"
"1764","40795","40795","40795","1249","1249","1249","40730","40730","40730","949","949","949","40563","40563","40563","938","938","938"
"1765","40797","40797","40797","973","973","973","40732","40732","40732","1249","1249","1249","40565","40565","40565","979","979","979"
"1766","40799","40799","40799","1016","1016","1016","40734","40734","40734","977","977","977","40567","40567","40567","935","935","935"
"1767","40801","40801","40801","787","787","787","40736","40736","40736","830","830","830","40569","40569","40569","765","765","765"
"1768","40803","40803","40803","755","755","755","40738","40738","40738","843","843","843","40571","40571","40571","717","717","717"
"1769","40805","40805","40805","809","809","809","40740","40740","40740","891","891","891","40573","40573","40573","738","738","738"
"1770","40807","40807","40807","740","740","740","40742","40742","40742","908","908","908","40575","40575","40575","765","765","765"
"1771","40809","40809","40809","858","858","858","40744","40744","40744","933","933","933","40577","40577","40577","837","837","837"
"1772","40811","40811","40811","690","690","690","40746","40746","40746","712","712","712","40579","40579","40579","698","698","698"
"1773","40973","40973","40973","1249","1249","1249","40910","40910","40910","970","970","970","40739","40739","40739","992","992","992"
"1774","40975","40975","40975","980","980","980","40912","40912","40912","992","992","992","40741","40741","40741","960","960","960"
"1775","40977","40977","40977","1004","1004","1004","40914","40914","40914","1002","1002","1002","40743","40743","40743","958","958","958"
"1776","40979","40979","40979","835","835","835","40916","40916","40916","836","836","836","40745","40745","40745","766","766","766"
"1777","40981","40981","40981","748","748","748","40918","40918","40918","741","741","741","40747","40747","40747","741","741","741"
"1778","40983","40983","40983","837","837","837","40920","40920","40920","736","736","736","40749","40749","40749","722","722","722"
"1779","40985","40985","40985","751","751","751","40922","40922","40922","769","769","769","40751","40751","40751","760","760","760"
"1780","40987","40987","40987","836","836","836","40924","40924","40924","888","888","888","40753","40753","40753","696","696","696"
"1781","40989","40989","40989","863","863","863","40926","40926","40926","679","679","679","40755","40755","40755","691","691","691"
"1782","41148","41148","41148","936","936","936","41089","41089","41089","946","946","946","40912","40912","40912","930","930","930"
"1783","41150","41150","41150","992","992","992","41091","41091","41091","1249","1249","1249","40914","40914","40914","960","960","960"
"1784","41152","41152","41152","1031","1031","1031","41093","41093","41093","996","996","996","40916","40916","40916","955","955","955"
"1785","41154","41154","41154","821","821","821","41095","41095","41095","773","773","773","40918","40918","40918","756","756","756"
"1786","41156","41156","41156","837","837","837","41097","41097","41097","744","744","744","40920","40920","40920","749","749","749"
"1787","41158","41158","41158","854","854","854","41099","41099","41099","805","805","805","40922","40922","40922","723","723","723"
"1788","41160","41160","41160","753","753","753","41101","41101","41101","757","757","757","40924","40924","40924","751","751","751"
"1789","41162","41162","41162","857","857","857","41103","41103","41103","786","786","786","40926","40926","40926","678","678","678"
"1790","41164","41164","41164","688","688","688","41105","41105","41105","858","858","858","40928","40928","40928","697","697","697"
"1791","41325","41325","41325","935","935","935","41266","41266","41266","937","937","937","41085","41085","41085","984","984","984"
"1792","41327","41327","41327","971","971","971","41268","41268","41268","1000","1000","1000","41087","41087","41087","959","959","959"
"1793","41329","41329","41329","1027","1027","1027","41270","41270","41270","994","994","994","41089","41089","41089","915","915","915"
"1794","41331","41331","41331","787","787","787","41272","41272","41272","841","841","841","41091","41091","41091","766","766","766"
"1795","41333","41333","41333","734","734","734","41274","41274","41274","826","826","826","41093","41093","41093","715","715","715"
"1796","41335","41335","41335","823","823","823","41276","41276","41276","895","895","895","41095","41095","41095","723","723","723"
"1797","41337","41337","41337","766","766","766","41278","41278","41278","748","748","748","41097","41097","41097","740","740","740"
"1798","41339","41339","41339","845","845","845","41280","41280","41280","884","884","884","41099","41099","41099","680","680","680"
"1799","41341","41341","41341","883","883","883","41282","41282","41282","790","790","790","41101","41101","41101","671","671","671"
"1800","41505","41505","41505","981","981","981","41443","41443","41443","968","968","968","41267","41267","41267","925","925","925"
"1801","41507","41507","41507","976","976","976","41445","41445","41445","970","970","970","41269","41269","41269","1027","1027","1027"
"1802","41509","41509","41509","1035","1035","1035","41447","41447","41447","955","955","955","41271","41271","41271","935","935","935"
"1803","41511","41511","41511","751","751","751","41449","41449","41449","835","835","835","41273","41273","41273","744","744","744"
"1804","41513","41513","41513","740","740","740","41451","41451","41451","760","760","760","41275","41275","41275","758","758","758"
"1805","41515","41515","41515","819","819","819","41453","41453","41453","801","801","801","41277","41277","41277","725","725","725"
"1806","41517","41517","41517","754","754","754","41455","41455","41455","738","738","738","41279","41279","41279","749","749","749"
"1807","41519","41519","41519","838","838","838","41457","41457","41457","910","910","910","41281","41281","41281","693","693","693"
"1808","41521","41521","41521","688","688","688","41459","41459","41459","851","851","851","41283","41283","41283","678","678","678"
"1809","41684","41684","41684","1249","1249","1249","41621","41621","41621","981","981","981","41442","41442","41442","943","943","943"
"1810","41686","41686","41686","990","990","990","41623","41623","41623","1009","1009","1009","41444","41444","41444","957","957","957"
"1811","41688","41688","41688","1017","1017","1017","41625","41625","41625","981","981","981","41446","41446","41446","933","933","933"
"1812","41690","41690","41690","791","791","791","41627","41627","41627","834","834","834","41448","41448","41448","759","759","759"
"1813","41692","41692","41692","757","757","757","41629","41629","41629","825","825","825","41450","41450","41450","732","732","732"
"1814","41694","41694","41694","854","854","854","41631","41631","41631","909","909","909","41452","41452","41452","722","722","722"
"1815","41696","41696","41696","739","739","739","41633","41633","41633","744","744","744","41454","41454","41454","750","750","750"
"1816","41698","41698","41698","855","855","855","41635","41635","41635","893","893","893","41456","41456","41456","678","678","678"
"1817","41700","41700","41700","879","879","879","41637","41637","41637","853","853","853","41458","41458","41458","698","698","698"
"1818","41861","41861","41861","1249","1249","1249","41800","41800","41800","933","933","933","41616","41616","41616","989","989","989"
"1819","41863","41863","41863","972","972","972","41802","41802","41802","950","950","950","41618","41618","41618","954","954","954"
"1820","41865","41865","41865","1022","1022","1022","41804","41804","41804","996","996","996","41620","41620","41620","922","922","922"
"1821","41867","41867","41867","838","838","838","41806","41806","41806","831","831","831","41622","41622","41622","745","745","745"
"1822","41869","41869","41869","839","839","839","41808","41808","41808","826","826","826","41624","41624","41624","741","741","741"
"1823","41871","41871","41871","826","826","826","41810","41810","41810","899","899","899","41626","41626","41626","802","802","802"
"1824","41873","41873","41873","767","767","767","41812","41812","41812","731","731","731","41628","41628","41628","730","730","730"
"1825","41875","41875","41875","844","844","844","41814","41814","41814","900","900","900","41630","41630","41630","680","680","680"
"1826","41877","41877","41877","999","999","999","41816","41816","41816","856","856","856","41632","41632","41632","692","692","692"
"1827","42041","42041","42041","939","939","939","41977","41977","41977","1006","1006","1006","41793","41793","41793","960","960","960"
"1828","42043","42043","42043","973","973","973","41979","41979","41979","985","985","985","41795","41795","41795","960","960","960"
"1829","42045","42045","42045","1037","1037","1037","41981","41981","41981","977","977","977","41797","41797","41797","941","941","941"
"1830","42047","42047","42047","842","842","842","41983","41983","41983","837","837","837","41799","41799","41799","765","765","765"
"1831","42049","42049","42049","741","741","741","41985","41985","41985","743","743","743","41801","41801","41801","735","735","735"
"1832","42051","42051","42051","809","809","809","41987","41987","41987","890","890","890","41803","41803","41803","748","748","748"
"1833","42053","42053","42053","748","748","748","41989","41989","41989","751","751","751","41805","41805","41805","752","752","752"
"1834","42055","42055","42055","844","844","844","41991","41991","41991","740","740","740","41807","41807","41807","697","697","697"
"1835","42057","42057","42057","719","719","719","41993","41993","41993","695","695","695","41809","41809","41809","694","694","694"
"1836","42218","42218","42218","1249","1249","1249","42155","42155","42155","1249","1249","1249","41968","41968","41968","941","941","941"
"1837","42220","42220","42220","986","986","986","42157","42157","42157","986","986","986","41970","41970","41970","954","954","954"
"1838","42222","42222","42222","1011","1011","1011","42159","42159","42159","991","991","991","41972","41972","41972","919","919","919"
"1839","42224","42224","42224","788","788","788","42161","42161","42161","751","751","751","41974","41974","41974","750","750","750"
"1840","42226","42226","42226","829","829","829","42163","42163","42163","748","748","748","41976","41976","41976","736","736","736"
"1841","42228","42228","42228","825","825","825","42165","42165","42165","813","813","813","41978","41978","41978","759","759","759"
"1842","42230","42230","42230","754","754","754","42167","42167","42167","731","731","731","41980","41980","41980","774","774","774"
"1843","42232","42232","42232","845","845","845","42169","42169","42169","923","923","923","41982","41982","41982","678","678","678"
"1844","42234","42234","42234","958","958","958","42171","42171","42171","675","675","675","41984","41984","41984","693","693","693"
"1845","42403","42403","42403","1249","1249","1249","42335","42335","42335","1249","1249","1249","42146","42146","42146","998","998","998"
"1846","42405","42405","42405","990","990","990","42337","42337","42337","983","983","983","42148","42148","42148","954","954","954"
"1847","42407","42407","42407","1019","1019","1019","42339","42339","42339","1249","1249","1249","42150","42150","42150","949","949","949"
"1848","42409","42409","42409","791","791","791","42341","42341","42341","756","756","756","42152","42152","42152","745","745","745"
"1849","42411","42411","42411","758","758","758","42343","42343","42343","759","759","759","42154","42154","42154","714","714","714"
"1850","42413","42413","42413","841","841","841","42345","42345","42345","791","791","791","42156","42156","42156","723","723","723"
"1851","42415","42415","42415","748","748","748","42347","42347","42347","750","750","750","42158","42158","42158","752","752","752"
"1852","42417","42417","42417","839","839","839","42349","42349","42349","820","820","820","42160","42160","42160","683","683","683"
"1853","42419","42419","42419","999","999","999","42351","42351","42351","771","771","771","42162","42162","42162","691","691","691"
"1854","42585","42585","42585","992","992","992","42512","42512","42512","946","946","946","42319","42319","42319","943","943","943"
"1855","42587","42587","42587","974","974","974","42514","42514","42514","942","942","942","42321","42321","42321","958","958","958"
"1856","42589","42589","42589","1009","1009","1009","42516","42516","42516","1058","1058","1058","42323","42323","42323","917","917","917"
"1857","42591","42591","42591","783","783","783","42518","42518","42518","831","831","831","42325","42325","42325","760","760","760"
"1858","42593","42593","42593","744","744","744","42520","42520","42520","804","804","804","42327","42327","42327","730","730","730"
"1859","42595","42595","42595","826","826","826","42522","42522","42522","730","730","730","42329","42329","42329","735","735","735"
"1860","42597","42597","42597","774","774","774","42524","42524","42524","736","736","736","42331","42331","42331","747","747","747"
"1861","42599","42599","42599","831","831","831","42526","42526","42526","898","898","898","42333","42333","42333","699","699","699"
"1862","42601","42601","42601","711","711","711","42528","42528","42528","770","770","770","42335","42335","42335","676","676","676"
"1863","42765","42765","42765","963","963","963","42691","42691","42691","1249","1249","1249","42495","42495","42495","939","939","939"
"1864","42767","42767","42767","990","990","990","42693","42693","42693","993","993","993","42497","42497","42497","981","981","981"
"1865","42769","42769","42769","1010","1010","1010","42695","42695","42695","1249","1249","1249","42499","42499","42499","982","982","982"
"1866","42771","42771","42771","775","775","775","42697","42697","42697","746","746","746","42501","42501","42501","754","754","754"
"1867","42773","42773","42773","839","839","839","42699","42699","42699","827","827","827","42503","42503","42503","729","729","729"
"1868","42775","42775","42775","837","837","837","42701","42701","42701","750","750","750","42505","42505","42505","760","760","760"
"1869","42777","42777","42777","749","749","749","42703","42703","42703","748","748","748","42507","42507","42507","748","748","748"
"1870","42779","42779","42779","855","855","855","42705","42705","42705","766","766","766","42509","42509","42509","694","694","694"
"1871","42781","42781","42781","724","724","724","42707","42707","42707","713","713","713","42511","42511","42511","858","858","858"
"1872","42944","42944","42944","1249","1249","1249","42870","42870","42870","968","968","968","","","","","",""
"1873","42946","42946","42946","992","992","992","42872","42872","42872","977","977","977","","","","","",""
"1874","42948","42948","42948","1035","1035","1035","42874","42874","42874","1042","1042","1042","","","","","",""
"1875","42950","42950","42950","830","830","830","42876","42876","42876","749","749","749","","","","","",""
"1876","42952","42952","42952","839","839","839","42878","42878","42878","760","760","760","","","","","",""
"1877","42954","42954","42954","837","837","837","42880","42880","42880","803","803","803","","","","","",""
"1878","42956","42956","42956","769","769","769","42882","42882","42882","775","775","775","","","","","",""
"1879","42958","42958","42958","832","832","832","42884","42884","42884","909","909","909","","","","","",""
"1880","42960","42960","42960","883","883","883","42886","42886","42886","850","850","850","","","","","",""
"1881","43120","43120","43120","1249","1249","1249","","","","","","","","","","","",""
"1882","43122","43122","43122","992","992","992","","","","","","","","","","","",""
"1883","43124","43124","43124","1249","1249","1249","","","","","","","","","","","",""
"1884","43126","43126","43126","837","837","837","","","","","","","","","","","",""
"1885","43128","43128","43128","839","839","839","","","","","","","","","","","",""
"1886","43130","43130","43130","837","837","837","","","","","","","","","","","",""
"1887","43132","43132","43132","751","751","751","","","","","","","","","","","",""
"1888","43134","43134","43134","829","829","829","","","","","","","","","","","",""
"1889","43136","43136","43136","881","881","881","","","","","","","","","","","",""