"Evaluate/step_episode","long_rainbowmini_2025-05-25_11-32-15 - _step","long_rainbowmini_2025-05-25_11-32-15 - _step__MIN","long_rainbowmini_2025-05-25_11-32-15 - _step__MAX","long_rainbowmini_2025-05-25_11-32-15 - Evaluate/EpRet","long_rainbowmini_2025-05-25_11-32-15 - Evaluate/EpRet__MIN","long_rainbowmini_2025-05-25_11-32-15 - Evaluate/EpRet__MAX","no_spatial_rainbowmini_2024-12-23_18-12-29 - _step","no_spatial_rainbowmini_2024-12-23_18-12-29 - _step__MIN","no_spatial_rainbowmini_2024-12-23_18-12-29 - _step__MAX","no_spatial_rainbowmini_2024-12-23_18-12-29 - Evaluate/EpRet","no_spatial_rainbowmini_2024-12-23_18-12-29 - Evaluate/EpRet__MIN","no_spatial_rainbowmini_2024-12-23_18-12-29 - Evaluate/EpRet__MAX","FactoryTaskAllocationMiC_2024-12-08_15-44-10 - _step","FactoryTaskAllocationMiC_2024-12-08_15-44-10 - _step__MIN","FactoryTaskAllocationMiC_2024-12-08_15-44-10 - _step__MAX","FactoryTaskAllocationMiC_2024-12-08_15-44-10 - Evaluate/EpRet","FactoryTaskAllocationMiC_2024-12-08_15-44-10 - Evaluate/EpRet__MIN","FactoryTaskAllocationMiC_2024-12-08_15-44-10 - Evaluate/EpRet__MAX"
"0","5919","5919","5919","-2.047999858856201","-2.047999858856201","-2.047999858856201","5832","5832","5832","-2.3480000495910645","-2.3480000495910645","-2.3480000495910645","5899","5899","5899","-2.0480000972747803","-2.0480000972747803","-2.0480000972747803"
"1","5921","5921","5921","2.7860002517700195","2.7860002517700195","2.7860002517700195","5834","5834","5834","2.9149999618530273","2.9149999618530273","2.9149999618530273","5901","5901","5901","2.996999740600586","2.996999740600586","2.996999740600586"
"2","5923","5923","5923","2.7910001277923584","2.7910001277923584","2.7910001277923584","5836","5836","5836","3.047999858856201","3.047999858856201","3.047999858856201","5903","5903","5903","2.99399995803833","2.99399995803833","2.99399995803833"
"3","5925","5925","5925","-1.7980000972747803","-1.7980000972747803","-1.7980000972747803","5838","5838","5838","-2.0980000495910645","-2.0980000495910645","-2.0980000495910645","5905","5905","5905","-1.7979999780654907","-1.7979999780654907","-1.7979999780654907"
"4","5927","5927","5927","3.3259999752044678","3.3259999752044678","3.3259999752044678","5840","5840","5840","3.2739996910095215","3.2739996910095215","3.2739996910095215","5907","5907","5907","3.125","3.125","3.125"
"5","5929","5929","5929","3.134000062942505","3.134000062942505","3.134000062942505","5842","5842","5842","3.1670002937316895","3.1670002937316895","3.1670002937316895","5909","5909","5909","3.1619997024536133","3.1619997024536133","3.1619997024536133"
"6","5931","5931","5931","3.288999557495117","3.288999557495117","3.288999557495117","5844","5844","5844","-2.0980000495910645","-2.0980000495910645","-2.0980000495910645","5911","5911","5911","-1.7980000972747803","-1.7980000972747803","-1.7980000972747803"
"7","5933","5933","5933","3.245000123977661","3.245000123977661","3.245000123977661","5846","5846","5846","3.198000192642212","3.198000192642212","3.198000192642212","5913","5913","5913","3.1429996490478516","3.1429996490478516","3.1429996490478516"
"8","5935","5935","5935","3.3899996280670166","3.3899996280670166","3.3899996280670166","5848","5848","5848","3.197999954223633","3.197999954223633","3.197999954223633","5915","5915","5915","3.2400002479553223","3.2400002479553223","3.2400002479553223"
"9","6046","6046","6046","-2.0480000972747803","-2.0480000972747803","-2.0480000972747803","6019","6019","6019","-2.3480002880096436","-2.3480002880096436","-2.3480002880096436","6087","6087","6087","-2.0480000972747803","-2.0480000972747803","-2.0480000972747803"
"10","6048","6048","6048","2.7210001945495605","2.7210001945495605","2.7210001945495605","6021","6021","6021","2.9809999465942383","2.9809999465942383","2.9809999465942383","6089","6089","6089","2.8480000495910645","2.8480000495910645","2.8480000495910645"
"11","6050","6050","6050","2.9019999504089355","2.9019999504089355","2.9019999504089355","6023","6023","6023","2.933000087738037","2.933000087738037","2.933000087738037","6091","6091","6091","2.857999801635742","2.857999801635742","2.857999801635742"
"12","6052","6052","6052","2.9139997959136963","2.9139997959136963","2.9139997959136963","6025","6025","6025","-2.0980000495910645","-2.0980000495910645","-2.0980000495910645","6093","6093","6093","-1.7980000972747803","-1.7980000972747803","-1.7980000972747803"
"13","6054","6054","6054","3.248999834060669","3.248999834060669","3.248999834060669","6027","6027","6027","3.2829999923706055","3.2829999923706055","3.2829999923706055","6095","6095","6095","3.181000232696533","3.181000232696533","3.181000232696533"
"14","6056","6056","6056","3.134999990463257","3.134999990463257","3.134999990463257","6029","6029","6029","3.1589999198913574","3.1589999198913574","3.1589999198913574","6097","6097","6097","3.181000232696533","3.181000232696533","3.181000232696533"
"15","6058","6058","6058","1.0619995594024658","1.0619995594024658","1.0619995594024658","6031","6031","6031","-2.0980000495910645","-2.0980000495910645","-2.0980000495910645","6099","6099","6099","2.9719998836517334","2.9719998836517334","2.9719998836517334"
"16","6060","6060","6060","3.1640002727508545","3.1640002727508545","3.1640002727508545","6033","6033","6033","3.2869997024536133","3.2869997024536133","3.2869997024536133","6101","6101","6101","3.37399959564209","3.37399959564209","3.37399959564209"
"17","6062","6062","6062","3.376000165939331","3.376000165939331","3.376000165939331","6035","6035","6035","3.2259998321533203","3.2259998321533203","3.2259998321533203","6103","6103","6103","3.2259998321533203","3.2259998321533203","3.2259998321533203"
"18","6233","6233","6233","-2.0480000972747803","-2.0480000972747803","-2.0480000972747803","6199","6199","6199","-2.0480000972747803","-2.0480000972747803","-2.0480000972747803","6267","6267","6267","-2.047999858856201","-2.047999858856201","-2.047999858856201"
"19","6235","6235","6235","2.9120001792907715","2.9120001792907715","2.9120001792907715","6201","6201","6201","2.6010000705718994","2.6010000705718994","2.6010000705718994","6269","6269","6269","2.625","2.625","2.625"
"20","6237","6237","6237","2.9549999237060547","2.9549999237060547","2.9549999237060547","6203","6203","6203","2.625999927520752","2.625999927520752","2.625999927520752","6271","6271","6271","2.5749998092651367","2.5749998092651367","2.5749998092651367"
"21","6239","6239","6239","-1.7979998588562012","-1.7979998588562012","-1.7979998588562012","6205","6205","6205","3.006999969482422","3.006999969482422","3.006999969482422","6273","6273","6273","3.178999423980713","3.178999423980713","3.178999423980713"
"22","6241","6241","6241","3.2669999599456787","3.2669999599456787","3.2669999599456787","6207","6207","6207","3.1659998893737793","3.1659998893737793","3.1659998893737793","6275","6275","6275","3.1519999504089355","3.1519999504089355","3.1519999504089355"
"23","6243","6243","6243","1.241999864578247","1.241999864578247","1.241999864578247","6209","6209","6209","3.2769999504089355","3.2769999504089355","3.2769999504089355","6277","6277","6277","3.1589999198913574","3.1589999198913574","3.1589999198913574"
"24","6245","6245","6245","-1.7979998588562012","-1.7979998588562012","-1.7979998588562012","6211","6211","6211","2.9169998168945312","2.9169998168945312","2.9169998168945312","6279","6279","6279","3.2089996337890625","3.2089996337890625","3.2089996337890625"
"25","6247","6247","6247","3.184000253677368","3.184000253677368","3.184000253677368","6213","6213","6213","3.297999858856201","3.297999858856201","3.297999858856201","6281","6281","6281","3.1549997329711914","3.1549997329711914","3.1549997329711914"
"26","6249","6249","6249","3.2360002994537354","3.2360002994537354","3.2360002994537354","6215","6215","6215","3.302999973297119","3.302999973297119","3.302999973297119","6283","6283","6283","3.372999668121338","3.372999668121338","3.372999668121338"
"27","6413","6413","6413","-2.0480000972747803","-2.0480000972747803","-2.0480000972747803","6379","6379","6379","-2.047999858856201","-2.047999858856201","-2.047999858856201","6450","6450","6450","-2.047999858856201","-2.047999858856201","-2.047999858856201"
"28","6415","6415","6415","2.806000232696533","2.806000232696533","2.806000232696533","6381","6381","6381","2.940000057220459","2.940000057220459","2.940000057220459","6452","6452","6452","2.821000099182129","2.821000099182129","2.821000099182129"
"29","6417","6417","6417","2.5910000801086426","2.5910000801086426","2.5910000801086426","6383","6383","6383","2.9649999141693115","2.9649999141693115","2.9649999141693115","6454","6454","6454","2.808000087738037","2.808000087738037","2.808000087738037"
"30","6419","6419","6419","-1.7980000972747803","-1.7980000972747803","-1.7980000972747803","6385","6385","6385","2.9079997539520264","2.9079997539520264","2.9079997539520264","6456","6456","6456","3.181999683380127","3.181999683380127","3.181999683380127"
"31","6421","6421","6421","3.1650002002716064","3.1650002002716064","3.1650002002716064","6387","6387","6387","3.236999750137329","3.236999750137329","3.236999750137329","6458","6458","6458","3.238999843597412","3.238999843597412","3.238999843597412"
"32","6423","6423","6423","3.1549999713897705","3.1549999713897705","3.1549999713897705","6389","6389","6389","1.2419999837875366","1.2419999837875366","1.2419999837875366","6460","6460","6460","3.1430001258850098","3.1430001258850098","3.1430001258850098"
"33","6425","6425","6425","3.328000068664551","3.328000068664551","3.328000068664551","6391","6391","6391","3.2899999618530273","3.2899999618530273","3.2899999618530273","6462","6462","6462","3.2059993743896484","3.2059993743896484","3.2059993743896484"
"34","6427","6427","6427","1.3419997692108154","1.3419997692108154","1.3419997692108154","6393","6393","6393","3.3570001125335693","3.3570001125335693","3.3570001125335693","6464","6464","6464","3.2280001640319824","3.2280001640319824","3.2280001640319824"
"35","6429","6429","6429","3.3580000400543213","3.3580000400543213","3.3580000400543213","6395","6395","6395","3.38100004196167","3.38100004196167","3.38100004196167","6466","6466","6466","3.2280001640319824","3.2280001640319824","3.2280001640319824"
"36","6593","6593","6593","-2.0480000972747803","-2.0480000972747803","-2.0480000972747803","6559","6559","6559","-2.0480000972747803","-2.0480000972747803","-2.0480000972747803","6626","6626","6626","-2.047999858856201","-2.047999858856201","-2.047999858856201"
"37","6595","6595","6595","2.554999828338623","2.554999828338623","2.554999828338623","6561","6561","6561","2.94599986076355","2.94599986076355","2.94599986076355","6628","6628","6628","2.5769999027252197","2.5769999027252197","2.5769999027252197"
"38","6597","6597","6597","3.0280003547668457","3.0280003547668457","3.0280003547668457","6563","6563","6563","2.7189998626708984","2.7189998626708984","2.7189998626708984","6630","6630","6630","0.3320000171661377","0.3320000171661377","0.3320000171661377"
"39","6599","6599","6599","3.2049994468688965","3.2049994468688965","3.2049994468688965","6565","6565","6565","3.2679996490478516","3.2679996490478516","3.2679996490478516","6632","6632","6632","-1.7980000972747803","-1.7980000972747803","-1.7980000972747803"
"40","6601","6601","6601","3.2060000896453857","3.2060000896453857","3.2060000896453857","6567","6567","6567","1.241999864578247","1.241999864578247","1.241999864578247","6634","6634","6634","3.261000156402588","3.261000156402588","3.261000156402588"
"41","6603","6603","6603","1.241999864578247","1.241999864578247","1.241999864578247","6569","6569","6569","1.2419997453689575","1.2419997453689575","1.2419997453689575","6636","6636","6636","1.241999864578247","1.241999864578247","1.241999864578247"
"42","6605","6605","6605","3.2739996910095215","3.2739996910095215","3.2739996910095215","6571","6571","6571","3.2820000648498535","3.2820000648498535","3.2820000648498535","6638","6638","6638","2.9729998111724854","2.9729998111724854","2.9729998111724854"
"43","6607","6607","6607","3.388000249862671","3.388000249862671","3.388000249862671","6573","6573","6573","1.241999864578247","1.241999864578247","1.241999864578247","6640","6640","6640","3.3010001182556152","3.3010001182556152","3.3010001182556152"
"44","6609","6609","6609","3.202000141143799","3.202000141143799","3.202000141143799","6575","6575","6575","3.3930001258850098","3.3930001258850098","3.3930001258850098","6642","6642","6642","1.4819997549057007","1.4819997549057007","1.4819997549057007"
"45","6781","6781","6781","-2.047999858856201","-2.047999858856201","-2.047999858856201","6743","6743","6743","-2.047999858856201","-2.047999858856201","-2.047999858856201","6802","6802","6802","-2.0480000972747803","-2.0480000972747803","-2.0480000972747803"
"46","6783","6783","6783","2.740999937057495","2.740999937057495","2.740999937057495","6745","6745","6745","2.9609999656677246","2.9609999656677246","2.9609999656677246","6804","6804","6804","2.75600004196167","2.75600004196167","2.75600004196167"
"47","6785","6785","6785","2.510000228881836","2.510000228881836","2.510000228881836","6747","6747","6747","2.882999897003174","2.882999897003174","2.882999897003174","6806","6806","6806","2.748000144958496","2.748000144958496","2.748000144958496"
"48","6787","6787","6787","-1.7980000972747803","-1.7980000972747803","-1.7980000972747803","6749","6749","6749","3.2879996299743652","3.2879996299743652","3.2879996299743652","6808","6808","6808","3.2699995040893555","3.2699995040893555","3.2699995040893555"
"49","6789","6789","6789","1.241999864578247","1.241999864578247","1.241999864578247","6751","6751","6751","3.19599986076355","3.19599986076355","3.19599986076355","6810","6810","6810","3.3449997901916504","3.3449997901916504","3.3449997901916504"
"50","6791","6791","6791","3.3379998207092285","3.3379998207092285","3.3379998207092285","6753","6753","6753","3.182000160217285","3.182000160217285","3.182000160217285","6812","6812","6812","1.241999864578247","1.241999864578247","1.241999864578247"
"51","6793","6793","6793","3.311000347137451","3.311000347137451","3.311000347137451","6755","6755","6755","3.2099995613098145","3.2099995613098145","3.2099995613098145","6814","6814","6814","2.921999931335449","2.921999931335449","2.921999931335449"
"52","6795","6795","6795","3.2920000553131104","3.2920000553131104","3.2920000553131104","6757","6757","6757","3.2300002574920654","3.2300002574920654","3.2300002574920654","6816","6816","6816","3.3859996795654297","3.3859996795654297","3.3859996795654297"
"53","6797","6797","6797","3.3929996490478516","3.3929996490478516","3.3929996490478516","6759","6759","6759","3.357999801635742","3.357999801635742","3.357999801635742","6818","6818","6818","3.386000156402588","3.386000156402588","3.386000156402588"
"54","6969","6969","6969","-2.047999858856201","-2.047999858856201","-2.047999858856201","6926","6926","6926","-2.0480000972747803","-2.0480000972747803","-2.0480000972747803","6985","6985","6985","-2.0480000972747803","-2.0480000972747803","-2.0480000972747803"
"55","6971","6971","6971","2.6630001068115234","2.6630001068115234","2.6630001068115234","6928","6928","6928","2.9190001487731934","2.9190001487731934","2.9190001487731934","6987","6987","6987","2.566999912261963","2.566999912261963","2.566999912261963"
"56","6973","6973","6973","2.752000093460083","2.752000093460083","2.752000093460083","6930","6930","6930","2.930000066757202","2.930000066757202","2.930000066757202","6989","6989","6989","2.562999725341797","2.562999725341797","2.562999725341797"
"57","6975","6975","6975","3.2729997634887695","3.2729997634887695","3.2729997634887695","6932","6932","6932","-1.7979998588562012","-1.7979998588562012","-1.7979998588562012","6991","6991","6991","3.2089996337890625","3.2089996337890625","3.2089996337890625"
"58","6977","6977","6977","1.2420001029968262","1.2420001029968262","1.2420001029968262","6934","6934","6934","3.235999822616577","3.235999822616577","3.235999822616577","6993","6993","6993","3.2779998779296875","3.2779998779296875","3.2779998779296875"
"59","6979","6979","6979","1.2419997453689575","1.2419997453689575","1.2419997453689575","6936","6936","6936","1.241999864578247","1.241999864578247","1.241999864578247","6995","6995","6995","1.2419997453689575","1.2419997453689575","1.2419997453689575"
"60","6981","6981","6981","3.2739996910095215","3.2739996910095215","3.2739996910095215","6938","6938","6938","3.2079997062683105","3.2079997062683105","3.2079997062683105","6997","6997","6997","3.2179994583129883","3.2179994583129883","3.2179994583129883"
"61","6983","6983","6983","3.388000249862671","3.388000249862671","3.388000249862671","6940","6940","6940","3.2100000381469727","3.2100000381469727","3.2100000381469727","6999","6999","6999","3.3879995346069336","3.3879995346069336","3.3879995346069336"
"62","6985","6985","6985","3.2190001010894775","3.2190001010894775","3.2190001010894775","6942","6942","6942","3.297999858856201","3.297999858856201","3.297999858856201","7001","7001","7001","3.2280001640319824","3.2280001640319824","3.2280001640319824"
"63","7152","7152","7152","2.8259999752044678","2.8259999752044678","2.8259999752044678","7106","7106","7106","2.878000020980835","2.878000020980835","2.878000020980835","7169","7169","7169","-2.0480000972747803","-2.0480000972747803","-2.0480000972747803"
"64","7154","7154","7154","2.88700008392334","2.88700008392334","2.88700008392334","7108","7108","7108","2.630000114440918","2.630000114440918","2.630000114440918","7171","7171","7171","2.6430001258850098","2.6430001258850098","2.6430001258850098"
"65","7156","7156","7156","2.689000129699707","2.689000129699707","2.689000129699707","7110","7110","7110","2.61299991607666","2.61299991607666","2.61299991607666","7173","7173","7173","2.566999912261963","2.566999912261963","2.566999912261963"
"66","7158","7158","7158","3.2769994735717773","3.2769994735717773","3.2769994735717773","7112","7112","7112","3.2659993171691895","3.2659993171691895","3.2659993171691895","7175","7175","7175","3.2809996604919434","3.2809996604919434","3.2809996604919434"
"67","7160","7160","7160","3.3259999752044678","3.3259999752044678","3.3259999752044678","7114","7114","7114","3.232999801635742","3.232999801635742","3.232999801635742","7177","7177","7177","1.241999864578247","1.241999864578247","1.241999864578247"
"68","7162","7162","7162","1.241999864578247","1.241999864578247","1.241999864578247","7116","7116","7116","1.241999864578247","1.241999864578247","1.241999864578247","7179","7179","7179","1.241999864578247","1.241999864578247","1.241999864578247"
"69","7164","7164","7164","3.331000328063965","3.331000328063965","3.331000328063965","7118","7118","7118","2.984999895095825","2.984999895095825","2.984999895095825","7181","7181","7181","3.1999993324279785","3.1999993324279785","3.1999993324279785"
"70","7166","7166","7166","3.2110002040863037","3.2110002040863037","3.2110002040863037","7120","7120","7120","3.3600001335144043","3.3600001335144043","3.3600001335144043","7183","7183","7183","3.388000011444092","3.388000011444092","3.388000011444092"
"71","7168","7168","7168","3.197999954223633","3.197999954223633","3.197999954223633","7122","7122","7122","3.2160000801086426","3.2160000801086426","3.2160000801086426","7185","7185","7185","3.382999897003174","3.382999897003174","3.382999897003174"
"72","7325","7325","7325","2.759999990463257","2.759999990463257","2.759999990463257","7284","7284","7284","-2.0480000972747803","-2.0480000972747803","-2.0480000972747803","7350","7350","7350","-2.047999858856201","-2.047999858856201","-2.047999858856201"
"73","7327","7327","7327","2.6349997520446777","2.6349997520446777","2.6349997520446777","7286","7286","7286","2.8409996032714844","2.8409996032714844","2.8409996032714844","7352","7352","7352","2.682999849319458","2.682999849319458","2.682999849319458"
"74","7329","7329","7329","2.7260000705718994","2.7260000705718994","2.7260000705718994","7288","7288","7288","2.6780002117156982","2.6780002117156982","2.6780002117156982","7354","7354","7354","2.685999870300293","2.685999870300293","2.685999870300293"
"75","7331","7331","7331","3.2809996604919434","3.2809996604919434","3.2809996604919434","7290","7290","7290","3.3329997062683105","3.3329997062683105","3.3329997062683105","7356","7356","7356","-1.7979998588562012","-1.7979998588562012","-1.7979998588562012"
"76","7333","7333","7333","3.313999891281128","3.313999891281128","3.313999891281128","7292","7292","7292","1.241999864578247","1.241999864578247","1.241999864578247","7358","7358","7358","3.3299999237060547","3.3299999237060547","3.3299999237060547"
"77","7335","7335","7335","3.1460001468658447","3.1460001468658447","3.1460001468658447","7294","7294","7294","3.254999876022339","3.254999876022339","3.254999876022339","7360","7360","7360","3.3299999237060547","3.3299999237060547","3.3299999237060547"
"78","7337","7337","7337","3.193999767303467","3.193999767303467","3.193999767303467","7296","7296","7296","3.3379998207092285","3.3379998207092285","3.3379998207092285","7362","7362","7362","3.332000255584717","3.332000255584717","3.332000255584717"
"79","7339","7339","7339","3.2950000762939453","3.2950000762939453","3.2950000762939453","7298","7298","7298","3.3580002784729004","3.3580002784729004","3.3580002784729004","7364","7364","7364","3.3849997520446777","3.3849997520446777","3.3849997520446777"
"80","7341","7341","7341","3.2899999618530273","3.2899999618530273","3.2899999618530273","7300","7300","7300","3.195000171661377","3.195000171661377","3.195000171661377","7366","7366","7366","3.322999954223633","3.322999954223633","3.322999954223633"
"81","7504","7504","7504","2.7839999198913574","2.7839999198913574","2.7839999198913574","7460","7460","7460","2.879999876022339","2.879999876022339","2.879999876022339","7532","7532","7532","-2.0480000972747803","-2.0480000972747803","-2.0480000972747803"
"82","7506","7506","7506","2.7269997596740723","2.7269997596740723","2.7269997596740723","7462","7462","7462","0.5519999265670776","0.5519999265670776","0.5519999265670776","7534","7534","7534","2.863999843597412","2.863999843597412","2.863999843597412"
"83","7508","7508","7508","2.9730000495910645","2.9730000495910645","2.9730000495910645","7464","7464","7464","2.740999937057495","2.740999937057495","2.740999937057495","7536","7536","7536","0.5520000457763672","0.5520000457763672","0.5520000457763672"
"84","7510","7510","7510","3.1999998092651367","3.1999998092651367","3.1999998092651367","7466","7466","7466","3.263000011444092","3.263000011444092","3.263000011444092","7538","7538","7538","3.2549996376037598","3.2549996376037598","3.2549996376037598"
"85","7512","7512","7512","1.241999864578247","1.241999864578247","1.241999864578247","7468","7468","7468","3.3379998207092285","3.3379998207092285","3.3379998207092285","7540","7540","7540","1.241999864578247","1.241999864578247","1.241999864578247"
"86","7514","7514","7514","3.3359997272491455","3.3359997272491455","3.3359997272491455","7470","7470","7470","3.3580000400543213","3.3580000400543213","3.3580000400543213","7542","7542","7542","3.326000213623047","3.326000213623047","3.326000213623047"
"87","7516","7516","7516","3.318000316619873","3.318000316619873","3.318000316619873","7472","7472","7472","3.191999912261963","3.191999912261963","3.191999912261963","7544","7544","7544","3.1979994773864746","3.1979994773864746","3.1979994773864746"
"88","7518","7518","7518","3.2810001373291016","3.2810001373291016","3.2810001373291016","7474","7474","7474","3.377999782562256","3.377999782562256","3.377999782562256","7546","7546","7546","3.364999771118164","3.364999771118164","3.364999771118164"
"89","7520","7520","7520","3.3929996490478516","3.3929996490478516","3.3929996490478516","7476","7476","7476","3.305000066757202","3.305000066757202","3.305000066757202","7548","7548","7548","3.383999824523926","3.383999824523926","3.383999824523926"
"90","7676","7676","7676","2.88100004196167","2.88100004196167","2.88100004196167","7634","7634","7634","-2.047999858856201","-2.047999858856201","-2.047999858856201","7713","7713","7713","-2.0480000972747803","-2.0480000972747803","-2.0480000972747803"
"91","7678","7678","7678","2.5390000343322754","2.5390000343322754","2.5390000343322754","7636","7636","7636","2.732999801635742","2.732999801635742","2.732999801635742","7715","7715","7715","2.9130001068115234","2.9130001068115234","2.9130001068115234"
"92","7680","7680","7680","2.5300002098083496","2.5300002098083496","2.5300002098083496","7638","7638","7638","2.74399995803833","2.74399995803833","2.74399995803833","7717","7717","7717","2.9210000038146973","2.9210000038146973","2.9210000038146973"
"93","7682","7682","7682","3.3159995079040527","3.3159995079040527","3.3159995079040527","7640","7640","7640","3.2739996910095215","3.2739996910095215","3.2739996910095215","7719","7719","7719","-1.7979999780654907","-1.7979999780654907","-1.7979999780654907"
"94","7684","7684","7684","3.3239998817443848","3.3239998817443848","3.3239998817443848","7642","7642","7642","3.3540000915527344","3.3540000915527344","3.3540000915527344","7721","7721","7721","3.178999900817871","3.178999900817871","3.178999900817871"
"95","7686","7686","7686","1.241999864578247","1.241999864578247","1.241999864578247","7644","7644","7644","3.0870001316070557","3.0870001316070557","3.0870001316070557","7723","7723","7723","3.3540000915527344","3.3540000915527344","3.3540000915527344"
"96","7688","7688","7688","3.3460001945495605","3.3460001945495605","3.3460001945495605","7646","7646","7646","3.253000259399414","3.253000259399414","3.253000259399414","7725","7725","7725","2.928999900817871","2.928999900817871","2.928999900817871"
"97","7690","7690","7690","3.248999834060669","3.248999834060669","3.248999834060669","7648","7648","7648","3.389000177383423","3.389000177383423","3.389000177383423","7727","7727","7727","3.382999897003174","3.382999897003174","3.382999897003174"
"98","7692","7692","7692","3.124000072479248","3.124000072479248","3.124000072479248","7650","7650","7650","3.303999900817871","3.303999900817871","3.303999900817871","7729","7729","7729","3.328000068664551","3.328000068664551","3.328000068664551"
"99","7854","7854","7854","1.0120000839233398","1.0120000839233398","1.0120000839233398","7810","7810","7810","2.86299991607666","2.86299991607666","2.86299991607666","7891","7891","7891","2.882999897003174","2.882999897003174","2.882999897003174"
"100","7856","7856","7856","3.009999990463257","3.009999990463257","3.009999990463257","7812","7812","7812","2.6519999504089355","2.6519999504089355","2.6519999504089355","7893","7893","7893","2.7249999046325684","2.7249999046325684","2.7249999046325684"
"101","7858","7858","7858","2.8899998664855957","2.8899998664855957","2.8899998664855957","7814","7814","7814","2.758999824523926","2.758999824523926","2.758999824523926","7895","7895","7895","2.677999973297119","2.677999973297119","2.677999973297119"
"102","7860","7860","7860","3.3169994354248047","3.3169994354248047","3.3169994354248047","7816","7816","7816","3.174999713897705","3.174999713897705","3.174999713897705","7897","7897","7897","3.3399996757507324","3.3399996757507324","3.3399996757507324"
"103","7862","7862","7862","1.2420001029968262","1.2420001029968262","1.2420001029968262","7818","7818","7818","3.1500000953674316","3.1500000953674316","3.1500000953674316","7899","7899","7899","1.2419999837875366","1.2419999837875366","1.2419999837875366"
"104","7864","7864","7864","3.241999864578247","3.241999864578247","3.241999864578247","7820","7820","7820","3.189000129699707","3.189000129699707","3.189000129699707","7901","7901","7901","3.3330001831054688","3.3330001831054688","3.3330001831054688"
"105","7866","7866","7866","3.2909998893737793","3.2909998893737793","3.2909998893737793","7822","7822","7822","3.2799997329711914","3.2799997329711914","3.2799997329711914","7903","7903","7903","3.0819997787475586","3.0819997787475586","3.0819997787475586"
"106","7868","7868","7868","3.361999988555908","3.361999988555908","3.361999988555908","7824","7824","7824","3.317999839782715","3.317999839782715","3.317999839782715","7905","7905","7905","3.3949999809265137","3.3949999809265137","3.3949999809265137"
"107","7870","7870","7870","3.197999954223633","3.197999954223633","3.197999954223633","7826","7826","7826","3.2090001106262207","3.2090001106262207","3.2090001106262207","7907","7907","7907","3.4079995155334473","3.4079995155334473","3.4079995155334473"
"108","8030","8030","8030","2.994999885559082","2.994999885559082","2.994999885559082","7985","7985","7985","2.8499999046325684","2.8499999046325684","2.8499999046325684","8073","8073","8073","-2.0480000972747803","-2.0480000972747803","-2.0480000972747803"
"109","8032","8032","8032","2.7269999980926514","2.7269999980926514","2.7269999980926514","7987","7987","7987","2.567999839782715","2.567999839782715","2.567999839782715","8075","8075","8075","2.7119998931884766","2.7119998931884766","2.7119998931884766"
"110","8034","8034","8034","2.7339999675750732","2.7339999675750732","2.7339999675750732","7989","7989","7989","2.628999948501587","2.628999948501587","2.628999948501587","8077","8077","8077","2.7079999446868896","2.7079999446868896","2.7079999446868896"
"111","8036","8036","8036","3.257999897003174","3.257999897003174","3.257999897003174","7991","7991","7991","3.3389997482299805","3.3389997482299805","3.3389997482299805","8079","8079","8079","3.1999998092651367","3.1999998092651367","3.1999998092651367"
"112","8038","8038","8038","3.312000036239624","3.312000036239624","3.312000036239624","7993","7993","7993","3.2939999103546143","3.2939999103546143","3.2939999103546143","8081","8081","8081","3.117000102996826","3.117000102996826","3.117000102996826"
"113","8040","8040","8040","3.1590001583099365","3.1590001583099365","3.1590001583099365","7995","7995","7995","3.175999879837036","3.175999879837036","3.175999879837036","8083","8083","8083","3.1070003509521484","3.1070003509521484","3.1070003509521484"
"114","8042","8042","8042","1.0620001554489136","1.0620001554489136","1.0620001554489136","7997","7997","7997","3.331000328063965","3.331000328063965","3.331000328063965","8085","8085","8085","2.937999725341797","2.937999725341797","2.937999725341797"
"115","8044","8044","8044","3.3610000610351562","3.3610000610351562","3.3610000610351562","7999","7999","7999","3.328000068664551","3.328000068664551","3.328000068664551","8087","8087","8087","3.323000431060791","3.323000431060791","3.323000431060791"
"116","8046","8046","8046","3.1430001258850098","3.1430001258850098","3.1430001258850098","8001","8001","8001","3.302999973297119","3.302999973297119","3.302999973297119","8089","8089","8089","3.377999782562256","3.377999782562256","3.377999782562256"
"117","8202","8202","8202","3.054999828338623","3.054999828338623","3.054999828338623","8161","8161","8161","2.865000009536743","2.865000009536743","2.865000009536743","8251","8251","8251","2.946000099182129","2.946000099182129","2.946000099182129"
"118","8204","8204","8204","2.873000144958496","2.873000144958496","2.873000144958496","8163","8163","8163","2.8480000495910645","2.8480000495910645","2.8480000495910645","8253","8253","8253","2.858999729156494","2.858999729156494","2.858999729156494"
"119","8206","8206","8206","2.828000068664551","2.828000068664551","2.828000068664551","8165","8165","8165","3.047999858856201","3.047999858856201","3.047999858856201","8255","8255","8255","0.7919999361038208","0.7919999361038208","0.7919999361038208"
"120","8208","8208","8208","3.2799997329711914","3.2799997329711914","3.2799997329711914","8167","8167","8167","-1.7980000972747803","-1.7980000972747803","-1.7980000972747803","8257","8257","8257","3.253999710083008","3.253999710083008","3.253999710083008"
"121","8210","8210","8210","3.246000051498413","3.246000051498413","3.246000051498413","8169","8169","8169","3.259999990463257","3.259999990463257","3.259999990463257","8259","8259","8259","3.3470001220703125","3.3470001220703125","3.3470001220703125"
"122","8212","8212","8212","3.259000062942505","3.259000062942505","3.259000062942505","8171","8171","8171","3.1579999923706055","3.1579999923706055","3.1579999923706055","8261","8261","8261","3.3590002059936523","3.3590002059936523","3.3590002059936523"
"123","8214","8214","8214","3.2789998054504395","3.2789998054504395","3.2789998054504395","8173","8173","8173","3.2789998054504395","3.2789998054504395","3.2789998054504395","8263","8263","8263","3.2739996910095215","3.2739996910095215","3.2739996910095215"
"124","8216","8216","8216","3.190000057220459","3.190000057220459","3.190000057220459","8175","8175","8175","3.309999942779541","3.309999942779541","3.309999942779541","8265","8265","8265","3.383999824523926","3.383999824523926","3.383999824523926"
"125","8218","8218","8218","1.241999864578247","1.241999864578247","1.241999864578247","8177","8177","8177","3.198000192642212","3.198000192642212","3.198000192642212","8267","8267","8267","3.3859996795654297","3.3859996795654297","3.3859996795654297"
"126","8378","8378","8378","1.0119998455047607","1.0119998455047607","1.0119998455047607","8337","8337","8337","2.947999954223633","2.947999954223633","2.947999954223633","8425","8425","8425","3.042999744415283","3.042999744415283","3.042999744415283"
"127","8380","8380","8380","2.8380000591278076","2.8380000591278076","2.8380000591278076","8339","8339","8339","2.490999937057495","2.490999937057495","2.490999937057495","8427","8427","8427","2.7319998741149902","2.7319998741149902","2.7319998741149902"
"128","8382","8382","8382","0.9919999837875366","0.9919999837875366","0.9919999837875366","8341","8341","8341","3.054999828338623","3.054999828338623","3.054999828338623","8429","8429","8429","2.943000078201294","2.943000078201294","2.943000078201294"
"129","8384","8384","8384","3.2739996910095215","3.2739996910095215","3.2739996910095215","8343","8343","8343","3.3259997367858887","3.3259997367858887","3.3259997367858887","8431","8431","8431","3.2689995765686035","3.2689995765686035","3.2689995765686035"
"130","8386","8386","8386","3.193000078201294","3.193000078201294","3.193000078201294","8345","8345","8345","3.3470001220703125","3.3470001220703125","3.3470001220703125","8433","8433","8433","3.3359999656677246","3.3359999656677246","3.3359999656677246"
"131","8388","8388","8388","1.241999864578247","1.241999864578247","1.241999864578247","8347","8347","8347","3.124000072479248","3.124000072479248","3.124000072479248","8435","8435","8435","3.3319997787475586","3.3319997787475586","3.3319997787475586"
"132","8390","8390","8390","3.318000316619873","3.318000316619873","3.318000316619873","8349","8349","8349","3.3470001220703125","3.3470001220703125","3.3470001220703125","8437","8437","8437","3.2829999923706055","3.2829999923706055","3.2829999923706055"
"133","8392","8392","8392","3.376000165939331","3.376000165939331","3.376000165939331","8351","8351","8351","3.309000015258789","3.309000015258789","3.309000015258789","8439","8439","8439","3.3569998741149902","3.3569998741149902","3.3569998741149902"
"134","8394","8394","8394","3.2120001316070557","3.2120001316070557","3.2120001316070557","8353","8353","8353","3.2270002365112305","3.2270002365112305","3.2270002365112305","8441","8441","8441","3.4049997329711914","3.4049997329711914","3.4049997329711914"
"135","8553","8553","8553","2.992000102996826","2.992000102996826","2.992000102996826","8512","8512","8512","1.0120000839233398","1.0120000839233398","1.0120000839233398","8603","8603","8603","3.0439999103546143","3.0439999103546143","3.0439999103546143"
"136","8555","8555","8555","0.7919999361038208","0.7919999361038208","0.7919999361038208","8514","8514","8514","2.8480000495910645","2.8480000495910645","2.8480000495910645","8605","8605","8605","2.7639999389648438","2.7639999389648438","2.7639999389648438"
"137","8557","8557","8557","3.011000156402588","3.011000156402588","3.011000156402588","8516","8516","8516","3.1010003089904785","3.1010003089904785","3.1010003089904785","8607","8607","8607","3.1040000915527344","3.1040000915527344","3.1040000915527344"
"138","8559","8559","8559","3.3339996337890625","3.3339996337890625","3.3339996337890625","8518","8518","8518","3.3369998931884766","3.3369998931884766","3.3369998931884766","8609","8609","8609","3.2789998054504395","3.2789998054504395","3.2789998054504395"
"139","8561","8561","8561","3.2709999084472656","3.2709999084472656","3.2709999084472656","8520","8520","8520","3.1720001697540283","3.1720001697540283","3.1720001697540283","8611","8611","8611","1.2419997453689575","1.2419997453689575","1.2419997453689575"
"140","8563","8563","8563","3.238999843597412","3.238999843597412","3.238999843597412","8522","8522","8522","1.2420001029968262","1.2420001029968262","1.2420001029968262","8613","8613","8613","1.241999864578247","1.241999864578247","1.241999864578247"
"141","8565","8565","8565","3.3330001831054688","3.3330001831054688","3.3330001831054688","8524","8524","8524","2.9629998207092285","2.9629998207092285","2.9629998207092285","8615","8615","8615","3.2930002212524414","3.2930002212524414","3.2930002212524414"
"142","8567","8567","8567","3.2809998989105225","3.2809998989105225","3.2809998989105225","8526","8526","8526","3.2150001525878906","3.2150001525878906","3.2150001525878906","8617","8617","8617","3.4049997329711914","3.4049997329711914","3.4049997329711914"
"143","8569","8569","8569","3.2120001316070557","3.2120001316070557","3.2120001316070557","8528","8528","8528","3.2950000762939453","3.2950000762939453","3.2950000762939453","8619","8619","8619","3.388000011444092","3.388000011444092","3.388000011444092"
"144","8731","8731","8731","2.9760000705718994","2.9760000705718994","2.9760000705718994","8687","8687","8687","-2.047999858856201","-2.047999858856201","-2.047999858856201","8781","8781","8781","1.0120000839233398","1.0120000839233398","1.0120000839233398"
"145","8733","8733","8733","2.930000066757202","2.930000066757202","2.930000066757202","8689","8689","8689","2.75","2.75","2.75","8783","8783","8783","3.1069998741149902","3.1069998741149902","3.1069998741149902"
"146","8735","8735","8735","3.0329997539520264","3.0329997539520264","3.0329997539520264","8691","8691","8691","2.7009999752044678","2.7009999752044678","2.7009999752044678","8785","8785","8785","3.062999725341797","3.062999725341797","3.062999725341797"
"147","8737","8737","8737","3.2789998054504395","3.2789998054504395","3.2789998054504395","8693","8693","8693","-1.7979999780654907","-1.7979999780654907","-1.7979999780654907","8787","8787","8787","3.180999755859375","3.180999755859375","3.180999755859375"
"148","8739","8739","8739","3.3289997577667236","3.3289997577667236","3.3289997577667236","8695","8695","8695","3.1389999389648438","3.1389999389648438","3.1389999389648438","8789","8789","8789","3.309999942779541","3.309999942779541","3.309999942779541"
"149","8741","8741","8741","1.241999864578247","1.241999864578247","1.241999864578247","8697","8697","8697","3.240999937057495","3.240999937057495","3.240999937057495","8791","8791","8791","3.3470001220703125","3.3470001220703125","3.3470001220703125"
"150","8743","8743","8743","3.2739996910095215","3.2739996910095215","3.2739996910095215","8699","8699","8699","3.2820000648498535","3.2820000648498535","3.2820000648498535","8793","8793","8793","3.182999610900879","3.182999610900879","3.182999610900879"
"151","8745","8745","8745","3.2090001106262207","3.2090001106262207","3.2090001106262207","8701","8701","8701","3.1399998664855957","3.1399998664855957","3.1399998664855957","8795","8795","8795","3.2250003814697266","3.2250003814697266","3.2250003814697266"
"152","8747","8747","8747","3.4019999504089355","3.4019999504089355","3.4019999504089355","8703","8703","8703","1.4819997549057007","1.4819997549057007","1.4819997549057007","8797","8797","8797","3.2170000076293945","3.2170000076293945","3.2170000076293945"
"153","8907","8907","8907","0.8119999170303345","0.8119999170303345","0.8119999170303345","8861","8861","8861","3.0350000858306885","3.0350000858306885","3.0350000858306885","8959","8959","8959","1.0120000839233398","1.0120000839233398","1.0120000839233398"
"154","8909","8909","8909","2.930999994277954","2.930999994277954","2.930999994277954","8863","8863","8863","2.9169998168945312","2.9169998168945312","2.9169998168945312","8961","8961","8961","3.1059999465942383","3.1059999465942383","3.1059999465942383"
"155","8911","8911","8911","0.9920001029968262","0.9920001029968262","0.9920001029968262","8865","8865","8865","2.993000030517578","2.993000030517578","2.993000030517578","8963","8963","8963","3.126999855041504","3.126999855041504","3.126999855041504"
"156","8913","8913","8913","2.9840002059936523","2.9840002059936523","2.9840002059936523","8867","8867","8867","3.2039995193481445","3.2039995193481445","3.2039995193481445","8965","8965","8965","3.1859993934631348","3.1859993934631348","3.1859993934631348"
"157","8915","8915","8915","3.311999797821045","3.311999797821045","3.311999797821045","8869","8869","8869","3.2230000495910645","3.2230000495910645","3.2230000495910645","8967","8967","8967","3.292999744415283","3.292999744415283","3.292999744415283"
"158","8917","8917","8917","3.1510000228881836","3.1510000228881836","3.1510000228881836","8871","8871","8871","3.1489999294281006","3.1489999294281006","3.1489999294281006","8969","8969","8969","1.241999864578247","1.241999864578247","1.241999864578247"
"159","8919","8919","8919","2.989999771118164","2.989999771118164","2.989999771118164","8873","8873","8873","3.2129995822906494","3.2129995822906494","3.2129995822906494","8971","8971","8971","3.2079997062683105","3.2079997062683105","3.2079997062683105"
"160","8921","8921","8921","3.234999895095825","3.234999895095825","3.234999895095825","8875","8875","8875","3.2820000648498535","3.2820000648498535","3.2820000648498535","8973","8973","8973","3.375","3.375","3.375"
"161","8923","8923","8923","3.376999616622925","3.376999616622925","3.376999616622925","8877","8877","8877","3.328000068664551","3.328000068664551","3.328000068664551","8975","8975","8975","3.4000000953674316","3.4000000953674316","3.4000000953674316"
"162","9084","9084","9084","2.996999740600586","2.996999740600586","2.996999740600586","9050","9050","9050","2.881999969482422","2.881999969482422","2.881999969482422","9140","9140","9140","1.0120000839233398","1.0120000839233398","1.0120000839233398"
"163","9086","9086","9086","2.957000255584717","2.957000255584717","2.957000255584717","9052","9052","9052","0.9919998645782471","0.9919998645782471","0.9919998645782471","9142","9142","9142","2.877999782562256","2.877999782562256","2.877999782562256"
"164","9088","9088","9088","2.9750001430511475","2.9750001430511475","2.9750001430511475","9054","9054","9054","2.8869998455047607","2.8869998455047607","2.8869998455047607","9144","9144","9144","3.1399998664855957","3.1399998664855957","3.1399998664855957"
"165","9090","9090","9090","3.245999813079834","3.245999813079834","3.245999813079834","9056","9056","9056","3.233999490737915","3.233999490737915","3.233999490737915","9146","9146","9146","3.171999931335449","3.171999931335449","3.171999931335449"
"166","9092","9092","9092","3.234999656677246","3.234999656677246","3.234999656677246","9058","9058","9058","3.296999931335449","3.296999931335449","3.296999931335449","9148","9148","9148","3.36799955368042","3.36799955368042","3.36799955368042"
"167","9094","9094","9094","1.241999864578247","1.241999864578247","1.241999864578247","9060","9060","9060","3.2919998168945312","3.2919998168945312","3.2919998168945312","9150","9150","9150","3.327000141143799","3.327000141143799","3.327000141143799"
"168","9096","9096","9096","3.2699999809265137","3.2699999809265137","3.2699999809265137","9062","9062","9062","3.082000255584717","3.082000255584717","3.082000255584717","9152","9152","9152","3.2059998512268066","3.2059998512268066","3.2059998512268066"
"169","9098","9098","9098","3.3569998741149902","3.3569998741149902","3.3569998741149902","9064","9064","9064","3.316999912261963","3.316999912261963","3.316999912261963","9154","9154","9154","3.4039998054504395","3.4039998054504395","3.4039998054504395"
"170","9100","9100","9100","3.3929996490478516","3.3929996490478516","3.3929996490478516","9066","9066","9066","3.2300000190734863","3.2300000190734863","3.2300000190734863","9156","9156","9156","3.322999954223633","3.322999954223633","3.322999954223633"
"171","9262","9262","9262","-2.0480000972747803","-2.0480000972747803","-2.0480000972747803","9230","9230","9230","-2.047999858856201","-2.047999858856201","-2.047999858856201","9320","9320","9320","1.0120000839233398","1.0120000839233398","1.0120000839233398"
"172","9264","9264","9264","2.998000144958496","2.998000144958496","2.998000144958496","9232","9232","9232","3.107999801635742","3.107999801635742","3.107999801635742","9322","9322","9322","3.111999988555908","3.111999988555908","3.111999988555908"
"173","9266","9266","9266","3.0340001583099365","3.0340001583099365","3.0340001583099365","9234","9234","9234","3.07099986076355","3.07099986076355","3.07099986076355","9324","9324","9324","3.0859999656677246","3.0859999656677246","3.0859999656677246"
"174","9268","9268","9268","3.049999713897705","3.049999713897705","3.049999713897705","9236","9236","9236","3.179999828338623","3.179999828338623","3.179999828338623","9326","9326","9326","3.167999744415283","3.167999744415283","3.167999744415283"
"175","9270","9270","9270","3.323000192642212","3.323000192642212","3.323000192642212","9238","9238","9238","3.196000099182129","3.196000099182129","3.196000099182129","9328","9328","9328","3.3319997787475586","3.3319997787475586","3.3319997787475586"
"176","9272","9272","9272","3.3229997158050537","3.3229997158050537","3.3229997158050537","9240","9240","9240","3.2809998989105225","3.2809998989105225","3.2809998989105225","9330","9330","9330","3.3309998512268066","3.3309998512268066","3.3309998512268066"
"177","9274","9274","9274","3.2849998474121094","3.2849998474121094","3.2849998474121094","9242","9242","9242","1.2619998455047607","1.2619998455047607","1.2619998455047607","9332","9332","9332","3.2009997367858887","3.2009997367858887","3.2009997367858887"
"178","9276","9276","9276","3.2330000400543213","3.2330000400543213","3.2330000400543213","9244","9244","9244","3.2130002975463867","3.2130002975463867","3.2130002975463867","9334","9334","9334","3.381999969482422","3.381999969482422","3.381999969482422"
"179","9278","9278","9278","3.2160000801086426","3.2160000801086426","3.2160000801086426","9246","9246","9246","3.2130000591278076","3.2130000591278076","3.2130000591278076","9336","9336","9336","3.397000312805176","3.397000312805176","3.397000312805176"
"180","9437","9437","9437","3.0460000038146973","3.0460000038146973","3.0460000038146973","9411","9411","9411","1.0120000839233398","1.0120000839233398","1.0120000839233398","9498","9498","9498","1.0119999647140503","1.0119999647140503","1.0119999647140503"
"181","9439","9439","9439","3.0230000019073486","3.0230000019073486","3.0230000019073486","9413","9413","9413","2.875999689102173","2.875999689102173","2.875999689102173","9500","9500","9500","3.0279998779296875","3.0279998779296875","3.0279998779296875"
"182","9441","9441","9441","3.0269999504089355","3.0269999504089355","3.0269999504089355","9415","9415","9415","3.068000078201294","3.068000078201294","3.068000078201294","9502","9502","9502","3.172999858856201","3.172999858856201","3.172999858856201"
"183","9443","9443","9443","3.245999336242676","3.245999336242676","3.245999336242676","9417","9417","9417","3.251999616622925","3.251999616622925","3.251999616622925","9504","9504","9504","3.188999652862549","3.188999652862549","3.188999652862549"
"184","9445","9445","9445","3.322000026702881","3.322000026702881","3.322000026702881","9419","9419","9419","3.1780002117156982","3.1780002117156982","3.1780002117156982","9506","9506","9506","1.241999864578247","1.241999864578247","1.241999864578247"
"185","9447","9447","9447","3.1640000343322754","3.1640000343322754","3.1640000343322754","9421","9421","9421","1.2419997453689575","1.2419997453689575","1.2419997453689575","9508","9508","9508","3.3460001945495605","3.3460001945495605","3.3460001945495605"
"186","9449","9449","9449","3.2569994926452637","3.2569994926452637","3.2569994926452637","9423","9423","9423","3.2779998779296875","3.2779998779296875","3.2779998779296875","9510","9510","9510","1.2619997262954712","1.2619997262954712","1.2619997262954712"
"187","9451","9451","9451","3.245000123977661","3.245000123977661","3.245000123977661","9425","9425","9425","3.309000253677368","3.309000253677368","3.309000253677368","9512","9512","9512","3.4010000228881836","3.4010000228881836","3.4010000228881836"
"188","9453","9453","9453","3.2899999618530273","3.2899999618530273","3.2899999618530273","9427","9427","9427","3.299999713897705","3.299999713897705","3.299999713897705","9514","9514","9514","3.4029998779296875","3.4029998779296875","3.4029998779296875"
"189","9612","9612","9612","0.8119999766349792","0.8119999766349792","0.8119999766349792","9591","9591","9591","1.0119999647140503","1.0119999647140503","1.0119999647140503","9685","9685","9685","1.0119999647140503","1.0119999647140503","1.0119999647140503"
"190","9614","9614","9614","2.9790000915527344","2.9790000915527344","2.9790000915527344","9593","9593","9593","3.0260000228881836","3.0260000228881836","3.0260000228881836","9687","9687","9687","3.0429999828338623","3.0429999828338623","3.0429999828338623"
"191","9616","9616","9616","2.997000217437744","2.997000217437744","2.997000217437744","9595","9595","9595","3.0319998264312744","3.0319998264312744","3.0319998264312744","9689","9689","9689","3.107999801635742","3.107999801635742","3.107999801635742"
"192","9618","9618","9618","3.3309998512268066","3.3309998512268066","3.3309998512268066","9597","9597","9597","3.2179999351501465","3.2179999351501465","3.2179999351501465","9691","9691","9691","3.2129998207092285","3.2129998207092285","3.2129998207092285"
"193","9620","9620","9620","3.3279998302459717","3.3279998302459717","3.3279998302459717","9599","9599","9599","3.244000196456909","3.244000196456909","3.244000196456909","9693","9693","9693","3.2690000534057617","3.2690000534057617","3.2690000534057617"
"194","9622","9622","9622","3.1579999923706055","3.1579999923706055","3.1579999923706055","9601","9601","9601","3.2199997901916504","3.2199997901916504","3.2199997901916504","9695","9695","9695","3.326000213623047","3.326000213623047","3.326000213623047"
"195","9624","9624","9624","3.322000026702881","3.322000026702881","3.322000026702881","9603","9603","9603","3.181999683380127","3.181999683380127","3.181999683380127","9697","9697","9697","3.252999782562256","3.252999782562256","3.252999782562256"
"196","9626","9626","9626","3.3570001125335693","3.3570001125335693","3.3570001125335693","9605","9605","9605","3.3339996337890625","3.3339996337890625","3.3339996337890625","9699","9699","9699","3.311999797821045","3.311999797821045","3.311999797821045"
"197","9628","9628","9628","3.375000238418579","3.375000238418579","3.375000238418579","9607","9607","9607","3.1529998779296875","3.1529998779296875","3.1529998779296875","9701","9701","9701","3.3010001182556152","3.3010001182556152","3.3010001182556152"
"198","9789","9789","9789","3.001999855041504","3.001999855041504","3.001999855041504","9765","9765","9765","1.0119999647140503","1.0119999647140503","1.0119999647140503","9863","9863","9863","2.998000144958496","2.998000144958496","2.998000144958496"
"199","9791","9791","9791","2.9750001430511475","2.9750001430511475","2.9750001430511475","9767","9767","9767","3.0419998168945312","3.0419998168945312","3.0419998168945312","9865","9865","9865","3.136000156402588","3.136000156402588","3.136000156402588"
"200","9793","9793","9793","3.0460000038146973","3.0460000038146973","3.0460000038146973","9769","9769","9769","0.9919998645782471","0.9919998645782471","0.9919998645782471","9867","9867","9867","3.138000011444092","3.138000011444092","3.138000011444092"
"201","9795","9795","9795","3.2559995651245117","3.2559995651245117","3.2559995651245117","9771","9771","9771","3.1999998092651367","3.1999998092651367","3.1999998092651367","9869","9869","9869","3.245999813079834","3.245999813079834","3.245999813079834"
"202","9797","9797","9797","3.241999864578247","3.241999864578247","3.241999864578247","9773","9773","9773","3.318999767303467","3.318999767303467","3.318999767303467","9871","9871","9871","3.361999988555908","3.361999988555908","3.361999988555908"
"203","9799","9799","9799","3.1619999408721924","3.1619999408721924","3.1619999408721924","9775","9775","9775","3.1549999713897705","3.1549999713897705","3.1549999713897705","9873","9873","9873","3.3470001220703125","3.3470001220703125","3.3470001220703125"
"204","9801","9801","9801","3.289999485015869","3.289999485015869","3.289999485015869","9777","9777","9777","3.1969997882843018","3.1969997882843018","3.1969997882843018","9875","9875","9875","3.2559995651245117","3.2559995651245117","3.2559995651245117"
"205","9803","9803","9803","3.2339999675750732","3.2339999675750732","3.2339999675750732","9779","9779","9779","3.382999897003174","3.382999897003174","3.382999897003174","9877","9877","9877","3.3899998664855957","3.3899998664855957","3.3899998664855957"
"206","9805","9805","9805","3.2130000591278076","3.2130000591278076","3.2130000591278076","9781","9781","9781","3.3879997730255127","3.3879997730255127","3.3879997730255127","9879","9879","9879","3.3859996795654297","3.3859996795654297","3.3859996795654297"
"207","9964","9964","9964","1.0119999647140503","1.0119999647140503","1.0119999647140503","9944","9944","9944","2.9519999027252197","2.9519999027252197","2.9519999027252197","10043","10043","10043","1.0120000839233398","1.0120000839233398","1.0120000839233398"
"208","9966","9966","9966","3.0360000133514404","3.0360000133514404","3.0360000133514404","9946","9946","9946","2.884999990463257","2.884999990463257","2.884999990463257","10045","10045","10045","3.0929999351501465","3.0929999351501465","3.0929999351501465"
"209","9968","9968","9968","3.0870001316070557","3.0870001316070557","3.0870001316070557","9948","9948","9948","3.062000036239624","3.062000036239624","3.062000036239624","10047","10047","10047","3.081000328063965","3.081000328063965","3.081000328063965"
"210","9970","9970","9970","3.0430002212524414","3.0430002212524414","3.0430002212524414","9950","9950","9950","3.1979994773864746","3.1979994773864746","3.1979994773864746","10049","10049","10049","3.2659997940063477","3.2659997940063477","3.2659997940063477"
"211","9972","9972","9972","3.3310000896453857","3.3310000896453857","3.3310000896453857","9952","9952","9952","3.2739999294281006","3.2739999294281006","3.2739999294281006","10051","10051","10051","3.3299999237060547","3.3299999237060547","3.3299999237060547"
"212","9974","9974","9974","3.3279998302459717","3.3279998302459717","3.3279998302459717","9954","9954","9954","3.3610000610351562","3.3610000610351562","3.3610000610351562","10053","10053","10053","3.3429999351501465","3.3429999351501465","3.3429999351501465"
"213","9976","9976","9976","3.2879996299743652","3.2879996299743652","3.2879996299743652","9956","9956","9956","3.2109994888305664","3.2109994888305664","3.2109994888305664","10055","10055","10055","3.2799997329711914","3.2799997329711914","3.2799997329711914"
"214","9978","9978","9978","3.2239999771118164","3.2239999771118164","3.2239999771118164","9958","9958","9958","3.195000171661377","3.195000171661377","3.195000171661377","10057","10057","10057","3.36899995803833","3.36899995803833","3.36899995803833"
"215","9980","9980","9980","3.2060000896453857","3.2060000896453857","3.2060000896453857","9960","9960","9960","3.306000232696533","3.306000232696533","3.306000232696533","10059","10059","10059","3.383999824523926","3.383999824523926","3.383999824523926"
"216","10142","10142","10142","1.0120000839233398","1.0120000839233398","1.0120000839233398","10125","10125","10125","1.0120000839233398","1.0120000839233398","1.0120000839233398","10223","10223","10223","1.0120000839233398","1.0120000839233398","1.0120000839233398"
"217","10144","10144","10144","3.0980000495910645","3.0980000495910645","3.0980000495910645","10127","10127","10127","3.011000156402588","3.011000156402588","3.011000156402588","10225","10225","10225","3.127999782562256","3.127999782562256","3.127999782562256"
"218","10146","10146","10146","3.0260002613067627","3.0260002613067627","3.0260002613067627","10129","10129","10129","3.0309998989105225","3.0309998989105225","3.0309998989105225","10227","10227","10227","0.9919998645782471","0.9919998645782471","0.9919998645782471"
"219","10148","10148","10148","3.298999786376953","3.298999786376953","3.298999786376953","10131","10131","10131","3.1959996223449707","3.1959996223449707","3.1959996223449707","10229","10229","10229","3.2179994583129883","3.2179994583129883","3.2179994583129883"
"220","10150","10150","10150","3.246999740600586","3.246999740600586","3.246999740600586","10133","10133","10133","3.255000352859497","3.255000352859497","3.255000352859497","10231","10231","10231","3.3439998626708984","3.3439998626708984","3.3439998626708984"
"221","10152","10152","10152","3.188999891281128","3.188999891281128","3.188999891281128","10135","10135","10135","3.11299991607666","3.11299991607666","3.11299991607666","10233","10233","10233","3.3359999656677246","3.3359999656677246","3.3359999656677246"
"222","10154","10154","10154","3.289999485015869","3.289999485015869","3.289999485015869","10137","10137","10137","3.2579994201660156","3.2579994201660156","3.2579994201660156","10235","10235","10235","2.995999813079834","2.995999813079834","2.995999813079834"
"223","10156","10156","10156","3.2639999389648438","3.2639999389648438","3.2639999389648438","10139","10139","10139","3.317000150680542","3.317000150680542","3.317000150680542","10237","10237","10237","3.180999755859375","3.180999755859375","3.180999755859375"
"224","10158","10158","10158","3.198000192642212","3.198000192642212","3.198000192642212","10141","10141","10141","3.297999858856201","3.297999858856201","3.297999858856201","10239","10239","10239","3.3889999389648438","3.3889999389648438","3.3889999389648438"
"225","10319","10319","10319","3.046999931335449","3.046999931335449","3.046999931335449","10300","10300","10300","1.0120002031326294","1.0120002031326294","1.0120002031326294","10402","10402","10402","2.9779999256134033","2.9779999256134033","2.9779999256134033"
"226","10321","10321","10321","3.057999849319458","3.057999849319458","3.057999849319458","10302","10302","10302","3.0230000019073486","3.0230000019073486","3.0230000019073486","10404","10404","10404","3.057000160217285","3.057000160217285","3.057000160217285"
"227","10323","10323","10323","3.0500001907348633","3.0500001907348633","3.0500001907348633","10304","10304","10304","3.052999973297119","3.052999973297119","3.052999973297119","10406","10406","10406","0.991999626159668","0.991999626159668","0.991999626159668"
"228","10325","10325","10325","3.2619996070861816","3.2619996070861816","3.2619996070861816","10306","10306","10306","3.1929993629455566","3.1929993629455566","3.1929993629455566","10408","10408","10408","3.2679996490478516","3.2679996490478516","3.2679996490478516"
"229","10327","10327","10327","3.322999954223633","3.322999954223633","3.322999954223633","10308","10308","10308","3.1710000038146973","3.1710000038146973","3.1710000038146973","10410","10410","10410","3.3449997901916504","3.3449997901916504","3.3449997901916504"
"230","10329","10329","10329","3.1640000343322754","3.1640000343322754","3.1640000343322754","10310","10310","10310","3.1039998531341553","3.1039998531341553","3.1039998531341553","10412","10412","10412","1.241999864578247","1.241999864578247","1.241999864578247"
"231","10331","10331","10331","3.2859997749328613","3.2859997749328613","3.2859997749328613","10312","10312","10312","3.192999839782715","3.192999839782715","3.192999839782715","10414","10414","10414","3.2679996490478516","3.2679996490478516","3.2679996490478516"
"232","10333","10333","10333","3.257999897003174","3.257999897003174","3.257999897003174","10314","10314","10314","3.3879995346069336","3.3879995346069336","3.3879995346069336","10416","10416","10416","3.359999656677246","3.359999656677246","3.359999656677246"
"233","10335","10335","10335","3.372999668121338","3.372999668121338","3.372999668121338","10316","10316","10316","3.3910000324249268","3.3910000324249268","3.3910000324249268","10418","10418","10418","3.3799996376037598","3.3799996376037598","3.3799996376037598"
"234","10498","10498","10498","1.0119999647140503","1.0119999647140503","1.0119999647140503","10480","10480","10480","2.881999969482422","2.881999969482422","2.881999969482422","10582","10582","10582","3.124000072479248","3.124000072479248","3.124000072479248"
"235","10500","10500","10500","2.940999984741211","2.940999984741211","2.940999984741211","10482","10482","10482","3.0229997634887695","3.0229997634887695","3.0229997634887695","10584","10584","10584","3.0889997482299805","3.0889997482299805","3.0889997482299805"
"236","10502","10502","10502","1.0120000839233398","1.0120000839233398","1.0120000839233398","10484","10484","10484","3.072000026702881","3.072000026702881","3.072000026702881","10586","10586","10586","3.069999933242798","3.069999933242798","3.069999933242798"
"237","10504","10504","10504","1.2619993686676025","1.2619993686676025","1.2619993686676025","10486","10486","10486","3.2069997787475586","3.2069997787475586","3.2069997787475586","10588","10588","10588","3.2729997634887695","3.2729997634887695","3.2729997634887695"
"238","10506","10506","10506","3.1690001487731934","3.1690001487731934","3.1690001487731934","10488","10488","10488","3.3519997596740723","3.3519997596740723","3.3519997596740723","10590","10590","10590","3.263000011444092","3.263000011444092","3.263000011444092"
"239","10508","10508","10508","3.1710000038146973","3.1710000038146973","3.1710000038146973","10490","10490","10490","3.329000234603882","3.329000234603882","3.329000234603882","10592","10592","10592","3.332000255584717","3.332000255584717","3.332000255584717"
"240","10510","10510","10510","3.2559995651245117","3.2559995651245117","3.2559995651245117","10492","10492","10492","3.1999998092651367","3.1999998092651367","3.1999998092651367","10594","10594","10594","3.2019996643066406","3.2019996643066406","3.2019996643066406"
"241","10512","10512","10512","3.243000030517578","3.243000030517578","3.243000030517578","10494","10494","10494","3.3499999046325684","3.3499999046325684","3.3499999046325684","10596","10596","10596","3.36899995803833","3.36899995803833","3.36899995803833"
"242","10514","10514","10514","3.202000141143799","3.202000141143799","3.202000141143799","10496","10496","10496","3.375999927520752","3.375999927520752","3.375999927520752","10598","10598","10598","3.308000087738037","3.308000087738037","3.308000087738037"
"243","10677","10677","10677","1.0120000839233398","1.0120000839233398","1.0120000839233398","10658","10658","10658","3.011000156402588","3.011000156402588","3.011000156402588","10758","10758","10758","1.0120000839233398","1.0120000839233398","1.0120000839233398"
"244","10679","10679","10679","3.0339999198913574","3.0339999198913574","3.0339999198913574","10660","10660","10660","2.9820001125335693","2.9820001125335693","2.9820001125335693","10760","10760","10760","3.0890002250671387","3.0890002250671387","3.0890002250671387"
"245","10681","10681","10681","3.0190000534057617","3.0190000534057617","3.0190000534057617","10662","10662","10662","3.1010000705718994","3.1010000705718994","3.1010000705718994","10762","10762","10762","3.1540002822875977","3.1540002822875977","3.1540002822875977"
"246","10683","10683","10683","3.3339996337890625","3.3339996337890625","3.3339996337890625","10664","10664","10664","3.173999547958374","3.173999547958374","3.173999547958374","10764","10764","10764","3.234999656677246","3.234999656677246","3.234999656677246"
"247","10685","10685","10685","3.249000072479248","3.249000072479248","3.249000072479248","10666","10666","10666","3.3229997158050537","3.3229997158050537","3.3229997158050537","10766","10766","10766","3.3519997596740723","3.3519997596740723","3.3519997596740723"
"248","10687","10687","10687","3.183000326156616","3.183000326156616","3.183000326156616","10668","10668","10668","3.3319997787475586","3.3319997787475586","3.3319997787475586","10768","10768","10768","3.2709999084472656","3.2709999084472656","3.2709999084472656"
"249","10689","10689","10689","3.332000255584717","3.332000255584717","3.332000255584717","10670","10670","10670","3.2009997367858887","3.2009997367858887","3.2009997367858887","10770","10770","10770","3.190999984741211","3.190999984741211","3.190999984741211"
"250","10691","10691","10691","3.190000057220459","3.190000057220459","3.190000057220459","10672","10672","10672","3.3249998092651367","3.3249998092651367","3.3249998092651367","10772","10772","10772","3.3869996070861816","3.3869996070861816","3.3869996070861816"
"251","10693","10693","10693","3.2130000591278076","3.2130000591278076","3.2130000591278076","10674","10674","10674","3.303999900817871","3.303999900817871","3.303999900817871","10774","10774","10774","3.2109999656677246","3.2109999656677246","3.2109999656677246"
"252","10853","10853","10853","1.0120000839233398","1.0120000839233398","1.0120000839233398","10839","10839","10839","1.0119999647140503","1.0119999647140503","1.0119999647140503","10934","10934","10934","2.9549999237060547","2.9549999237060547","2.9549999237060547"
"253","10855","10855","10855","3.0460002422332764","3.0460002422332764","3.0460002422332764","10841","10841","10841","3.009000301361084","3.009000301361084","3.009000301361084","10936","10936","10936","3.0339999198913574","3.0339999198913574","3.0339999198913574"
"254","10857","10857","10857","0.9919999837875366","0.9919999837875366","0.9919999837875366","10843","10843","10843","0.9919998645782471","0.9919998645782471","0.9919998645782471","10938","10938","10938","0.9919999837875366","0.9919999837875366","0.9919999837875366"
"255","10859","10859","10859","3.3359994888305664","3.3359994888305664","3.3359994888305664","10845","10845","10845","3.1259994506835938","3.1259994506835938","3.1259994506835938","10940","10940","10940","3.1919994354248047","3.1919994354248047","3.1919994354248047"
"256","10861","10861","10861","3.3429999351501465","3.3429999351501465","3.3429999351501465","10847","10847","10847","3.309000015258789","3.309000015258789","3.309000015258789","10942","10942","10942","3.3309998512268066","3.3309998512268066","3.3309998512268066"
"257","10863","10863","10863","1.241999864578247","1.241999864578247","1.241999864578247","10849","10849","10849","3.3419997692108154","3.3419997692108154","3.3419997692108154","10944","10944","10944","3.3309998512268066","3.3309998512268066","3.3309998512268066"
"258","10865","10865","10865","3.331000328063965","3.331000328063965","3.331000328063965","10851","10851","10851","3.1579995155334473","3.1579995155334473","3.1579995155334473","10946","10946","10946","3.1710000038146973","3.1710000038146973","3.1710000038146973"
"259","10867","10867","10867","3.3919999599456787","3.3919999599456787","3.3919999599456787","10853","10853","10853","3.375","3.375","3.375","10948","10948","10948","3.320000171661377","3.320000171661377","3.320000171661377"
"260","10869","10869","10869","1.3419997692108154","1.3419997692108154","1.3419997692108154","10855","10855","10855","3.311000108718872","3.311000108718872","3.311000108718872","10950","10950","10950","3.3899998664855957","3.3899998664855957","3.3899998664855957"
"261","11035","11035","11035","1.0119998455047607","1.0119998455047607","1.0119998455047607","11019","11019","11019","1.0120000839233398","1.0120000839233398","1.0120000839233398","11112","11112","11112","1.0120002031326294","1.0120002031326294","1.0120002031326294"
"262","11037","11037","11037","2.9739999771118164","2.9739999771118164","2.9739999771118164","11021","11021","11021","3","3","3","11114","11114","11114","3.0900001525878906","3.0900001525878906","3.0900001525878906"
"263","11039","11039","11039","3.0269999504089355","3.0269999504089355","3.0269999504089355","11023","11023","11023","0.9919998645782471","0.9919998645782471","0.9919998645782471","11116","11116","11116","3.1100001335144043","3.1100001335144043","3.1100001335144043"
"264","11041","11041","11041","1.261999487876892","1.261999487876892","1.261999487876892","11025","11025","11025","3.237999677658081","3.237999677658081","3.237999677658081","11118","11118","11118","3.1999998092651367","3.1999998092651367","3.1999998092651367"
"265","11043","11043","11043","3.321000099182129","3.321000099182129","3.321000099182129","11027","11027","11027","3.3479998111724854","3.3479998111724854","3.3479998111724854","11120","11120","11120","3.3439998626708984","3.3439998626708984","3.3439998626708984"
"266","11045","11045","11045","3.260999917984009","3.260999917984009","3.260999917984009","11029","11029","11029","3.3409998416900635","3.3409998416900635","3.3409998416900635","11122","11122","11122","3.3420000076293945","3.3420000076293945","3.3420000076293945"
"267","11047","11047","11047","3.2609996795654297","3.2609996795654297","3.2609996795654297","11031","11031","11031","3.258999824523926","3.258999824523926","3.258999824523926","11124","11124","11124","3.190999984741211","3.190999984741211","3.190999984741211"
"268","11049","11049","11049","3.188000202178955","3.188000202178955","3.188000202178955","11033","11033","11033","3.177000045776367","3.177000045776367","3.177000045776367","11126","11126","11126","3.307000160217285","3.307000160217285","3.307000160217285"
"269","11051","11051","11051","1.2419997453689575","1.2419997453689575","1.2419997453689575","11035","11035","11035","3.2330000400543213","3.2330000400543213","3.2330000400543213","11128","11128","11128","3.322999954223633","3.322999954223633","3.322999954223633"
"270","11212","11212","11212","1.0120000839233398","1.0120000839233398","1.0120000839233398","11196","11196","11196","1.0119999647140503","1.0119999647140503","1.0119999647140503","11289","11289","11289","1.0120000839233398","1.0120000839233398","1.0120000839233398"
"271","11214","11214","11214","1.0120000839233398","1.0120000839233398","1.0120000839233398","11198","11198","11198","2.953000068664551","2.953000068664551","2.953000068664551","11291","11291","11291","3.0989999771118164","3.0989999771118164","3.0989999771118164"
"272","11216","11216","11216","3.0230002403259277","3.0230002403259277","3.0230002403259277","11200","11200","11200","3.0789999961853027","3.0789999961853027","3.0789999961853027","11293","11293","11293","0.9919998645782471","0.9919998645782471","0.9919998645782471"
"273","11218","11218","11218","3.2619996070861816","3.2619996070861816","3.2619996070861816","11202","11202","11202","3.228999614715576","3.228999614715576","3.228999614715576","11295","11295","11295","3.240999221801758","3.240999221801758","3.240999221801758"
"274","11220","11220","11220","3.243999719619751","3.243999719619751","3.243999719619751","11204","11204","11204","3.36299991607666","3.36299991607666","3.36299991607666","11297","11297","11297","3.3309998512268066","3.3309998512268066","3.3309998512268066"
"275","11222","11222","11222","1.241999864578247","1.241999864578247","1.241999864578247","11206","11206","11206","3.1740002632141113","3.1740002632141113","3.1740002632141113","11299","11299","11299","3.320000171661377","3.320000171661377","3.320000171661377"
"276","11224","11224","11224","3.2879996299743652","3.2879996299743652","3.2879996299743652","11208","11208","11208","3.253999710083008","3.253999710083008","3.253999710083008","11301","11301","11301","3.2609996795654297","3.2609996795654297","3.2609996795654297"
"277","11226","11226","11226","3.239000082015991","3.239000082015991","3.239000082015991","11210","11210","11210","3.358999729156494","3.358999729156494","3.358999729156494","11303","11303","11303","3.311999797821045","3.311999797821045","3.311999797821045"
"278","11228","11228","11228","3.199000120162964","3.199000120162964","3.199000120162964","11212","11212","11212","3.2210001945495605","3.2210001945495605","3.2210001945495605","11305","11305","11305","3.376999855041504","3.376999855041504","3.376999855041504"
"279","11394","11394","11394","3.119999885559082","3.119999885559082","3.119999885559082","11376","11376","11376","1.0119999647140503","1.0119999647140503","1.0119999647140503","11461","11461","11461","1.0120000839233398","1.0120000839233398","1.0120000839233398"
"280","11396","11396","11396","1.0120000839233398","1.0120000839233398","1.0120000839233398","11378","11378","11378","3.069000244140625","3.069000244140625","3.069000244140625","11463","11463","11463","3.070000171661377","3.070000171661377","3.070000171661377"
"281","11398","11398","11398","0.812000036239624","0.812000036239624","0.812000036239624","11380","11380","11380","1.0119998455047607","1.0119998455047607","1.0119998455047607","11465","11465","11465","0.9919998645782471","0.9919998645782471","0.9919998645782471"
"282","11400","11400","11400","3.2639994621276855","3.2639994621276855","3.2639994621276855","11382","11382","11382","3.2699997425079346","3.2699997425079346","3.2699997425079346","11467","11467","11467","3.244999408721924","3.244999408721924","3.244999408721924"
"283","11402","11402","11402","3.3409998416900635","3.3409998416900635","3.3409998416900635","11384","11384","11384","3.2619998455047607","3.2619998455047607","3.2619998455047607","11469","11469","11469","1.241999864578247","1.241999864578247","1.241999864578247"
"284","11404","11404","11404","3.238999843597412","3.238999843597412","3.238999843597412","11386","11386","11386","3.3449997901916504","3.3449997901916504","3.3449997901916504","11471","11471","11471","3.3439998626708984","3.3439998626708984","3.3439998626708984"
"285","11406","11406","11406","3.2719998359680176","3.2719998359680176","3.2719998359680176","11388","11388","11388","3.2890000343322754","3.2890000343322754","3.2890000343322754","11473","11473","11473","3.1579995155334473","3.1579995155334473","3.1579995155334473"
"286","11408","11408","11408","3.373000144958496","3.373000144958496","3.373000144958496","11390","11390","11390","3.374999761581421","3.374999761581421","3.374999761581421","11475","11475","11475","3.38700008392334","3.38700008392334","3.38700008392334"
"287","11410","11410","11410","3.2160000801086426","3.2160000801086426","3.2160000801086426","11392","11392","11392","3.372999668121338","3.372999668121338","3.372999668121338","11477","11477","11477","3.3849997520446777","3.3849997520446777","3.3849997520446777"
"288","11573","11573","11573","1.0119999647140503","1.0119999647140503","1.0119999647140503","11553","11553","11553","1.0120002031326294","1.0120002031326294","1.0120002031326294","11640","11640","11640","1.0120000839233398","1.0120000839233398","1.0120000839233398"
"289","11575","11575","11575","2.9770002365112305","2.9770002365112305","2.9770002365112305","11555","11555","11555","3.0290000438690186","3.0290000438690186","3.0290000438690186","11642","11642","11642","3.0410001277923584","3.0410001277923584","3.0410001277923584"
"290","11577","11577","11577","1.012000322341919","1.012000322341919","1.012000322341919","11557","11557","11557","3.065000057220459","3.065000057220459","3.065000057220459","11644","11644","11644","0.9919998645782471","0.9919998645782471","0.9919998645782471"
"291","11579","11579","11579","3.298999786376953","3.298999786376953","3.298999786376953","11559","11559","11559","3.2739996910095215","3.2739996910095215","3.2739996910095215","11646","11646","11646","3.2559995651245117","3.2559995651245117","3.2559995651245117"
"292","11581","11581","11581","3.242999792098999","3.242999792098999","3.242999792098999","11561","11561","11561","3.3319997787475586","3.3319997787475586","3.3319997787475586","11648","11648","11648","3.309000015258789","3.309000015258789","3.309000015258789"
"293","11583","11583","11583","3.1489999294281006","3.1489999294281006","3.1489999294281006","11563","11563","11563","3.1590001583099365","3.1590001583099365","3.1590001583099365","11650","11650","11650","3.3350000381469727","3.3350000381469727","3.3350000381469727"
"294","11585","11585","11585","3.2849998474121094","3.2849998474121094","3.2849998474121094","11565","11565","11565","3.292999744415283","3.292999744415283","3.292999744415283","11652","11652","11652","3.227999687194824","3.227999687194824","3.227999687194824"
"295","11587","11587","11587","3.240000009536743","3.240000009536743","3.240000009536743","11567","11567","11567","3.2849998474121094","3.2849998474121094","3.2849998474121094","11654","11654","11654","3.3869996070861816","3.3869996070861816","3.3869996070861816"
"296","11589","11589","11589","3.198000192642212","3.198000192642212","3.198000192642212","11569","11569","11569","3.321000099182129","3.321000099182129","3.321000099182129","11656","11656","11656","3.4089999198913574","3.4089999198913574","3.4089999198913574"
"297","11751","11751","11751","1.0120000839233398","1.0120000839233398","1.0120000839233398","11727","11727","11727","3.046999931335449","3.046999931335449","3.046999931335449","11814","11814","11814","1.0120000839233398","1.0120000839233398","1.0120000839233398"
"298","11753","11753","11753","0.9919998645782471","0.9919998645782471","0.9919998645782471","11729","11729","11729","3.0159997940063477","3.0159997940063477","3.0159997940063477","11816","11816","11816","3.0109996795654297","3.0109996795654297","3.0109996795654297"
"299","11755","11755","11755","3.0190000534057617","3.0190000534057617","3.0190000534057617","11731","11731","11731","0.9920001029968262","0.9920001029968262","0.9920001029968262","11818","11818","11818","0.9919998645782471","0.9919998645782471","0.9919998645782471"
"300","11757","11757","11757","3.305999755859375","3.305999755859375","3.305999755859375","11733","11733","11733","3.238999605178833","3.238999605178833","3.238999605178833","11820","11820","11820","3.240999221801758","3.240999221801758","3.240999221801758"
"301","11759","11759","11759","3.246999740600586","3.246999740600586","3.246999740600586","11735","11735","11735","3.2199997901916504","3.2199997901916504","3.2199997901916504","11822","11822","11822","3.299999713897705","3.299999713897705","3.299999713897705"
"302","11761","11761","11761","3.259999990463257","3.259999990463257","3.259999990463257","11737","11737","11737","3.36299991607666","3.36299991607666","3.36299991607666","11824","11824","11824","3.317999839782715","3.317999839782715","3.317999839782715"
"303","11763","11763","11763","3.288999557495117","3.288999557495117","3.288999557495117","11739","11739","11739","3.2569994926452637","3.2569994926452637","3.2569994926452637","11826","11826","11826","3.258999824523926","3.258999824523926","3.258999824523926"
"304","11765","11765","11765","3.2689998149871826","3.2689998149871826","3.2689998149871826","11741","11741","11741","3.200000286102295","3.200000286102295","3.200000286102295","11828","11828","11828","3.369999885559082","3.369999885559082","3.369999885559082"
"305","11767","11767","11767","3.199000120162964","3.199000120162964","3.199000120162964","11743","11743","11743","3.3239998817443848","3.3239998817443848","3.3239998817443848","11830","11830","11830","3.3849997520446777","3.3849997520446777","3.3849997520446777"
"306","11931","11931","11931","1.0119999647140503","1.0119999647140503","1.0119999647140503","11908","11908","11908","1.0120000839233398","1.0120000839233398","1.0120000839233398","11995","11995","11995","1.0119999647140503","1.0119999647140503","1.0119999647140503"
"307","11933","11933","11933","3.067000389099121","3.067000389099121","3.067000389099121","11910","11910","11910","0.9919997453689575","0.9919997453689575","0.9919997453689575","11997","11997","11997","3.0289998054504395","3.0289998054504395","3.0289998054504395"
"308","11935","11935","11935","3.0500001907348633","3.0500001907348633","3.0500001907348633","11912","11912","11912","3.0219998359680176","3.0219998359680176","3.0219998359680176","11999","11999","11999","3.0850000381469727","3.0850000381469727","3.0850000381469727"
"309","11937","11937","11937","3.3369998931884766","3.3369998931884766","3.3369998931884766","11914","11914","11914","3.3409996032714844","3.3409996032714844","3.3409996032714844","12001","12001","12001","3.2139992713928223","3.2139992713928223","3.2139992713928223"
"310","11939","11939","11939","3.325000047683716","3.325000047683716","3.325000047683716","11916","11916","11916","3.3399996757507324","3.3399996757507324","3.3399996757507324","12003","12003","12003","3.3319997787475586","3.3319997787475586","3.3319997787475586"
"311","11941","11941","11941","3.2299997806549072","3.2299997806549072","3.2299997806549072","11918","11918","11918","3.3469996452331543","3.3469996452331543","3.3469996452331543","12005","12005","12005","3.3330001831054688","3.3330001831054688","3.3330001831054688"
"312","11943","11943","11943","3.309000015258789","3.309000015258789","3.309000015258789","11920","11920","11920","3.317000389099121","3.317000389099121","3.317000389099121","12007","12007","12007","3.249999523162842","3.249999523162842","3.249999523162842"
"313","11945","11945","11945","3.3580000400543213","3.3580000400543213","3.3580000400543213","11922","11922","11922","3.1750001907348633","3.1750001907348633","3.1750001907348633","12009","12009","12009","3.375","3.375","3.375"
"314","11947","11947","11947","1.2419997453689575","1.2419997453689575","1.2419997453689575","11924","11924","11924","3.2079999446868896","3.2079999446868896","3.2079999446868896","12011","12011","12011","3.388000011444092","3.388000011444092","3.388000011444092"
"315","12112","12112","12112","1.0120000839233398","1.0120000839233398","1.0120000839233398","12088","12088","12088","1.0120000839233398","1.0120000839233398","1.0120000839233398","12167","12167","12167","2.942999839782715","2.942999839782715","2.942999839782715"
"316","12114","12114","12114","2.941999912261963","2.941999912261963","2.941999912261963","12090","12090","12090","2.927000045776367","2.927000045776367","2.927000045776367","12169","12169","12169","3.053999900817871","3.053999900817871","3.053999900817871"
"317","12116","12116","12116","3.005000114440918","3.005000114440918","3.005000114440918","12092","12092","12092","3.0270001888275146","3.0270001888275146","3.0270001888275146","12171","12171","12171","3.1389999389648438","3.1389999389648438","3.1389999389648438"
"318","12118","12118","12118","3.245999336242676","3.245999336242676","3.245999336242676","12094","12094","12094","3.2769999504089355","3.2769999504089355","3.2769999504089355","12173","12173","12173","3.2129998207092285","3.2129998207092285","3.2129998207092285"
"319","12120","12120","12120","3.313999891281128","3.313999891281128","3.313999891281128","12096","12096","12096","3.3319997787475586","3.3319997787475586","3.3319997787475586","12175","12175","12175","3.292999744415283","3.292999744415283","3.292999744415283"
"320","12122","12122","12122","3.241999864578247","3.241999864578247","3.241999864578247","12098","12098","12098","3.259999990463257","3.259999990463257","3.259999990463257","12177","12177","12177","3.3480000495910645","3.3480000495910645","3.3480000495910645"
"321","12124","12124","12124","3.240999698638916","3.240999698638916","3.240999698638916","12100","12100","12100","3.066999912261963","3.066999912261963","3.066999912261963","12179","12179","12179","3.190999984741211","3.190999984741211","3.190999984741211"
"322","12126","12126","12126","3.248999834060669","3.248999834060669","3.248999834060669","12102","12102","12102","3.3980000019073486","3.3980000019073486","3.3980000019073486","12181","12181","12181","3.3899998664855957","3.3899998664855957","3.3899998664855957"
"323","12128","12128","12128","3.202000141143799","3.202000141143799","3.202000141143799","12104","12104","12104","3.2290000915527344","3.2290000915527344","3.2290000915527344","12183","12183","12183","3.372000217437744","3.372000217437744","3.372000217437744"
"324","12292","12292","12292","1.0120002031326294","1.0120002031326294","1.0120002031326294","12262","12262","12262","1.0120000839233398","1.0120000839233398","1.0120000839233398","12349","12349","12349","1.0120000839233398","1.0120000839233398","1.0120000839233398"
"325","12294","12294","12294","3.0399999618530273","3.0399999618530273","3.0399999618530273","12264","12264","12264","3.065000057220459","3.065000057220459","3.065000057220459","12351","12351","12351","3.111999988555908","3.111999988555908","3.111999988555908"
"326","12296","12296","12296","3.057999849319458","3.057999849319458","3.057999849319458","12266","12266","12266","3.0160000324249268","3.0160000324249268","3.0160000324249268","12353","12353","12353","3.1349997520446777","3.1349997520446777","3.1349997520446777"
"327","12298","12298","12298","3.24299955368042","3.24299955368042","3.24299955368042","12268","12268","12268","3.2649998664855957","3.2649998664855957","3.2649998664855957","12355","12355","12355","3.2669997215270996","3.2669997215270996","3.2669997215270996"
"328","12300","12300","12300","3.3420000076293945","3.3420000076293945","3.3420000076293945","12270","12270","12270","3.3310000896453857","3.3310000896453857","3.3310000896453857","12357","12357","12357","1.241999864578247","1.241999864578247","1.241999864578247"
"329","12302","12302","12302","3.242999792098999","3.242999792098999","3.242999792098999","12272","12272","12272","3.232999801635742","3.232999801635742","3.232999801635742","12359","12359","12359","3.3420000076293945","3.3420000076293945","3.3420000076293945"
"330","12304","12304","12304","3.302999496459961","3.302999496459961","3.302999496459961","12274","12274","12274","3.0869998931884766","3.0869998931884766","3.0869998931884766","12361","12361","12361","3.2809996604919434","3.2809996604919434","3.2809996604919434"
"331","12306","12306","12306","3.2639999389648438","3.2639999389648438","3.2639999389648438","12276","12276","12276","3.2919998168945312","3.2919998168945312","3.2919998168945312","12363","12363","12363","3.388000011444092","3.388000011444092","3.388000011444092"
"332","12308","12308","12308","3.372999668121338","3.372999668121338","3.372999668121338","12278","12278","12278","3.4130001068115234","3.4130001068115234","3.4130001068115234","12365","12365","12365","3.311999797821045","3.311999797821045","3.311999797821045"
"333","12469","12469","12469","1.0120000839233398","1.0120000839233398","1.0120000839233398","12441","12441","12441","1.0120002031326294","1.0120002031326294","1.0120002031326294","12529","12529","12529","1.0120000839233398","1.0120000839233398","1.0120000839233398"
"334","12471","12471","12471","2.9720001220703125","2.9720001220703125","2.9720001220703125","12443","12443","12443","2.861999988555908","2.861999988555908","2.861999988555908","12531","12531","12531","3.0299997329711914","3.0299997329711914","3.0299997329711914"
"335","12473","12473","12473","2.992000102996826","2.992000102996826","2.992000102996826","12445","12445","12445","3.114000082015991","3.114000082015991","3.114000082015991","12533","12533","12533","3.123000144958496","3.123000144958496","3.123000144958496"
"336","12475","12475","12475","3.2619996070861816","3.2619996070861816","3.2619996070861816","12447","12447","12447","3.239999532699585","3.239999532699585","3.239999532699585","12535","12535","12535","3.2779998779296875","3.2779998779296875","3.2779998779296875"
"337","12477","12477","12477","3.3409998416900635","3.3409998416900635","3.3409998416900635","12449","12449","12449","3.2849998474121094","3.2849998474121094","3.2849998474121094","12537","12537","12537","3.3400001525878906","3.3400001525878906","3.3400001525878906"
"338","12479","12479","12479","3.260999917984009","3.260999917984009","3.260999917984009","12451","12451","12451","3.239999771118164","3.239999771118164","3.239999771118164","12539","12539","12539","3.3439998626708984","3.3439998626708984","3.3439998626708984"
"339","12481","12481","12481","3.2849998474121094","3.2849998474121094","3.2849998474121094","12453","12453","12453","3.2639999389648438","3.2639999389648438","3.2639999389648438","12541","12541","12541","3.2820000648498535","3.2820000648498535","3.2820000648498535"
"340","12483","12483","12483","3.38700008392334","3.38700008392334","3.38700008392334","12455","12455","12455","3.189000129699707","3.189000129699707","3.189000129699707","12543","12543","12543","3.3550000190734863","3.3550000190734863","3.3550000190734863"
"341","12485","12485","12485","1.4819997549057007","1.4819997549057007","1.4819997549057007","12457","12457","12457","3.4009997844696045","3.4009997844696045","3.4009997844696045","12545","12545","12545","3.2210001945495605","3.2210001945495605","3.2210001945495605"
"342","12657","12657","12657","1.0120000839233398","1.0120000839233398","1.0120000839233398","12623","12623","12623","1.0120000839233398","1.0120000839233398","1.0120000839233398","12702","12702","12702","1.0119999647140503","1.0119999647140503","1.0119999647140503"
"343","12659","12659","12659","1.0120002031326294","1.0120002031326294","1.0120002031326294","12625","12625","12625","3.0889997482299805","3.0889997482299805","3.0889997482299805","12704","12704","12704","3.121999740600586","3.121999740600586","3.121999740600586"
"344","12661","12661","12661","3.0190000534057617","3.0190000534057617","3.0190000534057617","12627","12627","12627","3.0190000534057617","3.0190000534057617","3.0190000534057617","12706","12706","12706","3.0930004119873047","3.0930004119873047","3.0930004119873047"
"345","12663","12663","12663","3.2669997215270996","3.2669997215270996","3.2669997215270996","12629","12629","12629","3.246999740600586","3.246999740600586","3.246999740600586","12708","12708","12708","3.2199997901916504","3.2199997901916504","3.2199997901916504"
"346","12665","12665","12665","3.246999740600586","3.246999740600586","3.246999740600586","12631","12631","12631","3.3540000915527344","3.3540000915527344","3.3540000915527344","12710","12710","12710","3.26200008392334","3.26200008392334","3.26200008392334"
"347","12667","12667","12667","3.24399995803833","3.24399995803833","3.24399995803833","12633","12633","12633","3.327000141143799","3.327000141143799","3.327000141143799","12712","12712","12712","3.3439998626708984","3.3439998626708984","3.3439998626708984"
"348","12669","12669","12669","3.23799991607666","3.23799991607666","3.23799991607666","12635","12635","12635","3.2549996376037598","3.2549996376037598","3.2549996376037598","12714","12714","12714","3.2319998741149902","3.2319998741149902","3.2319998741149902"
"349","12671","12671","12671","3.246999979019165","3.246999979019165","3.246999979019165","12637","12637","12637","3.3939995765686035","3.3939995765686035","3.3939995765686035","12716","12716","12716","3.181999683380127","3.181999683380127","3.181999683380127"
"350","12673","12673","12673","3.3929996490478516","3.3929996490478516","3.3929996490478516","12639","12639","12639","3.246000289916992","3.246000289916992","3.246000289916992","12718","12718","12718","3.316999912261963","3.316999912261963","3.316999912261963"
"351","12833","12833","12833","1.0120000839233398","1.0120000839233398","1.0120000839233398","12802","12802","12802","1.0119999647140503","1.0119999647140503","1.0119999647140503","12882","12882","12882","2.924999713897705","2.924999713897705","2.924999713897705"
"352","12835","12835","12835","1.0120000839233398","1.0120000839233398","1.0120000839233398","12804","12804","12804","3.070000171661377","3.070000171661377","3.070000171661377","12884","12884","12884","3.0989999771118164","3.0989999771118164","3.0989999771118164"
"353","12837","12837","12837","3.0840001106262207","3.0840001106262207","3.0840001106262207","12806","12806","12806","0.9919998645782471","0.9919998645782471","0.9919998645782471","12886","12886","12886","3.065000057220459","3.065000057220459","3.065000057220459"
"354","12839","12839","12839","3.2759995460510254","3.2759995460510254","3.2759995460510254","12808","12808","12808","3.0349998474121094","3.0349998474121094","3.0349998474121094","12888","12888","12888","3.193999767303467","3.193999767303467","3.193999767303467"
"355","12841","12841","12841","3.2579996585845947","3.2579996585845947","3.2579996585845947","12810","12810","12810","3.3440001010894775","3.3440001010894775","3.3440001010894775","12890","12890","12890","3.258999824523926","3.258999824523926","3.258999824523926"
"356","12843","12843","12843","3.2289998531341553","3.2289998531341553","3.2289998531341553","12812","12812","12812","3.3509998321533203","3.3509998321533203","3.3509998321533203","12892","12892","12892","3.332000255584717","3.332000255584717","3.332000255584717"
"357","12845","12845","12845","3.2839999198913574","3.2839999198913574","3.2839999198913574","12814","12814","12814","3.2919998168945312","3.2919998168945312","3.2919998168945312","12894","12894","12894","3.172999858856201","3.172999858856201","3.172999858856201"
"358","12847","12847","12847","3.244999885559082","3.244999885559082","3.244999885559082","12816","12816","12816","3.2769999504089355","3.2769999504089355","3.2769999504089355","12896","12896","12896","3.3899998664855957","3.3899998664855957","3.3899998664855957"
"359","12849","12849","12849","3.2019999027252197","3.2019999027252197","3.2019999027252197","12818","12818","12818","3.390000104904175","3.390000104904175","3.390000104904175","12898","12898","12898","3.307000160217285","3.307000160217285","3.307000160217285"
"360","13012","13012","13012","1.0120000839233398","1.0120000839233398","1.0120000839233398","12982","12982","12982","1.0119999647140503","1.0119999647140503","1.0119999647140503","13058","13058","13058","1.0120000839233398","1.0120000839233398","1.0120000839233398"
"361","13014","13014","13014","1.0120002031326294","1.0120002031326294","1.0120002031326294","12984","12984","12984","3.059999942779541","3.059999942779541","3.059999942779541","13060","13060","13060","3.0320000648498535","3.0320000648498535","3.0320000648498535"
"362","13016","13016","13016","3.0240001678466797","3.0240001678466797","3.0240001678466797","12986","12986","12986","3.0270001888275146","3.0270001888275146","3.0270001888275146","13062","13062","13062","3.130000114440918","3.130000114440918","3.130000114440918"
"363","13018","13018","13018","3.316999912261963","3.316999912261963","3.316999912261963","12988","12988","12988","3.263000011444092","3.263000011444092","3.263000011444092","13064","13064","13064","3.240999221801758","3.240999221801758","3.240999221801758"
"364","13020","13020","13020","3.246999740600586","3.246999740600586","3.246999740600586","12990","12990","12990","3.240999937057495","3.240999937057495","3.240999937057495","13066","13066","13066","3.2859997749328613","3.2859997749328613","3.2859997749328613"
"365","13022","13022","13022","3.247999906539917","3.247999906539917","3.247999906539917","12992","12992","12992","3.3389997482299805","3.3389997482299805","3.3389997482299805","13068","13068","13068","3.3309998512268066","3.3309998512268066","3.3309998512268066"
"366","13024","13024","13024","3.307000160217285","3.307000160217285","3.307000160217285","12994","12994","12994","3.3299999237060547","3.3299999237060547","3.3299999237060547","13070","13070","13070","3.253999710083008","3.253999710083008","3.253999710083008"
"367","13026","13026","13026","3.3580000400543213","3.3580000400543213","3.3580000400543213","12996","12996","12996","3.17900013923645","3.17900013923645","3.17900013923645","13072","13072","13072","3.323000431060791","3.323000431060791","3.323000431060791"
"368","13028","13028","13028","3.202000141143799","3.202000141143799","3.202000141143799","12998","12998","12998","3.36199951171875","3.36199951171875","3.36199951171875","13074","13074","13074","3.383999824523926","3.383999824523926","3.383999824523926"
"369","13188","13188","13188","1.0120000839233398","1.0120000839233398","1.0120000839233398","13165","13165","13165","1.0120000839233398","1.0120000839233398","1.0120000839233398","13236","13236","13236","1.0120002031326294","1.0120002031326294","1.0120002031326294"
"370","13190","13190","13190","1.0120000839233398","1.0120000839233398","1.0120000839233398","13167","13167","13167","3.056999921798706","3.056999921798706","3.056999921798706","13238","13238","13238","3.0199999809265137","3.0199999809265137","3.0199999809265137"
"371","13192","13192","13192","2.999000072479248","2.999000072479248","2.999000072479248","13169","13169","13169","3.0960001945495605","3.0960001945495605","3.0960001945495605","13240","13240","13240","0.9919998645782471","0.9919998645782471","0.9919998645782471"
"372","13194","13194","13194","3.312999725341797","3.312999725341797","3.312999725341797","13171","13171","13171","3.24899959564209","3.24899959564209","3.24899959564209","13242","13242","13242","3.256999969482422","3.256999969482422","3.256999969482422"
"373","13196","13196","13196","3.3390002250671387","3.3390002250671387","3.3390002250671387","13173","13173","13173","3.1620001792907715","3.1620001792907715","3.1620001792907715","13244","13244","13244","3.312000274658203","3.312000274658203","3.312000274658203"
"374","13198","13198","13198","3.252999782562256","3.252999782562256","3.252999782562256","13175","13175","13175","3.250999927520752","3.250999927520752","3.250999927520752","13246","13246","13246","3.322000026702881","3.322000026702881","3.322000026702881"
"375","13200","13200","13200","3.316999912261963","3.316999912261963","3.316999912261963","13177","13177","13177","3.2649998664855957","3.2649998664855957","3.2649998664855957","13248","13248","13248","3.2799997329711914","3.2799997329711914","3.2799997329711914"
"376","13202","13202","13202","3.3560001850128174","3.3560001850128174","3.3560001850128174","13179","13179","13179","3.2679996490478516","3.2679996490478516","3.2679996490478516","13250","13250","13250","3.309999942779541","3.309999942779541","3.309999942779541"
"377","13204","13204","13204","3.202000141143799","3.202000141143799","3.202000141143799","13181","13181","13181","3.2230000495910645","3.2230000495910645","3.2230000495910645","13252","13252","13252","3.3849997520446777","3.3849997520446777","3.3849997520446777"
"378","13367","13367","13367","1.0119999647140503","1.0119999647140503","1.0119999647140503","13349","13349","13349","3.0500001907348633","3.0500001907348633","3.0500001907348633","13415","13415","13415","3.060999870300293","3.060999870300293","3.060999870300293"
"379","13369","13369","13369","1.0120002031326294","1.0120002031326294","1.0120002031326294","13351","13351","13351","3.0320000648498535","3.0320000648498535","3.0320000648498535","13417","13417","13417","3.0980000495910645","3.0980000495910645","3.0980000495910645"
"380","13371","13371","13371","2.9760000705718994","2.9760000705718994","2.9760000705718994","13353","13353","13353","0.9919998645782471","0.9919998645782471","0.9919998645782471","13419","13419","13419","0.9919997453689575","0.9919997453689575","0.9919997453689575"
"381","13373","13373","13373","3.2759995460510254","3.2759995460510254","3.2759995460510254","13355","13355","13355","3.2609996795654297","3.2609996795654297","3.2609996795654297","13421","13421","13421","3.2749996185302734","3.2749996185302734","3.2749996185302734"
"382","13375","13375","13375","3.2009999752044678","3.2009999752044678","3.2009999752044678","13357","13357","13357","3.2820000648498535","3.2820000648498535","3.2820000648498535","13423","13423","13423","3.3450002670288086","3.3450002670288086","3.3450002670288086"
"383","13377","13377","13377","3.259999990463257","3.259999990463257","3.259999990463257","13359","13359","13359","3.3359999656677246","3.3359999656677246","3.3359999656677246","13425","13425","13425","3.3480000495910645","3.3480000495910645","3.3480000495910645"
"384","13379","13379","13379","3.2839999198913574","3.2839999198913574","3.2839999198913574","13361","13361","13361","3.2769994735717773","3.2769994735717773","3.2769994735717773","13427","13427","13427","3.2829999923706055","3.2829999923706055","3.2829999923706055"
"385","13381","13381","13381","3.183000087738037","3.183000087738037","3.183000087738037","13363","13363","13363","3.2300000190734863","3.2300000190734863","3.2300000190734863","13429","13429","13429","3.38700008392334","3.38700008392334","3.38700008392334"
"386","13383","13383","13383","3.2290000915527344","3.2290000915527344","3.2290000915527344","13365","13365","13365","3.360999822616577","3.360999822616577","3.360999822616577","13431","13431","13431","3.3859996795654297","3.3859996795654297","3.3859996795654297"
"387","13549","13549","13549","1.0119999647140503","1.0119999647140503","1.0119999647140503","13524","13524","13524","1.0120000839233398","1.0120000839233398","1.0120000839233398","13589","13589","13589","1.0120000839233398","1.0120000839233398","1.0120000839233398"
"388","13551","13551","13551","3.0320000648498535","3.0320000648498535","3.0320000648498535","13526","13526","13526","3.13100004196167","3.13100004196167","3.13100004196167","13591","13591","13591","3.0460000038146973","3.0460000038146973","3.0460000038146973"
"389","13553","13553","13553","3.061999797821045","3.061999797821045","3.061999797821045","13528","13528","13528","3.058000087738037","3.058000087738037","3.058000087738037","13593","13593","13593","3.081000328063965","3.081000328063965","3.081000328063965"
"390","13555","13555","13555","3.0359997749328613","3.0359997749328613","3.0359997749328613","13530","13530","13530","3.2549996376037598","3.2549996376037598","3.2549996376037598","13595","13595","13595","3.2749996185302734","3.2749996185302734","3.2749996185302734"
"391","13557","13557","13557","3.25","3.25","3.25","13532","13532","13532","3.322000026702881","3.322000026702881","3.322000026702881","13597","13597","13597","3.1700000762939453","3.1700000762939453","3.1700000762939453"
"392","13559","13559","13559","3.2259998321533203","3.2259998321533203","3.2259998321533203","13534","13534","13534","3.2769997119903564","3.2769997119903564","3.2769997119903564","13599","13599","13599","3.3590002059936523","3.3590002059936523","3.3590002059936523"
"393","13561","13561","13561","3.2719998359680176","3.2719998359680176","3.2719998359680176","13536","13536","13536","3.2849998474121094","3.2849998474121094","3.2849998474121094","13601","13601","13601","3.2699999809265137","3.2699999809265137","3.2699999809265137"
"394","13563","13563","13563","3.235999822616577","3.235999822616577","3.235999822616577","13538","13538","13538","3.2400002479553223","3.2400002479553223","3.2400002479553223","13603","13603","13603","3.354999542236328","3.354999542236328","3.354999542236328"
"395","13565","13565","13565","3.198000192642212","3.198000192642212","3.198000192642212","13540","13540","13540","3.372999906539917","3.372999906539917","3.372999906539917","13605","13605","13605","3.309999942779541","3.309999942779541","3.309999942779541"
"396","13730","13730","13730","1.0120000839233398","1.0120000839233398","1.0120000839233398","13704","13704","13704","1.0120000839233398","1.0120000839233398","1.0120000839233398","13766","13766","13766","1.0119999647140503","1.0119999647140503","1.0119999647140503"
"397","13732","13732","13732","1.0120000839233398","1.0120000839233398","1.0120000839233398","13706","13706","13706","2.982999801635742","2.982999801635742","2.982999801635742","13768","13768","13768","3.010999917984009","3.010999917984009","3.010999917984009"
"398","13734","13734","13734","2.997000217437744","2.997000217437744","2.997000217437744","13708","13708","13708","3.052999973297119","3.052999973297119","3.052999973297119","13770","13770","13770","3.1110000610351562","3.1110000610351562","3.1110000610351562"
"399","13736","13736","13736","3.2759995460510254","3.2759995460510254","3.2759995460510254","13710","13710","13710","3.243999481201172","3.243999481201172","3.243999481201172","13772","13772","13772","3.2809996604919434","3.2809996604919434","3.2809996604919434"
"400","13738","13738","13738","3.3330001831054688","3.3330001831054688","3.3330001831054688","13712","13712","13712","3.2960000038146973","3.2960000038146973","3.2960000038146973","13774","13774","13774","3.3470001220703125","3.3470001220703125","3.3470001220703125"
"401","13740","13740","13740","3.250999927520752","3.250999927520752","3.250999927520752","13714","13714","13714","3.1519999504089355","3.1519999504089355","3.1519999504089355","13776","13776","13776","3.3429999351501465","3.3429999351501465","3.3429999351501465"
"402","13742","13742","13742","3.2849998474121094","3.2849998474121094","3.2849998474121094","13716","13716","13716","3.2799997329711914","3.2799997329711914","3.2799997329711914","13778","13778","13778","3.2659997940063477","3.2659997940063477","3.2659997940063477"
"403","13744","13744","13744","3.248999834060669","3.248999834060669","3.248999834060669","13718","13718","13718","3.2609996795654297","3.2609996795654297","3.2609996795654297","13780","13780","13780","3.363999843597412","3.363999843597412","3.363999843597412"
"404","13746","13746","13746","3.199000120162964","3.199000120162964","3.199000120162964","13720","13720","13720","3.2319998741149902","3.2319998741149902","3.2319998741149902","13782","13782","13782","3.3899998664855957","3.3899998664855957","3.3899998664855957"
"405","13908","13908","13908","1.0120000839233398","1.0120000839233398","1.0120000839233398","13879","13879","13879","3.010999917984009","3.010999917984009","3.010999917984009","13942","13942","13942","3.0339999198913574","3.0339999198913574","3.0339999198913574"
"406","13910","13910","13910","3.070000171661377","3.070000171661377","3.070000171661377","13881","13881","13881","2.990999937057495","2.990999937057495","2.990999937057495","13944","13944","13944","3.0850000381469727","3.0850000381469727","3.0850000381469727"
"407","13912","13912","13912","2.9700002670288086","2.9700002670288086","2.9700002670288086","13883","13883","13883","3.0180001258850098","3.0180001258850098","3.0180001258850098","13946","13946","13946","0.9919998645782471","0.9919998645782471","0.9919998645782471"
"408","13914","13914","13914","3.2629995346069336","3.2629995346069336","3.2629995346069336","13885","13885","13885","3.240999698638916","3.240999698638916","3.240999698638916","13948","13948","13948","3.2599997520446777","3.2599997520446777","3.2599997520446777"
"409","13916","13916","13916","3.241999864578247","3.241999864578247","3.241999864578247","13887","13887","13887","3.316999673843384","3.316999673843384","3.316999673843384","13950","13950","13950","3.3420000076293945","3.3420000076293945","3.3420000076293945"
"410","13918","13918","13918","3.250999927520752","3.250999927520752","3.250999927520752","13889","13889","13889","3.172999858856201","3.172999858856201","3.172999858856201","13952","13952","13952","3.3359999656677246","3.3359999656677246","3.3359999656677246"
"411","13920","13920","13920","3.2719998359680176","3.2719998359680176","3.2719998359680176","13891","13891","13891","3.181999683380127","3.181999683380127","3.181999683380127","13954","13954","13954","3.2699999809265137","3.2699999809265137","3.2699999809265137"
"412","13922","13922","13922","3.2279999256134033","3.2279999256134033","3.2279999256134033","13893","13893","13893","3.205000400543213","3.205000400543213","3.205000400543213","13956","13956","13956","3.382999897003174","3.382999897003174","3.382999897003174"
"413","13924","13924","13924","3.197999954223633","3.197999954223633","3.197999954223633","13895","13895","13895","3.205000162124634","3.205000162124634","3.205000162124634","13958","13958","13958","3.2200002670288086","3.2200002670288086","3.2200002670288086"
"414","14090","14090","14090","1.0120000839233398","1.0120000839233398","1.0120000839233398","14062","14062","14062","1.0119999647140503","1.0119999647140503","1.0119999647140503","14123","14123","14123","1.0120000839233398","1.0120000839233398","1.0120000839233398"
"415","14092","14092","14092","3.063000202178955","3.063000202178955","3.063000202178955","14064","14064","14064","3.052999973297119","3.052999973297119","3.052999973297119","14125","14125","14125","2.8979997634887695","2.8979997634887695","2.8979997634887695"
"416","14094","14094","14094","3.059999942779541","3.059999942779541","3.059999942779541","14066","14066","14066","0.9919997453689575","0.9919997453689575","0.9919997453689575","14127","14127","14127","3.125999927520752","3.125999927520752","3.125999927520752"
"417","14096","14096","14096","3.0250000953674316","3.0250000953674316","3.0250000953674316","14068","14068","14068","3.24899959564209","3.24899959564209","3.24899959564209","14129","14129","14129","3.2009992599487305","3.2009992599487305","3.2009992599487305"
"418","14098","14098","14098","3.306000232696533","3.306000232696533","3.306000232696533","14070","14070","14070","3.173999786376953","3.173999786376953","3.173999786376953","14131","14131","14131","3.3460001945495605","3.3460001945495605","3.3460001945495605"
"419","14100","14100","14100","3.250999927520752","3.250999927520752","3.250999927520752","14072","14072","14072","3.187999963760376","3.187999963760376","3.187999963760376","14133","14133","14133","3.3400001525878906","3.3400001525878906","3.3400001525878906"
"420","14102","14102","14102","3.298999786376953","3.298999786376953","3.298999786376953","14074","14074","14074","3.2919998168945312","3.2919998168945312","3.2919998168945312","14135","14135","14135","1.2619996070861816","1.2619996070861816","1.2619996070861816"
"421","14104","14104","14104","3.2239999771118164","3.2239999771118164","3.2239999771118164","14076","14076","14076","3.3480000495910645","3.3480000495910645","3.3480000495910645","14137","14137","14137","3.3879995346069336","3.3879995346069336","3.3879995346069336"
"422","14106","14106","14106","1.241999864578247","1.241999864578247","1.241999864578247","14078","14078","14078","3.2149996757507324","3.2149996757507324","3.2149996757507324","14139","14139","14139","3.4000000953674316","3.4000000953674316","3.4000000953674316"
"423","14265","14265","14265","1.0120000839233398","1.0120000839233398","1.0120000839233398","14242","14242","14242","3.0370001792907715","3.0370001792907715","3.0370001792907715","14299","14299","14299","1.0120000839233398","1.0120000839233398","1.0120000839233398"
"424","14267","14267","14267","2.9600000381469727","2.9600000381469727","2.9600000381469727","14244","14244","14244","3.063999652862549","3.063999652862549","3.063999652862549","14301","14301","14301","3.0450000762939453","3.0450000762939453","3.0450000762939453"
"425","14269","14269","14269","2.9670000076293945","2.9670000076293945","2.9670000076293945","14246","14246","14246","3.0240001678466797","3.0240001678466797","3.0240001678466797","14303","14303","14303","0.9919997453689575","0.9919997453689575","0.9919997453689575"
"426","14271","14271","14271","3.2319998741149902","3.2319998741149902","3.2319998741149902","14248","14248","14248","3.244999885559082","3.244999885559082","3.244999885559082","14305","14305","14305","3.244999885559082","3.244999885559082","3.244999885559082"
"427","14273","14273","14273","3.242999792098999","3.242999792098999","3.242999792098999","14250","14250","14250","3.2750000953674316","3.2750000953674316","3.2750000953674316","14307","14307","14307","3.320000171661377","3.320000171661377","3.320000171661377"
"428","14275","14275","14275","3.1559998989105225","3.1559998989105225","3.1559998989105225","14252","14252","14252","3.188999891281128","3.188999891281128","3.188999891281128","14309","14309","14309","3.320000171661377","3.320000171661377","3.320000171661377"
"429","14277","14277","14277","3.2679996490478516","3.2679996490478516","3.2679996490478516","14254","14254","14254","3.046999931335449","3.046999931335449","3.046999931335449","14311","14311","14311","3.2609996795654297","3.2609996795654297","3.2609996795654297"
"430","14279","14279","14279","3.2319998741149902","3.2319998741149902","3.2319998741149902","14256","14256","14256","3.2669999599456787","3.2669999599456787","3.2669999599456787","14313","14313","14313","3.359999656677246","3.359999656677246","3.359999656677246"
"431","14281","14281","14281","1.2419997453689575","1.2419997453689575","1.2419997453689575","14258","14258","14258","1.4819996356964111","1.4819996356964111","1.4819996356964111","14315","14315","14315","3.388000011444092","3.388000011444092","3.388000011444092"
"432","14447","14447","14447","1.0119998455047607","1.0119998455047607","1.0119998455047607","14421","14421","14421","1.0120000839233398","1.0120000839233398","1.0120000839233398","14475","14475","14475","1.0120000839233398","1.0120000839233398","1.0120000839233398"
"433","14449","14449","14449","3.0900001525878906","3.0900001525878906","3.0900001525878906","14423","14423","14423","3.0239999294281006","3.0239999294281006","3.0239999294281006","14477","14477","14477","3.0320000648498535","3.0320000648498535","3.0320000648498535"
"434","14451","14451","14451","3.082000255584717","3.082000255584717","3.082000255584717","14425","14425","14425","3.128999948501587","3.128999948501587","3.128999948501587","14479","14479","14479","3.0460002422332764","3.0460002422332764","3.0460002422332764"
"435","14453","14453","14453","3.2629995346069336","3.2629995346069336","3.2629995346069336","14427","14427","14427","3.2649996280670166","3.2649996280670166","3.2649996280670166","14481","14481","14481","3.2509994506835938","3.2509994506835938","3.2509994506835938"
"436","14455","14455","14455","3.322999954223633","3.322999954223633","3.322999954223633","14429","14429","14429","3.368000030517578","3.368000030517578","3.368000030517578","14483","14483","14483","3.3239998817443848","3.3239998817443848","3.3239998817443848"
"437","14457","14457","14457","3.255999803543091","3.255999803543091","3.255999803543091","14431","14431","14431","3.2960000038146973","3.2960000038146973","3.2960000038146973","14485","14485","14485","3.3499999046325684","3.3499999046325684","3.3499999046325684"
"438","14459","14459","14459","3.2739996910095215","3.2739996910095215","3.2739996910095215","14433","14433","14433","3.2809996604919434","3.2809996604919434","3.2809996604919434","14487","14487","14487","3.253999710083008","3.253999710083008","3.253999710083008"
"439","14461","14461","14461","3.248999834060669","3.248999834060669","3.248999834060669","14435","14435","14435","3.19100022315979","3.19100022315979","3.19100022315979","14489","14489","14489","3.328000068664551","3.328000068664551","3.328000068664551"
"440","14463","14463","14463","1.241999864578247","1.241999864578247","1.241999864578247","14437","14437","14437","3.2440004348754883","3.2440004348754883","3.2440004348754883","14491","14491","14491","3.383999824523926","3.383999824523926","3.383999824523926"
"441","14624","14624","14624","1.0120002031326294","1.0120002031326294","1.0120002031326294","14599","14599","14599","1.0119999647140503","1.0119999647140503","1.0119999647140503","14652","14652","14652","1.0120000839233398","1.0120000839233398","1.0120000839233398"
"442","14626","14626","14626","1.0120000839233398","1.0120000839233398","1.0120000839233398","14601","14601","14601","0.9919998645782471","0.9919998645782471","0.9919998645782471","14654","14654","14654","3.0829997062683105","3.0829997062683105","3.0829997062683105"
"443","14628","14628","14628","3.057000160217285","3.057000160217285","3.057000160217285","14603","14603","14603","0.9919998645782471","0.9919998645782471","0.9919998645782471","14656","14656","14656","0.9919997453689575","0.9919997453689575","0.9919997453689575"
"444","14630","14630","14630","3.2689995765686035","3.2689995765686035","3.2689995765686035","14605","14605","14605","3.2709999084472656","3.2709999084472656","3.2709999084472656","14658","14658","14658","3.258999824523926","3.258999824523926","3.258999824523926"
"445","14632","14632","14632","3.246999740600586","3.246999740600586","3.246999740600586","14607","14607","14607","3.3339996337890625","3.3339996337890625","3.3339996337890625","14660","14660","14660","3.328000068664551","3.328000068664551","3.328000068664551"
"446","14634","14634","14634","3.259999990463257","3.259999990463257","3.259999990463257","14609","14609","14609","3.3519999980926514","3.3519999980926514","3.3519999980926514","14662","14662","14662","3.3460001945495605","3.3460001945495605","3.3460001945495605"
"447","14636","14636","14636","3.288999557495117","3.288999557495117","3.288999557495117","14611","14611","14611","3.2879996299743652","3.2879996299743652","3.2879996299743652","14664","14664","14664","3.2789998054504395","3.2789998054504395","3.2789998054504395"
"448","14638","14638","14638","3.2290000915527344","3.2290000915527344","3.2290000915527344","14613","14613","14613","3.2170000076293945","3.2170000076293945","3.2170000076293945","14666","14666","14666","3.201000213623047","3.201000213623047","3.201000213623047"
"449","14640","14640","14640","3.202000141143799","3.202000141143799","3.202000141143799","14615","14615","14615","3.383999824523926","3.383999824523926","3.383999824523926","14668","14668","14668","3.38700008392334","3.38700008392334","3.38700008392334"
"450","14804","14804","14804","3.0420000553131104","3.0420000553131104","3.0420000553131104","14778","14778","14778","1.0119999647140503","1.0119999647140503","1.0119999647140503","14830","14830","14830","1.0120000839233398","1.0120000839233398","1.0120000839233398"
"451","14806","14806","14806","2.9820001125335693","2.9820001125335693","2.9820001125335693","14780","14780","14780","3.0399999618530273","3.0399999618530273","3.0399999618530273","14832","14832","14832","3.1019997596740723","3.1019997596740723","3.1019997596740723"
"452","14808","14808","14808","3.0900001525878906","3.0900001525878906","3.0900001525878906","14782","14782","14782","3.0799999237060547","3.0799999237060547","3.0799999237060547","14834","14834","14834","0.9919997453689575","0.9919997453689575","0.9919997453689575"
"453","14810","14810","14810","3.3289999961853027","3.3289999961853027","3.3289999961853027","14784","14784","14784","3.246999740600586","3.246999740600586","3.246999740600586","14836","14836","14836","3.256999969482422","3.256999969482422","3.256999969482422"
"454","14812","14812","14812","3.3350000381469727","3.3350000381469727","3.3350000381469727","14786","14786","14786","3.3519997596740723","3.3519997596740723","3.3519997596740723","14838","14838","14838","3.332000255584717","3.332000255584717","3.332000255584717"
"455","14814","14814","14814","3.1549999713897705","3.1549999713897705","3.1549999713897705","14788","14788","14788","3.249000072479248","3.249000072479248","3.249000072479248","14840","14840","14840","3.366000175476074","3.366000175476074","3.366000175476074"
"456","14816","14816","14816","3.309999465942383","3.309999465942383","3.309999465942383","14790","14790","14790","3.169999599456787","3.169999599456787","3.169999599456787","14842","14842","14842","3.2639994621276855","3.2639994621276855","3.2639994621276855"
"457","14818","14818","14818","3.240000009536743","3.240000009536743","3.240000009536743","14792","14792","14792","3.359999895095825","3.359999895095825","3.359999895095825","14844","14844","14844","3.3869996070861816","3.3869996070861816","3.3869996070861816"
"458","14820","14820","14820","3.372999668121338","3.372999668121338","3.372999668121338","14794","14794","14794","1.241999864578247","1.241999864578247","1.241999864578247","14846","14846","14846","3.328000068664551","3.328000068664551","3.328000068664551"
"459","14986","14986","14986","1.0120000839233398","1.0120000839233398","1.0120000839233398","14958","14958","14958","1.0119999647140503","1.0119999647140503","1.0119999647140503","15007","15007","15007","1.0120000839233398","1.0120000839233398","1.0120000839233398"
"460","14988","14988","14988","3.0880000591278076","3.0880000591278076","3.0880000591278076","14960","14960","14960","3.0349998474121094","3.0349998474121094","3.0349998474121094","15009","15009","15009","3.0819997787475586","3.0819997787475586","3.0819997787475586"
"461","14990","14990","14990","3.0500001907348633","3.0500001907348633","3.0500001907348633","14962","14962","14962","3.067999839782715","3.067999839782715","3.067999839782715","15011","15011","15011","0.9919997453689575","0.9919997453689575","0.9919997453689575"
"462","14992","14992","14992","3.299999713897705","3.299999713897705","3.299999713897705","14964","14964","14964","3.3389997482299805","3.3389997482299805","3.3389997482299805","15013","15013","15013","3.239999771118164","3.239999771118164","3.239999771118164"
"463","14994","14994","14994","3.3309998512268066","3.3309998512268066","3.3309998512268066","14966","14966","14966","3.1660001277923584","3.1660001277923584","3.1660001277923584","15015","15015","15015","3.321000099182129","3.321000099182129","3.321000099182129"
"464","14996","14996","14996","3.2339999675750732","3.2339999675750732","3.2339999675750732","14968","14968","14968","3.3519997596740723","3.3519997596740723","3.3519997596740723","15017","15017","15017","3.318999767303467","3.318999767303467","3.318999767303467"
"465","14998","14998","14998","3.047999858856201","3.047999858856201","3.047999858856201","14970","14970","14970","3.2659997940063477","3.2659997940063477","3.2659997940063477","15019","15019","15019","3.0450000762939453","3.0450000762939453","3.0450000762939453"
"466","15000","15000","15000","3.3589999675750732","3.3589999675750732","3.3589999675750732","14972","14972","14972","3.246999979019165","3.246999979019165","3.246999979019165","15021","15021","15021","3.316999912261963","3.316999912261963","3.316999912261963"
"467","15002","15002","15002","3.3929996490478516","3.3929996490478516","3.3929996490478516","14974","14974","14974","3.243000030517578","3.243000030517578","3.243000030517578","15023","15023","15023","3.4089999198913574","3.4089999198913574","3.4089999198913574"
"468","15168","15168","15168","1.0120000839233398","1.0120000839233398","1.0120000839233398","15141","15141","15141","1.0120000839233398","1.0120000839233398","1.0120000839233398","15181","15181","15181","1.0120000839233398","1.0120000839233398","1.0120000839233398"
"469","15170","15170","15170","2.9820001125335693","2.9820001125335693","2.9820001125335693","15143","15143","15143","3.0940001010894775","3.0940001010894775","3.0940001010894775","15183","15183","15183","3.066999912261963","3.066999912261963","3.066999912261963"
"470","15172","15172","15172","3.062000274658203","3.062000274658203","3.062000274658203","15145","15145","15145","3.073000192642212","3.073000192642212","3.073000192642212","15185","15185","15185","3.134000301361084","3.134000301361084","3.134000301361084"
"471","15174","15174","15174","3.048999786376953","3.048999786376953","3.048999786376953","15147","15147","15147","3.241999864578247","3.241999864578247","3.241999864578247","15187","15187","15187","3.258999824523926","3.258999824523926","3.258999824523926"
"472","15176","15176","15176","3.234999656677246","3.234999656677246","3.234999656677246","15149","15149","15149","3.3399999141693115","3.3399999141693115","3.3399999141693115","15189","15189","15189","3.3480000495910645","3.3480000495910645","3.3480000495910645"
"473","15178","15178","15178","3.1640000343322754","3.1640000343322754","3.1640000343322754","15151","15151","15151","3.255000114440918","3.255000114440918","3.255000114440918","15191","15191","15191","3.3470001220703125","3.3470001220703125","3.3470001220703125"
"474","15180","15180","15180","3.2739996910095215","3.2739996910095215","3.2739996910095215","15153","15153","15153","3.297999382019043","3.297999382019043","3.297999382019043","15193","15193","15193","3.2829999923706055","3.2829999923706055","3.2829999923706055"
"475","15182","15182","15182","3.239000082015991","3.239000082015991","3.239000082015991","15155","15155","15155","3.2659997940063477","3.2659997940063477","3.2659997940063477","15195","15195","15195","3.322999954223633","3.322999954223633","3.322999954223633"
"476","15184","15184","15184","3.202000141143799","3.202000141143799","3.202000141143799","15157","15157","15157","1.3419997692108154","1.3419997692108154","1.3419997692108154","15197","15197","15197","3.369999885559082","3.369999885559082","3.369999885559082"
"477","15346","15346","15346","1.0120000839233398","1.0120000839233398","1.0120000839233398","15319","15319","15319","1.0120000839233398","1.0120000839233398","1.0120000839233398","15356","15356","15356","2.9790000915527344","2.9790000915527344","2.9790000915527344"
"478","15348","15348","15348","3.002000093460083","3.002000093460083","3.002000093460083","15321","15321","15321","0.9919999837875366","0.9919999837875366","0.9919999837875366","15358","15358","15358","2.9009995460510254","2.9009995460510254","2.9009995460510254"
"479","15350","15350","15350","3.058000087738037","3.058000087738037","3.058000087738037","15323","15323","15323","0.9919998645782471","0.9919998645782471","0.9919998645782471","15360","15360","15360","0.9919997453689575","0.9919997453689575","0.9919997453689575"
"480","15352","15352","15352","3.2739996910095215","3.2739996910095215","3.2739996910095215","15325","15325","15325","3.2809996604919434","3.2809996604919434","3.2809996604919434","15362","15362","15362","3.2609992027282715","3.2609992027282715","3.2609992027282715"
"481","15354","15354","15354","3.322000026702881","3.322000026702881","3.322000026702881","15327","15327","15327","3.2690000534057617","3.2690000534057617","3.2690000534057617","15364","15364","15364","1.2419997453689575","1.2419997453689575","1.2419997453689575"
"482","15356","15356","15356","3.2699997425079346","3.2699997425079346","3.2699997425079346","15329","15329","15329","3.189000129699707","3.189000129699707","3.189000129699707","15366","15366","15366","3.3470001220703125","3.3470001220703125","3.3470001220703125"
"483","15358","15358","15358","3.2789998054504395","3.2789998054504395","3.2789998054504395","15331","15331","15331","3.2879996299743652","3.2879996299743652","3.2879996299743652","15368","15368","15368","3.2649998664855957","3.2649998664855957","3.2649998664855957"
"484","15360","15360","15360","3.386000156402588","3.386000156402588","3.386000156402588","15333","15333","15333","3.3519999980926514","3.3519999980926514","3.3519999980926514","15370","15370","15370","3.4079999923706055","3.4079999923706055","3.4079999923706055"
"485","15362","15362","15362","1.241999864578247","1.241999864578247","1.241999864578247","15335","15335","15335","3.2130000591278076","3.2130000591278076","3.2130000591278076","15372","15372","15372","3.3859996795654297","3.3859996795654297","3.3859996795654297"
"486","15519","15519","15519","1.0119998455047607","1.0119998455047607","1.0119998455047607","15493","15493","15493","1.0120000839233398","1.0120000839233398","1.0120000839233398","15530","15530","15530","3.0399999618530273","3.0399999618530273","3.0399999618530273"
"487","15521","15521","15521","3.0900003910064697","3.0900003910064697","3.0900003910064697","15495","15495","15495","3.0360000133514404","3.0360000133514404","3.0360000133514404","15532","15532","15532","3.0250000953674316","3.0250000953674316","3.0250000953674316"
"488","15523","15523","15523","2.992000102996826","2.992000102996826","2.992000102996826","15497","15497","15497","0.9919998645782471","0.9919998645782471","0.9919998645782471","15534","15534","15534","0.9919997453689575","0.9919997453689575","0.9919997453689575"
"489","15525","15525","15525","3.2799997329711914","3.2799997329711914","3.2799997329711914","15499","15499","15499","3.2649998664855957","3.2649998664855957","3.2649998664855957","15536","15536","15536","3.239999294281006","3.239999294281006","3.239999294281006"
"490","15527","15527","15527","3.246999740600586","3.246999740600586","3.246999740600586","15501","15501","15501","3.3519997596740723","3.3519997596740723","3.3519997596740723","15538","15538","15538","1.2419997453689575","1.2419997453689575","1.2419997453689575"
"491","15529","15529","15529","3.2239999771118164","3.2239999771118164","3.2239999771118164","15503","15503","15503","3.3430004119873047","3.3430004119873047","3.3430004119873047","15540","15540","15540","1.2419997453689575","1.2419997453689575","1.2419997453689575"
"492","15531","15531","15531","3.2719998359680176","3.2719998359680176","3.2719998359680176","15505","15505","15505","3.2849998474121094","3.2849998474121094","3.2849998474121094","15542","15542","15542","3.301999568939209","3.301999568939209","3.301999568939209"
"493","15533","15533","15533","3.249000072479248","3.249000072479248","3.249000072479248","15507","15507","15507","3.1760001182556152","3.1760001182556152","3.1760001182556152","15544","15544","15544","3.3899998664855957","3.3899998664855957","3.3899998664855957"
"494","15535","15535","15535","3.2180001735687256","3.2180001735687256","3.2180001735687256","15509","15509","15509","3.388000011444092","3.388000011444092","3.388000011444092","15546","15546","15546","3.3849997520446777","3.3849997520446777","3.3849997520446777"
"495","15697","15697","15697","1.0120000839233398","1.0120000839233398","1.0120000839233398","15670","15670","15670","1.0120000839233398","1.0120000839233398","1.0120000839233398","15709","15709","15709","3.0440001487731934","3.0440001487731934","3.0440001487731934"
"496","15699","15699","15699","3.0749998092651367","3.0749998092651367","3.0749998092651367","15672","15672","15672","0.9919999837875366","0.9919999837875366","0.9919999837875366","15711","15711","15711","3.006999969482422","3.006999969482422","3.006999969482422"
"497","15701","15701","15701","3.077000141143799","3.077000141143799","3.077000141143799","15674","15674","15674","3.0159997940063477","3.0159997940063477","3.0159997940063477","15713","15713","15713","0.9919998645782471","0.9919998645782471","0.9919998645782471"
"498","15703","15703","15703","3.3299999237060547","3.3299999237060547","3.3299999237060547","15676","15676","15676","3.043999671936035","3.043999671936035","3.043999671936035","15715","15715","15715","3.2529993057250977","3.2529993057250977","3.2529993057250977"
"499","15705","15705","15705","3.234999656677246","3.234999656677246","3.234999656677246","15678","15678","15678","3.316999912261963","3.316999912261963","3.316999912261963","15717","15717","15717","3.309000015258789","3.309000015258789","3.309000015258789"
"500","15707","15707","15707","3.17900013923645","3.17900013923645","3.17900013923645","15680","15680","15680","3.1700000762939453","3.1700000762939453","3.1700000762939453","15719","15719","15719","3.357999801635742","3.357999801635742","3.357999801635742"
"501","15709","15709","15709","3.311999797821045","3.311999797821045","3.311999797821045","15682","15682","15682","3.2729997634887695","3.2729997634887695","3.2729997634887695","15721","15721","15721","3.2599997520446777","3.2599997520446777","3.2599997520446777"
"502","15711","15711","15711","3.25600004196167","3.25600004196167","3.25600004196167","15684","15684","15684","3.186999797821045","3.186999797821045","3.186999797821045","15723","15723","15723","3.3849997520446777","3.3849997520446777","3.3849997520446777"
"503","15713","15713","15713","3.372999668121338","3.372999668121338","3.372999668121338","15686","15686","15686","3.3919999599456787","3.3919999599456787","3.3919999599456787","15725","15725","15725","3.3849997520446777","3.3849997520446777","3.3849997520446777"
"504","15874","15874","15874","1.0120000839233398","1.0120000839233398","1.0120000839233398","15846","15846","15846","1.0120002031326294","1.0120002031326294","1.0120002031326294","15887","15887","15887","1.0120000839233398","1.0120000839233398","1.0120000839233398"
"505","15876","15876","15876","3.065000057220459","3.065000057220459","3.065000057220459","15848","15848","15848","0.9919999837875366","0.9919999837875366","0.9919999837875366","15889","15889","15889","0.9919998645782471","0.9919998645782471","0.9919998645782471"
"506","15878","15878","15878","3.051999807357788","3.051999807357788","3.051999807357788","15850","15850","15850","3.0379998683929443","3.0379998683929443","3.0379998683929443","15891","15891","15891","0.9919998645782471","0.9919998645782471","0.9919998645782471"
"507","15880","15880","15880","3.3269996643066406","3.3269996643066406","3.3269996643066406","15852","15852","15852","3.304999828338623","3.304999828338623","3.304999828338623","15893","15893","15893","3.2479991912841797","3.2479991912841797","3.2479991912841797"
"508","15882","15882","15882","3.242999792098999","3.242999792098999","3.242999792098999","15854","15854","15854","3.3289999961853027","3.3289999961853027","3.3289999961853027","15895","15895","15895","3.3480000495910645","3.3480000495910645","3.3480000495910645"
"509","15884","15884","15884","3.250999927520752","3.250999927520752","3.250999927520752","15856","15856","15856","3.3529999256134033","3.3529999256134033","3.3529999256134033","15897","15897","15897","3.366000175476074","3.366000175476074","3.366000175476074"
"510","15886","15886","15886","3.3430004119873047","3.3430004119873047","3.3430004119873047","15858","15858","15858","3.2849998474121094","3.2849998474121094","3.2849998474121094","15899","15899","15899","3.2569994926452637","3.2569994926452637","3.2569994926452637"
"511","15888","15888","15888","3.2260000705718994","3.2260000705718994","3.2260000705718994","15860","15860","15860","3.311999797821045","3.311999797821045","3.311999797821045","15901","15901","15901","3.377999782562256","3.377999782562256","3.377999782562256"
"512","15890","15890","15890","3.2180001735687256","3.2180001735687256","3.2180001735687256","15862","15862","15862","3.4049997329711914","3.4049997329711914","3.4049997329711914","15903","15903","15903","3.3869996070861816","3.3869996070861816","3.3869996070861816"
"513","16052","16052","16052","1.0119999647140503","1.0119999647140503","1.0119999647140503","16021","16021","16021","1.0120000839233398","1.0120000839233398","1.0120000839233398","16072","16072","16072","0.8119999170303345","0.8119999170303345","0.8119999170303345"
"514","16054","16054","16054","2.993000030517578","2.993000030517578","2.993000030517578","16023","16023","16023","3.0139999389648438","3.0139999389648438","3.0139999389648438","16074","16074","16074","3.0409998893737793","3.0409998893737793","3.0409998893737793"
"515","16056","16056","16056","0.9920001029968262","0.9920001029968262","0.9920001029968262","16025","16025","16025","3.118000030517578","3.118000030517578","3.118000030517578","16076","16076","16076","3.1050000190734863","3.1050000190734863","3.1050000190734863"
"516","16058","16058","16058","3.3309998512268066","3.3309998512268066","3.3309998512268066","16027","16027","16027","3.2529995441436768","3.2529995441436768","3.2529995441436768","16078","16078","16078","3.2479991912841797","3.2479991912841797","3.2479991912841797"
"517","16060","16060","16060","3.235999822616577","3.235999822616577","3.235999822616577","16029","16029","16029","3.1710000038146973","3.1710000038146973","3.1710000038146973","16080","16080","16080","3.3429999351501465","3.3429999351501465","3.3429999351501465"
"518","16062","16062","16062","3.241999864578247","3.241999864578247","3.241999864578247","16031","16031","16031","3.179999828338623","3.179999828338623","3.179999828338623","16082","16082","16082","1.241999864578247","1.241999864578247","1.241999864578247"
"519","16064","16064","16064","3.2559995651245117","3.2559995651245117","3.2559995651245117","16033","16033","16033","3.1319994926452637","3.1319994926452637","3.1319994926452637","16084","16084","16084","3.306999683380127","3.306999683380127","3.306999683380127"
"520","16066","16066","16066","3.248000144958496","3.248000144958496","3.248000144958496","16035","16035","16035","3.3549997806549072","3.3549997806549072","3.3549997806549072","16086","16086","16086","1.3419997692108154","1.3419997692108154","1.3419997692108154"
"521","16068","16068","16068","3.200000286102295","3.200000286102295","3.200000286102295","16037","16037","16037","3.2380001544952393","3.2380001544952393","3.2380001544952393","16088","16088","16088","3.316999912261963","3.316999912261963","3.316999912261963"
"522","16227","16227","16227","1.0120000839233398","1.0120000839233398","1.0120000839233398","16199","16199","16199","1.0120000839233398","1.0120000839233398","1.0120000839233398","16248","16248","16248","1.0120000839233398","1.0120000839233398","1.0120000839233398"
"523","16229","16229","16229","3.0769999027252197","3.0769999027252197","3.0769999027252197","16201","16201","16201","0.9919999837875366","0.9919999837875366","0.9919999837875366","16250","16250","16250","2.9069995880126953","2.9069995880126953","2.9069995880126953"
"524","16231","16231","16231","3.0500001907348633","3.0500001907348633","3.0500001907348633","16203","16203","16203","3.069000244140625","3.069000244140625","3.069000244140625","16252","16252","16252","3.117000102996826","3.117000102996826","3.117000102996826"
"525","16233","16233","16233","3.3259997367858887","3.3259997367858887","3.3259997367858887","16205","16205","16205","3.0389997959136963","3.0389997959136963","3.0389997959136963","16254","16254","16254","3.231999397277832","3.231999397277832","3.231999397277832"
"526","16235","16235","16235","3.232999801635742","3.232999801635742","3.232999801635742","16207","16207","16207","3.3320000171661377","3.3320000171661377","3.3320000171661377","16256","16256","16256","1.241999864578247","1.241999864578247","1.241999864578247"
"527","16237","16237","16237","1.241999864578247","1.241999864578247","1.241999864578247","16209","16209","16209","3.255000114440918","3.255000114440918","3.255000114440918","16258","16258","16258","3.3610000610351562","3.3610000610351562","3.3610000610351562"
"528","16239","16239","16239","3.3460001945495605","3.3460001945495605","3.3460001945495605","16211","16211","16211","3.2689995765686035","3.2689995765686035","3.2689995765686035","16260","16260","16260","3.2749996185302734","3.2749996185302734","3.2749996185302734"
"529","16241","16241","16241","1.3419997692108154","1.3419997692108154","1.3419997692108154","16213","16213","16213","3.2950000762939453","3.2950000762939453","3.2950000762939453","16262","16262","16262","3.3869996070861816","3.3869996070861816","3.3869996070861816"
"530","16243","16243","16243","3.2230000495910645","3.2230000495910645","3.2230000495910645","16215","16215","16215","3.3319997787475586","3.3319997787475586","3.3319997787475586","16264","16264","16264","3.3849997520446777","3.3849997520446777","3.3849997520446777"
"531","16405","16405","16405","1.0119999647140503","1.0119999647140503","1.0119999647140503","16378","16378","16378","1.0120000839233398","1.0120000839233398","1.0120000839233398","16428","16428","16428","1.0119999647140503","1.0119999647140503","1.0119999647140503"
"532","16407","16407","16407","3.0739998817443848","3.0739998817443848","3.0739998817443848","16380","16380","16380","2.997999906539917","2.997999906539917","2.997999906539917","16430","16430","16430","3.065999984741211","3.065999984741211","3.065999984741211"
"533","16409","16409","16409","3.072000026702881","3.072000026702881","3.072000026702881","16382","16382","16382","0.9919998645782471","0.9919998645782471","0.9919998645782471","16432","16432","16432","3.111999988555908","3.111999988555908","3.111999988555908"
"534","16411","16411","16411","3.0289998054504395","3.0289998054504395","3.0289998054504395","16384","16384","16384","3.3420000076293945","3.3420000076293945","3.3420000076293945","16434","16434","16434","3.249999523162842","3.249999523162842","3.249999523162842"
"535","16413","16413","16413","3.240999698638916","3.240999698638916","3.240999698638916","16386","16386","16386","3.3340001106262207","3.3340001106262207","3.3340001106262207","16436","16436","16436","3.3480000495910645","3.3480000495910645","3.3480000495910645"
"536","16415","16415","16415","1.241999864578247","1.241999864578247","1.241999864578247","16388","16388","16388","3.261000156402588","3.261000156402588","3.261000156402588","16438","16438","16438","3.3590002059936523","3.3590002059936523","3.3590002059936523"
"537","16417","16417","16417","3.2829999923706055","3.2829999923706055","3.2829999923706055","16390","16390","16390","3.3350000381469727","3.3350000381469727","3.3350000381469727","16440","16440","16440","3.258999824523926","3.258999824523926","3.258999824523926"
"538","16419","16419","16419","3.2309999465942383","3.2309999465942383","3.2309999465942383","16392","16392","16392","3.1679999828338623","3.1679999828338623","3.1679999828338623","16442","16442","16442","3.4010000228881836","3.4010000228881836","3.4010000228881836"
"539","16421","16421","16421","3.372999668121338","3.372999668121338","3.372999668121338","16394","16394","16394","3.2160003185272217","3.2160003185272217","3.2160003185272217","16444","16444","16444","3.2960000038146973","3.2960000038146973","3.2960000038146973"
"540","16582","16582","16582","1.0120000839233398","1.0120000839233398","1.0120000839233398","16556","16556","16556","1.0120000839233398","1.0120000839233398","1.0120000839233398","16607","16607","16607","1.0120000839233398","1.0120000839233398","1.0120000839233398"
"541","16584","16584","16584","3.074000358581543","3.074000358581543","3.074000358581543","16558","16558","16558","0.9919997453689575","0.9919997453689575","0.9919997453689575","16609","16609","16609","3.052999973297119","3.052999973297119","3.052999973297119"
"542","16586","16586","16586","3.000999927520752","3.000999927520752","3.000999927520752","16560","16560","16560","3.052000045776367","3.052000045776367","3.052000045776367","16611","16611","16611","0.9919997453689575","0.9919997453689575","0.9919997453689575"
"543","16588","16588","16588","3.2689995765686035","3.2689995765686035","3.2689995765686035","16562","16562","16562","3.243000030517578","3.243000030517578","3.243000030517578","16613","16613","16613","3.2519993782043457","3.2519993782043457","3.2519993782043457"
"544","16590","16590","16590","3.243999719619751","3.243999719619751","3.243999719619751","16564","16564","16564","3.3419997692108154","3.3419997692108154","3.3419997692108154","16615","16615","16615","3.3590002059936523","3.3590002059936523","3.3590002059936523"
"545","16592","16592","16592","3.2639999389648438","3.2639999389648438","3.2639999389648438","16566","16566","16566","3.2890000343322754","3.2890000343322754","3.2890000343322754","16617","16617","16617","1.2419997453689575","1.2419997453689575","1.2419997453689575"
"546","16594","16594","16594","3.314000129699707","3.314000129699707","3.314000129699707","16568","16568","16568","3.002999782562256","3.002999782562256","3.002999782562256","16619","16619","16619","3.2569994926452637","3.2569994926452637","3.2569994926452637"
"547","16596","16596","16596","3.2339999675750732","3.2339999675750732","3.2339999675750732","16570","16570","16570","3.2679998874664307","3.2679998874664307","3.2679998874664307","16621","16621","16621","3.3849997520446777","3.3849997520446777","3.3849997520446777"
"548","16598","16598","16598","3.3879997730255127","3.3879997730255127","3.3879997730255127","16572","16572","16572","3.2339999675750732","3.2339999675750732","3.2339999675750732","16623","16623","16623","3.382999897003174","3.382999897003174","3.382999897003174"
"549","16758","16758","16758","1.0119999647140503","1.0119999647140503","1.0119999647140503","16733","16733","16733","1.0120000839233398","1.0120000839233398","1.0120000839233398","16783","16783","16783","3.077000141143799","3.077000141143799","3.077000141143799"
"550","16760","16760","16760","3.075000047683716","3.075000047683716","3.075000047683716","16735","16735","16735","2.951000213623047","2.951000213623047","2.951000213623047","16785","16785","16785","2.922999858856201","2.922999858856201","2.922999858856201"
"551","16762","16762","16762","3.0160000324249268","3.0160000324249268","3.0160000324249268","16737","16737","16737","3.0190000534057617","3.0190000534057617","3.0190000534057617","16787","16787","16787","0.9919998645782471","0.9919998645782471","0.9919998645782471"
"552","16764","16764","16764","3.3199996948242188","3.3199996948242188","3.3199996948242188","16739","16739","16739","3.2619996070861816","3.2619996070861816","3.2619996070861816","16789","16789","16789","3.2479991912841797","3.2479991912841797","3.2479991912841797"
"553","16766","16766","16766","3.235999822616577","3.235999822616577","3.235999822616577","16741","16741","16741","3.258000135421753","3.258000135421753","3.258000135421753","16791","16791","16791","3.3530001640319824","3.3530001640319824","3.3530001640319824"
"554","16768","16768","16768","1.2419999837875366","1.2419999837875366","1.2419999837875366","16743","16743","16743","3.134999990463257","3.134999990463257","3.134999990463257","16793","16793","16793","3.3530001640319824","3.3530001640319824","3.3530001640319824"
"555","16770","16770","16770","3.3400001525878906","3.3400001525878906","3.3400001525878906","16745","16745","16745","3.309999942779541","3.309999942779541","3.309999942779541","16795","16795","16795","3.23099946975708","3.23099946975708","3.23099946975708"
"556","16772","16772","16772","3.2339999675750732","3.2339999675750732","3.2339999675750732","16747","16747","16747","3.3409998416900635","3.3409998416900635","3.3409998416900635","16797","16797","16797","3.369999885559082","3.369999885559082","3.369999885559082"
"557","16774","16774","16774","3.2019999027252197","3.2019999027252197","3.2019999027252197","16749","16749","16749","3.3589999675750732","3.3589999675750732","3.3589999675750732","16799","16799","16799","3.318000316619873","3.318000316619873","3.318000316619873"
"558","16937","16937","16937","1.0119999647140503","1.0119999647140503","1.0119999647140503","16915","16915","16915","1.0120000839233398","1.0120000839233398","1.0120000839233398","16964","16964","16964","0.812000036239624","0.812000036239624","0.812000036239624"
"559","16939","16939","16939","2.8409998416900635","2.8409998416900635","2.8409998416900635","16917","16917","16917","3.0999999046325684","3.0999999046325684","3.0999999046325684","16966","16966","16966","2.9839999675750732","2.9839999675750732","2.9839999675750732"
"560","16941","16941","16941","3.064000129699707","3.064000129699707","3.064000129699707","16919","16919","16919","0.9919997453689575","0.9919997453689575","0.9919997453689575","16968","16968","16968","0.9919997453689575","0.9919997453689575","0.9919997453689575"
"561","16943","16943","16943","3.3249998092651367","3.3249998092651367","3.3249998092651367","16921","16921","16921","3.322999954223633","3.322999954223633","3.322999954223633","16970","16970","16970","3.241999626159668","3.241999626159668","3.241999626159668"
"562","16945","16945","16945","3.322999954223633","3.322999954223633","3.322999954223633","16923","16923","16923","3.2719998359680176","3.2719998359680176","3.2719998359680176","16972","16972","16972","3.3439998626708984","3.3439998626708984","3.3439998626708984"
"563","16947","16947","16947","3.249999761581421","3.249999761581421","3.249999761581421","16925","16925","16925","3.3320000171661377","3.3320000171661377","3.3320000171661377","16974","16974","16974","3.3309998512268066","3.3309998512268066","3.3309998512268066"
"564","16949","16949","16949","3.327000141143799","3.327000141143799","3.327000141143799","16927","16927","16927","3.3410000801086426","3.3410000801086426","3.3410000801086426","16976","16976","16976","3.2669997215270996","3.2669997215270996","3.2669997215270996"
"565","16951","16951","16951","3.3589999675750732","3.3589999675750732","3.3589999675750732","16929","16929","16929","3.2280001640319824","3.2280001640319824","3.2280001640319824","16978","16978","16978","3.3849997520446777","3.3849997520446777","3.3849997520446777"
"566","16953","16953","16953","3.198000192642212","3.198000192642212","3.198000192642212","16931","16931","16931","3.3580000400543213","3.3580000400543213","3.3580000400543213","16980","16980","16980","3.38100004196167","3.38100004196167","3.38100004196167"
"567","17113","17113","17113","1.0120000839233398","1.0120000839233398","1.0120000839233398","17093","17093","17093","1.0120000839233398","1.0120000839233398","1.0120000839233398","17142","17142","17142","1.0120000839233398","1.0120000839233398","1.0120000839233398"
"568","17115","17115","17115","1.0120000839233398","1.0120000839233398","1.0120000839233398","17095","17095","17095","3.0939998626708984","3.0939998626708984","3.0939998626708984","17144","17144","17144","3.132999897003174","3.132999897003174","3.132999897003174"
"569","17117","17117","17117","3.011000156402588","3.011000156402588","3.011000156402588","17097","17097","17097","0.9919999241828918","0.9919999241828918","0.9919999241828918","17146","17146","17146","0.9919998645782471","0.9919998645782471","0.9919998645782471"
"570","17119","17119","17119","3.23099946975708","3.23099946975708","3.23099946975708","17099","17099","17099","3.241999626159668","3.241999626159668","3.241999626159668","17148","17148","17148","3.239999294281006","3.239999294281006","3.239999294281006"
"571","17121","17121","17121","3.3340001106262207","3.3340001106262207","3.3340001106262207","17101","17101","17101","3.1720004081726074","3.1720004081726074","3.1720004081726074","17150","17150","17150","3.358999729156494","3.358999729156494","3.358999729156494"
"572","17123","17123","17123","3.255999803543091","3.255999803543091","3.255999803543091","17103","17103","17103","3.312000036239624","3.312000036239624","3.312000036239624","17152","17152","17152","3.3590002059936523","3.3590002059936523","3.3590002059936523"
"573","17125","17125","17125","3.2680001258850098","3.2680001258850098","3.2680001258850098","17105","17105","17105","3.253999710083008","3.253999710083008","3.253999710083008","17154","17154","17154","3.2569994926452637","3.2569994926452637","3.2569994926452637"
"574","17127","17127","17127","3.240999937057495","3.240999937057495","3.240999937057495","17107","17107","17107","3.171999931335449","3.171999931335449","3.171999931335449","17156","17156","17156","3.366999626159668","3.366999626159668","3.366999626159668"
"575","17129","17129","17129","1.3419997692108154","1.3419997692108154","1.3419997692108154","17109","17109","17109","3.2300000190734863","3.2300000190734863","3.2300000190734863","17158","17158","17158","3.3899998664855957","3.3899998664855957","3.3899998664855957"
"576","17291","17291","17291","3.1539998054504395","3.1539998054504395","3.1539998054504395","17274","17274","17274","1.0120000839233398","1.0120000839233398","1.0120000839233398","17317","17317","17317","3.060999870300293","3.060999870300293","3.060999870300293"
"577","17293","17293","17293","3.0299999713897705","3.0299999713897705","3.0299999713897705","17276","17276","17276","3.1040000915527344","3.1040000915527344","3.1040000915527344","17319","17319","17319","3.0289998054504395","3.0289998054504395","3.0289998054504395"
"578","17295","17295","17295","3.015000343322754","3.015000343322754","3.015000343322754","17278","17278","17278","3.0749998092651367","3.0749998092651367","3.0749998092651367","17321","17321","17321","3.0450000762939453","3.0450000762939453","3.0450000762939453"
"579","17297","17297","17297","3.318999767303467","3.318999767303467","3.318999767303467","17280","17280","17280","3.0249998569488525","3.0249998569488525","3.0249998569488525","17323","17323","17323","3.3329997062683105","3.3329997062683105","3.3329997062683105"
"580","17299","17299","17299","3.3339998722076416","3.3339998722076416","3.3339998722076416","17282","17282","17282","3.1700000762939453","3.1700000762939453","3.1700000762939453","17325","17325","17325","3.3550000190734863","3.3550000190734863","3.3550000190734863"
"581","17301","17301","17301","3.259999990463257","3.259999990463257","3.259999990463257","17284","17284","17284","3.3389999866485596","3.3389999866485596","3.3389999866485596","17327","17327","17327","3.326000213623047","3.326000213623047","3.326000213623047"
"582","17303","17303","17303","3.314000129699707","3.314000129699707","3.314000129699707","17286","17286","17286","3.24299955368042","3.24299955368042","3.24299955368042","17329","17329","17329","3.24299955368042","3.24299955368042","3.24299955368042"
"583","17305","17305","17305","1.2420001029968262","1.2420001029968262","1.2420001029968262","17288","17288","17288","3.184000015258789","3.184000015258789","3.184000015258789","17331","17331","17331","3.38700008392334","3.38700008392334","3.38700008392334"
"584","17307","17307","17307","3.3909997940063477","3.3909997940063477","3.3909997940063477","17290","17290","17290","3.302000045776367","3.302000045776367","3.302000045776367","17333","17333","17333","3.307000160217285","3.307000160217285","3.307000160217285"
"585","17470","17470","17470","1.0119999647140503","1.0119999647140503","1.0119999647140503","17456","17456","17456","1.0120000839233398","1.0120000839233398","1.0120000839233398","17490","17490","17490","0.8119999170303345","0.8119999170303345","0.8119999170303345"
"586","17472","17472","17472","3.053999900817871","3.053999900817871","3.053999900817871","17458","17458","17458","2.9790000915527344","2.9790000915527344","2.9790000915527344","17492","17492","17492","2.926999568939209","2.926999568939209","2.926999568939209"
"587","17474","17474","17474","3.075000047683716","3.075000047683716","3.075000047683716","17460","17460","17460","0.9919998645782471","0.9919998645782471","0.9919998645782471","17494","17494","17494","0.9919998645782471","0.9919998645782471","0.9919998645782471"
"588","17476","17476","17476","3.318999767303467","3.318999767303467","3.318999767303467","17462","17462","17462","3.2669997215270996","3.2669997215270996","3.2669997215270996","17496","17496","17496","3.244999408721924","3.244999408721924","3.244999408721924"
"589","17478","17478","17478","3.236999750137329","3.236999750137329","3.236999750137329","17464","17464","17464","3.321000099182129","3.321000099182129","3.321000099182129","17498","17498","17498","3.3449997901916504","3.3449997901916504","3.3449997901916504"
"590","17480","17480","17480","3.252999782562256","3.252999782562256","3.252999782562256","17466","17466","17466","3.185999870300293","3.185999870300293","3.185999870300293","17500","17500","17500","1.2419999837875366","1.2419999837875366","1.2419999837875366"
"591","17482","17482","17482","3.317000389099121","3.317000389099121","3.317000389099121","17468","17468","17468","3.2749996185302734","3.2749996185302734","3.2749996185302734","17502","17502","17502","3.23799991607666","3.23799991607666","3.23799991607666"
"592","17484","17484","17484","3.3590002059936523","3.3590002059936523","3.3590002059936523","17470","17470","17470","3.1720001697540283","3.1720001697540283","3.1720001697540283","17504","17504","17504","3.311999797821045","3.311999797821045","3.311999797821045"
"593","17486","17486","17486","3.199000120162964","3.199000120162964","3.199000120162964","17472","17472","17472","3.2350001335144043","3.2350001335144043","3.2350001335144043","17506","17506","17506","1.241999864578247","1.241999864578247","1.241999864578247"
"594","17644","17644","17644","1.0120000839233398","1.0120000839233398","1.0120000839233398","17638","17638","17638","1.0120000839233398","1.0120000839233398","1.0120000839233398","17669","17669","17669","0.8119999170303345","0.8119999170303345","0.8119999170303345"
"595","17646","17646","17646","1.012000322341919","1.012000322341919","1.012000322341919","17640","17640","17640","3.131999969482422","3.131999969482422","3.131999969482422","17671","17671","17671","3.006999969482422","3.006999969482422","3.006999969482422"
"596","17648","17648","17648","1.0120002031326294","1.0120002031326294","1.0120002031326294","17642","17642","17642","3.073000431060791","3.073000431060791","3.073000431060791","17673","17673","17673","3.122000217437744","3.122000217437744","3.122000217437744"
"597","17650","17650","17650","3.318999767303467","3.318999767303467","3.318999767303467","17644","17644","17644","3.2579994201660156","3.2579994201660156","3.2579994201660156","17675","17675","17675","3.240999221801758","3.240999221801758","3.240999221801758"
"598","17652","17652","17652","3.243999719619751","3.243999719619751","3.243999719619751","17646","17646","17646","3.3289999961853027","3.3289999961853027","3.3289999961853027","17677","17677","17677","3.3610000610351562","3.3610000610351562","3.3610000610351562"
"599","17654","17654","17654","3.2700002193450928","3.2700002193450928","3.2700002193450928","17648","17648","17648","3.3410000801086426","3.3410000801086426","3.3410000801086426","17679","17679","17679","3.322999954223633","3.322999954223633","3.322999954223633"
"600","17656","17656","17656","3.3359994888305664","3.3359994888305664","3.3359994888305664","17650","17650","17650","3.2859997749328613","3.2859997749328613","3.2859997749328613","17681","17681","17681","3.239999771118164","3.239999771118164","3.239999771118164"
"601","17658","17658","17658","3.248999834060669","3.248999834060669","3.248999834060669","17652","17652","17652","3.3390002250671387","3.3390002250671387","3.3390002250671387","17683","17683","17683","3.307000160217285","3.307000160217285","3.307000160217285"
"602","17660","17660","17660","3.198000192642212","3.198000192642212","3.198000192642212","17654","17654","17654","1.241999864578247","1.241999864578247","1.241999864578247","17685","17685","17685","3.3990001678466797","3.3990001678466797","3.3990001678466797"
"603","17819","17819","17819","1.0119998455047607","1.0119998455047607","1.0119998455047607","17817","17817","17817","1.0120002031326294","1.0120002031326294","1.0120002031326294","17845","17845","17845","0.8119999170303345","0.8119999170303345","0.8119999170303345"
"604","17821","17821","17821","3.0920000076293945","3.0920000076293945","3.0920000076293945","17819","17819","17819","0.9919999837875366","0.9919999837875366","0.9919999837875366","17847","17847","17847","3.068000078201294","3.068000078201294","3.068000078201294"
"605","17823","17823","17823","3.055000066757202","3.055000066757202","3.055000066757202","17821","17821","17821","3.072000026702881","3.072000026702881","3.072000026702881","17849","17849","17849","3.1349997520446777","3.1349997520446777","3.1349997520446777"
"606","17825","17825","17825","3.3259997367858887","3.3259997367858887","3.3259997367858887","17823","17823","17823","3.2649998664855957","3.2649998664855957","3.2649998664855957","17851","17851","17851","3.2609992027282715","3.2609992027282715","3.2609992027282715"
"607","17827","17827","17827","3.253999710083008","3.253999710083008","3.253999710083008","17825","17825","17825","3.328000068664551","3.328000068664551","3.328000068664551","17853","17853","17853","1.2419999837875366","1.2419999837875366","1.2419999837875366"
"608","17829","17829","17829","3.2719998359680176","3.2719998359680176","3.2719998359680176","17827","17827","17827","3.3450000286102295","3.3450000286102295","3.3450000286102295","17855","17855","17855","3.328000068664551","3.328000068664551","3.328000068664551"
"609","17831","17831","17831","3.3330001831054688","3.3330001831054688","3.3330001831054688","17829","17829","17829","3.2659997940063477","3.2659997940063477","3.2659997940063477","17857","17857","17857","3.250999927520752","3.250999927520752","3.250999927520752"
"610","17833","17833","17833","3.2360000610351562","3.2360000610351562","3.2360000610351562","17831","17831","17831","3.1579999923706055","3.1579999923706055","3.1579999923706055","17859","17859","17859","1.241999864578247","1.241999864578247","1.241999864578247"
"611","17835","17835","17835","3.199000120162964","3.199000120162964","3.199000120162964","17833","17833","17833","3.2160000801086426","3.2160000801086426","3.2160000801086426","17861","17861","17861","3.307000160217285","3.307000160217285","3.307000160217285"
"612","17999","17999","17999","1.0120000839233398","1.0120000839233398","1.0120000839233398","17991","17991","17991","1.0120002031326294","1.0120002031326294","1.0120002031326294","18022","18022","18022","2.9119999408721924","2.9119999408721924","2.9119999408721924"
"613","18001","18001","18001","3.0839998722076416","3.0839998722076416","3.0839998722076416","17993","17993","17993","0.9919997453689575","0.9919997453689575","0.9919997453689575","18024","18024","18024","3.13100004196167","3.13100004196167","3.13100004196167"
"614","18003","18003","18003","2.99399995803833","2.99399995803833","2.99399995803833","17995","17995","17995","3.0169999599456787","3.0169999599456787","3.0169999599456787","18026","18026","18026","0.9920001029968262","0.9920001029968262","0.9920001029968262"
"615","18005","18005","18005","3.240999698638916","3.240999698638916","3.240999698638916","17997","17997","17997","3.24899959564209","3.24899959564209","3.24899959564209","18028","18028","18028","3.2589993476867676","3.2589993476867676","3.2589993476867676"
"616","18007","18007","18007","3.305000066757202","3.305000066757202","3.305000066757202","17999","17999","17999","3.1700000762939453","3.1700000762939453","3.1700000762939453","18030","18030","18030","1.2419997453689575","1.2419997453689575","1.2419997453689575"
"617","18009","18009","18009","3.239999771118164","3.239999771118164","3.239999771118164","18001","18001","18001","3.25","3.25","3.25","18032","18032","18032","3.3480000495910645","3.3480000495910645","3.3480000495910645"
"618","18011","18011","18011","3.3199996948242188","3.3199996948242188","3.3199996948242188","18003","18003","18003","3.067999839782715","3.067999839782715","3.067999839782715","18034","18034","18034","3.244999408721924","3.244999408721924","3.244999408721924"
"619","18013","18013","18013","3.361999988555908","3.361999988555908","3.361999988555908","18005","18005","18005","3.306000232696533","3.306000232696533","3.306000232696533","18036","18036","18036","3.383999824523926","3.383999824523926","3.383999824523926"
"620","18015","18015","18015","3.199000120162964","3.199000120162964","3.199000120162964","18007","18007","18007","3.304999828338623","3.304999828338623","3.304999828338623","18038","18038","18038","3.309999942779541","3.309999942779541","3.309999942779541"
"621","18178","18178","18178","1.0120000839233398","1.0120000839233398","1.0120000839233398","18168","18168","18168","1.0120000839233398","1.0120000839233398","1.0120000839233398","18202","18202","18202","1.0119999647140503","1.0119999647140503","1.0119999647140503"
"622","18180","18180","18180","3.0290000438690186","3.0290000438690186","3.0290000438690186","18170","18170","18170","0.9919999837875366","0.9919999837875366","0.9919999837875366","18204","18204","18204","3.0490000247955322","3.0490000247955322","3.0490000247955322"
"623","18182","18182","18182","3.005000114440918","3.005000114440918","3.005000114440918","18172","18172","18172","0.9919999837875366","0.9919999837875366","0.9919999837875366","18206","18206","18206","0.9919998645782471","0.9919998645782471","0.9919998645782471"
"624","18184","18184","18184","3.3429999351501465","3.3429999351501465","3.3429999351501465","18174","18174","18174","3.3339996337890625","3.3339996337890625","3.3339996337890625","18208","18208","18208","3.2479991912841797","3.2479991912841797","3.2479991912841797"
"625","18186","18186","18186","3.322000026702881","3.322000026702881","3.322000026702881","18176","18176","18176","3.1700000762939453","3.1700000762939453","3.1700000762939453","18210","18210","18210","3.3350000381469727","3.3350000381469727","3.3350000381469727"
"626","18188","18188","18188","3.254999876022339","3.254999876022339","3.254999876022339","18178","18178","18178","3.18500018119812","3.18500018119812","3.18500018119812","18212","18212","18212","3.318999767303467","3.318999767303467","3.318999767303467"
"627","18190","18190","18190","3.327000141143799","3.327000141143799","3.327000141143799","18180","18180","18180","3.310999870300293","3.310999870300293","3.310999870300293","18214","18214","18214","3.2609996795654297","3.2609996795654297","3.2609996795654297"
"628","18192","18192","18192","3.2269999980926514","3.2269999980926514","3.2269999980926514","18182","18182","18182","3.187999963760376","3.187999963760376","3.187999963760376","18216","18216","18216","3.320000171661377","3.320000171661377","3.320000171661377"
"629","18194","18194","18194","1.241999626159668","1.241999626159668","1.241999626159668","18184","18184","18184","3.380999803543091","3.380999803543091","3.380999803543091","18218","18218","18218","3.303999900817871","3.303999900817871","3.303999900817871"
"630","18360","18360","18360","1.0119999647140503","1.0119999647140503","1.0119999647140503","18348","18348","18348","1.0120000839233398","1.0120000839233398","1.0120000839233398","18377","18377","18377","0.8119999170303345","0.8119999170303345","0.8119999170303345"
"631","18362","18362","18362","3.0719997882843018","3.0719997882843018","3.0719997882843018","18350","18350","18350","0.9919997453689575","0.9919997453689575","0.9919997453689575","18379","18379","18379","2.925999641418457","2.925999641418457","2.925999641418457"
"632","18364","18364","18364","3.0880000591278076","3.0880000591278076","3.0880000591278076","18352","18352","18352","0.9919997453689575","0.9919997453689575","0.9919997453689575","18381","18381","18381","3.0769999027252197","3.0769999027252197","3.0769999027252197"
"633","18366","18366","18366","3.2669997215270996","3.2669997215270996","3.2669997215270996","18354","18354","18354","3.2719998359680176","3.2719998359680176","3.2719998359680176","18383","18383","18383","3.3219995498657227","3.3219995498657227","3.3219995498657227"
"634","18368","18368","18368","3.325000047683716","3.325000047683716","3.325000047683716","18356","18356","18356","3.1610000133514404","3.1610000133514404","3.1610000133514404","18385","18385","18385","1.2419997453689575","1.2419997453689575","1.2419997453689575"
"635","18370","18370","18370","3.25600004196167","3.25600004196167","3.25600004196167","18358","18358","18358","3.250999927520752","3.250999927520752","3.250999927520752","18387","18387","18387","1.241999864578247","1.241999864578247","1.241999864578247"
"636","18372","18372","18372","3.3470001220703125","3.3470001220703125","3.3470001220703125","18360","18360","18360","3.05899977684021","3.05899977684021","3.05899977684021","18389","18389","18389","3.3299999237060547","3.3299999237060547","3.3299999237060547"
"637","18374","18374","18374","3.249000072479248","3.249000072479248","3.249000072479248","18362","18362","18362","3.1590001583099365","3.1590001583099365","3.1590001583099365","18391","18391","18391","3.3859996795654297","3.3859996795654297","3.3859996795654297"
"638","18376","18376","18376","3.202000141143799","3.202000141143799","3.202000141143799","18364","18364","18364","3.4039998054504395","3.4039998054504395","3.4039998054504395","18393","18393","18393","3.383999824523926","3.383999824523926","3.383999824523926"
"639","18539","18539","18539","1.0119998455047607","1.0119998455047607","1.0119998455047607","18525","18525","18525","1.0120000839233398","1.0120000839233398","1.0120000839233398","18551","18551","18551","0.8119999170303345","0.8119999170303345","0.8119999170303345"
"640","18541","18541","18541","3.003000020980835","3.003000020980835","3.003000020980835","18527","18527","18527","0.9919998645782471","0.9919998645782471","0.9919998645782471","18553","18553","18553","3.052000045776367","3.052000045776367","3.052000045776367"
"641","18543","18543","18543","3.0789999961853027","3.0789999961853027","3.0789999961853027","18529","18529","18529","3.0349998474121094","3.0349998474121094","3.0349998474121094","18555","18555","18555","3.0840001106262207","3.0840001106262207","3.0840001106262207"
"642","18545","18545","18545","3.251999855041504","3.251999855041504","3.251999855041504","18531","18531","18531","3.237999677658081","3.237999677658081","3.237999677658081","18557","18557","18557","3.313999652862549","3.313999652862549","3.313999652862549"
"643","18547","18547","18547","3.3420000076293945","3.3420000076293945","3.3420000076293945","18533","18533","18533","3.3320000171661377","3.3320000171661377","3.3320000171661377","18559","18559","18559","3.3650002479553223","3.3650002479553223","3.3650002479553223"
"644","18549","18549","18549","3.253000020980835","3.253000020980835","3.253000020980835","18535","18535","18535","3.2730002403259277","3.2730002403259277","3.2730002403259277","18561","18561","18561","3.366000175476074","3.366000175476074","3.366000175476074"
"645","18551","18551","18551","3.2659993171691895","3.2659993171691895","3.2659993171691895","18537","18537","18537","3.298999786376953","3.298999786376953","3.298999786376953","18563","18563","18563","3.241999626159668","3.241999626159668","3.241999626159668"
"646","18553","18553","18553","3.184000253677368","3.184000253677368","3.184000253677368","18539","18539","18539","3.238999843597412","3.238999843597412","3.238999843597412","18565","18565","18565","3.381999969482422","3.381999969482422","3.381999969482422"
"647","18555","18555","18555","3.2160000801086426","3.2160000801086426","3.2160000801086426","18541","18541","18541","3.2140002250671387","3.2140002250671387","3.2140002250671387","18567","18567","18567","3.3889999389648438","3.3889999389648438","3.3889999389648438"
"648","18719","18719","18719","1.0119999647140503","1.0119999647140503","1.0119999647140503","18701","18701","18701","1.0120000839233398","1.0120000839233398","1.0120000839233398","18728","18728","18728","0.8119999170303345","0.8119999170303345","0.8119999170303345"
"649","18721","18721","18721","3.0789999961853027","3.0789999961853027","3.0789999961853027","18703","18703","18703","0.9919998645782471","0.9919998645782471","0.9919998645782471","18730","18730","18730","3.003000020980835","3.003000020980835","3.003000020980835"
"650","18723","18723","18723","3.0870001316070557","3.0870001316070557","3.0870001316070557","18705","18705","18705","3.0409998893737793","3.0409998893737793","3.0409998893737793","18732","18732","18732","3.141000270843506","3.141000270843506","3.141000270843506"
"651","18725","18725","18725","3.3249998092651367","3.3249998092651367","3.3249998092651367","18707","18707","18707","3.3259997367858887","3.3259997367858887","3.3259997367858887","18734","18734","18734","3.315999984741211","3.315999984741211","3.315999984741211"
"652","18727","18727","18727","3.252999782562256","3.252999782562256","3.252999782562256","18709","18709","18709","3.1740000247955322","3.1740000247955322","3.1740000247955322","18736","18736","18736","3.3319997787475586","3.3319997787475586","3.3319997787475586"
"653","18729","18729","18729","3.247999906539917","3.247999906539917","3.247999906539917","18711","18711","18711","3.2740001678466797","3.2740001678466797","3.2740001678466797","18738","18738","18738","3.3429999351501465","3.3429999351501465","3.3429999351501465"
"654","18731","18731","18731","3.327000141143799","3.327000141143799","3.327000141143799","18713","18713","18713","3.066999912261963","3.066999912261963","3.066999912261963","18740","18740","18740","3.2619996070861816","3.2619996070861816","3.2619996070861816"
"655","18733","18733","18733","3.2309999465942383","3.2309999465942383","3.2309999465942383","18715","18715","18715","3.172999858856201","3.172999858856201","3.172999858856201","18742","18742","18742","3.321000099182129","3.321000099182129","3.321000099182129"
"656","18735","18735","18735","3.199000120162964","3.199000120162964","3.199000120162964","18717","18717","18717","3.1429998874664307","3.1429998874664307","3.1429998874664307","18744","18744","18744","3.3859996795654297","3.3859996795654297","3.3859996795654297"
"657","18896","18896","18896","3.0419998168945312","3.0419998168945312","3.0419998168945312","18882","18882","18882","1.0120000839233398","1.0120000839233398","1.0120000839233398","18902","18902","18902","2.9130001068115234","2.9130001068115234","2.9130001068115234"
"658","18898","18898","18898","2.9760003089904785","2.9760003089904785","2.9760003089904785","18884","18884","18884","3.062000036239624","3.062000036239624","3.062000036239624","18904","18904","18904","3.052999973297119","3.052999973297119","3.052999973297119"
"659","18900","18900","18900","2.9739999771118164","2.9739999771118164","2.9739999771118164","18886","18886","18886","3.0480000972747803","3.0480000972747803","3.0480000972747803","18906","18906","18906","3.1529998779296875","3.1529998779296875","3.1529998779296875"
"660","18902","18902","18902","3.24399995803833","3.24399995803833","3.24399995803833","18888","18888","18888","1.2619996070861816","1.2619996070861816","1.2619996070861816","18908","18908","18908","3.258999824523926","3.258999824523926","3.258999824523926"
"661","18904","18904","18904","3.246999740600586","3.246999740600586","3.246999740600586","18890","18890","18890","3.255000114440918","3.255000114440918","3.255000114440918","18910","18910","18910","3.3319997787475586","3.3319997787475586","3.3319997787475586"
"662","18906","18906","18906","3.1670000553131104","3.1670000553131104","3.1670000553131104","18892","18892","18892","3.263000011444092","3.263000011444092","3.263000011444092","18912","18912","18912","3.353999614715576","3.353999614715576","3.353999614715576"
"663","18908","18908","18908","3.312000274658203","3.312000274658203","3.312000274658203","18894","18894","18894","3.1449995040893555","3.1449995040893555","3.1449995040893555","18914","18914","18914","3.249999523162842","3.249999523162842","3.249999523162842"
"664","18910","18910","18910","3.242000102996826","3.242000102996826","3.242000102996826","18896","18896","18896","3.2749996185302734","3.2749996185302734","3.2749996185302734","18916","18916","18916","1.241999864578247","1.241999864578247","1.241999864578247"
"665","18912","18912","18912","3.3690004348754883","3.3690004348754883","3.3690004348754883","18898","18898","18898","3.3909997940063477","3.3909997940063477","3.3909997940063477","18918","18918","18918","3.322999954223633","3.322999954223633","3.322999954223633"
"666","19073","19073","19073","1.0120000839233398","1.0120000839233398","1.0120000839233398","19062","19062","19062","1.0120000839233398","1.0120000839233398","1.0120000839233398","19076","19076","19076","2.9609999656677246","2.9609999656677246","2.9609999656677246"
"667","19075","19075","19075","3.046999931335449","3.046999931335449","3.046999931335449","19064","19064","19064","3.118000030517578","3.118000030517578","3.118000030517578","19078","19078","19078","2.920999765396118","2.920999765396118","2.920999765396118"
"668","19077","19077","19077","3.055999994277954","3.055999994277954","3.055999994277954","19066","19066","19066","1.0119999647140503","1.0119999647140503","1.0119999647140503","19080","19080","19080","3.0950002670288086","3.0950002670288086","3.0950002670288086"
"669","19079","19079","19079","3.327000141143799","3.327000141143799","3.327000141143799","19068","19068","19068","3.043999671936035","3.043999671936035","3.043999671936035","19082","19082","19082","3.2639994621276855","3.2639994621276855","3.2639994621276855"
"670","19081","19081","19081","3.227999687194824","3.227999687194824","3.227999687194824","19070","19070","19070","3.313999891281128","3.313999891281128","3.313999891281128","19084","19084","19084","1.241999864578247","1.241999864578247","1.241999864578247"
"671","19083","19083","19083","3.250999927520752","3.250999927520752","3.250999927520752","19072","19072","19072","3.179999828338623","3.179999828338623","3.179999828338623","19086","19086","19086","3.3400001525878906","3.3400001525878906","3.3400001525878906"
"672","19085","19085","19085","3.310000419616699","3.310000419616699","3.310000419616699","19074","19074","19074","3.2849998474121094","3.2849998474121094","3.2849998474121094","19088","19088","19088","3.227999687194824","3.227999687194824","3.227999687194824"
"673","19087","19087","19087","3.2280004024505615","3.2280004024505615","3.2280004024505615","19076","19076","19076","3.1619999408721924","3.1619999408721924","3.1619999408721924","19090","19090","19090","3.3949999809265137","3.3949999809265137","3.3949999809265137"
"674","19089","19089","19089","3.199000120162964","3.199000120162964","3.199000120162964","19078","19078","19078","3.378000020980835","3.378000020980835","3.378000020980835","19092","19092","19092","3.3849997520446777","3.3849997520446777","3.3849997520446777"
"675","19249","19249","19249","0.8119999170303345","0.8119999170303345","0.8119999170303345","19242","19242","19242","1.0120000839233398","1.0120000839233398","1.0120000839233398","19253","19253","19253","2.9039998054504395","2.9039998054504395","2.9039998054504395"
"676","19251","19251","19251","3.069999933242798","3.069999933242798","3.069999933242798","19244","19244","19244","3.0840001106262207","3.0840001106262207","3.0840001106262207","19255","19255","19255","3.0510001182556152","3.0510001182556152","3.0510001182556152"
"677","19253","19253","19253","2.998000144958496","2.998000144958496","2.998000144958496","19246","19246","19246","3.060999870300293","3.060999870300293","3.060999870300293","19257","19257","19257","3.1469998359680176","3.1469998359680176","3.1469998359680176"
"678","19255","19255","19255","3.313999652862549","3.313999652862549","3.313999652862549","19248","19248","19248","3.2699995040893555","3.2699995040893555","3.2699995040893555","19259","19259","19259","3.2529993057250977","3.2529993057250977","3.2529993057250977"
"679","19257","19257","19257","3.312000036239624","3.312000036239624","3.312000036239624","19250","19250","19250","3.2649998664855957","3.2649998664855957","3.2649998664855957","19261","19261","19261","3.173999786376953","3.173999786376953","3.173999786376953"
"680","19259","19259","19259","3.255999803543091","3.255999803543091","3.255999803543091","19252","19252","19252","3.25","3.25","3.25","19263","19263","19263","3.3460001945495605","3.3460001945495605","3.3460001945495605"
"681","19261","19261","19261","3.317000389099121","3.317000389099121","3.317000389099121","19254","19254","19254","3.2769994735717773","3.2769994735717773","3.2769994735717773","19265","19265","19265","3.253999710083008","3.253999710083008","3.253999710083008"
"682","19263","19263","19263","3.260999917984009","3.260999917984009","3.260999917984009","19256","19256","19256","3.3409998416900635","3.3409998416900635","3.3409998416900635","19267","19267","19267","3.3559999465942383","3.3559999465942383","3.3559999465942383"
"683","19265","19265","19265","1.241999864578247","1.241999864578247","1.241999864578247","19258","19258","19258","3.2170002460479736","3.2170002460479736","3.2170002460479736","19269","19269","19269","3.3899998664855957","3.3899998664855957","3.3899998664855957"
"684","19428","19428","19428","0.8119997978210449","0.8119997978210449","0.8119997978210449","19421","19421","19421","1.0120000839233398","1.0120000839233398","1.0120000839233398","19432","19432","19432","2.9839999675750732","2.9839999675750732","2.9839999675750732"
"685","19430","19430","19430","3.0500001907348633","3.0500001907348633","3.0500001907348633","19423","19423","19423","2.998000144958496","2.998000144958496","2.998000144958496","19434","19434","19434","3.1000003814697266","3.1000003814697266","3.1000003814697266"
"686","19432","19432","19432","2.9890003204345703","2.9890003204345703","2.9890003204345703","19425","19425","19425","3.0869998931884766","3.0869998931884766","3.0869998931884766","19436","19436","19436","3.1429996490478516","3.1429996490478516","3.1429996490478516"
"687","19434","19434","19434","3.2820000648498535","3.2820000648498535","3.2820000648498535","19427","19427","19427","3.297999858856201","3.297999858856201","3.297999858856201","19438","19438","19438","3.2559990882873535","3.2559990882873535","3.2559990882873535"
"688","19436","19436","19436","3.237999677658081","3.237999677658081","3.237999677658081","19429","19429","19429","3.236999988555908","3.236999988555908","3.236999988555908","19440","19440","19440","3.2669997215270996","3.2669997215270996","3.2669997215270996"
"689","19438","19438","19438","3.1529998779296875","3.1529998779296875","3.1529998779296875","19431","19431","19431","3.140000104904175","3.140000104904175","3.140000104904175","19442","19442","19442","3.3489999771118164","3.3489999771118164","3.3489999771118164"
"690","19440","19440","19440","3.3289999961853027","3.3289999961853027","3.3289999961853027","19433","19433","19433","3.251999855041504","3.251999855041504","3.251999855041504","19444","19444","19444","3.2749996185302734","3.2749996185302734","3.2749996185302734"
"691","19442","19442","19442","3.250999927520752","3.250999927520752","3.250999927520752","19435","19435","19435","3.3439998626708984","3.3439998626708984","3.3439998626708984","19446","19446","19446","3.181999683380127","3.181999683380127","3.181999683380127"
"692","19444","19444","19444","3.3560001850128174","3.3560001850128174","3.3560001850128174","19437","19437","19437","3.308000087738037","3.308000087738037","3.308000087738037","19448","19448","19448","3.36899995803833","3.36899995803833","3.36899995803833"
"693","19614","19614","19614","1.0120000839233398","1.0120000839233398","1.0120000839233398","19597","19597","19597","1.0120000839233398","1.0120000839233398","1.0120000839233398","19612","19612","19612","2.9210000038146973","2.9210000038146973","2.9210000038146973"
"694","19616","19616","19616","2.8450000286102295","2.8450000286102295","2.8450000286102295","19599","19599","19599","3.1399998664855957","3.1399998664855957","3.1399998664855957","19614","19614","19614","3.124000072479248","3.124000072479248","3.124000072479248"
"695","19618","19618","19618","3.008000373840332","3.008000373840332","3.008000373840332","19601","19601","19601","3.071000099182129","3.071000099182129","3.071000099182129","19616","19616","19616","0.9920001029968262","0.9920001029968262","0.9920001029968262"
"696","19620","19620","19620","3.24399995803833","3.24399995803833","3.24399995803833","19603","19603","19603","3.3249998092651367","3.3249998092651367","3.3249998092651367","19618","19618","19618","3.256999969482422","3.256999969482422","3.256999969482422"
"697","19622","19622","19622","3.241999864578247","3.241999864578247","3.241999864578247","19605","19605","19605","3.1720001697540283","3.1720001697540283","3.1720001697540283","19620","19620","19620","3.332000255584717","3.332000255584717","3.332000255584717"
"698","19624","19624","19624","3.2669999599456787","3.2669999599456787","3.2669999599456787","19607","19607","19607","3.3509998321533203","3.3509998321533203","3.3509998321533203","19622","19622","19622","3.3480000495910645","3.3480000495910645","3.3480000495910645"
"699","19626","19626","19626","3.3409996032714844","3.3409996032714844","3.3409996032714844","19609","19609","19609","3.332000255584717","3.332000255584717","3.332000255584717","19624","19624","19624","3.245999813079834","3.245999813079834","3.245999813079834"
"700","19628","19628","19628","3.249000072479248","3.249000072479248","3.249000072479248","19611","19611","19611","3.1690001487731934","3.1690001487731934","3.1690001487731934","19626","19626","19626","3.2140002250671387","3.2140002250671387","3.2140002250671387"
"701","19630","19630","19630","3.199000120162964","3.199000120162964","3.199000120162964","19613","19613","19613","3.2290000915527344","3.2290000915527344","3.2290000915527344","19628","19628","19628","3.309999942779541","3.309999942779541","3.309999942779541"
"702","19795","19795","19795","2.931999921798706","2.931999921798706","2.931999921798706","19774","19774","19774","1.0120000839233398","1.0120000839233398","1.0120000839233398","19786","19786","19786","2.9069998264312744","2.9069998264312744","2.9069998264312744"
"703","19797","19797","19797","2.866000175476074","2.866000175476074","2.866000175476074","19776","19776","19776","3.0139999389648438","3.0139999389648438","3.0139999389648438","19788","19788","19788","3.1449999809265137","3.1449999809265137","3.1449999809265137"
"704","19799","19799","19799","3.054999828338623","3.054999828338623","3.054999828338623","19778","19778","19778","2.879000186920166","2.879000186920166","2.879000186920166","19790","19790","19790","3.1429996490478516","3.1429996490478516","3.1429996490478516"
"705","19801","19801","19801","3.24399995803833","3.24399995803833","3.24399995803833","19780","19780","19780","3.3369996547698975","3.3369996547698975","3.3369996547698975","19792","19792","19792","3.2509994506835938","3.2509994506835938","3.2509994506835938"
"706","19803","19803","19803","3.251999855041504","3.251999855041504","3.251999855041504","19782","19782","19782","3.3289999961853027","3.3289999961853027","3.3289999961853027","19794","19794","19794","1.241999864578247","1.241999864578247","1.241999864578247"
"707","19805","19805","19805","3.235999822616577","3.235999822616577","3.235999822616577","19784","19784","19784","3.131999969482422","3.131999969482422","3.131999969482422","19796","19796","19796","3.3450002670288086","3.3450002670288086","3.3450002670288086"
"708","19807","19807","19807","3.306000232696533","3.306000232696533","3.306000232696533","19786","19786","19786","3.078000068664551","3.078000068664551","3.078000068664551","19798","19798","19798","3.253999710083008","3.253999710083008","3.253999710083008"
"709","19809","19809","19809","3.242999792098999","3.242999792098999","3.242999792098999","19788","19788","19788","3.3429996967315674","3.3429996967315674","3.3429996967315674","19800","19800","19800","3.388000011444092","3.388000011444092","3.388000011444092"
"710","19811","19811","19811","3.199000120162964","3.199000120162964","3.199000120162964","19790","19790","19790","3.242000102996826","3.242000102996826","3.242000102996826","19802","19802","19802","3.309999942779541","3.309999942779541","3.309999942779541"
"711","19968","19968","19968","1.0119999647140503","1.0119999647140503","1.0119999647140503","19948","19948","19948","1.0120002031326294","1.0120002031326294","1.0120002031326294","19961","19961","19961","2.983999729156494","2.983999729156494","2.983999729156494"
"712","19970","19970","19970","3.0260000228881836","3.0260000228881836","3.0260000228881836","19950","19950","19950","0.9919998645782471","0.9919998645782471","0.9919998645782471","19963","19963","19963","3.11899995803833","3.11899995803833","3.11899995803833"
"713","19972","19972","19972","3.013000011444092","3.013000011444092","3.013000011444092","19952","19952","19952","0.9919999837875366","0.9919999837875366","0.9919999837875366","19965","19965","19965","3.1479997634887695","3.1479997634887695","3.1479997634887695"
"714","19974","19974","19974","3.3349995613098145","3.3349995613098145","3.3349995613098145","19954","19954","19954","3.3349995613098145","3.3349995613098145","3.3349995613098145","19967","19967","19967","3.2589993476867676","3.2589993476867676","3.2589993476867676"
"715","19976","19976","19976","3.236999750137329","3.236999750137329","3.236999750137329","19956","19956","19956","3.3480000495910645","3.3480000495910645","3.3480000495910645","19969","19969","19969","3.3239998817443848","3.3239998817443848","3.3239998817443848"
"716","19978","19978","19978","3.250999927520752","3.250999927520752","3.250999927520752","19958","19958","19958","3.2709999084472656","3.2709999084472656","3.2709999084472656","19971","19971","19971","3.3480000495910645","3.3480000495910645","3.3480000495910645"
"717","19980","19980","19980","3.304999828338623","3.304999828338623","3.304999828338623","19960","19960","19960","3.3319997787475586","3.3319997787475586","3.3319997787475586","19973","19973","19973","3.2269997596740723","3.2269997596740723","3.2269997596740723"
"718","19982","19982","19982","3.308000087738037","3.308000087738037","3.308000087738037","19962","19962","19962","3.182000160217285","3.182000160217285","3.182000160217285","19975","19975","19975","3.3809995651245117","3.3809995651245117","3.3809995651245117"
"719","19984","19984","19984","1.2419999837875366","1.2419999837875366","1.2419999837875366","19964","19964","19964","3.19700026512146","3.19700026512146","3.19700026512146","19977","19977","19977","3.3889999389648438","3.3889999389648438","3.3889999389648438"
"720","20152","20152","20152","1.0120000839233398","1.0120000839233398","1.0120000839233398","20129","20129","20129","1.0120002031326294","1.0120002031326294","1.0120002031326294","20136","20136","20136","3.062999963760376","3.062999963760376","3.062999963760376"
"721","20154","20154","20154","2.9770002365112305","2.9770002365112305","2.9770002365112305","20131","20131","20131","3.002000331878662","3.002000331878662","3.002000331878662","20138","20138","20138","0.9919998645782471","0.9919998645782471","0.9919998645782471"
"722","20156","20156","20156","3.073000192642212","3.073000192642212","3.073000192642212","20133","20133","20133","3.0920000076293945","3.0920000076293945","3.0920000076293945","20140","20140","20140","3.0949997901916504","3.0949997901916504","3.0949997901916504"
"723","20158","20158","20158","3.257999897003174","3.257999897003174","3.257999897003174","20135","20135","20135","3.2639999389648438","3.2639999389648438","3.2639999389648438","20142","20142","20142","3.318999767303467","3.318999767303467","3.318999767303467"
"724","20160","20160","20160","3.234999656677246","3.234999656677246","3.234999656677246","20137","20137","20137","3.3349997997283936","3.3349997997283936","3.3349997997283936","20144","20144","20144","3.2829999923706055","3.2829999923706055","3.2829999923706055"
"725","20162","20162","20162","3.1589999198913574","3.1589999198913574","3.1589999198913574","20139","20139","20139","3.2189998626708984","3.2189998626708984","3.2189998626708984","20146","20146","20146","3.332000255584717","3.332000255584717","3.332000255584717"
"726","20164","20164","20164","3.315000057220459","3.315000057220459","3.315000057220459","20141","20141","20141","3.306000232696533","3.306000232696533","3.306000232696533","20148","20148","20148","3.227999687194824","3.227999687194824","3.227999687194824"
"727","20166","20166","20166","3.234999895095825","3.234999895095825","3.234999895095825","20143","20143","20143","3.258999824523926","3.258999824523926","3.258999824523926","20150","20150","20150","3.4059996604919434","3.4059996604919434","3.4059996604919434"
"728","20168","20168","20168","3.372999668121338","3.372999668121338","3.372999668121338","20145","20145","20145","3.315000057220459","3.315000057220459","3.315000057220459","20152","20152","20152","3.3859996795654297","3.3859996795654297","3.3859996795654297"
"729","20335","20335","20335","2.934000015258789","2.934000015258789","2.934000015258789","20309","20309","20309","1.0120000839233398","1.0120000839233398","1.0120000839233398","20315","20315","20315","2.9839999675750732","2.9839999675750732","2.9839999675750732"
"730","20337","20337","20337","3.053999900817871","3.053999900817871","3.053999900817871","20311","20311","20311","3.0850000381469727","3.0850000381469727","3.0850000381469727","20317","20317","20317","3.1439995765686035","3.1439995765686035","3.1439995765686035"
"731","20339","20339","20339","3.064000129699707","3.064000129699707","3.064000129699707","20313","20313","20313","3.0810000896453857","3.0810000896453857","3.0810000896453857","20319","20319","20319","0.9920002222061157","0.9920002222061157","0.9920002222061157"
"732","20341","20341","20341","3.238999843597412","3.238999843597412","3.238999843597412","20315","20315","20315","3.2649998664855957","3.2649998664855957","3.2649998664855957","20321","20321","20321","3.24899959564209","3.24899959564209","3.24899959564209"
"733","20343","20343","20343","3.241999864578247","3.241999864578247","3.241999864578247","20317","20317","20317","3.2249999046325684","3.2249999046325684","3.2249999046325684","20323","20323","20323","3.173999786376953","3.173999786376953","3.173999786376953"
"734","20345","20345","20345","3.253999948501587","3.253999948501587","3.253999948501587","20319","20319","20319","3.1989998817443848","3.1989998817443848","3.1989998817443848","20325","20325","20325","1.241999864578247","1.241999864578247","1.241999864578247"
"735","20347","20347","20347","3.3359999656677246","3.3359999656677246","3.3359999656677246","20321","20321","20321","3.313999652862549","3.313999652862549","3.313999652862549","20327","20327","20327","3.258999824523926","3.258999824523926","3.258999824523926"
"736","20349","20349","20349","3.240000009536743","3.240000009536743","3.240000009536743","20323","20323","20323","3.3299999237060547","3.3299999237060547","3.3299999237060547","20329","20329","20329","3.322999954223633","3.322999954223633","3.322999954223633"
"737","20351","20351","20351","3.2230000495910645","3.2230000495910645","3.2230000495910645","20325","20325","20325","1.3419997692108154","1.3419997692108154","1.3419997692108154","20331","20331","20331","3.3859996795654297","3.3859996795654297","3.3859996795654297"
"738","20510","20510","20510","1.0120000839233398","1.0120000839233398","1.0120000839233398","20488","20488","20488","1.0120000839233398","1.0120000839233398","1.0120000839233398","20489","20489","20489","2.924999952316284","2.924999952316284","2.924999952316284"
"739","20512","20512","20512","3.053999900817871","3.053999900817871","3.053999900817871","20490","20490","20490","3.0430002212524414","3.0430002212524414","3.0430002212524414","20491","20491","20491","3.1529998779296875","3.1529998779296875","3.1529998779296875"
"740","20514","20514","20514","3.0260002613067627","3.0260002613067627","3.0260002613067627","20492","20492","20492","3.0430002212524414","3.0430002212524414","3.0430002212524414","20493","20493","20493","3.1449999809265137","3.1449999809265137","3.1449999809265137"
"741","20516","20516","20516","3.042999744415283","3.042999744415283","3.042999744415283","20494","20494","20494","3.3199996948242188","3.3199996948242188","3.3199996948242188","20495","20495","20495","3.2589993476867676","3.2589993476867676","3.2589993476867676"
"742","20518","20518","20518","3.237999677658081","3.237999677658081","3.237999677658081","20496","20496","20496","3.1540002822875977","3.1540002822875977","3.1540002822875977","20497","20497","20497","3.3460001945495605","3.3460001945495605","3.3460001945495605"
"743","20520","20520","20520","1.241999864578247","1.241999864578247","1.241999864578247","20498","20498","20498","3.309999942779541","3.309999942779541","3.309999942779541","20499","20499","20499","3.3470001220703125","3.3470001220703125","3.3470001220703125"
"744","20522","20522","20522","3.307000160217285","3.307000160217285","3.307000160217285","20500","20500","20500","3.3319997787475586","3.3319997787475586","3.3319997787475586","20501","20501","20501","3.238999843597412","3.238999843597412","3.238999843597412"
"745","20524","20524","20524","3.240000009536743","3.240000009536743","3.240000009536743","20502","20502","20502","1.3419997692108154","1.3419997692108154","1.3419997692108154","20503","20503","20503","3.184000015258789","3.184000015258789","3.184000015258789"
"746","20526","20526","20526","3.205000162124634","3.205000162124634","3.205000162124634","20504","20504","20504","3.2110002040863037","3.2110002040863037","3.2110002040863037","20505","20505","20505","3.4019999504089355","3.4019999504089355","3.4019999504089355"
"747","20691","20691","20691","1.0120000839233398","1.0120000839233398","1.0120000839233398","20668","20668","20668","1.0119999647140503","1.0119999647140503","1.0119999647140503","20663","20663","20663","2.9129998683929443","2.9129998683929443","2.9129998683929443"
"748","20693","20693","20693","3.0380001068115234","3.0380001068115234","3.0380001068115234","20670","20670","20670","0.9919996857643127","0.9919996857643127","0.9919996857643127","20665","20665","20665","3.135000228881836","3.135000228881836","3.135000228881836"
"749","20695","20695","20695","3.053999900817871","3.053999900817871","3.053999900817871","20672","20672","20672","3.0830001831054688","3.0830001831054688","3.0830001831054688","20667","20667","20667","0.9920002222061157","0.9920002222061157","0.9920002222061157"
"750","20697","20697","20697","3.049999713897705","3.049999713897705","3.049999713897705","20674","20674","20674","3.23099946975708","3.23099946975708","3.23099946975708","20669","20669","20669","3.2559995651245117","3.2559995651245117","3.2559995651245117"
"751","20699","20699","20699","3.241999864578247","3.241999864578247","3.241999864578247","20676","20676","20676","3.251999855041504","3.251999855041504","3.251999855041504","20671","20671","20671","1.241999864578247","1.241999864578247","1.241999864578247"
"752","20701","20701","20701","1.241999864578247","1.241999864578247","1.241999864578247","20678","20678","20678","3.184000015258789","3.184000015258789","3.184000015258789","20673","20673","20673","3.352999687194824","3.352999687194824","3.352999687194824"
"753","20703","20703","20703","3.329000473022461","3.329000473022461","3.329000473022461","20680","20680","20680","3.068999767303467","3.068999767303467","3.068999767303467","20675","20675","20675","3.2779998779296875","3.2779998779296875","3.2779998779296875"
"754","20705","20705","20705","3.240000009536743","3.240000009536743","3.240000009536743","20682","20682","20682","3.256999969482422","3.256999969482422","3.256999969482422","20677","20677","20677","3.307000160217285","3.307000160217285","3.307000160217285"
"755","20707","20707","20707","3.202000141143799","3.202000141143799","3.202000141143799","20684","20684","20684","3.2249999046325684","3.2249999046325684","3.2249999046325684","20679","20679","20679","3.322999954223633","3.322999954223633","3.322999954223633"
"756","20865","20865","20865","3.0329999923706055","3.0329999923706055","3.0329999923706055","20843","20843","20843","1.0120000839233398","1.0120000839233398","1.0120000839233398","20837","20837","20837","3.059999942779541","3.059999942779541","3.059999942779541"
"757","20867","20867","20867","3.0279998779296875","3.0279998779296875","3.0279998779296875","20845","20845","20845","2.991999864578247","2.991999864578247","2.991999864578247","20839","20839","20839","3.0980000495910645","3.0980000495910645","3.0980000495910645"
"758","20869","20869","20869","3.0749998092651367","3.0749998092651367","3.0749998092651367","20847","20847","20847","3.072999954223633","3.072999954223633","3.072999954223633","20841","20841","20841","3.1710000038146973","3.1710000038146973","3.1710000038146973"
"759","20871","20871","20871","3.0240001678466797","3.0240001678466797","3.0240001678466797","20849","20849","20849","3.3330001831054688","3.3330001831054688","3.3330001831054688","20843","20843","20843","3.24299955368042","3.24299955368042","3.24299955368042"
"760","20873","20873","20873","3.3380000591278076","3.3380000591278076","3.3380000591278076","20851","20851","20851","3.1710000038146973","3.1710000038146973","3.1710000038146973","20845","20845","20845","3.3450002670288086","3.3450002670288086","3.3450002670288086"
"761","20875","20875","20875","3.238999843597412","3.238999843597412","3.238999843597412","20853","20853","20853","3.307000160217285","3.307000160217285","3.307000160217285","20847","20847","20847","3.3480000495910645","3.3480000495910645","3.3480000495910645"
"762","20877","20877","20877","3.317000389099121","3.317000389099121","3.317000389099121","20855","20855","20855","3.3289995193481445","3.3289995193481445","3.3289995193481445","20849","20849","20849","3.2709999084472656","3.2709999084472656","3.2709999084472656"
"763","20879","20879","20879","3.2300002574920654","3.2300002574920654","3.2300002574920654","20857","20857","20857","3.3309998512268066","3.3309998512268066","3.3309998512268066","20851","20851","20851","3.4039998054504395","3.4039998054504395","3.4039998054504395"
"764","20881","20881","20881","3.195000171661377","3.195000171661377","3.195000171661377","20859","20859","20859","3.2239999771118164","3.2239999771118164","3.2239999771118164","20853","20853","20853","1.3419997692108154","1.3419997692108154","1.3419997692108154"
"765","21045","21045","21045","1.0119999647140503","1.0119999647140503","1.0119999647140503","21023","21023","21023","1.0120000839233398","1.0120000839233398","1.0120000839233398","21012","21012","21012","3.0819997787475586","3.0819997787475586","3.0819997787475586"
"766","21047","21047","21047","3.0769999027252197","3.0769999027252197","3.0769999027252197","21025","21025","21025","3.0290000438690186","3.0290000438690186","3.0290000438690186","21014","21014","21014","3.0960001945495605","3.0960001945495605","3.0960001945495605"
"767","21049","21049","21049","3.052000045776367","3.052000045776367","3.052000045776367","21027","21027","21027","0.9919999837875366","0.9919999837875366","0.9919999837875366","21016","21016","21016","0.9920002222061157","0.9920002222061157","0.9920002222061157"
"768","21051","21051","21051","3.2890000343322754","3.2890000343322754","3.2890000343322754","21029","21029","21029","3.316999912261963","3.316999912261963","3.316999912261963","21018","21018","21018","3.3399996757507324","3.3399996757507324","3.3399996757507324"
"769","21053","21053","21053","3.232999801635742","3.232999801635742","3.232999801635742","21031","21031","21031","3.3439998626708984","3.3439998626708984","3.3439998626708984","21020","21020","21020","3.327000141143799","3.327000141143799","3.327000141143799"
"770","21055","21055","21055","3.2209999561309814","3.2209999561309814","3.2209999561309814","21033","21033","21033","3.3429999351501465","3.3429999351501465","3.3429999351501465","21022","21022","21022","3.3470001220703125","3.3470001220703125","3.3470001220703125"
"771","21057","21057","21057","3.332000255584717","3.332000255584717","3.332000255584717","21035","21035","21035","3.3410000801086426","3.3410000801086426","3.3410000801086426","21024","21024","21024","3.227999687194824","3.227999687194824","3.227999687194824"
"772","21059","21059","21059","3.378000020980835","3.378000020980835","3.378000020980835","21037","21037","21037","3.3999996185302734","3.3999996185302734","3.3999996185302734","21026","21026","21026","3.3899998664855957","3.3899998664855957","3.3899998664855957"
"773","21061","21061","21061","3.199000120162964","3.199000120162964","3.199000120162964","21039","21039","21039","3.3849997520446777","3.3849997520446777","3.3849997520446777","21028","21028","21028","3.320000171661377","3.320000171661377","3.320000171661377"
"774","21225","21225","21225","1.0119999647140503","1.0119999647140503","1.0119999647140503","21202","21202","21202","1.0119999647140503","1.0119999647140503","1.0119999647140503","21188","21188","21188","3.0699996948242188","3.0699996948242188","3.0699996948242188"
"775","21227","21227","21227","3.0410001277923584","3.0410001277923584","3.0410001277923584","21204","21204","21204","3.056999921798706","3.056999921798706","3.056999921798706","21190","21190","21190","3.0179996490478516","3.0179996490478516","3.0179996490478516"
"776","21229","21229","21229","3.064000129699707","3.064000129699707","3.064000129699707","21206","21206","21206","0.9919999837875366","0.9919999837875366","0.9919999837875366","21192","21192","21192","0.9919999837875366","0.9919999837875366","0.9919999837875366"
"777","21231","21231","21231","3.24399995803833","3.24399995803833","3.24399995803833","21208","21208","21208","3.3319997787475586","3.3319997787475586","3.3319997787475586","21194","21194","21194","3.244999408721924","3.244999408721924","3.244999408721924"
"778","21233","21233","21233","3.312000036239624","3.312000036239624","3.312000036239624","21210","21210","21210","3.310999870300293","3.310999870300293","3.310999870300293","21196","21196","21196","3.2699999809265137","3.2699999809265137","3.2699999809265137"
"779","21235","21235","21235","3.253999948501587","3.253999948501587","3.253999948501587","21212","21212","21212","3.26200008392334","3.26200008392334","3.26200008392334","21198","21198","21198","3.2649998664855957","3.2649998664855957","3.2649998664855957"
"780","21237","21237","21237","3.306000232696533","3.306000232696533","3.306000232696533","21214","21214","21214","3.309000015258789","3.309000015258789","3.309000015258789","21200","21200","21200","3.258999824523926","3.258999824523926","3.258999824523926"
"781","21239","21239","21239","3.250999927520752","3.250999927520752","3.250999927520752","21216","21216","21216","3.3350000381469727","3.3350000381469727","3.3350000381469727","21202","21202","21202","3.372000217437744","3.372000217437744","3.372000217437744"
"782","21241","21241","21241","3.123000144958496","3.123000144958496","3.123000144958496","21218","21218","21218","3.306000232696533","3.306000232696533","3.306000232696533","21204","21204","21204","3.383999824523926","3.383999824523926","3.383999824523926"
"783","21399","21399","21399","1.0119999647140503","1.0119999647140503","1.0119999647140503","21384","21384","21384","1.0120000839233398","1.0120000839233398","1.0120000839233398","21366","21366","21366","2.9069998264312744","2.9069998264312744","2.9069998264312744"
"784","21401","21401","21401","3.069000244140625","3.069000244140625","3.069000244140625","21386","21386","21386","3.117000102996826","3.117000102996826","3.117000102996826","21368","21368","21368","2.986999988555908","2.986999988555908","2.986999988555908"
"785","21403","21403","21403","3.0500001907348633","3.0500001907348633","3.0500001907348633","21388","21388","21388","3.1059999465942383","3.1059999465942383","3.1059999465942383","21370","21370","21370","3.1529998779296875","3.1529998779296875","3.1529998779296875"
"786","21405","21405","21405","3.3319997787475586","3.3319997787475586","3.3319997787475586","21390","21390","21390","3.314000129699707","3.314000129699707","3.314000129699707","21372","21372","21372","3.243999481201172","3.243999481201172","3.243999481201172"
"787","21407","21407","21407","3.241999864578247","3.241999864578247","3.241999864578247","21392","21392","21392","3.257999897003174","3.257999897003174","3.257999897003174","21374","21374","21374","3.3309998512268066","3.3309998512268066","3.3309998512268066"
"788","21409","21409","21409","3.236999988555908","3.236999988555908","3.236999988555908","21394","21394","21394","3.249999761581421","3.249999761581421","3.249999761581421","21376","21376","21376","3.3489999771118164","3.3489999771118164","3.3489999771118164"
"789","21411","21411","21411","3.234999656677246","3.234999656677246","3.234999656677246","21396","21396","21396","3.3339996337890625","3.3339996337890625","3.3339996337890625","21378","21378","21378","3.2569994926452637","3.2569994926452637","3.2569994926452637"
"790","21413","21413","21413","3.250999927520752","3.250999927520752","3.250999927520752","21398","21398","21398","3.2699997425079346","3.2699997425079346","3.2699997425079346","21380","21380","21380","3.3979997634887695","3.3979997634887695","3.3979997634887695"
"791","21415","21415","21415","3.2089998722076416","3.2089998722076416","3.2089998722076416","21400","21400","21400","3.2270002365112305","3.2270002365112305","3.2270002365112305","21382","21382","21382","3.322999954223633","3.322999954223633","3.322999954223633"
"792","21572","21572","21572","1.0120000839233398","1.0120000839233398","1.0120000839233398","21560","21560","21560","1.0119999647140503","1.0119999647140503","1.0119999647140503","21542","21542","21542","2.946000099182129","2.946000099182129","2.946000099182129"
"793","21574","21574","21574","3.0260000228881836","3.0260000228881836","3.0260000228881836","21562","21562","21562","3.0850002765655518","3.0850002765655518","3.0850002765655518","21544","21544","21544","3.1479997634887695","3.1479997634887695","3.1479997634887695"
"794","21576","21576","21576","3.068000078201294","3.068000078201294","3.068000078201294","21564","21564","21564","0.9919998645782471","0.9919998645782471","0.9919998645782471","21546","21546","21546","3.1579999923706055","3.1579999923706055","3.1579999923706055"
"795","21578","21578","21578","3.2779994010925293","3.2779994010925293","3.2779994010925293","21566","21566","21566","3.3249998092651367","3.3249998092651367","3.3249998092651367","21548","21548","21548","3.2469992637634277","3.2469992637634277","3.2469992637634277"
"796","21580","21580","21580","3.312000036239624","3.312000036239624","3.312000036239624","21568","21568","21568","3.3289997577667236","3.3289997577667236","3.3289997577667236","21550","21550","21550","3.3299999237060547","3.3299999237060547","3.3299999237060547"
"797","21582","21582","21582","3.235999822616577","3.235999822616577","3.235999822616577","21570","21570","21570","3.2660000324249268","3.2660000324249268","3.2660000324249268","21552","21552","21552","3.363999843597412","3.363999843597412","3.363999843597412"
"798","21584","21584","21584","3.315000057220459","3.315000057220459","3.315000057220459","21572","21572","21572","3.322999954223633","3.322999954223633","3.322999954223633","21554","21554","21554","3.258999824523926","3.258999824523926","3.258999824523926"
"799","21586","21586","21586","3.260999917984009","3.260999917984009","3.260999917984009","21574","21574","21574","3.1710000038146973","3.1710000038146973","3.1710000038146973","21556","21556","21556","3.184999942779541","3.184999942779541","3.184999942779541"
"800","21588","21588","21588","3.199000120162964","3.199000120162964","3.199000120162964","21576","21576","21576","3.4049997329711914","3.4049997329711914","3.4049997329711914","21558","21558","21558","3.321000099182129","3.321000099182129","3.321000099182129"
"801","21758","21758","21758","1.0120000839233398","1.0120000839233398","1.0120000839233398","21737","21737","21737","1.0120000839233398","1.0120000839233398","1.0120000839233398","21715","21715","21715","3.065000057220459","3.065000057220459","3.065000057220459"
"802","21760","21760","21760","3.0190000534057617","3.0190000534057617","3.0190000534057617","21739","21739","21739","3.0460000038146973","3.0460000038146973","3.0460000038146973","21717","21717","21717","3.077000141143799","3.077000141143799","3.077000141143799"
"803","21762","21762","21762","3.0500001907348633","3.0500001907348633","3.0500001907348633","21741","21741","21741","2.9860000610351562","2.9860000610351562","2.9860000610351562","21719","21719","21719","3.13100004196167","3.13100004196167","3.13100004196167"
"804","21764","21764","21764","1.261999487876892","1.261999487876892","1.261999487876892","21743","21743","21743","3.312999725341797","3.312999725341797","3.312999725341797","21721","21721","21721","3.3399996757507324","3.3399996757507324","3.3399996757507324"
"805","21766","21766","21766","3.322000026702881","3.322000026702881","3.322000026702881","21745","21745","21745","3.257000207901001","3.257000207901001","3.257000207901001","21723","21723","21723","3.2829999923706055","3.2829999923706055","3.2829999923706055"
"806","21768","21768","21768","1.2420001029968262","1.2420001029968262","1.2420001029968262","21747","21747","21747","3.3429999351501465","3.3429999351501465","3.3429999351501465","21725","21725","21725","3.3460001945495605","3.3460001945495605","3.3460001945495605"
"807","21770","21770","21770","3.311000347137451","3.311000347137451","3.311000347137451","21749","21749","21749","3.3299999237060547","3.3299999237060547","3.3299999237060547","21727","21727","21727","3.2559995651245117","3.2559995651245117","3.2559995651245117"
"808","21772","21772","21772","3.234999895095825","3.234999895095825","3.234999895095825","21751","21751","21751","3.3490002155303955","3.3490002155303955","3.3490002155303955","21729","21729","21729","3.311999797821045","3.311999797821045","3.311999797821045"
"809","21774","21774","21774","3.199000120162964","3.199000120162964","3.199000120162964","21753","21753","21753","3.300999879837036","3.300999879837036","3.300999879837036","21731","21731","21731","3.3899998664855957","3.3899998664855957","3.3899998664855957"
"810","21937","21937","21937","1.0119999647140503","1.0119999647140503","1.0119999647140503","21911","21911","21911","1.0119999647140503","1.0119999647140503","1.0119999647140503","21893","21893","21893","2.9059998989105225","2.9059998989105225","2.9059998989105225"
"811","21939","21939","21939","3.069000244140625","3.069000244140625","3.069000244140625","21913","21913","21913","0.9919999241828918","0.9919999241828918","0.9919999241828918","21895","21895","21895","3.0439999103546143","3.0439999103546143","3.0439999103546143"
"812","21941","21941","21941","3.0779998302459717","3.0779998302459717","3.0779998302459717","21915","21915","21915","3.0209999084472656","3.0209999084472656","3.0209999084472656","21897","21897","21897","3.12600040435791","3.12600040435791","3.12600040435791"
"813","21943","21943","21943","3.24399995803833","3.24399995803833","3.24399995803833","21917","21917","21917","3.2559995651245117","3.2559995651245117","3.2559995651245117","21899","21899","21899","3.2659993171691895","3.2659993171691895","3.2659993171691895"
"814","21945","21945","21945","3.3420000076293945","3.3420000076293945","3.3420000076293945","21919","21919","21919","3.1570003032684326","3.1570003032684326","3.1570003032684326","21901","21901","21901","3.1690001487731934","3.1690001487731934","3.1690001487731934"
"815","21947","21947","21947","3.254999876022339","3.254999876022339","3.254999876022339","21921","21921","21921","3.2680001258850098","3.2680001258850098","3.2680001258850098","21903","21903","21903","3.3460001945495605","3.3460001945495605","3.3460001945495605"
"816","21949","21949","21949","3.331000328063965","3.331000328063965","3.331000328063965","21923","21923","21923","3.331000328063965","3.331000328063965","3.331000328063965","21905","21905","21905","3.258999824523926","3.258999824523926","3.258999824523926"
"817","21951","21951","21951","3.234999895095825","3.234999895095825","3.234999895095825","21925","21925","21925","3.36799955368042","3.36799955368042","3.36799955368042","21907","21907","21907","1.241999864578247","1.241999864578247","1.241999864578247"
"818","21953","21953","21953","3.2170002460479736","3.2170002460479736","3.2170002460479736","21927","21927","21927","3.377000093460083","3.377000093460083","3.377000093460083","21909","21909","21909","3.4019999504089355","3.4019999504089355","3.4019999504089355"
"819","22111","22111","22111","1.0120000839233398","1.0120000839233398","1.0120000839233398","22090","22090","22090","1.0119999647140503","1.0119999647140503","1.0119999647140503","22067","22067","22067","2.929999828338623","2.929999828338623","2.929999828338623"
"820","22113","22113","22113","3.065999984741211","3.065999984741211","3.065999984741211","22092","22092","22092","0.9919997453689575","0.9919997453689575","0.9919997453689575","22069","22069","22069","3.130000114440918","3.130000114440918","3.130000114440918"
"821","22115","22115","22115","3.062000036239624","3.062000036239624","3.062000036239624","22094","22094","22094","3.0279998779296875","3.0279998779296875","3.0279998779296875","22071","22071","22071","3.1589999198913574","3.1589999198913574","3.1589999198913574"
"822","22117","22117","22117","3.24399995803833","3.24399995803833","3.24399995803833","22096","22096","22096","3.314999580383301","3.314999580383301","3.314999580383301","22073","22073","22073","3.240999221801758","3.240999221801758","3.240999221801758"
"823","22119","22119","22119","3.325000047683716","3.325000047683716","3.325000047683716","22098","22098","22098","3.3519997596740723","3.3519997596740723","3.3519997596740723","22075","22075","22075","3.332000255584717","3.332000255584717","3.332000255584717"
"824","22121","22121","22121","3.25","3.25","3.25","22100","22100","22100","3.190999984741211","3.190999984741211","3.190999984741211","22077","22077","22077","3.3429999351501465","3.3429999351501465","3.3429999351501465"
"825","22123","22123","22123","3.3439998626708984","3.3439998626708984","3.3439998626708984","22102","22102","22102","3.3359999656677246","3.3359999656677246","3.3359999656677246","22079","22079","22079","3.258999824523926","3.258999824523926","3.258999824523926"
"826","22125","22125","22125","3.249000072479248","3.249000072479248","3.249000072479248","22104","22104","22104","3.2780001163482666","3.2780001163482666","3.2780001163482666","22081","22081","22081","3.4039998054504395","3.4039998054504395","3.4039998054504395"
"827","22127","22127","22127","3.2190001010894775","3.2190001010894775","3.2190001010894775","22106","22106","22106","3.2180001735687256","3.2180001735687256","3.2180001735687256","22083","22083","22083","3.4019999504089355","3.4019999504089355","3.4019999504089355"
"828","22284","22284","22284","1.0120002031326294","1.0120002031326294","1.0120002031326294","22270","22270","22270","1.0119999647140503","1.0119999647140503","1.0119999647140503","22247","22247","22247","0.8119999170303345","0.8119999170303345","0.8119999170303345"
"829","22286","22286","22286","3.0410001277923584","3.0410001277923584","3.0410001277923584","22272","22272","22272","3.0480003356933594","3.0480003356933594","3.0480003356933594","22249","22249","22249","3.1009998321533203","3.1009998321533203","3.1009998321533203"
"830","22288","22288","22288","3.015000343322754","3.015000343322754","3.015000343322754","22274","22274","22274","3.1299996376037598","3.1299996376037598","3.1299996376037598","22251","22251","22251","3.1479997634887695","3.1479997634887695","3.1479997634887695"
"831","22290","22290","22290","3.2599997520446777","3.2599997520446777","3.2599997520446777","22276","22276","22276","3.316999912261963","3.316999912261963","3.316999912261963","22253","22253","22253","3.3329997062683105","3.3329997062683105","3.3329997062683105"
"832","22292","22292","22292","3.23799991607666","3.23799991607666","3.23799991607666","22278","22278","22278","3.3460001945495605","3.3460001945495605","3.3460001945495605","22255","22255","22255","3.332000255584717","3.332000255584717","3.332000255584717"
"833","22294","22294","22294","3.3499996662139893","3.3499996662139893","3.3499996662139893","22280","22280","22280","3.3259997367858887","3.3259997367858887","3.3259997367858887","22257","22257","22257","3.3350000381469727","3.3350000381469727","3.3350000381469727"
"834","22296","22296","22296","3.332000255584717","3.332000255584717","3.332000255584717","22282","22282","22282","3.3339996337890625","3.3339996337890625","3.3339996337890625","22259","22259","22259","3.2569994926452637","3.2569994926452637","3.2569994926452637"
"835","22298","22298","22298","3.2360000610351562","3.2360000610351562","3.2360000610351562","22284","22284","22284","3.1640000343322754","3.1640000343322754","3.1640000343322754","22261","22261","22261","3.3899998664855957","3.3899998664855957","3.3899998664855957"
"836","22300","22300","22300","3.200000047683716","3.200000047683716","3.200000047683716","22286","22286","22286","3.2310001850128174","3.2310001850128174","3.2310001850128174","22263","22263","22263","3.4029998779296875","3.4029998779296875","3.4029998779296875"
"837","22460","22460","22460","2.937000036239624","2.937000036239624","2.937000036239624","22447","22447","22447","1.0119999647140503","1.0119999647140503","1.0119999647140503","22421","22421","22421","3.077000141143799","3.077000141143799","3.077000141143799"
"838","22462","22462","22462","3.009000062942505","3.009000062942505","3.009000062942505","22449","22449","22449","3.0139999389648438","3.0139999389648438","3.0139999389648438","22423","22423","22423","3.070000171661377","3.070000171661377","3.070000171661377"
"839","22464","22464","22464","3.011000156402588","3.011000156402588","3.011000156402588","22451","22451","22451","3.0799999237060547","3.0799999237060547","3.0799999237060547","22425","22425","22425","3.107999801635742","3.107999801635742","3.107999801635742"
"840","22466","22466","22466","3.328000068664551","3.328000068664551","3.328000068664551","22453","22453","22453","3.322999954223633","3.322999954223633","3.322999954223633","22427","22427","22427","3.2589993476867676","3.2589993476867676","3.2589993476867676"
"841","22468","22468","22468","3.322999954223633","3.322999954223633","3.322999954223633","22455","22455","22455","3.2690000534057617","3.2690000534057617","3.2690000534057617","22429","22429","22429","3.307000160217285","3.307000160217285","3.307000160217285"
"842","22470","22470","22470","3.1689999103546143","3.1689999103546143","3.1689999103546143","22457","22457","22457","3.2619996070861816","3.2619996070861816","3.2619996070861816","22431","22431","22431","3.3600001335144043","3.3600001335144043","3.3600001335144043"
"843","22472","22472","22472","3.3460001945495605","3.3460001945495605","3.3460001945495605","22459","22459","22459","3.3249998092651367","3.3249998092651367","3.3249998092651367","22433","22433","22433","3.2569994926452637","3.2569994926452637","3.2569994926452637"
"844","22474","22474","22474","3.3580000400543213","3.3580000400543213","3.3580000400543213","22461","22461","22461","3.2829999923706055","3.2829999923706055","3.2829999923706055","22435","22435","22435","3.4010000228881836","3.4010000228881836","3.4010000228881836"
"845","22476","22476","22476","3.2120001316070557","3.2120001316070557","3.2120001316070557","22463","22463","22463","3.2160000801086426","3.2160000801086426","3.2160000801086426","22437","22437","22437","3.328000068664551","3.328000068664551","3.328000068664551"
"846","22637","22637","22637","1.0120000839233398","1.0120000839233398","1.0120000839233398","22629","22629","22629","1.0120000839233398","1.0120000839233398","1.0120000839233398","22594","22594","22594","2.9060001373291016","2.9060001373291016","2.9060001373291016"
"847","22639","22639","22639","3.058000087738037","3.058000087738037","3.058000087738037","22631","22631","22631","3.061999797821045","3.061999797821045","3.061999797821045","22596","22596","22596","3.11899995803833","3.11899995803833","3.11899995803833"
"848","22641","22641","22641","3.052999973297119","3.052999973297119","3.052999973297119","22633","22633","22633","3.0260000228881836","3.0260000228881836","3.0260000228881836","22598","22598","22598","3.1559996604919434","3.1559996604919434","3.1559996604919434"
"849","22643","22643","22643","3.239999771118164","3.239999771118164","3.239999771118164","22635","22635","22635","3.2549996376037598","3.2549996376037598","3.2549996376037598","22600","22600","22600","3.2609992027282715","3.2609992027282715","3.2609992027282715"
"850","22645","22645","22645","3.240999698638916","3.240999698638916","3.240999698638916","22637","22637","22637","3.3489999771118164","3.3489999771118164","3.3489999771118164","22602","22602","22602","3.2280001640319824","3.2280001640319824","3.2280001640319824"
"851","22647","22647","22647","3.2339999675750732","3.2339999675750732","3.2339999675750732","22639","22639","22639","3.253999948501587","3.253999948501587","3.253999948501587","22604","22604","22604","3.3480000495910645","3.3480000495910645","3.3480000495910645"
"852","22649","22649","22649","3.331000328063965","3.331000328063965","3.331000328063965","22641","22641","22641","3.0939998626708984","3.0939998626708984","3.0939998626708984","22606","22606","22606","3.239999771118164","3.239999771118164","3.239999771118164"
"853","22651","22651","22651","3.251999855041504","3.251999855041504","3.251999855041504","22643","22643","22643","3.167999744415283","3.167999744415283","3.167999744415283","22608","22608","22608","3.354999542236328","3.354999542236328","3.354999542236328"
"854","22653","22653","22653","3.2070000171661377","3.2070000171661377","3.2070000171661377","22645","22645","22645","3.3889999389648438","3.3889999389648438","3.3889999389648438","22610","22610","22610","3.383999824523926","3.383999824523926","3.383999824523926"
"855","22820","22820","22820","1.0120000839233398","1.0120000839233398","1.0120000839233398","22804","22804","22804","1.0120000839233398","1.0120000839233398","1.0120000839233398","22770","22770","22770","2.8980000019073486","2.8980000019073486","2.8980000019073486"
"856","22822","22822","22822","3.052999973297119","3.052999973297119","3.052999973297119","22806","22806","22806","0.9919998645782471","0.9919998645782471","0.9919998645782471","22772","22772","22772","3.126999855041504","3.126999855041504","3.126999855041504"
"857","22824","22824","22824","3.052000045776367","3.052000045776367","3.052000045776367","22808","22808","22808","0.9919998645782471","0.9919998645782471","0.9919998645782471","22774","22774","22774","3.131999969482422","3.131999969482422","3.131999969482422"
"858","22826","22826","22826","3.238999843597412","3.238999843597412","3.238999843597412","22810","22810","22810","3.240999698638916","3.240999698638916","3.240999698638916","22776","22776","22776","3.314999580383301","3.314999580383301","3.314999580383301"
"859","22828","22828","22828","3.322000026702881","3.322000026702881","3.322000026702881","22812","22812","22812","3.3540000915527344","3.3540000915527344","3.3540000915527344","22778","22778","22778","3.361999988555908","3.361999988555908","3.361999988555908"
"860","22830","22830","22830","3.2679998874664307","3.2679998874664307","3.2679998874664307","22814","22814","22814","3.3480000495910645","3.3480000495910645","3.3480000495910645","22780","22780","22780","3.3489999771118164","3.3489999771118164","3.3489999771118164"
"861","22832","22832","22832","3.312000274658203","3.312000274658203","3.312000274658203","22816","22816","22816","3.3359999656677246","3.3359999656677246","3.3359999656677246","22782","22782","22782","3.324000358581543","3.324000358581543","3.324000358581543"
"862","22834","22834","22834","3.2330000400543213","3.2330000400543213","3.2330000400543213","22818","22818","22818","3.243000030517578","3.243000030517578","3.243000030517578","22784","22784","22784","3.3979997634887695","3.3979997634887695","3.3979997634887695"
"863","22836","22836","22836","3.197999954223633","3.197999954223633","3.197999954223633","22820","22820","22820","3.2249999046325684","3.2249999046325684","3.2249999046325684","22786","22786","22786","3.388000011444092","3.388000011444092","3.388000011444092"
"864","23004","23004","23004","1.0119999647140503","1.0119999647140503","1.0119999647140503","22984","22984","22984","1.0120002031326294","1.0120002031326294","1.0120002031326294","22949","22949","22949","2.8919999599456787","2.8919999599456787","2.8919999599456787"
"865","23006","23006","23006","3.0290000438690186","3.0290000438690186","3.0290000438690186","22986","22986","22986","0.9920001029968262","0.9920001029968262","0.9920001029968262","22951","22951","22951","3.0850000381469727","3.0850000381469727","3.0850000381469727"
"866","23008","23008","23008","3.0280001163482666","3.0280001163482666","3.0280001163482666","22988","22988","22988","0.9919999837875366","0.9919999837875366","0.9919999837875366","22953","22953","22953","3.1669998168945312","3.1669998168945312","3.1669998168945312"
"867","23010","23010","23010","3.239999771118164","3.239999771118164","3.239999771118164","22990","22990","22990","3.3350000381469727","3.3350000381469727","3.3350000381469727","22955","22955","22955","3.2589993476867676","3.2589993476867676","3.2589993476867676"
"868","23012","23012","23012","3.236999750137329","3.236999750137329","3.236999750137329","22992","22992","22992","3.25600004196167","3.25600004196167","3.25600004196167","22957","22957","22957","3.3460001945495605","3.3460001945495605","3.3460001945495605"
"869","23014","23014","23014","3.264000177383423","3.264000177383423","3.264000177383423","22994","22994","22994","3.186999797821045","3.186999797821045","3.186999797821045","22959","22959","22959","3.3359999656677246","3.3359999656677246","3.3359999656677246"
"870","23016","23016","23016","3.320000171661377","3.320000171661377","3.320000171661377","22996","22996","22996","3.317000389099121","3.317000389099121","3.317000389099121","22961","22961","22961","3.2569994926452637","3.2569994926452637","3.2569994926452637"
"871","23018","23018","23018","3.2279999256134033","3.2279999256134033","3.2279999256134033","22998","22998","22998","3.1550002098083496","3.1550002098083496","3.1550002098083496","22963","22963","22963","3.3849997520446777","3.3849997520446777","3.3849997520446777"
"872","23020","23020","23020","1.2419997453689575","1.2419997453689575","1.2419997453689575","23000","23000","23000","3.2230000495910645","3.2230000495910645","3.2230000495910645","22965","22965","22965","3.3899998664855957","3.3899998664855957","3.3899998664855957"
"873","23181","23181","23181","1.0120000839233398","1.0120000839233398","1.0120000839233398","23160","23160","23160","1.0120000839233398","1.0120000839233398","1.0120000839233398","23127","23127","23127","2.937000036239624","2.937000036239624","2.937000036239624"
"874","23183","23183","23183","3.065999984741211","3.065999984741211","3.065999984741211","23162","23162","23162","0.9919997453689575","0.9919997453689575","0.9919997453689575","23129","23129","23129","3.1479997634887695","3.1479997634887695","3.1479997634887695"
"875","23185","23185","23185","3.072999954223633","3.072999954223633","3.072999954223633","23164","23164","23164","0.9919997453689575","0.9919997453689575","0.9919997453689575","23131","23131","23131","3.1560001373291016","3.1560001373291016","3.1560001373291016"
"876","23187","23187","23187","3.2249999046325684","3.2249999046325684","3.2249999046325684","23166","23166","23166","3.3239998817443848","3.3239998817443848","3.3239998817443848","23133","23133","23133","3.2639994621276855","3.2639994621276855","3.2639994621276855"
"877","23189","23189","23189","3.243999719619751","3.243999719619751","3.243999719619751","23168","23168","23168","3.2679998874664307","3.2679998874664307","3.2679998874664307","23135","23135","23135","3.3420000076293945","3.3420000076293945","3.3420000076293945"
"878","23191","23191","23191","3.2629997730255127","3.2629997730255127","3.2629997730255127","23170","23170","23170","3.250999927520752","3.250999927520752","3.250999927520752","23137","23137","23137","3.358999729156494","3.358999729156494","3.358999729156494"
"879","23193","23193","23193","3.3380002975463867","3.3380002975463867","3.3380002975463867","23172","23172","23172","3.300999879837036","3.300999879837036","3.300999879837036","23139","23139","23139","3.2849998474121094","3.2849998474121094","3.2849998474121094"
"880","23195","23195","23195","3.240000009536743","3.240000009536743","3.240000009536743","23174","23174","23174","3.3849997520446777","3.3849997520446777","3.3849997520446777","23141","23141","23141","3.354999542236328","3.354999542236328","3.354999542236328"
"881","23197","23197","23197","3.198000192642212","3.198000192642212","3.198000192642212","23176","23176","23176","1.4819999933242798","1.4819999933242798","1.4819999933242798","23143","23143","23143","3.3859996795654297","3.3859996795654297","3.3859996795654297"
"882","23359","23359","23359","1.0120000839233398","1.0120000839233398","1.0120000839233398","23343","23343","23343","3.11299991607666","3.11299991607666","3.11299991607666","23304","23304","23304","2.934999942779541","2.934999942779541","2.934999942779541"
"883","23361","23361","23361","3.0299999713897705","3.0299999713897705","3.0299999713897705","23345","23345","23345","3","3","3","23306","23306","23306","3.11299991607666","3.11299991607666","3.11299991607666"
"884","23363","23363","23363","3.072999954223633","3.072999954223633","3.072999954223633","23347","23347","23347","3.0859999656677246","3.0859999656677246","3.0859999656677246","23308","23308","23308","3.1629996299743652","3.1629996299743652","3.1629996299743652"
"885","23365","23365","23365","3.2599997520446777","3.2599997520446777","3.2599997520446777","23349","23349","23349","3.3379998207092285","3.3379998207092285","3.3379998207092285","23310","23310","23310","3.2609992027282715","3.2609992027282715","3.2609992027282715"
"886","23367","23367","23367","3.234999656677246","3.234999656677246","3.234999656677246","23351","23351","23351","3.246000051498413","3.246000051498413","3.246000051498413","23312","23312","23312","3.3400001525878906","3.3400001525878906","3.3400001525878906"
"887","23369","23369","23369","3.250999927520752","3.250999927520752","3.250999927520752","23353","23353","23353","3.312000036239624","3.312000036239624","3.312000036239624","23314","23314","23314","3.361999988555908","3.361999988555908","3.361999988555908"
"888","23371","23371","23371","3.322000026702881","3.322000026702881","3.322000026702881","23355","23355","23355","3.303999900817871","3.303999900817871","3.303999900817871","23316","23316","23316","3.2559995651245117","3.2559995651245117","3.2559995651245117"
"889","23373","23373","23373","3.2309999465942383","3.2309999465942383","3.2309999465942383","23357","23357","23357","3.3999998569488525","3.3999998569488525","3.3999998569488525","23318","23318","23318","3.3859996795654297","3.3859996795654297","3.3859996795654297"
"890","23375","23375","23375","1.2419997453689575","1.2419997453689575","1.2419997453689575","23359","23359","23359","3.2259998321533203","3.2259998321533203","3.2259998321533203","23320","23320","23320","3.383999824523926","3.383999824523926","3.383999824523926"
"891","23537","23537","23537","2.9129998683929443","2.9129998683929443","2.9129998683929443","23516","23516","23516","1.0120000839233398","1.0120000839233398","1.0120000839233398","23484","23484","23484","2.931999683380127","2.931999683380127","2.931999683380127"
"892","23539","23539","23539","3.0320000648498535","3.0320000648498535","3.0320000648498535","23518","23518","23518","3.0290002822875977","3.0290002822875977","3.0290002822875977","23486","23486","23486","3.0850000381469727","3.0850000381469727","3.0850000381469727"
"893","23541","23541","23541","3.054999828338623","3.054999828338623","3.054999828338623","23520","23520","23520","3.107999801635742","3.107999801635742","3.107999801635742","23488","23488","23488","0.9919999837875366","0.9919999837875366","0.9919999837875366"
"894","23543","23543","23543","3.2290000915527344","3.2290000915527344","3.2290000915527344","23522","23522","23522","3.314999580383301","3.314999580383301","3.314999580383301","23490","23490","23490","3.2559995651245117","3.2559995651245117","3.2559995651245117"
"895","23545","23545","23545","3.3310000896453857","3.3310000896453857","3.3310000896453857","23524","23524","23524","3.2729997634887695","3.2729997634887695","3.2729997634887695","23492","23492","23492","3.2769999504089355","3.2769999504089355","3.2769999504089355"
"896","23547","23547","23547","3.263000011444092","3.263000011444092","3.263000011444092","23526","23526","23526","3.3479998111724854","3.3479998111724854","3.3479998111724854","23494","23494","23494","3.3309998512268066","3.3309998512268066","3.3309998512268066"
"897","23549","23549","23549","3.3460001945495605","3.3460001945495605","3.3460001945495605","23528","23528","23528","3.3520002365112305","3.3520002365112305","3.3520002365112305","23496","23496","23496","3.2639994621276855","3.2639994621276855","3.2639994621276855"
"898","23551","23551","23551","3.25","3.25","3.25","23530","23530","23530","3.1710000038146973","3.1710000038146973","3.1710000038146973","23498","23498","23498","3.322999954223633","3.322999954223633","3.322999954223633"
"899","23553","23553","23553","1.241999864578247","1.241999864578247","1.241999864578247","23532","23532","23532","3.2170000076293945","3.2170000076293945","3.2170000076293945","23500","23500","23500","3.4109997749328613","3.4109997749328613","3.4109997749328613"
"900","23716","23716","23716","1.0120000839233398","1.0120000839233398","1.0120000839233398","23695","23695","23695","1.0120002031326294","1.0120002031326294","1.0120002031326294","23658","23658","23658","2.934999942779541","2.934999942779541","2.934999942779541"
"901","23718","23718","23718","3.0349998474121094","3.0349998474121094","3.0349998474121094","23697","23697","23697","0.9919997453689575","0.9919997453689575","0.9919997453689575","23660","23660","23660","3.128000259399414","3.128000259399414","3.128000259399414"
"902","23720","23720","23720","3.062000036239624","3.062000036239624","3.062000036239624","23699","23699","23699","3.072999954223633","3.072999954223633","3.072999954223633","23662","23662","23662","3.1589999198913574","3.1589999198913574","3.1589999198913574"
"903","23722","23722","23722","3.314999580383301","3.314999580383301","3.314999580383301","23701","23701","23701","3.303999900817871","3.303999900817871","3.303999900817871","23664","23664","23664","3.239999771118164","3.239999771118164","3.239999771118164"
"904","23724","23724","23724","3.243999719619751","3.243999719619751","3.243999719619751","23703","23703","23703","3.1570000648498535","3.1570000648498535","3.1570000648498535","23666","23666","23666","3.3509998321533203","3.3509998321533203","3.3509998321533203"
"905","23726","23726","23726","3.252999782562256","3.252999782562256","3.252999782562256","23705","23705","23705","3.1620001792907715","3.1620001792907715","3.1620001792907715","23668","23668","23668","3.3460001945495605","3.3460001945495605","3.3460001945495605"
"906","23728","23728","23728","3.3359999656677246","3.3359999656677246","3.3359999656677246","23707","23707","23707","3.300999641418457","3.300999641418457","3.300999641418457","23670","23670","23670","3.2619996070861816","3.2619996070861816","3.2619996070861816"
"907","23730","23730","23730","3.236999988555908","3.236999988555908","3.236999988555908","23709","23709","23709","3.352999687194824","3.352999687194824","3.352999687194824","23672","23672","23672","3.381999969482422","3.381999969482422","3.381999969482422"
"908","23732","23732","23732","3.195000171661377","3.195000171661377","3.195000171661377","23711","23711","23711","1.241999626159668","1.241999626159668","1.241999626159668","23674","23674","23674","3.3889999389648438","3.3889999389648438","3.3889999389648438"
"909","23896","23896","23896","1.0119999647140503","1.0119999647140503","1.0119999647140503","23871","23871","23871","3.1040000915527344","3.1040000915527344","3.1040000915527344","23835","23835","23835","3.0819997787475586","3.0819997787475586","3.0819997787475586"
"910","23898","23898","23898","3.0410001277923584","3.0410001277923584","3.0410001277923584","23873","23873","23873","3.065000057220459","3.065000057220459","3.065000057220459","23837","23837","23837","3.0409998893737793","3.0409998893737793","3.0409998893737793"
"911","23900","23900","23900","2.9819998741149902","2.9819998741149902","2.9819998741149902","23875","23875","23875","3.0410001277923584","3.0410001277923584","3.0410001277923584","23839","23839","23839","3.127000331878662","3.127000331878662","3.127000331878662"
"912","23902","23902","23902","3.2599997520446777","3.2599997520446777","3.2599997520446777","23877","23877","23877","3.238999843597412","3.238999843597412","3.238999843597412","23841","23841","23841","3.312999725341797","3.312999725341797","3.312999725341797"
"913","23904","23904","23904","3.322999954223633","3.322999954223633","3.322999954223633","23879","23879","23879","3.3319997787475586","3.3319997787475586","3.3319997787475586","23843","23843","23843","3.3400001525878906","3.3400001525878906","3.3400001525878906"
"914","23906","23906","23906","3.1710000038146973","3.1710000038146973","3.1710000038146973","23881","23881","23881","3.3489999771118164","3.3489999771118164","3.3489999771118164","23845","23845","23845","3.3590002059936523","3.3590002059936523","3.3590002059936523"
"915","23908","23908","23908","3.3289999961853027","3.3289999961853027","3.3289999961853027","23883","23883","23883","3.052999973297119","3.052999973297119","3.052999973297119","23847","23847","23847","3.3400001525878906","3.3400001525878906","3.3400001525878906"
"916","23910","23910","23910","3.2309999465942383","3.2309999465942383","3.2309999465942383","23885","23885","23885","3.2599997520446777","3.2599997520446777","3.2599997520446777","23849","23849","23849","3.3879995346069336","3.3879995346069336","3.3879995346069336"
"917","23912","23912","23912","3.3580002784729004","3.3580002784729004","3.3580002784729004","23887","23887","23887","3.3990001678466797","3.3990001678466797","3.3990001678466797","23851","23851","23851","3.307000160217285","3.307000160217285","3.307000160217285"
"918","24073","24073","24073","1.0120000839233398","1.0120000839233398","1.0120000839233398","24053","24053","24053","1.0120000839233398","1.0120000839233398","1.0120000839233398","24011","24011","24011","2.926999807357788","2.926999807357788","2.926999807357788"
"919","24075","24075","24075","3.0349998474121094","3.0349998474121094","3.0349998474121094","24055","24055","24055","0.9919998645782471","0.9919998645782471","0.9919998645782471","24013","24013","24013","3.124000072479248","3.124000072479248","3.124000072479248"
"920","24077","24077","24077","3.0369999408721924","3.0369999408721924","3.0369999408721924","24057","24057","24057","3.1080002784729004","3.1080002784729004","3.1080002784729004","24015","24015","24015","3.1449999809265137","3.1449999809265137","3.1449999809265137"
"921","24079","24079","24079","3.313999652862549","3.313999652862549","3.313999652862549","24059","24059","24059","3.3319997787475586","3.3319997787475586","3.3319997787475586","24017","24017","24017","3.2589993476867676","3.2589993476867676","3.2589993476867676"
"922","24081","24081","24081","3.241999864578247","3.241999864578247","3.241999864578247","24061","24061","24061","3.3389997482299805","3.3389997482299805","3.3389997482299805","24019","24019","24019","3.3289999961853027","3.3289999961853027","3.3289999961853027"
"923","24083","24083","24083","3.2719998359680176","3.2719998359680176","3.2719998359680176","24063","24063","24063","3.2810001373291016","3.2810001373291016","3.2810001373291016","24021","24021","24021","1.241999864578247","1.241999864578247","1.241999864578247"
"924","24085","24085","24085","3.3289999961853027","3.3289999961853027","3.3289999961853027","24065","24065","24065","3.336000442504883","3.336000442504883","3.336000442504883","24023","24023","24023","3.258999824523926","3.258999824523926","3.258999824523926"
"925","24087","24087","24087","3.251999855041504","3.251999855041504","3.251999855041504","24067","24067","24067","3.3979997634887695","3.3979997634887695","3.3979997634887695","24025","24025","24025","3.3899998664855957","3.3899998664855957","3.3899998664855957"
"926","24089","24089","24089","3.199000120162964","3.199000120162964","3.199000120162964","24069","24069","24069","3.388000011444092","3.388000011444092","3.388000011444092","24027","24027","24027","3.383999824523926","3.383999824523926","3.383999824523926"
"927","24251","24251","24251","3.060999870300293","3.060999870300293","3.060999870300293","24227","24227","24227","1.0120002031326294","1.0120002031326294","1.0120002031326294","24185","24185","24185","2.952000141143799","2.952000141143799","2.952000141143799"
"928","24253","24253","24253","3.003000259399414","3.003000259399414","3.003000259399414","24229","24229","24229","0.9919998049736023","0.9919998049736023","0.9919998049736023","24187","24187","24187","3.138000011444092","3.138000011444092","3.138000011444092"
"929","24255","24255","24255","3.0210001468658447","3.0210001468658447","3.0210001468658447","24231","24231","24231","3.1009998321533203","3.1009998321533203","3.1009998321533203","24189","24189","24189","3.1479997634887695","3.1479997634887695","3.1479997634887695"
"930","24257","24257","24257","3.240999698638916","3.240999698638916","3.240999698638916","24233","24233","24233","3.305999755859375","3.305999755859375","3.305999755859375","24191","24191","24191","3.239999294281006","3.239999294281006","3.239999294281006"
"931","24259","24259","24259","3.237999677658081","3.237999677658081","3.237999677658081","24235","24235","24235","3.1550002098083496","3.1550002098083496","3.1550002098083496","24193","24193","24193","3.3480000495910645","3.3480000495910645","3.3480000495910645"
"932","24261","24261","24261","3.235999822616577","3.235999822616577","3.235999822616577","24237","24237","24237","3.2579996585845947","3.2579996585845947","3.2579996585845947","24195","24195","24195","3.3559999465942383","3.3559999465942383","3.3559999465942383"
"933","24263","24263","24263","3.311000347137451","3.311000347137451","3.311000347137451","24239","24239","24239","3.321000099182129","3.321000099182129","3.321000099182129","24197","24197","24197","3.2609996795654297","3.2609996795654297","3.2609996795654297"
"934","24265","24265","24265","3.2309999465942383","3.2309999465942383","3.2309999465942383","24241","24241","24241","3.3489999771118164","3.3489999771118164","3.3489999771118164","24199","24199","24199","3.4000000953674316","3.4000000953674316","3.4000000953674316"
"935","24267","24267","24267","3.198000192642212","3.198000192642212","3.198000192642212","24243","24243","24243","3.2170000076293945","3.2170000076293945","3.2170000076293945","24201","24201","24201","3.316999912261963","3.316999912261963","3.316999912261963"
"936","24429","24429","24429","2.9070000648498535","2.9070000648498535","2.9070000648498535","24408","24408","24408","1.0120000839233398","1.0120000839233398","1.0120000839233398","24361","24361","24361","0.8119999170303345","0.8119999170303345","0.8119999170303345"
"937","24431","24431","24431","3.1110000610351562","3.1110000610351562","3.1110000610351562","24410","24410","24410","3.1150002479553223","3.1150002479553223","3.1150002479553223","24363","24363","24363","3.1110000610351562","3.1110000610351562","3.1110000610351562"
"938","24433","24433","24433","2.9780001640319824","2.9780001640319824","2.9780001640319824","24412","24412","24412","3.0390000343322754","3.0390000343322754","3.0390000343322754","24365","24365","24365","0.9920001029968262","0.9920001029968262","0.9920001029968262"
"939","24435","24435","24435","3.25","3.25","3.25","24414","24414","24414","3.3339996337890625","3.3339996337890625","3.3339996337890625","24367","24367","24367","3.2559995651245117","3.2559995651245117","3.2559995651245117"
"940","24437","24437","24437","3.306000232696533","3.306000232696533","3.306000232696533","24416","24416","24416","3.3359999656677246","3.3359999656677246","3.3359999656677246","24369","24369","24369","3.322000026702881","3.322000026702881","3.322000026702881"
"941","24439","24439","24439","3.254999876022339","3.254999876022339","3.254999876022339","24418","24418","24418","3.189000129699707","3.189000129699707","3.189000129699707","24371","24371","24371","3.3439998626708984","3.3439998626708984","3.3439998626708984"
"942","24441","24441","24441","3.307000160217285","3.307000160217285","3.307000160217285","24420","24420","24420","3.3399996757507324","3.3399996757507324","3.3399996757507324","24373","24373","24373","3.2599997520446777","3.2599997520446777","3.2599997520446777"
"943","24443","24443","24443","3.246000051498413","3.246000051498413","3.246000051498413","24422","24422","24422","3.2870001792907715","3.2870001792907715","3.2870001792907715","24375","24375","24375","3.381999969482422","3.381999969482422","3.381999969482422"
"944","24445","24445","24445","1.2419997453689575","1.2419997453689575","1.2419997453689575","24424","24424","24424","3.314000129699707","3.314000129699707","3.314000129699707","24377","24377","24377","3.4010000228881836","3.4010000228881836","3.4010000228881836"
"945","24607","24607","24607","1.0120000839233398","1.0120000839233398","1.0120000839233398","24580","24580","24580","3.127000331878662","3.127000331878662","3.127000331878662","24537","24537","24537","2.933000087738037","2.933000087738037","2.933000087738037"
"946","24609","24609","24609","2.8930001258850098","2.8930001258850098","2.8930001258850098","24582","24582","24582","3.082000255584717","3.082000255584717","3.082000255584717","24539","24539","24539","3.119999885559082","3.119999885559082","3.119999885559082"
"947","24611","24611","24611","3.05400013923645","3.05400013923645","3.05400013923645","24584","24584","24584","0.9919998645782471","0.9919998645782471","0.9919998645782471","24541","24541","24541","3.1469998359680176","3.1469998359680176","3.1469998359680176"
"948","24613","24613","24613","3.250999927520752","3.250999927520752","3.250999927520752","24586","24586","24586","3.3219995498657227","3.3219995498657227","3.3219995498657227","24543","24543","24543","3.2479991912841797","3.2479991912841797","3.2479991912841797"
"949","24615","24615","24615","3.330000162124634","3.330000162124634","3.330000162124634","24588","24588","24588","3.3369998931884766","3.3369998931884766","3.3369998931884766","24545","24545","24545","3.36299991607666","3.36299991607666","3.36299991607666"
"950","24617","24617","24617","3.1529998779296875","3.1529998779296875","3.1529998779296875","24590","24590","24590","3.3359999656677246","3.3359999656677246","3.3359999656677246","24547","24547","24547","3.3650002479553223","3.3650002479553223","3.3650002479553223"
"951","24619","24619","24619","3.306000232696533","3.306000232696533","3.306000232696533","24592","24592","24592","3.3249998092651367","3.3249998092651367","3.3249998092651367","24549","24549","24549","3.2609996795654297","3.2609996795654297","3.2609996795654297"
"952","24621","24621","24621","3.2309999465942383","3.2309999465942383","3.2309999465942383","24594","24594","24594","3.260999917984009","3.260999917984009","3.260999917984009","24551","24551","24551","3.3859996795654297","3.3859996795654297","3.3859996795654297"
"953","24623","24623","24623","1.241999864578247","1.241999864578247","1.241999864578247","24596","24596","24596","3.2130000591278076","3.2130000591278076","3.2130000591278076","24553","24553","24553","3.309999942779541","3.309999942779541","3.309999942779541"
"954","24781","24781","24781","2.8959999084472656","2.8959999084472656","2.8959999084472656","24759","24759","24759","1.0120002031326294","1.0120002031326294","1.0120002031326294","24713","24713","24713","2.9179999828338623","2.9179999828338623","2.9179999828338623"
"955","24783","24783","24783","3.0749998092651367","3.0749998092651367","3.0749998092651367","24761","24761","24761","3.1130003929138184","3.1130003929138184","3.1130003929138184","24715","24715","24715","3.1000003814697266","3.1000003814697266","3.1000003814697266"
"956","24785","24785","24785","3.0490000247955322","3.0490000247955322","3.0490000247955322","24763","24763","24763","3.063000202178955","3.063000202178955","3.063000202178955","24717","24717","24717","0.9920001029968262","0.9920001029968262","0.9920001029968262"
"957","24787","24787","24787","3.317999839782715","3.317999839782715","3.317999839782715","24765","24765","24765","3.3259997367858887","3.3259997367858887","3.3259997367858887","24719","24719","24719","3.2589993476867676","3.2589993476867676","3.2589993476867676"
"958","24789","24789","24789","3.3259999752044678","3.3259999752044678","3.3259999752044678","24767","24767","24767","3.1510002613067627","3.1510002613067627","3.1510002613067627","24721","24721","24721","3.3379998207092285","3.3379998207092285","3.3379998207092285"
"959","24791","24791","24791","3.25600004196167","3.25600004196167","3.25600004196167","24769","24769","24769","3.3380000591278076","3.3380000591278076","3.3380000591278076","24723","24723","24723","3.3389997482299805","3.3389997482299805","3.3389997482299805"
"960","24793","24793","24793","3.328000068664551","3.328000068664551","3.328000068664551","24771","24771","24771","3.2189998626708984","3.2189998626708984","3.2189998626708984","24725","24725","24725","3.245999813079834","3.245999813079834","3.245999813079834"
"961","24795","24795","24795","3.241999864578247","3.241999864578247","3.241999864578247","24773","24773","24773","3.232999801635742","3.232999801635742","3.232999801635742","24727","24727","24727","3.381999969482422","3.381999969482422","3.381999969482422"
"962","24797","24797","24797","3.3979995250701904","3.3979995250701904","3.3979995250701904","24775","24775","24775","3.3899998664855957","3.3899998664855957","3.3899998664855957","24729","24729","24729","3.311999797821045","3.311999797821045","3.311999797821045"
"963","24959","24959","24959","1.0120000839233398","1.0120000839233398","1.0120000839233398","24937","24937","24937","1.0120002031326294","1.0120002031326294","1.0120002031326294","24891","24891","24891","2.9100000858306885","2.9100000858306885","2.9100000858306885"
"964","24961","24961","24961","3.0369999408721924","3.0369999408721924","3.0369999408721924","24939","24939","24939","3.052999973297119","3.052999973297119","3.052999973297119","24893","24893","24893","3.0850000381469727","3.0850000381469727","3.0850000381469727"
"965","24963","24963","24963","3.0380001068115234","3.0380001068115234","3.0380001068115234","24941","24941","24941","3.0409998893737793","3.0409998893737793","3.0409998893737793","24895","24895","24895","3.1569995880126953","3.1569995880126953","3.1569995880126953"
"966","24965","24965","24965","3.3249998092651367","3.3249998092651367","3.3249998092651367","24943","24943","24943","3.3369998931884766","3.3369998931884766","3.3369998931884766","24897","24897","24897","3.2589993476867676","3.2589993476867676","3.2589993476867676"
"967","24967","24967","24967","3.253999710083008","3.253999710083008","3.253999710083008","24945","24945","24945","3.3389997482299805","3.3389997482299805","3.3389997482299805","24899","24899","24899","3.3449997901916504","3.3449997901916504","3.3449997901916504"
"968","24969","24969","24969","3.243000030517578","3.243000030517578","3.243000030517578","24947","24947","24947","3.2950000762939453","3.2950000762939453","3.2950000762939453","24901","24901","24901","3.3610000610351562","3.3610000610351562","3.3610000610351562"
"969","24971","24971","24971","3.3340001106262207","3.3340001106262207","3.3340001106262207","24949","24949","24949","3.3369998931884766","3.3369998931884766","3.3369998931884766","24903","24903","24903","3.2679996490478516","3.2679996490478516","3.2679996490478516"
"970","24973","24973","24973","3.253999948501587","3.253999948501587","3.253999948501587","24951","24951","24951","3.184000015258789","3.184000015258789","3.184000015258789","24905","24905","24905","3.388000011444092","3.388000011444092","3.388000011444092"
"971","24975","24975","24975","1.241999864578247","1.241999864578247","1.241999864578247","24953","24953","24953","3.2120001316070557","3.2120001316070557","3.2120001316070557","24907","24907","24907","3.383999824523926","3.383999824523926","3.383999824523926"
"972","25133","25133","25133","1.0119998455047607","1.0119998455047607","1.0119998455047607","25112","25112","25112","1.0120000839233398","1.0120000839233398","1.0120000839233398","25064","25064","25064","2.9119999408721924","2.9119999408721924","2.9119999408721924"
"973","25135","25135","25135","3.071000099182129","3.071000099182129","3.071000099182129","25114","25114","25114","3.1059999465942383","3.1059999465942383","3.1059999465942383","25066","25066","25066","3.124000072479248","3.124000072479248","3.124000072479248"
"974","25137","25137","25137","3.007000207901001","3.007000207901001","3.007000207901001","25116","25116","25116","3.0769999027252197","3.0769999027252197","3.0769999027252197","25068","25068","25068","3.1700000762939453","3.1700000762939453","3.1700000762939453"
"975","25139","25139","25139","3.250999927520752","3.250999927520752","3.250999927520752","25118","25118","25118","3.327000141143799","3.327000141143799","3.327000141143799","25070","25070","25070","3.258999824523926","3.258999824523926","3.258999824523926"
"976","25141","25141","25141","3.238999843597412","3.238999843597412","3.238999843597412","25120","25120","25120","3.3370003700256348","3.3370003700256348","3.3370003700256348","25072","25072","25072","3.3439998626708984","3.3439998626708984","3.3439998626708984"
"977","25143","25143","25143","3.1680002212524414","3.1680002212524414","3.1680002212524414","25122","25122","25122","3.193000316619873","3.193000316619873","3.193000316619873","25074","25074","25074","3.357999801635742","3.357999801635742","3.357999801635742"
"978","25145","25145","25145","3.317000389099121","3.317000389099121","3.317000389099121","25124","25124","25124","3.2679996490478516","3.2679996490478516","3.2679996490478516","25076","25076","25076","3.2549996376037598","3.2549996376037598","3.2549996376037598"
"979","25147","25147","25147","3.253999948501587","3.253999948501587","3.253999948501587","25126","25126","25126","3.3350000381469727","3.3350000381469727","3.3350000381469727","25078","25078","25078","3.311999797821045","3.311999797821045","3.311999797821045"
"980","25149","25149","25149","3.372000217437744","3.372000217437744","3.372000217437744","25128","25128","25128","3.2160000801086426","3.2160000801086426","3.2160000801086426","25080","25080","25080","3.382999897003174","3.382999897003174","3.382999897003174"
"981","25312","25312","25312","1.0120000839233398","1.0120000839233398","1.0120000839233398","25288","25288","25288","1.0119999647140503","1.0119999647140503","1.0119999647140503","25240","25240","25240","2.9069998264312744","2.9069998264312744","2.9069998264312744"
"982","25314","25314","25314","3.056999921798706","3.056999921798706","3.056999921798706","25290","25290","25290","3.0360002517700195","3.0360002517700195","3.0360002517700195","25242","25242","25242","3.055999994277954","3.055999994277954","3.055999994277954"
"983","25316","25316","25316","3.0369999408721924","3.0369999408721924","3.0369999408721924","25292","25292","25292","3.1030004024505615","3.1030004024505615","3.1030004024505615","25244","25244","25244","3.1200003623962402","3.1200003623962402","3.1200003623962402"
"984","25318","25318","25318","3.2649998664855957","3.2649998664855957","3.2649998664855957","25294","25294","25294","3.3219995498657227","3.3219995498657227","3.3219995498657227","25246","25246","25246","3.239999294281006","3.239999294281006","3.239999294281006"
"985","25320","25320","25320","3.3420000076293945","3.3420000076293945","3.3420000076293945","25296","25296","25296","3.3269996643066406","3.3269996643066406","3.3269996643066406","25248","25248","25248","3.3379998207092285","3.3379998207092285","3.3379998207092285"
"986","25322","25322","25322","3.250999927520752","3.250999927520752","3.250999927520752","25298","25298","25298","3.36299991607666","3.36299991607666","3.36299991607666","25250","25250","25250","3.310999870300293","3.310999870300293","3.310999870300293"
"987","25324","25324","25324","3.309999942779541","3.309999942779541","3.309999942779541","25300","25300","25300","3.328000068664551","3.328000068664551","3.328000068664551","25252","25252","25252","3.2619996070861816","3.2619996070861816","3.2619996070861816"
"988","25326","25326","25326","3.257999897003174","3.257999897003174","3.257999897003174","25302","25302","25302","3.3509998321533203","3.3509998321533203","3.3509998321533203","25254","25254","25254","3.3849997520446777","3.3849997520446777","3.3849997520446777"
"989","25328","25328","25328","3.202000141143799","3.202000141143799","3.202000141143799","25304","25304","25304","3.370000123977661","3.370000123977661","3.370000123977661","25256","25256","25256","3.3889999389648438","3.3889999389648438","3.3889999389648438"
"990","25488","25488","25488","1.0120000839233398","1.0120000839233398","1.0120000839233398","25468","25468","25468","1.0120002031326294","1.0120002031326294","1.0120002031326294","25415","25415","25415","2.945000171661377","2.945000171661377","2.945000171661377"
"991","25490","25490","25490","2.819000005722046","2.819000005722046","2.819000005722046","25470","25470","25470","3.1069998741149902","3.1069998741149902","3.1069998741149902","25417","25417","25417","3.0859999656677246","3.0859999656677246","3.0859999656677246"
"992","25492","25492","25492","3.0399999618530273","3.0399999618530273","3.0399999618530273","25472","25472","25472","3.069000005722046","3.069000005722046","3.069000005722046","25419","25419","25419","3.1469998359680176","3.1469998359680176","3.1469998359680176"
"993","25494","25494","25494","3.239999771118164","3.239999771118164","3.239999771118164","25474","25474","25474","3.315999984741211","3.315999984741211","3.315999984741211","25421","25421","25421","3.24299955368042","3.24299955368042","3.24299955368042"
"994","25496","25496","25496","3.235999822616577","3.235999822616577","3.235999822616577","25476","25476","25476","3.1670000553131104","3.1670000553131104","3.1670000553131104","25423","25423","25423","3.3610000610351562","3.3610000610351562","3.3610000610351562"
"995","25498","25498","25498","3.2259998321533203","3.2259998321533203","3.2259998321533203","25478","25478","25478","3.363999843597412","3.363999843597412","3.363999843597412","25425","25425","25425","3.3590002059936523","3.3590002059936523","3.3590002059936523"
"996","25500","25500","25500","3.317000389099121","3.317000389099121","3.317000389099121","25480","25480","25480","3.317999839782715","3.317999839782715","3.317999839782715","25427","25427","25427","3.23099946975708","3.23099946975708","3.23099946975708"
"997","25502","25502","25502","3.2319998741149902","3.2319998741149902","3.2319998741149902","25482","25482","25482","3.3420000076293945","3.3420000076293945","3.3420000076293945","25429","25429","25429","3.3849997520446777","3.3849997520446777","3.3849997520446777"
"998","25504","25504","25504","3.2300000190734863","3.2300000190734863","3.2300000190734863","25484","25484","25484","3.2249999046325684","3.2249999046325684","3.2249999046325684","25431","25431","25431","3.3899998664855957","3.3899998664855957","3.3899998664855957"
"999","25667","25667","25667","1.0119998455047607","1.0119998455047607","1.0119998455047607","25645","25645","25645","3.046999931335449","3.046999931335449","3.046999931335449","25595","25595","25595","2.9549999237060547","2.9549999237060547","2.9549999237060547"
"1000","25669","25669","25669","3.0309998989105225","3.0309998989105225","3.0309998989105225","25647","25647","25647","2.9120001792907715","2.9120001792907715","2.9120001792907715","25597","25597","25597","3.1000003814697266","3.1000003814697266","3.1000003814697266"
"1001","25671","25671","25671","3.0420002937316895","3.0420002937316895","3.0420002937316895","25649","25649","25649","3.0970001220703125","3.0970001220703125","3.0970001220703125","25599","25599","25599","0.7920001745223999","0.7920001745223999","0.7920001745223999"
"1002","25673","25673","25673","3.2579994201660156","3.2579994201660156","3.2579994201660156","25651","25651","25651","1.2619993686676025","1.2619993686676025","1.2619993686676025","25601","25601","25601","3.2609992027282715","3.2609992027282715","3.2609992027282715"
"1003","25675","25675","25675","3.235999822616577","3.235999822616577","3.235999822616577","25653","25653","25653","3.240999937057495","3.240999937057495","3.240999937057495","25603","25603","25603","3.3299999237060547","3.3299999237060547","3.3299999237060547"
"1004","25677","25677","25677","3.24399995803833","3.24399995803833","3.24399995803833","25655","25655","25655","3.1459999084472656","3.1459999084472656","3.1459999084472656","25605","25605","25605","3.3540000915527344","3.3540000915527344","3.3540000915527344"
"1005","25679","25679","25679","3.3330001831054688","3.3330001831054688","3.3330001831054688","25657","25657","25657","3.238999843597412","3.238999843597412","3.238999843597412","25607","25607","25607","3.2799997329711914","3.2799997329711914","3.2799997329711914"
"1006","25681","25681","25681","3.240000009536743","3.240000009536743","3.240000009536743","25659","25659","25659","3.272000312805176","3.272000312805176","3.272000312805176","25609","25609","25609","3.3869996070861816","3.3869996070861816","3.3869996070861816"
"1007","25683","25683","25683","3.372999668121338","3.372999668121338","3.372999668121338","25661","25661","25661","3.3369998931884766","3.3369998931884766","3.3369998931884766","25611","25611","25611","3.383999824523926","3.383999824523926","3.383999824523926"
"1008","25847","25847","25847","1.0120000839233398","1.0120000839233398","1.0120000839233398","25823","25823","25823","3.111999988555908","3.111999988555908","3.111999988555908","25773","25773","25773","3.0439999103546143","3.0439999103546143","3.0439999103546143"
"1009","25849","25849","25849","3.0369999408721924","3.0369999408721924","3.0369999408721924","25825","25825","25825","3.0819997787475586","3.0819997787475586","3.0819997787475586","25775","25775","25775","3.1190004348754883","3.1190004348754883","3.1190004348754883"
"1010","25851","25851","25851","3.058000087738037","3.058000087738037","3.058000087738037","25827","25827","25827","3.063000202178955","3.063000202178955","3.063000202178955","25777","25777","25777","3.1659998893737793","3.1659998893737793","3.1659998893737793"
"1011","25853","25853","25853","3.240999698638916","3.240999698638916","3.240999698638916","25829","25829","25829","3.3199996948242188","3.3199996948242188","3.3199996948242188","25779","25779","25779","3.2589993476867676","3.2589993476867676","3.2589993476867676"
"1012","25855","25855","25855","3.312000036239624","3.312000036239624","3.312000036239624","25831","25831","25831","3.1640000343322754","3.1640000343322754","3.1640000343322754","25781","25781","25781","3.3400001525878906","3.3400001525878906","3.3400001525878906"
"1013","25857","25857","25857","3.2269997596740723","3.2269997596740723","3.2269997596740723","25833","25833","25833","3.2810001373291016","3.2810001373291016","3.2810001373291016","25783","25783","25783","3.3559999465942383","3.3559999465942383","3.3559999465942383"
"1014","25859","25859","25859","3.3289999961853027","3.3289999961853027","3.3289999961853027","25835","25835","25835","3.3339996337890625","3.3339996337890625","3.3339996337890625","25785","25785","25785","3.258999824523926","3.258999824523926","3.258999824523926"
"1015","25861","25861","25861","3.249000072479248","3.249000072479248","3.249000072479248","25837","25837","25837","3.188999652862549","3.188999652862549","3.188999652862549","25787","25787","25787","3.361999988555908","3.361999988555908","3.361999988555908"
"1016","25863","25863","25863","3.2300000190734863","3.2300000190734863","3.2300000190734863","25839","25839","25839","3.4030003547668457","3.4030003547668457","3.4030003547668457","25789","25789","25789","3.3869996070861816","3.3869996070861816","3.3869996070861816"
"1017","26023","26023","26023","1.0119999647140503","1.0119999647140503","1.0119999647140503","25999","25999","25999","3.053999900817871","3.053999900817871","3.053999900817871","25947","25947","25947","3.0980000495910645","3.0980000495910645","3.0980000495910645"
"1018","26025","26025","26025","3.062999963760376","3.062999963760376","3.062999963760376","26001","26001","26001","3.0910000801086426","3.0910000801086426","3.0910000801086426","25949","25949","25949","3.0859999656677246","3.0859999656677246","3.0859999656677246"
"1019","26027","26027","26027","3.063000202178955","3.063000202178955","3.063000202178955","26003","26003","26003","3.0889997482299805","3.0889997482299805","3.0889997482299805","25951","25951","25951","0.9919998645782471","0.9919998645782471","0.9919998645782471"
"1020","26029","26029","26029","3.245999813079834","3.245999813079834","3.245999813079834","26005","26005","26005","3.3279995918273926","3.3279995918273926","3.3279995918273926","25953","25953","25953","3.2519993782043457","3.2519993782043457","3.2519993782043457"
"1021","26031","26031","26031","3.232999801635742","3.232999801635742","3.232999801635742","26007","26007","26007","3.1640000343322754","3.1640000343322754","3.1640000343322754","25955","25955","25955","3.3379998207092285","3.3379998207092285","3.3379998207092285"
"1022","26033","26033","26033","3.248999834060669","3.248999834060669","3.248999834060669","26009","26009","26009","3.185999870300293","3.185999870300293","3.185999870300293","25957","25957","25957","3.3410000801086426","3.3410000801086426","3.3410000801086426"
"1023","26035","26035","26035","3.307999610900879","3.307999610900879","3.307999610900879","26011","26011","26011","3.3309998512268066","3.3309998512268066","3.3309998512268066","25959","25959","25959","3.2559995651245117","3.2559995651245117","3.2559995651245117"
"1024","26037","26037","26037","3.236999988555908","3.236999988555908","3.236999988555908","26013","26013","26013","3.3339998722076416","3.3339998722076416","3.3339998722076416","25961","25961","25961","3.381999969482422","3.381999969482422","3.381999969482422"
"1025","26039","26039","26039","1.241999864578247","1.241999864578247","1.241999864578247","26015","26015","26015","3.321000099182129","3.321000099182129","3.321000099182129","25963","25963","25963","3.321000099182129","3.321000099182129","3.321000099182129"
"1026","26204","26204","26204","1.0120000839233398","1.0120000839233398","1.0120000839233398","26180","26180","26180","1.0120000839233398","1.0120000839233398","1.0120000839233398","26127","26127","26127","3.075000047683716","3.075000047683716","3.075000047683716"
"1027","26206","26206","26206","3.0230002403259277","3.0230002403259277","3.0230002403259277","26182","26182","26182","2.9290003776550293","2.9290003776550293","2.9290003776550293","26129","26129","26129","3.135000228881836","3.135000228881836","3.135000228881836"
"1028","26208","26208","26208","2.9700002670288086","2.9700002670288086","2.9700002670288086","26184","26184","26184","3.0460000038146973","3.0460000038146973","3.0460000038146973","26131","26131","26131","3.1459999084472656","3.1459999084472656","3.1459999084472656"
"1029","26210","26210","26210","3.263000011444092","3.263000011444092","3.263000011444092","26186","26186","26186","3.2609996795654297","3.2609996795654297","3.2609996795654297","26133","26133","26133","3.244999408721924","3.244999408721924","3.244999408721924"
"1030","26212","26212","26212","3.3350000381469727","3.3350000381469727","3.3350000381469727","26188","26188","26188","3.2810001373291016","3.2810001373291016","3.2810001373291016","26135","26135","26135","3.3449997901916504","3.3449997901916504","3.3449997901916504"
"1031","26214","26214","26214","3.24399995803833","3.24399995803833","3.24399995803833","26190","26190","26190","3.184000015258789","3.184000015258789","3.184000015258789","26137","26137","26137","3.3400001525878906","3.3400001525878906","3.3400001525878906"
"1032","26216","26216","26216","3.328000068664551","3.328000068664551","3.328000068664551","26192","26192","26192","3.243999481201172","3.243999481201172","3.243999481201172","26139","26139","26139","3.239999771118164","3.239999771118164","3.239999771118164"
"1033","26218","26218","26218","3.2279999256134033","3.2279999256134033","3.2279999256134033","26194","26194","26194","3.2649998664855957","3.2649998664855957","3.2649998664855957","26141","26141","26141","3.318000316619873","3.318000316619873","3.318000316619873"
"1034","26220","26220","26220","3.3879997730255127","3.3879997730255127","3.3879997730255127","26196","26196","26196","3.4049997329711914","3.4049997329711914","3.4049997329711914","26143","26143","26143","3.382999897003174","3.382999897003174","3.382999897003174"
"1035","26380","26380","26380","1.0119998455047607","1.0119998455047607","1.0119998455047607","26361","26361","26361","1.0120000839233398","1.0120000839233398","1.0120000839233398","26302","26302","26302","2.952000141143799","2.952000141143799","2.952000141143799"
"1036","26382","26382","26382","3.0959999561309814","3.0959999561309814","3.0959999561309814","26363","26363","26363","0.9919998049736023","0.9919998049736023","0.9919998049736023","26304","26304","26304","3.0269999504089355","3.0269999504089355","3.0269999504089355"
"1037","26384","26384","26384","3.0439999103546143","3.0439999103546143","3.0439999103546143","26365","26365","26365","3.079000473022461","3.079000473022461","3.079000473022461","26306","26306","26306","0.9919998645782471","0.9919998645782471","0.9919998645782471"
"1038","26386","26386","26386","3.243000030517578","3.243000030517578","3.243000030517578","26367","26367","26367","3.316999912261963","3.316999912261963","3.316999912261963","26308","26308","26308","3.3249998092651367","3.3249998092651367","3.3249998092651367"
"1039","26388","26388","26388","3.236999750137329","3.236999750137329","3.236999750137329","26369","26369","26369","3.3540000915527344","3.3540000915527344","3.3540000915527344","26310","26310","26310","3.3520002365112305","3.3520002365112305","3.3520002365112305"
"1040","26390","26390","26390","3.2269999980926514","3.2269999980926514","3.2269999980926514","26371","26371","26371","3.1750001907348633","3.1750001907348633","3.1750001907348633","26312","26312","26312","3.3289999961853027","3.3289999961853027","3.3289999961853027"
"1041","26392","26392","26392","3.315999984741211","3.315999984741211","3.315999984741211","26373","26373","26373","3.3340001106262207","3.3340001106262207","3.3340001106262207","26314","26314","26314","3.303999900817871","3.303999900817871","3.303999900817871"
"1042","26394","26394","26394","3.2309999465942383","3.2309999465942383","3.2309999465942383","26375","26375","26375","3.332000255584717","3.332000255584717","3.332000255584717","26316","26316","26316","3.3849997520446777","3.3849997520446777","3.3849997520446777"
"1043","26396","26396","26396","3.2130000591278076","3.2130000591278076","3.2130000591278076","26377","26377","26377","3.3889999389648438","3.3889999389648438","3.3889999389648438","26318","26318","26318","3.303999900817871","3.303999900817871","3.303999900817871"
"1044","26557","26557","26557","2.88700008392334","2.88700008392334","2.88700008392334","26533","26533","26533","3.0390000343322754","3.0390000343322754","3.0390000343322754","26481","26481","26481","2.921999931335449","2.921999931335449","2.921999931335449"
"1045","26559","26559","26559","3.004999876022339","3.004999876022339","3.004999876022339","26535","26535","26535","3.072000026702881","3.072000026702881","3.072000026702881","26483","26483","26483","3.1030001640319824","3.1030001640319824","3.1030001640319824"
"1046","26561","26561","26561","3.019000291824341","3.019000291824341","3.019000291824341","26537","26537","26537","3.053999900817871","3.053999900817871","3.053999900817871","26485","26485","26485","3.1530003547668457","3.1530003547668457","3.1530003547668457"
"1047","26563","26563","26563","3.2599997520446777","3.2599997520446777","3.2599997520446777","26539","26539","26539","3.2609996795654297","3.2609996795654297","3.2609996795654297","26487","26487","26487","3.2529993057250977","3.2529993057250977","3.2529993057250977"
"1048","26565","26565","26565","3.322999954223633","3.322999954223633","3.322999954223633","26541","26541","26541","3.3519997596740723","3.3519997596740723","3.3519997596740723","26489","26489","26489","3.332000255584717","3.332000255584717","3.332000255584717"
"1049","26567","26567","26567","3.259000062942505","3.259000062942505","3.259000062942505","26543","26543","26543","3.251999855041504","3.251999855041504","3.251999855041504","26491","26491","26491","3.3550000190734863","3.3550000190734863","3.3550000190734863"
"1050","26569","26569","26569","3.326000213623047","3.326000213623047","3.326000213623047","26545","26545","26545","3.2629995346069336","3.2629995346069336","3.2629995346069336","26493","26493","26493","3.2759995460510254","3.2759995460510254","3.2759995460510254"
"1051","26571","26571","26571","3.240000009536743","3.240000009536743","3.240000009536743","26547","26547","26547","3.1520001888275146","3.1520001888275146","3.1520001888275146","26495","26495","26495","3.3949999809265137","3.3949999809265137","3.3949999809265137"
"1052","26573","26573","26573","1.3419997692108154","1.3419997692108154","1.3419997692108154","26549","26549","26549","3.2290003299713135","3.2290003299713135","3.2290003299713135","26497","26497","26497","3.383999824523926","3.383999824523926","3.383999824523926"
"1053","26733","26733","26733","2.923999786376953","2.923999786376953","2.923999786376953","26709","26709","26709","1.0119999647140503","1.0119999647140503","1.0119999647140503","26658","26658","26658","2.9130001068115234","2.9130001068115234","2.9130001068115234"
"1054","26735","26735","26735","3.0360000133514404","3.0360000133514404","3.0360000133514404","26711","26711","26711","3.0810000896453857","3.0810000896453857","3.0810000896453857","26660","26660","26660","3.0510001182556152","3.0510001182556152","3.0510001182556152"
"1055","26737","26737","26737","2.9690003395080566","2.9690003395080566","2.9690003395080566","26713","26713","26713","3.065000057220459","3.065000057220459","3.065000057220459","26662","26662","26662","3.1069998741149902","3.1069998741149902","3.1069998741149902"
"1056","26739","26739","26739","3.25","3.25","3.25","26715","26715","26715","3.2749996185302734","3.2749996185302734","3.2749996185302734","26664","26664","26664","3.2609992027282715","3.2609992027282715","3.2609992027282715"
"1057","26741","26741","26741","3.321000099182129","3.321000099182129","3.321000099182129","26717","26717","26717","3.3409998416900635","3.3409998416900635","3.3409998416900635","26666","26666","26666","3.3509998321533203","3.3509998321533203","3.3509998321533203"
"1058","26743","26743","26743","3.1480000019073486","3.1480000019073486","3.1480000019073486","26719","26719","26719","3.181000232696533","3.181000232696533","3.181000232696533","26668","26668","26668","3.332000255584717","3.332000255584717","3.332000255584717"
"1059","26745","26745","26745","3.303999900817871","3.303999900817871","3.303999900817871","26721","26721","26721","3.2660000324249268","3.2660000324249268","3.2660000324249268","26670","26670","26670","3.238999366760254","3.238999366760254","3.238999366760254"
"1060","26747","26747","26747","3.240000009536743","3.240000009536743","3.240000009536743","26723","26723","26723","3.193999767303467","3.193999767303467","3.193999767303467","26672","26672","26672","3.3899998664855957","3.3899998664855957","3.3899998664855957"
"1061","26749","26749","26749","1.3419997692108154","1.3419997692108154","1.3419997692108154","26725","26725","26725","3.325000286102295","3.325000286102295","3.325000286102295","26674","26674","26674","3.309999942779541","3.309999942779541","3.309999942779541"
"1062","26910","26910","26910","1.0120000839233398","1.0120000839233398","1.0120000839233398","26885","26885","26885","1.0120000839233398","1.0120000839233398","1.0120000839233398","26838","26838","26838","3.1019997596740723","3.1019997596740723","3.1019997596740723"
"1063","26912","26912","26912","3.05400013923645","3.05400013923645","3.05400013923645","26887","26887","26887","3.1110002994537354","3.1110002994537354","3.1110002994537354","26840","26840","26840","3.1080002784729004","3.1080002784729004","3.1080002784729004"
"1064","26914","26914","26914","3.06600022315979","3.06600022315979","3.06600022315979","26889","26889","26889","3.130000114440918","3.130000114440918","3.130000114440918","26842","26842","26842","0.9920001029968262","0.9920001029968262","0.9920001029968262"
"1065","26916","26916","26916","3.2559995651245117","3.2559995651245117","3.2559995651245117","26891","26891","26891","3.3349995613098145","3.3349995613098145","3.3349995613098145","26844","26844","26844","3.318999767303467","3.318999767303467","3.318999767303467"
"1066","26918","26918","26918","3.241999864578247","3.241999864578247","3.241999864578247","26893","26893","26893","3.2690000534057617","3.2690000534057617","3.2690000534057617","26846","26846","26846","3.3569998741149902","3.3569998741149902","3.3569998741149902"
"1067","26920","26920","26920","3.250999927520752","3.250999927520752","3.250999927520752","26895","26895","26895","3.3429999351501465","3.3429999351501465","3.3429999351501465","26848","26848","26848","3.332000255584717","3.332000255584717","3.332000255584717"
"1068","26922","26922","26922","3.2659997940063477","3.2659997940063477","3.2659997940063477","26897","26897","26897","3.251999855041504","3.251999855041504","3.251999855041504","26850","26850","26850","3.3299999237060547","3.3299999237060547","3.3299999237060547"
"1069","26924","26924","26924","3.245000123977661","3.245000123977661","3.245000123977661","26899","26899","26899","3.3239998817443848","3.3239998817443848","3.3239998817443848","26852","26852","26852","3.3869996070861816","3.3869996070861816","3.3869996070861816"
"1070","26926","26926","26926","1.241999864578247","1.241999864578247","1.241999864578247","26901","26901","26901","3.2090001106262207","3.2090001106262207","3.2090001106262207","26854","26854","26854","3.309999942779541","3.309999942779541","3.309999942779541"
"1071","27088","27088","27088","1.0120000839233398","1.0120000839233398","1.0120000839233398","27059","27059","27059","1.0120000839233398","1.0120000839233398","1.0120000839233398","27012","27012","27012","0.812000036239624","0.812000036239624","0.812000036239624"
"1072","27090","27090","27090","2.870000123977661","2.870000123977661","2.870000123977661","27061","27061","27061","3.1110002994537354","3.1110002994537354","3.1110002994537354","27014","27014","27014","3.0959997177124023","3.0959997177124023","3.0959997177124023"
"1073","27092","27092","27092","3.0399999618530273","3.0399999618530273","3.0399999618530273","27063","27063","27063","2.995000123977661","2.995000123977661","2.995000123977661","27016","27016","27016","0.991999626159668","0.991999626159668","0.991999626159668"
"1074","27094","27094","27094","3.239999771118164","3.239999771118164","3.239999771118164","27065","27065","27065","3.3409996032714844","3.3409996032714844","3.3409996032714844","27018","27018","27018","3.2559995651245117","3.2559995651245117","3.2559995651245117"
"1075","27096","27096","27096","3.2240002155303955","3.2240002155303955","3.2240002155303955","27067","27067","27067","3.1680002212524414","3.1680002212524414","3.1680002212524414","27020","27020","27020","3.263000011444092","3.263000011444092","3.263000011444092"
"1076","27098","27098","27098","3.2269997596740723","3.2269997596740723","3.2269997596740723","27069","27069","27069","3.2899999618530273","3.2899999618530273","3.2899999618530273","27022","27022","27022","3.3460001945495605","3.3460001945495605","3.3460001945495605"
"1077","27100","27100","27100","3.311000347137451","3.311000347137451","3.311000347137451","27071","27071","27071","3.3429999351501465","3.3429999351501465","3.3429999351501465","27024","27024","27024","3.2739996910095215","3.2739996910095215","3.2739996910095215"
"1078","27102","27102","27102","3.2309999465942383","3.2309999465942383","3.2309999465942383","27073","27073","27073","3.36299991607666","3.36299991607666","3.36299991607666","27026","27026","27026","3.2199997901916504","3.2199997901916504","3.2199997901916504"
"1079","27104","27104","27104","3.198000192642212","3.198000192642212","3.198000192642212","27075","27075","27075","3.2249999046325684","3.2249999046325684","3.2249999046325684","27028","27028","27028","3.4089999198913574","3.4089999198913574","3.4089999198913574"
"1080","27266","27266","27266","1.0119998455047607","1.0119998455047607","1.0119998455047607","27234","27234","27234","1.0119999647140503","1.0119999647140503","1.0119999647140503","27189","27189","27189","2.9509999752044678","2.9509999752044678","2.9509999752044678"
"1081","27268","27268","27268","2.8450000286102295","2.8450000286102295","2.8450000286102295","27236","27236","27236","3.142000198364258","3.142000198364258","3.142000198364258","27191","27191","27191","3.128999710083008","3.128999710083008","3.128999710083008"
"1082","27270","27270","27270","2.8960001468658447","2.8960001468658447","2.8960001468658447","27238","27238","27238","3.0380001068115234","3.0380001068115234","3.0380001068115234","27193","27193","27193","0.9920001029968262","0.9920001029968262","0.9920001029968262"
"1083","27272","27272","27272","3.25","3.25","3.25","27240","27240","27240","3.2509994506835938","3.2509994506835938","3.2509994506835938","27195","27195","27195","3.2419991493225098","3.2419991493225098","3.2419991493225098"
"1084","27274","27274","27274","3.246999740600586","3.246999740600586","3.246999740600586","27242","27242","27242","3.316999912261963","3.316999912261963","3.316999912261963","27197","27197","27197","3.359999656677246","3.359999656677246","3.359999656677246"
"1085","27276","27276","27276","3.247999906539917","3.247999906539917","3.247999906539917","27244","27244","27244","3.2209999561309814","3.2209999561309814","3.2209999561309814","27199","27199","27199","3.364999771118164","3.364999771118164","3.364999771118164"
"1086","27278","27278","27278","3.3489999771118164","3.3489999771118164","3.3489999771118164","27246","27246","27246","3.249999523162842","3.249999523162842","3.249999523162842","27201","27201","27201","3.2609996795654297","3.2609996795654297","3.2609996795654297"
"1087","27280","27280","27280","3.245000123977661","3.245000123977661","3.245000123977661","27248","27248","27248","3.3269996643066406","3.3269996643066406","3.3269996643066406","27203","27203","27203","3.373000144958496","3.373000144958496","3.373000144958496"
"1088","27282","27282","27282","1.2419997453689575","1.2419997453689575","1.2419997453689575","27250","27250","27250","3.374999761581421","3.374999761581421","3.374999761581421","27205","27205","27205","3.318000316619873","3.318000316619873","3.318000316619873"
"1089","27441","27441","27441","1.0120000839233398","1.0120000839233398","1.0120000839233398","27406","27406","27406","1.0120000839233398","1.0120000839233398","1.0120000839233398","27363","27363","27363","2.936000108718872","2.936000108718872","2.936000108718872"
"1090","27443","27443","27443","2.9670000076293945","2.9670000076293945","2.9670000076293945","27408","27408","27408","3.11299991607666","3.11299991607666","3.11299991607666","27365","27365","27365","3.078000068664551","3.078000068664551","3.078000068664551"
"1091","27445","27445","27445","2.998000144958496","2.998000144958496","2.998000144958496","27410","27410","27410","3.0929999351501465","3.0929999351501465","3.0929999351501465","27367","27367","27367","0.9919998645782471","0.9919998645782471","0.9919998645782471"
"1092","27447","27447","27447","3.24399995803833","3.24399995803833","3.24399995803833","27412","27412","27412","3.327000141143799","3.327000141143799","3.327000141143799","27369","27369","27369","3.247999668121338","3.247999668121338","3.247999668121338"
"1093","27449","27449","27449","3.320000171661377","3.320000171661377","3.320000171661377","27414","27414","27414","3.25600004196167","3.25600004196167","3.25600004196167","27371","27371","27371","3.36299991607666","3.36299991607666","3.36299991607666"
"1094","27451","27451","27451","3.2259998321533203","3.2259998321533203","3.2259998321533203","27416","27416","27416","3.3369998931884766","3.3369998931884766","3.3369998931884766","27373","27373","27373","3.3519997596740723","3.3519997596740723","3.3519997596740723"
"1095","27453","27453","27453","3.307000160217285","3.307000160217285","3.307000160217285","27418","27418","27418","3.3350000381469727","3.3350000381469727","3.3350000381469727","27375","27375","27375","3.246999740600586","3.246999740600586","3.246999740600586"
"1096","27455","27455","27455","3.2300000190734863","3.2300000190734863","3.2300000190734863","27420","27420","27420","3.184999942779541","3.184999942779541","3.184999942779541","27377","27377","27377","3.4059996604919434","3.4059996604919434","3.4059996604919434"
"1097","27457","27457","27457","3.202000141143799","3.202000141143799","3.202000141143799","27422","27422","27422","3.2260003089904785","3.2260003089904785","3.2260003089904785","27379","27379","27379","3.4040002822875977","3.4040002822875977","3.4040002822875977"
"1098","27627","27627","27627","1.0120000839233398","1.0120000839233398","1.0120000839233398","27587","27587","27587","1.0120000839233398","1.0120000839233398","1.0120000839233398","27536","27536","27536","2.9489998817443848","2.9489998817443848","2.9489998817443848"
"1099","27629","27629","27629","3.0339999198913574","3.0339999198913574","3.0339999198913574","27589","27589","27589","3.013000011444092","3.013000011444092","3.013000011444092","27538","27538","27538","0.991999626159668","0.991999626159668","0.991999626159668"
"1100","27631","27631","27631","0.9919998645782471","0.9919998645782471","0.9919998645782471","27591","27591","27591","3.046999931335449","3.046999931335449","3.046999931335449","27540","27540","27540","3.1670002937316895","3.1670002937316895","3.1670002937316895"
"1101","27633","27633","27633","3.2649993896484375","3.2649993896484375","3.2649993896484375","27593","27593","27593","3.2669997215270996","3.2669997215270996","3.2669997215270996","27542","27542","27542","3.3349995613098145","3.3349995613098145","3.3349995613098145"
"1102","27635","27635","27635","3.245999813079834","3.245999813079834","3.245999813079834","27595","27595","27595","3.2290000915527344","3.2290000915527344","3.2290000915527344","27544","27544","27544","3.250999927520752","3.250999927520752","3.250999927520752"
"1103","27637","27637","27637","3.2680001258850098","3.2680001258850098","3.2680001258850098","27597","27597","27597","3.2829999923706055","3.2829999923706055","3.2829999923706055","27546","27546","27546","3.3519997596740723","3.3519997596740723","3.3519997596740723"
"1104","27639","27639","27639","3.317000389099121","3.317000389099121","3.317000389099121","27599","27599","27599","3.305999755859375","3.305999755859375","3.305999755859375","27548","27548","27548","3.253999710083008","3.253999710083008","3.253999710083008"
"1105","27641","27641","27641","3.2279999256134033","3.2279999256134033","3.2279999256134033","27601","27601","27601","3.1750001907348633","3.1750001907348633","3.1750001907348633","27550","27550","27550","3.38700008392334","3.38700008392334","3.38700008392334"
"1106","27643","27643","27643","1.241999864578247","1.241999864578247","1.241999864578247","27603","27603","27603","3.2249999046325684","3.2249999046325684","3.2249999046325684","27552","27552","27552","3.328000068664551","3.328000068664551","3.328000068664551"
"1107","27800","27800","27800","1.0119999647140503","1.0119999647140503","1.0119999647140503","27763","27763","27763","1.0120000839233398","1.0120000839233398","1.0120000839233398","27710","27710","27710","2.9549999237060547","2.9549999237060547","2.9549999237060547"
"1108","27802","27802","27802","3.058000087738037","3.058000087738037","3.058000087738037","27765","27765","27765","3.069000005722046","3.069000005722046","3.069000005722046","27712","27712","27712","3.120999813079834","3.120999813079834","3.120999813079834"
"1109","27804","27804","27804","2.872000217437744","2.872000217437744","2.872000217437744","27767","27767","27767","3.042999744415283","3.042999744415283","3.042999744415283","27714","27714","27714","3.1589999198913574","3.1589999198913574","3.1589999198913574"
"1110","27806","27806","27806","3.247999668121338","3.247999668121338","3.247999668121338","27769","27769","27769","3.2659997940063477","3.2659997940063477","3.2659997940063477","27716","27716","27716","3.065000057220459","3.065000057220459","3.065000057220459"
"1111","27808","27808","27808","3.320000171661377","3.320000171661377","3.320000171661377","27771","27771","27771","3.3259997367858887","3.3259997367858887","3.3259997367858887","27718","27718","27718","3.263000011444092","3.263000011444092","3.263000011444092"
"1112","27810","27810","27810","3.255999803543091","3.255999803543091","3.255999803543091","27773","27773","27773","3.250999927520752","3.250999927520752","3.250999927520752","27720","27720","27720","3.3530001640319824","3.3530001640319824","3.3530001640319824"
"1113","27812","27812","27812","3.332000255584717","3.332000255584717","3.332000255584717","27775","27775","27775","3.311000347137451","3.311000347137451","3.311000347137451","27722","27722","27722","3.2779998779296875","3.2779998779296875","3.2779998779296875"
"1114","27814","27814","27814","3.2260000705718994","3.2260000705718994","3.2260000705718994","27777","27777","27777","3.1640000343322754","3.1640000343322754","3.1640000343322754","27724","27724","27724","3.35599946975708","3.35599946975708","3.35599946975708"
"1115","27816","27816","27816","3.202000141143799","3.202000141143799","3.202000141143799","27779","27779","27779","3.315999984741211","3.315999984741211","3.315999984741211","27726","27726","27726","3.302000045776367","3.302000045776367","3.302000045776367"
"1116","27978","27978","27978","1.0120000839233398","1.0120000839233398","1.0120000839233398","27938","27938","27938","1.0120000839233398","1.0120000839233398","1.0120000839233398","27889","27889","27889","2.9100000858306885","2.9100000858306885","2.9100000858306885"
"1117","27980","27980","27980","3.0410001277923584","3.0410001277923584","3.0410001277923584","27940","27940","27940","0.9919997453689575","0.9919997453689575","0.9919997453689575","27891","27891","27891","3.1359996795654297","3.1359996795654297","3.1359996795654297"
"1118","27982","27982","27982","0.9919998645782471","0.9919998645782471","0.9919998645782471","27942","27942","27942","3.046999931335449","3.046999931335449","3.046999931335449","27893","27893","27893","0.9919998645782471","0.9919998645782471","0.9919998645782471"
"1119","27984","27984","27984","1.261999487876892","1.261999487876892","1.261999487876892","27944","27944","27944","3.3319997787475586","3.3319997787475586","3.3319997787475586","27895","27895","27895","3.307999610900879","3.307999610900879","3.307999610900879"
"1120","27986","27986","27986","3.246999740600586","3.246999740600586","3.246999740600586","27946","27946","27946","3.322999954223633","3.322999954223633","3.322999954223633","27897","27897","27897","3.263000011444092","3.263000011444092","3.263000011444092"
"1121","27988","27988","27988","3.255999803543091","3.255999803543091","3.255999803543091","27948","27948","27948","3.1620001792907715","3.1620001792907715","3.1620001792907715","27899","27899","27899","1.2419997453689575","1.2419997453689575","1.2419997453689575"
"1122","27990","27990","27990","3.309999942779541","3.309999942779541","3.309999942779541","27950","27950","27950","3.3289999961853027","3.3289999961853027","3.3289999961853027","27901","27901","27901","3.318000316619873","3.318000316619873","3.318000316619873"
"1123","27992","27992","27992","3.251999855041504","3.251999855041504","3.251999855041504","27952","27952","27952","3.3439998626708984","3.3439998626708984","3.3439998626708984","27903","27903","27903","3.4009995460510254","3.4009995460510254","3.4009995460510254"
"1124","27994","27994","27994","3.3929996490478516","3.3929996490478516","3.3929996490478516","27954","27954","27954","3.3910000324249268","3.3910000324249268","3.3910000324249268","27905","27905","27905","3.311999797821045","3.311999797821045","3.311999797821045"
"1125","28152","28152","28152","2.9049997329711914","2.9049997329711914","2.9049997329711914","28112","28112","28112","3.1150002479553223","3.1150002479553223","3.1150002479553223","28070","28070","28070","3.0789999961853027","3.0789999961853027","3.0789999961853027"
"1126","28154","28154","28154","3.0250000953674316","3.0250000953674316","3.0250000953674316","28114","28114","28114","0.9919999241828918","0.9919999241828918","0.9919999241828918","28072","28072","28072","0.991999626159668","0.991999626159668","0.991999626159668"
"1127","28156","28156","28156","3.0460002422332764","3.0460002422332764","3.0460002422332764","28116","28116","28116","3.059000015258789","3.059000015258789","3.059000015258789","28074","28074","28074","0.9920002222061157","0.9920002222061157","0.9920002222061157"
"1128","28158","28158","28158","3.2779994010925293","3.2779994010925293","3.2779994010925293","28118","28118","28118","3.298999547958374","3.298999547958374","3.298999547958374","28076","28076","28076","3.3229994773864746","3.3229994773864746","3.3229994773864746"
"1129","28160","28160","28160","3.324000120162964","3.324000120162964","3.324000120162964","28120","28120","28120","3.3359997272491455","3.3359997272491455","3.3359997272491455","28078","28078","28078","3.3480000495910645","3.3480000495910645","3.3480000495910645"
"1130","28162","28162","28162","3.234999895095825","3.234999895095825","3.234999895095825","28122","28122","28122","3.2779998779296875","3.2779998779296875","3.2779998779296875","28080","28080","28080","3.3459997177124023","3.3459997177124023","3.3459997177124023"
"1131","28164","28164","28164","3.320000171661377","3.320000171661377","3.320000171661377","28124","28124","28124","3.3379998207092285","3.3379998207092285","3.3379998207092285","28082","28082","28082","3.332000255584717","3.332000255584717","3.332000255584717"
"1132","28166","28166","28166","3.2300000190734863","3.2300000190734863","3.2300000190734863","28126","28126","28126","3.375999927520752","3.375999927520752","3.375999927520752","28084","28084","28084","3.321000099182129","3.321000099182129","3.321000099182129"
"1133","28168","28168","28168","3.3929996490478516","3.3929996490478516","3.3929996490478516","28128","28128","28128","3.3919999599456787","3.3919999599456787","3.3919999599456787","28086","28086","28086","3.307000160217285","3.307000160217285","3.307000160217285"
"1134","28330","28330","28330","1.0119998455047607","1.0119998455047607","1.0119998455047607","28290","28290","28290","1.0120002031326294","1.0120002031326294","1.0120002031326294","28246","28246","28246","2.935999870300293","2.935999870300293","2.935999870300293"
"1135","28332","28332","28332","3.0360000133514404","3.0360000133514404","3.0360000133514404","28292","28292","28292","3.0930004119873047","3.0930004119873047","3.0930004119873047","28248","28248","28248","3.0880002975463867","3.0880002975463867","3.0880002975463867"
"1136","28334","28334","28334","3.0359997749328613","3.0359997749328613","3.0359997749328613","28294","28294","28294","0.9919999837875366","0.9919999837875366","0.9919999837875366","28250","28250","28250","0.9920001029968262","0.9920001029968262","0.9920001029968262"
"1137","28336","28336","28336","3.2519993782043457","3.2519993782043457","3.2519993782043457","28296","28296","28296","3.245999336242676","3.245999336242676","3.245999336242676","28252","28252","28252","3.2519993782043457","3.2519993782043457","3.2519993782043457"
"1138","28338","28338","28338","3.255999803543091","3.255999803543091","3.255999803543091","28298","28298","28298","3.26200008392334","3.26200008392334","3.26200008392334","28254","28254","28254","3.3319997787475586","3.3319997787475586","3.3319997787475586"
"1139","28340","28340","28340","3.253000020980835","3.253000020980835","3.253000020980835","28300","28300","28300","3.2890000343322754","3.2890000343322754","3.2890000343322754","28256","28256","28256","3.3480000495910645","3.3480000495910645","3.3480000495910645"
"1140","28342","28342","28342","3.2609996795654297","3.2609996795654297","3.2609996795654297","28302","28302","28302","3.305999994277954","3.305999994277954","3.305999994277954","28258","28258","28258","3.24299955368042","3.24299955368042","3.24299955368042"
"1141","28344","28344","28344","3.25600004196167","3.25600004196167","3.25600004196167","28304","28304","28304","3.263000011444092","3.263000011444092","3.263000011444092","28260","28260","28260","3.4009995460510254","3.4009995460510254","3.4009995460510254"
"1142","28346","28346","28346","1.241999864578247","1.241999864578247","1.241999864578247","28306","28306","28306","3.1499998569488525","3.1499998569488525","3.1499998569488525","28262","28262","28262","3.328000068664551","3.328000068664551","3.328000068664551"
"1143","28506","28506","28506","2.9570000171661377","2.9570000171661377","2.9570000171661377","28471","28471","28471","1.0120000839233398","1.0120000839233398","1.0120000839233398","28423","28423","28423","2.9149999618530273","2.9149999618530273","2.9149999618530273"
"1144","28508","28508","28508","3.006999969482422","3.006999969482422","3.006999969482422","28473","28473","28473","3.0950002670288086","3.0950002670288086","3.0950002670288086","28425","28425","28425","3.053999900817871","3.053999900817871","3.053999900817871"
"1145","28510","28510","28510","3.012000322341919","3.012000322341919","3.012000322341919","28475","28475","28475","3.0390002727508545","3.0390002727508545","3.0390002727508545","28427","28427","28427","3.1599998474121094","3.1599998474121094","3.1599998474121094"
"1146","28512","28512","28512","3.317999839782715","3.317999839782715","3.317999839782715","28477","28477","28477","3.2739996910095215","3.2739996910095215","3.2739996910095215","28429","28429","28429","3.314999580383301","3.314999580383301","3.314999580383301"
"1147","28514","28514","28514","3.235999822616577","3.235999822616577","3.235999822616577","28479","28479","28479","3.3449997901916504","3.3449997901916504","3.3449997901916504","28431","28431","28431","3.3439998626708984","3.3439998626708984","3.3439998626708984"
"1148","28516","28516","28516","3.254999876022339","3.254999876022339","3.254999876022339","28481","28481","28481","3.18999981880188","3.18999981880188","3.18999981880188","28433","28433","28433","3.363999843597412","3.363999843597412","3.363999843597412"
"1149","28518","28518","28518","3.317000389099121","3.317000389099121","3.317000389099121","28483","28483","28483","3.251999855041504","3.251999855041504","3.251999855041504","28435","28435","28435","3.332000255584717","3.332000255584717","3.332000255584717"
"1150","28520","28520","28520","3.2319998741149902","3.2319998741149902","3.2319998741149902","28485","28485","28485","3.2679998874664307","3.2679998874664307","3.2679998874664307","28437","28437","28437","3.4029998779296875","3.4029998779296875","3.4029998779296875"
"1151","28522","28522","28522","3.202000141143799","3.202000141143799","3.202000141143799","28487","28487","28487","3.3199996948242188","3.3199996948242188","3.3199996948242188","28439","28439","28439","3.4099998474121094","3.4099998474121094","3.4099998474121094"
"1152","28680","28680","28680","2.941999912261963","2.941999912261963","2.941999912261963","28649","28649","28649","1.0120002031326294","1.0120002031326294","1.0120002031326294","28598","28598","28598","2.936999797821045","2.936999797821045","2.936999797821045"
"1153","28682","28682","28682","3.053999900817871","3.053999900817871","3.053999900817871","28651","28651","28651","3.008000135421753","3.008000135421753","3.008000135421753","28600","28600","28600","0.9919997453689575","0.9919997453689575","0.9919997453689575"
"1154","28684","28684","28684","2.9770002365112305","2.9770002365112305","2.9770002365112305","28653","28653","28653","3.0779995918273926","3.0779995918273926","3.0779995918273926","28602","28602","28602","0.9920002222061157","0.9920002222061157","0.9920002222061157"
"1155","28686","28686","28686","3.245999813079834","3.245999813079834","3.245999813079834","28655","28655","28655","1.261999487876892","1.261999487876892","1.261999487876892","28604","28604","28604","3.051999807357788","3.051999807357788","3.051999807357788"
"1156","28688","28688","28688","3.3390002250671387","3.3390002250671387","3.3390002250671387","28657","28657","28657","3.3519997596740723","3.3519997596740723","3.3519997596740723","28606","28606","28606","3.3309998512268066","3.3309998512268066","3.3309998512268066"
"1157","28690","28690","28690","3.259000062942505","3.259000062942505","3.259000062942505","28659","28659","28659","3.325000286102295","3.325000286102295","3.325000286102295","28608","28608","28608","3.3559999465942383","3.3559999465942383","3.3559999465942383"
"1158","28692","28692","28692","3.3329997062683105","3.3329997062683105","3.3329997062683105","28661","28661","28661","3.233999729156494","3.233999729156494","3.233999729156494","28610","28610","28610","3.258999824523926","3.258999824523926","3.258999824523926"
"1159","28694","28694","28694","3.2230000495910645","3.2230000495910645","3.2230000495910645","28663","28663","28663","3.1949996948242188","3.1949996948242188","3.1949996948242188","28612","28612","28612","3.4059996604919434","3.4059996604919434","3.4059996604919434"
"1160","28696","28696","28696","1.2419997453689575","1.2419997453689575","1.2419997453689575","28665","28665","28665","3.305000066757202","3.305000066757202","3.305000066757202","28614","28614","28614","3.375","3.375","3.375"
"1161","28852","28852","28852","1.0119999647140503","1.0119999647140503","1.0119999647140503","28828","28828","28828","1.0120000839233398","1.0120000839233398","1.0120000839233398","28777","28777","28777","2.9519999027252197","2.9519999027252197","2.9519999027252197"
"1162","28854","28854","28854","3.068999767303467","3.068999767303467","3.068999767303467","28830","28830","28830","3.120999813079834","3.120999813079834","3.120999813079834","28779","28779","28779","3.1140003204345703","3.1140003204345703","3.1140003204345703"
"1163","28856","28856","28856","3.054999828338623","3.054999828338623","3.054999828338623","28832","28832","28832","3.1089999675750732","3.1089999675750732","3.1089999675750732","28781","28781","28781","0.9920001029968262","0.9920001029968262","0.9920001029968262"
"1164","28858","28858","28858","3.317999839782715","3.317999839782715","3.317999839782715","28834","28834","28834","3.2559995651245117","3.2559995651245117","3.2559995651245117","28783","28783","28783","3.3169994354248047","3.3169994354248047","3.3169994354248047"
"1165","28860","28860","28860","3.232999801635742","3.232999801635742","3.232999801635742","28836","28836","28836","3.352999687194824","3.352999687194824","3.352999687194824","28785","28785","28785","3.357999801635742","3.357999801635742","3.357999801635742"
"1166","28862","28862","28862","3.2719998359680176","3.2719998359680176","3.2719998359680176","28838","28838","28838","3.2629997730255127","3.2629997730255127","3.2629997730255127","28787","28787","28787","1.241999864578247","1.241999864578247","1.241999864578247"
"1167","28864","28864","28864","3.304999828338623","3.304999828338623","3.304999828338623","28840","28840","28840","3.236999988555908","3.236999988555908","3.236999988555908","28789","28789","28789","3.332000255584717","3.332000255584717","3.332000255584717"
"1168","28866","28866","28866","3.253000020980835","3.253000020980835","3.253000020980835","28842","28842","28842","3.3350000381469727","3.3350000381469727","3.3350000381469727","28791","28791","28791","3.3859996795654297","3.3859996795654297","3.3859996795654297"
"1169","28868","28868","28868","3.2320001125335693","3.2320001125335693","3.2320001125335693","28844","28844","28844","3.377999782562256","3.377999782562256","3.377999782562256","28793","28793","28793","3.3869996070861816","3.3869996070861816","3.3869996070861816"
"1170","29033","29033","29033","2.9079999923706055","2.9079999923706055","2.9079999923706055","29004","29004","29004","1.0120000839233398","1.0120000839233398","1.0120000839233398","28953","28953","28953","3.0939998626708984","3.0939998626708984","3.0939998626708984"
"1171","29035","29035","29035","3.052999973297119","3.052999973297119","3.052999973297119","29006","29006","29006","3.0870003700256348","3.0870003700256348","3.0870003700256348","28955","28955","28955","0.9919997453689575","0.9919997453689575","0.9919997453689575"
"1172","29037","29037","29037","3.0500001907348633","3.0500001907348633","3.0500001907348633","29008","29008","29008","0.9919999837875366","0.9919999837875366","0.9919999837875366","28957","28957","28957","0.9919997453689575","0.9919997453689575","0.9919997453689575"
"1173","29039","29039","29039","3.2599997520446777","3.2599997520446777","3.2599997520446777","29010","29010","29010","3.3329997062683105","3.3329997062683105","3.3329997062683105","28959","28959","28959","3.300999641418457","3.300999641418457","3.300999641418457"
"1174","29041","29041","29041","3.3420000076293945","3.3420000076293945","3.3420000076293945","29012","29012","29012","3.2660000324249268","3.2660000324249268","3.2660000324249268","28961","28961","28961","3.368000030517578","3.368000030517578","3.368000030517578"
"1175","29043","29043","29043","3.255999803543091","3.255999803543091","3.255999803543091","29014","29014","29014","3.1610002517700195","3.1610002517700195","3.1610002517700195","28963","28963","28963","3.3480000495910645","3.3480000495910645","3.3480000495910645"
"1176","29045","29045","29045","3.331000328063965","3.331000328063965","3.331000328063965","29016","29016","29016","3.3339996337890625","3.3339996337890625","3.3339996337890625","28965","28965","28965","3.3340001106262207","3.3340001106262207","3.3340001106262207"
"1177","29047","29047","29047","3.2319998741149902","3.2319998741149902","3.2319998741149902","29018","29018","29018","3.260999917984009","3.260999917984009","3.260999917984009","28967","28967","28967","3.2129998207092285","3.2129998207092285","3.2129998207092285"
"1178","29049","29049","29049","3.199000120162964","3.199000120162964","3.199000120162964","29020","29020","29020","3.306000232696533","3.306000232696533","3.306000232696533","28969","28969","28969","3.3949999809265137","3.3949999809265137","3.3949999809265137"
"1179","29214","29214","29214","1.0119999647140503","1.0119999647140503","1.0119999647140503","29185","29185","29185","1.0120002031326294","1.0120002031326294","1.0120002031326294","29129","29129","29129","3.0869998931884766","3.0869998931884766","3.0869998931884766"
"1180","29216","29216","29216","3.0349998474121094","3.0349998474121094","3.0349998474121094","29187","29187","29187","0.9919999241828918","0.9919999241828918","0.9919999241828918","29131","29131","29131","0.9920001029968262","0.9920001029968262","0.9920001029968262"
"1181","29218","29218","29218","3.0209999084472656","3.0209999084472656","3.0209999084472656","29189","29189","29189","3.0910000801086426","3.0910000801086426","3.0910000801086426","29133","29133","29133","0.9920001029968262","0.9920001029968262","0.9920001029968262"
"1182","29220","29220","29220","2.9519996643066406","2.9519996643066406","2.9519996643066406","29191","29191","29191","3.3259997367858887","3.3259997367858887","3.3259997367858887","29135","29135","29135","3.258999824523926","3.258999824523926","3.258999824523926"
"1183","29222","29222","29222","3.234999656677246","3.234999656677246","3.234999656677246","29193","29193","29193","3.1620001792907715","3.1620001792907715","3.1620001792907715","29137","29137","29137","3.25600004196167","3.25600004196167","3.25600004196167"
"1184","29224","29224","29224","3.2679998874664307","3.2679998874664307","3.2679998874664307","29195","29195","29195","3.241999864578247","3.241999864578247","3.241999864578247","29139","29139","29139","3.3469996452331543","3.3469996452331543","3.3469996452331543"
"1185","29226","29226","29226","3.317000389099121","3.317000389099121","3.317000389099121","29197","29197","29197","3.3269996643066406","3.3269996643066406","3.3269996643066406","29141","29141","29141","3.3489999771118164","3.3489999771118164","3.3489999771118164"
"1186","29228","29228","29228","3.236999988555908","3.236999988555908","3.236999988555908","29199","29199","29199","3.255000114440918","3.255000114440918","3.255000114440918","29143","29143","29143","3.3759994506835938","3.3759994506835938","3.3759994506835938"
"1187","29230","29230","29230","1.3419997692108154","1.3419997692108154","1.3419997692108154","29201","29201","29201","3.3600001335144043","3.3600001335144043","3.3600001335144043","29145","29145","29145","3.318000316619873","3.318000316619873","3.318000316619873"
"1188","29390","29390","29390","1.0119999647140503","1.0119999647140503","1.0119999647140503","29359","29359","29359","1.0120000839233398","1.0120000839233398","1.0120000839233398","29310","29310","29310","3.0269999504089355","3.0269999504089355","3.0269999504089355"
"1189","29392","29392","29392","3.0339999198913574","3.0339999198913574","3.0339999198913574","29361","29361","29361","3.062000036239624","3.062000036239624","3.062000036239624","29312","29312","29312","3.0949997901916504","3.0949997901916504","3.0949997901916504"
"1190","29394","29394","29394","3.0520002841949463","3.0520002841949463","3.0520002841949463","29363","29363","29363","3.0769999027252197","3.0769999027252197","3.0769999027252197","29314","29314","29314","0.9919997453689575","0.9919997453689575","0.9919997453689575"
"1191","29396","29396","29396","3.263000011444092","3.263000011444092","3.263000011444092","29365","29365","29365","3.3389997482299805","3.3389997482299805","3.3389997482299805","29316","29316","29316","3.3309993743896484","3.3309993743896484","3.3309993743896484"
"1192","29398","29398","29398","3.233999729156494","3.233999729156494","3.233999729156494","29367","29367","29367","3.327000141143799","3.327000141143799","3.327000141143799","29318","29318","29318","1.241999864578247","1.241999864578247","1.241999864578247"
"1193","29400","29400","29400","3.250999927520752","3.250999927520752","3.250999927520752","29369","29369","29369","3.257999897003174","3.257999897003174","3.257999897003174","29320","29320","29320","1.241999864578247","1.241999864578247","1.241999864578247"
"1194","29402","29402","29402","3.326000213623047","3.326000213623047","3.326000213623047","29371","29371","29371","3.310000419616699","3.310000419616699","3.310000419616699","29322","29322","29322","3.3390002250671387","3.3390002250671387","3.3390002250671387"
"1195","29404","29404","29404","3.240000009536743","3.240000009536743","3.240000009536743","29373","29373","29373","3.249000072479248","3.249000072479248","3.249000072479248","29324","29324","29324","3.4029998779296875","3.4029998779296875","3.4029998779296875"
"1196","29406","29406","29406","3.2160000801086426","3.2160000801086426","3.2160000801086426","29375","29375","29375","3.370000123977661","3.370000123977661","3.370000123977661","29326","29326","29326","3.3990001678466797","3.3990001678466797","3.3990001678466797"
"1197","29569","29569","29569","1.0119999647140503","1.0119999647140503","1.0119999647140503","29538","29538","29538","1.0120000839233398","1.0120000839233398","1.0120000839233398","29484","29484","29484","2.938000202178955","2.938000202178955","2.938000202178955"
"1198","29571","29571","29571","2.864000082015991","2.864000082015991","2.864000082015991","29540","29540","29540","2.8370001316070557","2.8370001316070557","2.8370001316070557","29486","29486","29486","0.9919998645782471","0.9919998645782471","0.9919998645782471"
"1199","29573","29573","29573","3.068000078201294","3.068000078201294","3.068000078201294","29542","29542","29542","3.053999900817871","3.053999900817871","3.053999900817871","29488","29488","29488","0.9920001029968262","0.9920001029968262","0.9920001029968262"
"1200","29575","29575","29575","2.9689998626708984","2.9689998626708984","2.9689998626708984","29544","29544","29544","3.2659997940063477","3.2659997940063477","3.2659997940063477","29490","29490","29490","3.2589993476867676","3.2589993476867676","3.2589993476867676"
"1201","29577","29577","29577","3.252999782562256","3.252999782562256","3.252999782562256","29546","29546","29546","3.3399996757507324","3.3399996757507324","3.3399996757507324","29492","29492","29492","3.370999813079834","3.370999813079834","3.370999813079834"
"1202","29579","29579","29579","3.234999895095825","3.234999895095825","3.234999895095825","29548","29548","29548","3.183000087738037","3.183000087738037","3.183000087738037","29494","29494","29494","3.3469996452331543","3.3469996452331543","3.3469996452331543"
"1203","29581","29581","29581","3.304999828338623","3.304999828338623","3.304999828338623","29550","29550","29550","3.3269999027252197","3.3269999027252197","3.3269999027252197","29496","29496","29496","3.2569994926452637","3.2569994926452637","3.2569994926452637"
"1204","29583","29583","29583","3.246000051498413","3.246000051498413","3.246000051498413","29552","29552","29552","3.255999803543091","3.255999803543091","3.255999803543091","29498","29498","29498","3.326000213623047","3.326000213623047","3.326000213623047"
"1205","29585","29585","29585","3.3600001335144043","3.3600001335144043","3.3600001335144043","29554","29554","29554","3.1519999504089355","3.1519999504089355","3.1519999504089355","29500","29500","29500","3.321000099182129","3.321000099182129","3.321000099182129"
"1206","29747","29747","29747","1.0119999647140503","1.0119999647140503","1.0119999647140503","29714","29714","29714","3.056999921798706","3.056999921798706","3.056999921798706","29667","29667","29667","3.0829997062683105","3.0829997062683105","3.0829997062683105"
"1207","29749","29749","29749","3.07099986076355","3.07099986076355","3.07099986076355","29716","29716","29716","2.871000051498413","2.871000051498413","2.871000051498413","29669","29669","29669","0.9919999837875366","0.9919999837875366","0.9919999837875366"
"1208","29751","29751","29751","3.061000108718872","3.061000108718872","3.061000108718872","29718","29718","29718","3.0759999752044678","3.0759999752044678","3.0759999752044678","29671","29671","29671","3.177000045776367","3.177000045776367","3.177000045776367"
"1209","29753","29753","29753","3.2799997329711914","3.2799997329711914","3.2799997329711914","29720","29720","29720","3.241999626159668","3.241999626159668","3.241999626159668","29673","29673","29673","3.249999523162842","3.249999523162842","3.249999523162842"
"1210","29755","29755","29755","3.3400001525878906","3.3400001525878906","3.3400001525878906","29722","29722","29722","3.255000114440918","3.255000114440918","3.255000114440918","29675","29675","29675","3.328000068664551","3.328000068664551","3.328000068664551"
"1211","29757","29757","29757","3.2699997425079346","3.2699997425079346","3.2699997425079346","29724","29724","29724","3.2680001258850098","3.2680001258850098","3.2680001258850098","29677","29677","29677","3.3509998321533203","3.3509998321533203","3.3509998321533203"
"1212","29759","29759","29759","3.308000087738037","3.308000087738037","3.308000087738037","29726","29726","29726","3.3389999866485596","3.3389999866485596","3.3389999866485596","29679","29679","29679","3.309999942779541","3.309999942779541","3.309999942779541"
"1213","29761","29761","29761","3.234999895095825","3.234999895095825","3.234999895095825","29728","29728","29728","3.2710001468658447","3.2710001468658447","3.2710001468658447","29681","29681","29681","3.383999824523926","3.383999824523926","3.383999824523926"
"1214","29763","29763","29763","1.2419997453689575","1.2419997453689575","1.2419997453689575","29730","29730","29730","3.3589999675750732","3.3589999675750732","3.3589999675750732","29683","29683","29683","3.385000228881836","3.385000228881836","3.385000228881836"
"1215","29922","29922","29922","2.9010000228881836","2.9010000228881836","2.9010000228881836","29889","29889","29889","1.0120000839233398","1.0120000839233398","1.0120000839233398","29845","29845","29845","3.056999921798706","3.056999921798706","3.056999921798706"
"1216","29924","29924","29924","3.063000202178955","3.063000202178955","3.063000202178955","29891","29891","29891","3.052000045776367","3.052000045776367","3.052000045776367","29847","29847","29847","0.9920002222061157","0.9920002222061157","0.9920002222061157"
"1217","29926","29926","29926","2.877000093460083","2.877000093460083","2.877000093460083","29893","29893","29893","2.8949999809265137","2.8949999809265137","2.8949999809265137","29849","29849","29849","3.1670002937316895","3.1670002937316895","3.1670002937316895"
"1218","29928","29928","29928","3.245999813079834","3.245999813079834","3.245999813079834","29895","29895","29895","3.313999652862549","3.313999652862549","3.313999652862549","29851","29851","29851","3.2509994506835938","3.2509994506835938","3.2509994506835938"
"1219","29930","29930","29930","3.3320000171661377","3.3320000171661377","3.3320000171661377","29897","29897","29897","3.324000358581543","3.324000358581543","3.324000358581543","29853","29853","29853","3.3340001106262207","3.3340001106262207","3.3340001106262207"
"1220","29932","29932","29932","3.2299997806549072","3.2299997806549072","3.2299997806549072","29899","29899","29899","3.2920002937316895","3.2920002937316895","3.2920002937316895","29855","29855","29855","1.241999864578247","1.241999864578247","1.241999864578247"
"1221","29934","29934","29934","3.3440003395080566","3.3440003395080566","3.3440003395080566","29901","29901","29901","3.3369998931884766","3.3369998931884766","3.3369998931884766","29857","29857","29857","3.258999824523926","3.258999824523926","3.258999824523926"
"1222","29936","29936","29936","3.310999870300293","3.310999870300293","3.310999870300293","29903","29903","29903","3.167999744415283","3.167999744415283","3.167999744415283","29859","29859","29859","3.359999656677246","3.359999656677246","3.359999656677246"
"1223","29938","29938","29938","3.3559999465942383","3.3559999465942383","3.3559999465942383","29905","29905","29905","3.2300002574920654","3.2300002574920654","3.2300002574920654","29861","29861","29861","1.3419997692108154","1.3419997692108154","1.3419997692108154"
"1224","30099","30099","30099","1.0120000839233398","1.0120000839233398","1.0120000839233398","30072","30072","30072","1.0120000839233398","1.0120000839233398","1.0120000839233398","30022","30022","30022","2.935999870300293","2.935999870300293","2.935999870300293"
"1225","30101","30101","30101","3.0939998626708984","3.0939998626708984","3.0939998626708984","30074","30074","30074","0.9919997453689575","0.9919997453689575","0.9919997453689575","30024","30024","30024","3.122999668121338","3.122999668121338","3.122999668121338"
"1226","30103","30103","30103","3.0510001182556152","3.0510001182556152","3.0510001182556152","30076","30076","30076","3.061999797821045","3.061999797821045","3.061999797821045","30026","30026","30026","0.9920001029968262","0.9920001029968262","0.9920001029968262"
"1227","30105","30105","30105","3.245999813079834","3.245999813079834","3.245999813079834","30078","30078","30078","3.314999580383301","3.314999580383301","3.314999580383301","30028","30028","30028","3.240999221801758","3.240999221801758","3.240999221801758"
"1228","30107","30107","30107","3.3259999752044678","3.3259999752044678","3.3259999752044678","30080","30080","30080","3.1720001697540283","3.1720001697540283","3.1720001697540283","30030","30030","30030","3.3329997062683105","3.3329997062683105","3.3329997062683105"
"1229","30109","30109","30109","3.234999895095825","3.234999895095825","3.234999895095825","30082","30082","30082","3.2719998359680176","3.2719998359680176","3.2719998359680176","30032","30032","30032","3.332000255584717","3.332000255584717","3.332000255584717"
"1230","30111","30111","30111","3.3460001945495605","3.3460001945495605","3.3460001945495605","30084","30084","30084","3.3319997787475586","3.3319997787475586","3.3319997787475586","30034","30034","30034","3.3380002975463867","3.3380002975463867","3.3380002975463867"
"1231","30113","30113","30113","3.2660000324249268","3.2660000324249268","3.2660000324249268","30086","30086","30086","3.1700000762939453","3.1700000762939453","3.1700000762939453","30036","30036","30036","3.3899998664855957","3.3899998664855957","3.3899998664855957"
"1232","30115","30115","30115","3.202000141143799","3.202000141143799","3.202000141143799","30088","30088","30088","3.245999813079834","3.245999813079834","3.245999813079834","30038","30038","30038","3.4000000953674316","3.4000000953674316","3.4000000953674316"
"1233","30273","30273","30273","1.0120000839233398","1.0120000839233398","1.0120000839233398","30252","30252","30252","1.0120000839233398","1.0120000839233398","1.0120000839233398","30196","30196","30196","3.0939998626708984","3.0939998626708984","3.0939998626708984"
"1234","30275","30275","30275","2.8340001106262207","2.8340001106262207","2.8340001106262207","30254","30254","30254","2.9050002098083496","2.9050002098083496","2.9050002098083496","30198","30198","30198","3.126999855041504","3.126999855041504","3.126999855041504"
"1235","30277","30277","30277","2.875","2.875","2.875","30256","30256","30256","2.878999948501587","2.878999948501587","2.878999948501587","30200","30200","30200","0.9919999837875366","0.9919999837875366","0.9919999837875366"
"1236","30279","30279","30279","3.2779994010925293","3.2779994010925293","3.2779994010925293","30258","30258","30258","3.328000068664551","3.328000068664551","3.328000068664551","30202","30202","30202","3.062000036239624","3.062000036239624","3.062000036239624"
"1237","30281","30281","30281","3.312999963760376","3.312999963760376","3.312999963760376","30260","30260","30260","3.239000082015991","3.239000082015991","3.239000082015991","30204","30204","30204","3.358999729156494","3.358999729156494","3.358999729156494"
"1238","30283","30283","30283","3.238999843597412","3.238999843597412","3.238999843597412","30262","30262","30262","3.184999942779541","3.184999942779541","3.184999942779541","30206","30206","30206","3.3299999237060547","3.3299999237060547","3.3299999237060547"
"1239","30285","30285","30285","3.306999683380127","3.306999683380127","3.306999683380127","30264","30264","30264","3.3219995498657227","3.3219995498657227","3.3219995498657227","30208","30208","30208","3.3010001182556152","3.3010001182556152","3.3010001182556152"
"1240","30287","30287","30287","3.234999895095825","3.234999895095825","3.234999895095825","30266","30266","30266","3.174999952316284","3.174999952316284","3.174999952316284","30210","30210","30210","3.378000259399414","3.378000259399414","3.378000259399414"
"1241","30289","30289","30289","1.241999864578247","1.241999864578247","1.241999864578247","30268","30268","30268","3.3849997520446777","3.3849997520446777","3.3849997520446777","30212","30212","30212","3.3859996795654297","3.3859996795654297","3.3859996795654297"
"1242","30448","30448","30448","2.883999824523926","2.883999824523926","2.883999824523926","30425","30425","30425","2.882999897003174","2.882999897003174","2.882999897003174","30368","30368","30368","2.9140000343322754","2.9140000343322754","2.9140000343322754"
"1243","30450","30450","30450","3.068000078201294","3.068000078201294","3.068000078201294","30427","30427","30427","3.002000093460083","3.002000093460083","3.002000093460083","30370","30370","30370","3.126999855041504","3.126999855041504","3.126999855041504"
"1244","30452","30452","30452","3.0490002632141113","3.0490002632141113","3.0490002632141113","30429","30429","30429","3.1019999980926514","3.1019999980926514","3.1019999980926514","30372","30372","30372","0.9920002222061157","0.9920002222061157","0.9920002222061157"
"1245","30454","30454","30454","3.298999786376953","3.298999786376953","3.298999786376953","30431","30431","30431","3.3239998817443848","3.3239998817443848","3.3239998817443848","30374","30374","30374","3.0339999198913574","3.0339999198913574","3.0339999198913574"
"1246","30456","30456","30456","3.3420000076293945","3.3420000076293945","3.3420000076293945","30433","30433","30433","3.261000156402588","3.261000156402588","3.261000156402588","30376","30376","30376","3.255000114440918","3.255000114440918","3.255000114440918"
"1247","30458","30458","30458","3.24399995803833","3.24399995803833","3.24399995803833","30435","30435","30435","3.186999797821045","3.186999797821045","3.186999797821045","30378","30378","30378","3.3309998512268066","3.3309998512268066","3.3309998512268066"
"1248","30460","30460","30460","3.309999942779541","3.309999942779541","3.309999942779541","30437","30437","30437","3.318999767303467","3.318999767303467","3.318999767303467","30380","30380","30380","3.318000316619873","3.318000316619873","3.318000316619873"
"1249","30462","30462","30462","3.309999942779541","3.309999942779541","3.309999942779541","30439","30439","30439","3.191999912261963","3.191999912261963","3.191999912261963","30382","30382","30382","3.354999542236328","3.354999542236328","3.354999542236328"
"1250","30464","30464","30464","3.2089998722076416","3.2089998722076416","3.2089998722076416","30441","30441","30441","3.2960000038146973","3.2960000038146973","3.2960000038146973","30384","30384","30384","3.321000099182129","3.321000099182129","3.321000099182129"
"1251","30627","30627","30627","1.0119999647140503","1.0119999647140503","1.0119999647140503","30602","30602","30602","1.0120000839233398","1.0120000839233398","1.0120000839233398","30545","30545","30545","3.0889997482299805","3.0889997482299805","3.0889997482299805"
"1252","30629","30629","30629","2.8330001831054688","2.8330001831054688","2.8330001831054688","30604","30604","30604","2.869000196456909","2.869000196456909","2.869000196456909","30547","30547","30547","3.128999710083008","3.128999710083008","3.128999710083008"
"1253","30631","30631","30631","3.059999942779541","3.059999942779541","3.059999942779541","30606","30606","30606","3.1009998321533203","3.1009998321533203","3.1009998321533203","30549","30549","30549","3.1589999198913574","3.1589999198913574","3.1589999198913574"
"1254","30633","30633","30633","3.2829999923706055","3.2829999923706055","3.2829999923706055","30608","30608","30608","3.3199996948242188","3.3199996948242188","3.3199996948242188","30551","30551","30551","3.314999580383301","3.314999580383301","3.314999580383301"
"1255","30635","30635","30635","3.233999729156494","3.233999729156494","3.233999729156494","30610","30610","30610","3.2740001678466797","3.2740001678466797","3.2740001678466797","30553","30553","30553","3.3610000610351562","3.3610000610351562","3.3610000610351562"
"1256","30637","30637","30637","3.2259998321533203","3.2259998321533203","3.2259998321533203","30612","30612","30612","3.3319997787475586","3.3319997787475586","3.3319997787475586","30555","30555","30555","3.3600001335144043","3.3600001335144043","3.3600001335144043"
"1257","30639","30639","30639","3.302999496459961","3.302999496459961","3.302999496459961","30614","30614","30614","3.3239994049072266","3.3239994049072266","3.3239994049072266","30557","30557","30557","3.3359999656677246","3.3359999656677246","3.3359999656677246"
"1258","30641","30641","30641","3.3289999961853027","3.3289999961853027","3.3289999961853027","30616","30616","30616","3.2729997634887695","3.2729997634887695","3.2729997634887695","30559","30559","30559","3.4029998779296875","3.4029998779296875","3.4029998779296875"
"1259","30643","30643","30643","3.199000120162964","3.199000120162964","3.199000120162964","30618","30618","30618","3.315999984741211","3.315999984741211","3.315999984741211","30561","30561","30561","3.388000011444092","3.388000011444092","3.388000011444092"
"1260","30801","30801","30801","1.0119999647140503","1.0119999647140503","1.0119999647140503","30779","30779","30779","1.0120000839233398","1.0120000839233398","1.0120000839233398","30722","30722","30722","2.937000036239624","2.937000036239624","2.937000036239624"
"1261","30803","30803","30803","3.0869998931884766","3.0869998931884766","3.0869998931884766","30781","30781","30781","2.9100000858306885","2.9100000858306885","2.9100000858306885","30724","30724","30724","3.1080002784729004","3.1080002784729004","3.1080002784729004"
"1262","30805","30805","30805","2.8400001525878906","2.8400001525878906","2.8400001525878906","30783","30783","30783","3.070000171661377","3.070000171661377","3.070000171661377","30726","30726","30726","0.9920001029968262","0.9920001029968262","0.9920001029968262"
"1263","30807","30807","30807","3.2789998054504395","3.2789998054504395","3.2789998054504395","30785","30785","30785","3.322999954223633","3.322999954223633","3.322999954223633","30728","30728","30728","3.314999580383301","3.314999580383301","3.314999580383301"
"1264","30809","30809","30809","3.3420000076293945","3.3420000076293945","3.3420000076293945","30787","30787","30787","3.3409998416900635","3.3409998416900635","3.3409998416900635","30730","30730","30730","3.3369998931884766","3.3369998931884766","3.3369998931884766"
"1265","30811","30811","30811","3.2279999256134033","3.2279999256134033","3.2279999256134033","30789","30789","30789","3.304999828338623","3.304999828338623","3.304999828338623","30732","30732","30732","3.3590002059936523","3.3590002059936523","3.3590002059936523"
"1266","30813","30813","30813","3.326000213623047","3.326000213623047","3.326000213623047","30791","30791","30791","3.303999900817871","3.303999900817871","3.303999900817871","30734","30734","30734","3.3369998931884766","3.3369998931884766","3.3369998931884766"
"1267","30815","30815","30815","3.234999895095825","3.234999895095825","3.234999895095825","30793","30793","30793","3.3559999465942383","3.3559999465942383","3.3559999465942383","30736","30736","30736","3.352999687194824","3.352999687194824","3.352999687194824"
"1268","30817","30817","30817","1.241999864578247","1.241999864578247","1.241999864578247","30795","30795","30795","3.2139999866485596","3.2139999866485596","3.2139999866485596","30738","30738","30738","3.383999824523926","3.383999824523926","3.383999824523926"
"1269","30978","30978","30978","1.0119999647140503","1.0119999647140503","1.0119999647140503","30951","30951","30951","1.0120000839233398","1.0120000839233398","1.0120000839233398","30897","30897","30897","2.939000129699707","2.939000129699707","2.939000129699707"
"1270","30980","30980","30980","3.0250000953674316","3.0250000953674316","3.0250000953674316","30953","30953","30953","3.0840001106262207","3.0840001106262207","3.0840001106262207","30899","30899","30899","3.078000068664551","3.078000068664551","3.078000068664551"
"1271","30982","30982","30982","2.9819998741149902","2.9819998741149902","2.9819998741149902","30955","30955","30955","3.1419999599456787","3.1419999599456787","3.1419999599456787","30901","30901","30901","3.1190004348754883","3.1190004348754883","3.1190004348754883"
"1272","30984","30984","30984","3.245999813079834","3.245999813079834","3.245999813079834","30957","30957","30957","3.3199996948242188","3.3199996948242188","3.3199996948242188","30903","30903","30903","3.3269996643066406","3.3269996643066406","3.3269996643066406"
"1273","30986","30986","30986","3.242999792098999","3.242999792098999","3.242999792098999","30959","30959","30959","3.3379998207092285","3.3379998207092285","3.3379998207092285","30905","30905","30905","3.3569998741149902","3.3569998741149902","3.3569998741149902"
"1274","30988","30988","30988","3.254999876022339","3.254999876022339","3.254999876022339","30961","30961","30961","3.1740000247955322","3.1740000247955322","3.1740000247955322","30907","30907","30907","3.363999843597412","3.363999843597412","3.363999843597412"
"1275","30990","30990","30990","3.311000347137451","3.311000347137451","3.311000347137451","30963","30963","30963","3.3309998512268066","3.3309998512268066","3.3309998512268066","30909","30909","30909","3.3299999237060547","3.3299999237060547","3.3299999237060547"
"1276","30992","30992","30992","3.2639999389648438","3.2639999389648438","3.2639999389648438","30965","30965","30965","3.253999948501587","3.253999948501587","3.253999948501587","30911","30911","30911","3.4010000228881836","3.4010000228881836","3.4010000228881836"
"1277","30994","30994","30994","3.123000144958496","3.123000144958496","3.123000144958496","30967","30967","30967","3.24399995803833","3.24399995803833","3.24399995803833","30913","30913","30913","3.4049997329711914","3.4049997329711914","3.4049997329711914"
"1278","31158","31158","31158","1.0120000839233398","1.0120000839233398","1.0120000839233398","31133","31133","31133","1.0120000839233398","1.0120000839233398","1.0120000839233398","31072","31072","31072","2.937999963760376","2.937999963760376","2.937999963760376"
"1279","31160","31160","31160","2.988999843597412","2.988999843597412","2.988999843597412","31135","31135","31135","3.118000030517578","3.118000030517578","3.118000030517578","31074","31074","31074","3.1110000610351562","3.1110000610351562","3.1110000610351562"
"1280","31162","31162","31162","3.068000316619873","3.068000316619873","3.068000316619873","31137","31137","31137","3.0850000381469727","3.0850000381469727","3.0850000381469727","31076","31076","31076","0.9920001029968262","0.9920001029968262","0.9920001029968262"
"1281","31164","31164","31164","3.2549996376037598","3.2549996376037598","3.2549996376037598","31139","31139","31139","3.3259997367858887","3.3259997367858887","3.3259997367858887","31078","31078","31078","3.314999580383301","3.314999580383301","3.314999580383301"
"1282","31166","31166","31166","3.315000057220459","3.315000057220459","3.315000057220459","31141","31141","31141","3.3279998302459717","3.3279998302459717","3.3279998302459717","31080","31080","31080","3.3569998741149902","3.3569998741149902","3.3569998741149902"
"1283","31168","31168","31168","3.251999855041504","3.251999855041504","3.251999855041504","31143","31143","31143","3.317999839782715","3.317999839782715","3.317999839782715","31082","31082","31082","3.3540000915527344","3.3540000915527344","3.3540000915527344"
"1284","31170","31170","31170","3.320000171661377","3.320000171661377","3.320000171661377","31145","31145","31145","3.3299999237060547","3.3299999237060547","3.3299999237060547","31084","31084","31084","3.327000141143799","3.327000141143799","3.327000141143799"
"1285","31172","31172","31172","3.240000009536743","3.240000009536743","3.240000009536743","31147","31147","31147","3.3420000076293945","3.3420000076293945","3.3420000076293945","31086","31086","31086","3.3849997520446777","3.3849997520446777","3.3849997520446777"
"1286","31174","31174","31174","3.2049999237060547","3.2049999237060547","3.2049999237060547","31149","31149","31149","3.389000415802002","3.389000415802002","3.389000415802002","31088","31088","31088","3.388000011444092","3.388000011444092","3.388000011444092"
"1287","31333","31333","31333","1.0119999647140503","1.0119999647140503","1.0119999647140503","31308","31308","31308","2.941999912261963","2.941999912261963","2.941999912261963","31248","31248","31248","2.931999921798706","2.931999921798706","2.931999921798706"
"1288","31335","31335","31335","3.0460000038146973","3.0460000038146973","3.0460000038146973","31310","31310","31310","3.0960001945495605","3.0960001945495605","3.0960001945495605","31250","31250","31250","3.131999969482422","3.131999969482422","3.131999969482422"
"1289","31337","31337","31337","3.013000249862671","3.013000249862671","3.013000249862671","31312","31312","31312","3.127000093460083","3.127000093460083","3.127000093460083","31252","31252","31252","3.1540002822875977","3.1540002822875977","3.1540002822875977"
"1290","31339","31339","31339","3.247999668121338","3.247999668121338","3.247999668121338","31314","31314","31314","3.245999813079834","3.245999813079834","3.245999813079834","31254","31254","31254","3.3279995918273926","3.3279995918273926","3.3279995918273926"
"1291","31341","31341","31341","3.246999740600586","3.246999740600586","3.246999740600586","31316","31316","31316","3.312000036239624","3.312000036239624","3.312000036239624","31256","31256","31256","3.3420000076293945","3.3420000076293945","3.3420000076293945"
"1292","31343","31343","31343","3.2660000324249268","3.2660000324249268","3.2660000324249268","31318","31318","31318","3.2669997215270996","3.2669997215270996","3.2669997215270996","31258","31258","31258","3.3470001220703125","3.3470001220703125","3.3470001220703125"
"1293","31345","31345","31345","3.3330001831054688","3.3330001831054688","3.3330001831054688","31320","31320","31320","3.312000274658203","3.312000274658203","3.312000274658203","31260","31260","31260","3.3340001106262207","3.3340001106262207","3.3340001106262207"
"1294","31347","31347","31347","3.2269999980926514","3.2269999980926514","3.2269999980926514","31322","31322","31322","3.1670000553131104","3.1670000553131104","3.1670000553131104","31262","31262","31262","1.2419997453689575","1.2419997453689575","1.2419997453689575"
"1295","31349","31349","31349","3.37399959564209","3.37399959564209","3.37399959564209","31324","31324","31324","3.383999824523926","3.383999824523926","3.383999824523926","31264","31264","31264","3.4029998779296875","3.4029998779296875","3.4029998779296875"
"1296","31513","31513","31513","2.9119997024536133","2.9119997024536133","2.9119997024536133","31491","31491","31491","1.0120000839233398","1.0120000839233398","1.0120000839233398","31425","31425","31425","2.9159998893737793","2.9159998893737793","2.9159998893737793"
"1297","31515","31515","31515","3.0859999656677246","3.0859999656677246","3.0859999656677246","31493","31493","31493","2.8490002155303955","2.8490002155303955","2.8490002155303955","31427","31427","31427","3.1409997940063477","3.1409997940063477","3.1409997940063477"
"1298","31517","31517","31517","3.053999900817871","3.053999900817871","3.053999900817871","31495","31495","31495","2.865999937057495","2.865999937057495","2.865999937057495","31429","31429","31429","3.11899995803833","3.11899995803833","3.11899995803833"
"1299","31519","31519","31519","3.3339996337890625","3.3339996337890625","3.3339996337890625","31497","31497","31497","3.317999839782715","3.317999839782715","3.317999839782715","31431","31431","31431","3.24899959564209","3.24899959564209","3.24899959564209"
"1300","31521","31521","31521","3.235999822616577","3.235999822616577","3.235999822616577","31499","31499","31499","3.25600004196167","3.25600004196167","3.25600004196167","31433","31433","31433","3.250999927520752","3.250999927520752","3.250999927520752"
"1301","31523","31523","31523","3.255999803543091","3.255999803543091","3.255999803543091","31501","31501","31501","3.2660000324249268","3.2660000324249268","3.2660000324249268","31435","31435","31435","3.2769999504089355","3.2769999504089355","3.2769999504089355"
"1302","31525","31525","31525","3.306000232696533","3.306000232696533","3.306000232696533","31503","31503","31503","3.236999988555908","3.236999988555908","3.236999988555908","31437","31437","31437","3.3359999656677246","3.3359999656677246","3.3359999656677246"
"1303","31527","31527","31527","3.250999927520752","3.250999927520752","3.250999927520752","31505","31505","31505","3.195000171661377","3.195000171661377","3.195000171661377","31439","31439","31439","3.3849997520446777","3.3849997520446777","3.3849997520446777"
"1304","31529","31529","31529","3.202000141143799","3.202000141143799","3.202000141143799","31507","31507","31507","3.380000114440918","3.380000114440918","3.380000114440918","31441","31441","31441","3.311999797821045","3.311999797821045","3.311999797821045"
"1305","31690","31690","31690","2.9070000648498535","2.9070000648498535","2.9070000648498535","31666","31666","31666","1.0120000839233398","1.0120000839233398","1.0120000839233398","31602","31602","31602","2.9089999198913574","2.9089999198913574","2.9089999198913574"
"1306","31692","31692","31692","3.0299999713897705","3.0299999713897705","3.0299999713897705","31668","31668","31668","0.9919998049736023","0.9919998049736023","0.9919998049736023","31604","31604","31604","3.0830001831054688","3.0830001831054688","3.0830001831054688"
"1307","31694","31694","31694","3.0339999198913574","3.0339999198913574","3.0339999198913574","31670","31670","31670","3.1059999465942383","3.1059999465942383","3.1059999465942383","31606","31606","31606","3.1589999198913574","3.1589999198913574","3.1589999198913574"
"1308","31696","31696","31696","3.238999843597412","3.238999843597412","3.238999843597412","31672","31672","31672","3.311999797821045","3.311999797821045","3.311999797821045","31608","31608","31608","3.3339996337890625","3.3339996337890625","3.3339996337890625"
"1309","31698","31698","31698","3.241999864578247","3.241999864578247","3.241999864578247","31674","31674","31674","3.1710000038146973","3.1710000038146973","3.1710000038146973","31610","31610","31610","3.368000030517578","3.368000030517578","3.368000030517578"
"1310","31700","31700","31700","3.239999771118164","3.239999771118164","3.239999771118164","31676","31676","31676","3.3389997482299805","3.3389997482299805","3.3389997482299805","31612","31612","31612","3.321000099182129","3.321000099182129","3.321000099182129"
"1311","31702","31702","31702","3.312000274658203","3.312000274658203","3.312000274658203","31678","31678","31678","3.3339996337890625","3.3339996337890625","3.3339996337890625","31614","31614","31614","3.3410000801086426","3.3410000801086426","3.3410000801086426"
"1312","31704","31704","31704","3.236999988555908","3.236999988555908","3.236999988555908","31680","31680","31680","3.252999782562256","3.252999782562256","3.252999782562256","31616","31616","31616","3.3899998664855957","3.3899998664855957","3.3899998664855957"
"1313","31706","31706","31706","3.359999895095825","3.359999895095825","3.359999895095825","31682","31682","31682","3.2109999656677246","3.2109999656677246","3.2109999656677246","31618","31618","31618","3.383999824523926","3.383999824523926","3.383999824523926"
"1314","31868","31868","31868","2.9169998168945312","2.9169998168945312","2.9169998168945312","31846","31846","31846","1.0120000839233398","1.0120000839233398","1.0120000839233398","31778","31778","31778","2.9140000343322754","2.9140000343322754","2.9140000343322754"
"1315","31870","31870","31870","3.052000045776367","3.052000045776367","3.052000045776367","31848","31848","31848","3.0870003700256348","3.0870003700256348","3.0870003700256348","31780","31780","31780","3.0250000953674316","3.0250000953674316","3.0250000953674316"
"1316","31872","31872","31872","3.0320000648498535","3.0320000648498535","3.0320000648498535","31850","31850","31850","3.003000020980835","3.003000020980835","3.003000020980835","31782","31782","31782","0.9919999837875366","0.9919999837875366","0.9919999837875366"
"1317","31874","31874","31874","3.263000011444092","3.263000011444092","3.263000011444092","31852","31852","31852","3.2559995651245117","3.2559995651245117","3.2559995651245117","31784","31784","31784","3.3259997367858887","3.3259997367858887","3.3259997367858887"
"1318","31876","31876","31876","3.3420000076293945","3.3420000076293945","3.3420000076293945","31854","31854","31854","3.26200008392334","3.26200008392334","3.26200008392334","31786","31786","31786","3.2760000228881836","3.2760000228881836","3.2760000228881836"
"1319","31878","31878","31878","3.253999948501587","3.253999948501587","3.253999948501587","31856","31856","31856","3.19100022315979","3.19100022315979","3.19100022315979","31788","31788","31788","3.3239998817443848","3.3239998817443848","3.3239998817443848"
"1320","31880","31880","31880","3.328000068664551","3.328000068664551","3.328000068664551","31858","31858","31858","3.313999652862549","3.313999652862549","3.313999652862549","31790","31790","31790","3.3369998931884766","3.3369998931884766","3.3369998931884766"
"1321","31882","31882","31882","3.2309999465942383","3.2309999465942383","3.2309999465942383","31860","31860","31860","3.2769999504089355","3.2769999504089355","3.2769999504089355","31792","31792","31792","3.4010000228881836","3.4010000228881836","3.4010000228881836"
"1322","31884","31884","31884","3.198000192642212","3.198000192642212","3.198000192642212","31862","31862","31862","3.2249999046325684","3.2249999046325684","3.2249999046325684","31794","31794","31794","3.38700008392334","3.38700008392334","3.38700008392334"
"1323","32049","32049","32049","1.0120000839233398","1.0120000839233398","1.0120000839233398","32025","32025","32025","1.0120000839233398","1.0120000839233398","1.0120000839233398","31952","31952","31952","2.9529998302459717","2.9529998302459717","2.9529998302459717"
"1324","32051","32051","32051","3.0309998989105225","3.0309998989105225","3.0309998989105225","32027","32027","32027","0.9919998645782471","0.9919998645782471","0.9919998645782471","31954","31954","31954","3.11899995803833","3.11899995803833","3.11899995803833"
"1325","32053","32053","32053","3.008000373840332","3.008000373840332","3.008000373840332","32029","32029","32029","3.0970001220703125","3.0970001220703125","3.0970001220703125","31956","31956","31956","3.1570000648498535","3.1570000648498535","3.1570000648498535"
"1326","32055","32055","32055","3.24399995803833","3.24399995803833","3.24399995803833","32031","32031","32031","3.3389997482299805","3.3389997482299805","3.3389997482299805","31958","31958","31958","3.3269996643066406","3.3269996643066406","3.3269996643066406"
"1327","32057","32057","32057","3.247999906539917","3.247999906539917","3.247999906539917","32033","32033","32033","3.3329997062683105","3.3329997062683105","3.3329997062683105","31960","31960","31960","3.3329997062683105","3.3329997062683105","3.3329997062683105"
"1328","32059","32059","32059","3.2719998359680176","3.2719998359680176","3.2719998359680176","32035","32035","32035","3.3480000495910645","3.3480000495910645","3.3480000495910645","31962","31962","31962","3.307000160217285","3.307000160217285","3.307000160217285"
"1329","32061","32061","32061","3.3380002975463867","3.3380002975463867","3.3380002975463867","32037","32037","32037","2.9669997692108154","2.9669997692108154","2.9669997692108154","31964","31964","31964","3.3010001182556152","3.3010001182556152","3.3010001182556152"
"1330","32063","32063","32063","3.240000009536743","3.240000009536743","3.240000009536743","32039","32039","32039","3.2749998569488525","3.2749998569488525","3.2749998569488525","31966","31966","31966","3.388000011444092","3.388000011444092","3.388000011444092"
"1331","32065","32065","32065","3.2130000591278076","3.2130000591278076","3.2130000591278076","32041","32041","32041","3.383999824523926","3.383999824523926","3.383999824523926","31968","31968","31968","3.4029998779296875","3.4029998779296875","3.4029998779296875"
"1332","32228","32228","32228","1.0119998455047607","1.0119998455047607","1.0119998455047607","32207","32207","32207","1.0120000839233398","1.0120000839233398","1.0120000839233398","32132","32132","32132","2.9179999828338623","2.9179999828338623","2.9179999828338623"
"1333","32230","32230","32230","3.0869998931884766","3.0869998931884766","3.0869998931884766","32209","32209","32209","0.9919999241828918","0.9919999241828918","0.9919999241828918","32134","32134","32134","3.109999656677246","3.109999656677246","3.109999656677246"
"1334","32232","32232","32232","3.06000018119812","3.06000018119812","3.06000018119812","32211","32211","32211","3.0890002250671387","3.0890002250671387","3.0890002250671387","32136","32136","32136","3.1589999198913574","3.1589999198913574","3.1589999198913574"
"1335","32234","32234","32234","3.318999767303467","3.318999767303467","3.318999767303467","32213","32213","32213","3.328000068664551","3.328000068664551","3.328000068664551","32138","32138","32138","3.3399996757507324","3.3399996757507324","3.3399996757507324"
"1336","32236","32236","32236","3.321000099182129","3.321000099182129","3.321000099182129","32215","32215","32215","3.3269996643066406","3.3269996643066406","3.3269996643066406","32140","32140","32140","3.3480000495910645","3.3480000495910645","3.3480000495910645"
"1337","32238","32238","32238","3.2730000019073486","3.2730000019073486","3.2730000019073486","32217","32217","32217","1.2419999837875366","1.2419999837875366","1.2419999837875366","32142","32142","32142","3.363999843597412","3.363999843597412","3.363999843597412"
"1338","32240","32240","32240","3.3299999237060547","3.3299999237060547","3.3299999237060547","32219","32219","32219","3.3299999237060547","3.3299999237060547","3.3299999237060547","32144","32144","32144","3.326000213623047","3.326000213623047","3.326000213623047"
"1339","32242","32242","32242","3.240000009536743","3.240000009536743","3.240000009536743","32221","32221","32221","3.1610000133514404","3.1610000133514404","3.1610000133514404","32146","32146","32146","3.38700008392334","3.38700008392334","3.38700008392334"
"1340","32244","32244","32244","3.2300000190734863","3.2300000190734863","3.2300000190734863","32223","32223","32223","3.322999954223633","3.322999954223633","3.322999954223633","32148","32148","32148","3.4049997329711914","3.4049997329711914","3.4049997329711914"
"1341","32402","32402","32402","2.8979997634887695","2.8979997634887695","2.8979997634887695","32387","32387","32387","1.0119999647140503","1.0119999647140503","1.0119999647140503","32305","32305","32305","3.066999912261963","3.066999912261963","3.066999912261963"
"1342","32404","32404","32404","3.052000045776367","3.052000045776367","3.052000045776367","32389","32389","32389","2.888000011444092","2.888000011444092","2.888000011444092","32307","32307","32307","3.1359996795654297","3.1359996795654297","3.1359996795654297"
"1343","32406","32406","32406","3.0530002117156982","3.0530002117156982","3.0530002117156982","32391","32391","32391","3.125999927520752","3.125999927520752","3.125999927520752","32309","32309","32309","3.1750001907348633","3.1750001907348633","3.1750001907348633"
"1344","32408","32408","32408","3.24399995803833","3.24399995803833","3.24399995803833","32393","32393","32393","3.2609996795654297","3.2609996795654297","3.2609996795654297","32311","32311","32311","3.3339996337890625","3.3339996337890625","3.3339996337890625"
"1345","32410","32410","32410","3.245999813079834","3.245999813079834","3.245999813079834","32395","32395","32395","3.311000108718872","3.311000108718872","3.311000108718872","32313","32313","32313","3.2719998359680176","3.2719998359680176","3.2719998359680176"
"1346","32412","32412","32412","3.2639999389648438","3.2639999389648438","3.2639999389648438","32397","32397","32397","3.246999740600586","3.246999740600586","3.246999740600586","32315","32315","32315","3.3449997901916504","3.3449997901916504","3.3449997901916504"
"1347","32414","32414","32414","3.332000255584717","3.332000255584717","3.332000255584717","32399","32399","32399","3.307999849319458","3.307999849319458","3.307999849319458","32317","32317","32317","3.319000244140625","3.319000244140625","3.319000244140625"
"1348","32416","32416","32416","3.249000072479248","3.249000072479248","3.249000072479248","32401","32401","32401","3.2909998893737793","3.2909998893737793","3.2909998893737793","32319","32319","32319","3.388000011444092","3.388000011444092","3.388000011444092"
"1349","32418","32418","32418","3.2270002365112305","3.2270002365112305","3.2270002365112305","32403","32403","32403","3.381999969482422","3.381999969482422","3.381999969482422","32321","32321","32321","3.4099998474121094","3.4099998474121094","3.4099998474121094"
"1350","32591","32591","32591","1.0120000839233398","1.0120000839233398","1.0120000839233398","32570","32570","32570","1.0120000839233398","1.0120000839233398","1.0120000839233398","32484","32484","32484","3.072000026702881","3.072000026702881","3.072000026702881"
"1351","32593","32593","32593","3.062000036239624","3.062000036239624","3.062000036239624","32572","32572","32572","3.1429996490478516","3.1429996490478516","3.1429996490478516","32486","32486","32486","3.1009998321533203","3.1009998321533203","3.1009998321533203"
"1352","32595","32595","32595","3.0200002193450928","3.0200002193450928","3.0200002193450928","32574","32574","32574","0.9919999837875366","0.9919999837875366","0.9919999837875366","32488","32488","32488","3.13700008392334","3.13700008392334","3.13700008392334"
"1353","32597","32597","32597","1.261999487876892","1.261999487876892","1.261999487876892","32576","32576","32576","3.316999912261963","3.316999912261963","3.316999912261963","32490","32490","32490","3.3399996757507324","3.3399996757507324","3.3399996757507324"
"1354","32599","32599","32599","3.326000213623047","3.326000213623047","3.326000213623047","32578","32578","32578","3.2750000953674316","3.2750000953674316","3.2750000953674316","32492","32492","32492","3.3559999465942383","3.3559999465942383","3.3559999465942383"
"1355","32601","32601","32601","3.240999937057495","3.240999937057495","3.240999937057495","32580","32580","32580","1.241999864578247","1.241999864578247","1.241999864578247","32494","32494","32494","3.357999801635742","3.357999801635742","3.357999801635742"
"1356","32603","32603","32603","3.3380002975463867","3.3380002975463867","3.3380002975463867","32582","32582","32582","3.3359999656677246","3.3359999656677246","3.3359999656677246","32496","32496","32496","3.3410000801086426","3.3410000801086426","3.3410000801086426"
"1357","32605","32605","32605","3.249000072479248","3.249000072479248","3.249000072479248","32584","32584","32584","3.180999755859375","3.180999755859375","3.180999755859375","32498","32498","32498","3.3849997520446777","3.3849997520446777","3.3849997520446777"
"1358","32607","32607","32607","3.202000141143799","3.202000141143799","3.202000141143799","32586","32586","32586","3.2130000591278076","3.2130000591278076","3.2130000591278076","32500","32500","32500","3.292999744415283","3.292999744415283","3.292999744415283"
"1359","32772","32772","32772","1.0120000839233398","1.0120000839233398","1.0120000839233398","32748","32748","32748","1.0120000839233398","1.0120000839233398","1.0120000839233398","32660","32660","32660","3.0769996643066406","3.0769996643066406","3.0769996643066406"
"1360","32774","32774","32774","3.0369999408721924","3.0369999408721924","3.0369999408721924","32750","32750","32750","3.072000026702881","3.072000026702881","3.072000026702881","32662","32662","32662","3.125","3.125","3.125"
"1361","32776","32776","32776","3.062999963760376","3.062999963760376","3.062999963760376","32752","32752","32752","0.9919999837875366","0.9919999837875366","0.9919999837875366","32664","32664","32664","3.134000301361084","3.134000301361084","3.134000301361084"
"1362","32778","32778","32778","3.2849998474121094","3.2849998474121094","3.2849998474121094","32754","32754","32754","3.3159995079040527","3.3159995079040527","3.3159995079040527","32666","32666","32666","3.313999652862549","3.313999652862549","3.313999652862549"
"1363","32780","32780","32780","3.2299997806549072","3.2299997806549072","3.2299997806549072","32756","32756","32756","3.272000312805176","3.272000312805176","3.272000312805176","32668","32668","32668","3.2639999389648438","3.2639999389648438","3.2639999389648438"
"1364","32782","32782","32782","3.242999792098999","3.242999792098999","3.242999792098999","32758","32758","32758","3.2699999809265137","3.2699999809265137","3.2699999809265137","32670","32670","32670","3.313000202178955","3.313000202178955","3.313000202178955"
"1365","32784","32784","32784","3.3299999237060547","3.3299999237060547","3.3299999237060547","32760","32760","32760","3.318000316619873","3.318000316619873","3.318000316619873","32672","32672","32672","3.319000244140625","3.319000244140625","3.319000244140625"
"1366","32786","32786","32786","3.250999927520752","3.250999927520752","3.250999927520752","32762","32762","32762","3.1659998893737793","3.1659998893737793","3.1659998893737793","32674","32674","32674","3.3929996490478516","3.3929996490478516","3.3929996490478516"
"1367","32788","32788","32788","3.3530001640319824","3.3530001640319824","3.3530001640319824","32764","32764","32764","3.2080001831054688","3.2080001831054688","3.2080001831054688","32676","32676","32676","3.321000099182129","3.321000099182129","3.321000099182129"
"1368","32948","32948","32948","1.0119999647140503","1.0119999647140503","1.0119999647140503","32931","32931","32931","1.0120000839233398","1.0120000839233398","1.0120000839233398","32837","32837","32837","2.937999963760376","2.937999963760376","2.937999963760376"
"1369","32950","32950","32950","3.072999954223633","3.072999954223633","3.072999954223633","32933","32933","32933","3.1059999465942383","3.1059999465942383","3.1059999465942383","32839","32839","32839","3.138000011444092","3.138000011444092","3.138000011444092"
"1370","32952","32952","32952","3.069999933242798","3.069999933242798","3.069999933242798","32935","32935","32935","3.1019997596740723","3.1019997596740723","3.1019997596740723","32841","32841","32841","3.1710000038146973","3.1710000038146973","3.1710000038146973"
"1371","32954","32954","32954","3.298999786376953","3.298999786376953","3.298999786376953","32937","32937","32937","3.310999870300293","3.310999870300293","3.310999870300293","32843","32843","32843","3.306999683380127","3.306999683380127","3.306999683380127"
"1372","32956","32956","32956","3.251999855041504","3.251999855041504","3.251999855041504","32939","32939","32939","3.319000005722046","3.319000005722046","3.319000005722046","32845","32845","32845","3.366999626159668","3.366999626159668","3.366999626159668"
"1373","32958","32958","32958","3.24399995803833","3.24399995803833","3.24399995803833","32941","32941","32941","3.3350000381469727","3.3350000381469727","3.3350000381469727","32847","32847","32847","1.241999864578247","1.241999864578247","1.241999864578247"
"1374","32960","32960","32960","3.328000068664551","3.328000068664551","3.328000068664551","32943","32943","32943","3.322000026702881","3.322000026702881","3.322000026702881","32849","32849","32849","3.332000255584717","3.332000255584717","3.332000255584717"
"1375","32962","32962","32962","3.24399995803833","3.24399995803833","3.24399995803833","32945","32945","32945","3.246999740600586","3.246999740600586","3.246999740600586","32851","32851","32851","3.4079999923706055","3.4079999923706055","3.4079999923706055"
"1376","32964","32964","32964","3.199000120162964","3.199000120162964","3.199000120162964","32947","32947","32947","3.203000068664551","3.203000068664551","3.203000068664551","32853","32853","32853","3.373000144958496","3.373000144958496","3.373000144958496"
"1377","33125","33125","33125","1.0120000839233398","1.0120000839233398","1.0120000839233398","33109","33109","33109","1.0120000839233398","1.0120000839233398","1.0120000839233398","33012","33012","33012","2.941999912261963","2.941999912261963","2.941999912261963"
"1378","33127","33127","33127","3.0149998664855957","3.0149998664855957","3.0149998664855957","33111","33111","33111","0.9919998645782471","0.9919998645782471","0.9919998645782471","33014","33014","33014","3.121999740600586","3.121999740600586","3.121999740600586"
"1379","33129","33129","33129","3.0410001277923584","3.0410001277923584","3.0410001277923584","33113","33113","33113","3.0869998931884766","3.0869998931884766","3.0869998931884766","33016","33016","33016","0.9920001029968262","0.9920001029968262","0.9920001029968262"
"1380","33131","33131","33131","3.24399995803833","3.24399995803833","3.24399995803833","33115","33115","33115","3.3369998931884766","3.3369998931884766","3.3369998931884766","33018","33018","33018","3.3209996223449707","3.3209996223449707","3.3209996223449707"
"1381","33133","33133","33133","3.260999917984009","3.260999917984009","3.260999917984009","33117","33117","33117","3.241000175476074","3.241000175476074","3.241000175476074","33020","33020","33020","3.2769999504089355","3.2769999504089355","3.2769999504089355"
"1382","33135","33135","33135","3.2719998359680176","3.2719998359680176","3.2719998359680176","33119","33119","33119","1.2419999837875366","1.2419999837875366","1.2419999837875366","33022","33022","33022","3.3489999771118164","3.3489999771118164","3.3489999771118164"
"1383","33137","33137","33137","3.309999942779541","3.309999942779541","3.309999942779541","33121","33121","33121","3.3499999046325684","3.3499999046325684","3.3499999046325684","33024","33024","33024","3.3330001831054688","3.3330001831054688","3.3330001831054688"
"1384","33139","33139","33139","3.2239999771118164","3.2239999771118164","3.2239999771118164","33123","33123","33123","3.3499999046325684","3.3499999046325684","3.3499999046325684","33026","33026","33026","3.4029998779296875","3.4029998779296875","3.4029998779296875"
"1385","33141","33141","33141","1.241999864578247","1.241999864578247","1.241999864578247","33125","33125","33125","3.4029998779296875","3.4029998779296875","3.4029998779296875","33028","33028","33028","3.3990001678466797","3.3990001678466797","3.3990001678466797"
"1386","33305","33305","33305","3.13700008392334","3.13700008392334","3.13700008392334","33290","33290","33290","2.9019999504089355","2.9019999504089355","2.9019999504089355","33184","33184","33184","2.952000141143799","2.952000141143799","2.952000141143799"
"1387","33307","33307","33307","3.056999921798706","3.056999921798706","3.056999921798706","33292","33292","33292","3.052999973297119","3.052999973297119","3.052999973297119","33186","33186","33186","3.111999988555908","3.111999988555908","3.111999988555908"
"1388","33309","33309","33309","3.0409998893737793","3.0409998893737793","3.0409998893737793","33294","33294","33294","2.9019999504089355","2.9019999504089355","2.9019999504089355","33188","33188","33188","3.1670002937316895","3.1670002937316895","3.1670002937316895"
"1389","33311","33311","33311","3.2709994316101074","3.2709994316101074","3.2709994316101074","33296","33296","33296","3.314999580383301","3.314999580383301","3.314999580383301","33190","33190","33190","3.3409996032714844","3.3409996032714844","3.3409996032714844"
"1390","33313","33313","33313","3.240999698638916","3.240999698638916","3.240999698638916","33298","33298","33298","3.2300000190734863","3.2300000190734863","3.2300000190734863","33192","33192","33192","3.2769999504089355","3.2769999504089355","3.2769999504089355"
"1391","33315","33315","33315","3.235999822616577","3.235999822616577","3.235999822616577","33300","33300","33300","3.174999952316284","3.174999952316284","3.174999952316284","33194","33194","33194","3.3509998321533203","3.3509998321533203","3.3509998321533203"
"1392","33317","33317","33317","3.322999954223633","3.322999954223633","3.322999954223633","33302","33302","33302","2.9699997901916504","2.9699997901916504","2.9699997901916504","33196","33196","33196","3.3510003089904785","3.3510003089904785","3.3510003089904785"
"1393","33319","33319","33319","3.240000009536743","3.240000009536743","3.240000009536743","33304","33304","33304","3.2699999809265137","3.2699999809265137","3.2699999809265137","33198","33198","33198","3.322999954223633","3.322999954223633","3.322999954223633"
"1394","33321","33321","33321","3.364000082015991","3.364000082015991","3.364000082015991","33306","33306","33306","3.2140002250671387","3.2140002250671387","3.2140002250671387","33200","33200","33200","3.3889999389648438","3.3889999389648438","3.3889999389648438"
"1395","33485","33485","33485","1.0120000839233398","1.0120000839233398","1.0120000839233398","33467","33467","33467","1.0120000839233398","1.0120000839233398","1.0120000839233398","33365","33365","33365","2.9640002250671387","2.9640002250671387","2.9640002250671387"
"1396","33487","33487","33487","3.058000087738037","3.058000087738037","3.058000087738037","33469","33469","33469","3.056000232696533","3.056000232696533","3.056000232696533","33367","33367","33367","3.0869998931884766","3.0869998931884766","3.0869998931884766"
"1397","33489","33489","33489","3.069000005722046","3.069000005722046","3.069000005722046","33471","33471","33471","3.0759999752044678","3.0759999752044678","3.0759999752044678","33369","33369","33369","3.1449999809265137","3.1449999809265137","3.1449999809265137"
"1398","33491","33491","33491","3.3169994354248047","3.3169994354248047","3.3169994354248047","33473","33473","33473","3.246999740600586","3.246999740600586","3.246999740600586","33371","33371","33371","3.314999580383301","3.314999580383301","3.314999580383301"
"1399","33493","33493","33493","3.246999740600586","3.246999740600586","3.246999740600586","33475","33475","33475","3.246000051498413","3.246000051498413","3.246000051498413","33373","33373","33373","3.3239998817443848","3.3239998817443848","3.3239998817443848"
"1400","33495","33495","33495","3.250999927520752","3.250999927520752","3.250999927520752","33477","33477","33477","3.178999900817871","3.178999900817871","3.178999900817871","33375","33375","33375","3.3590002059936523","3.3590002059936523","3.3590002059936523"
"1401","33497","33497","33497","3.3289999961853027","3.3289999961853027","3.3289999961853027","33479","33479","33479","3.3319997787475586","3.3319997787475586","3.3319997787475586","33377","33377","33377","3.312000274658203","3.312000274658203","3.312000274658203"
"1402","33499","33499","33499","3.245000123977661","3.245000123977661","3.245000123977661","33481","33481","33481","3.2759995460510254","3.2759995460510254","3.2759995460510254","33379","33379","33379","3.370999813079834","3.370999813079834","3.370999813079834"
"1403","33501","33501","33501","3.204000234603882","3.204000234603882","3.204000234603882","33483","33483","33483","3.382999897003174","3.382999897003174","3.382999897003174","33381","33381","33381","1.3419997692108154","1.3419997692108154","1.3419997692108154"
"1404","33667","33667","33667","1.0119999647140503","1.0119999647140503","1.0119999647140503","33647","33647","33647","1.0120000839233398","1.0120000839233398","1.0120000839233398","33540","33540","33540","3.066999912261963","3.066999912261963","3.066999912261963"
"1405","33669","33669","33669","3.052999973297119","3.052999973297119","3.052999973297119","33649","33649","33649","3.0920000076293945","3.0920000076293945","3.0920000076293945","33542","33542","33542","3.119999885559082","3.119999885559082","3.119999885559082"
"1406","33671","33671","33671","3.05400013923645","3.05400013923645","3.05400013923645","33651","33651","33651","2.8949999809265137","2.8949999809265137","2.8949999809265137","33544","33544","33544","3.1589999198913574","3.1589999198913574","3.1589999198913574"
"1407","33673","33673","33673","3.257999897003174","3.257999897003174","3.257999897003174","33653","33653","33653","3.3289999961853027","3.3289999961853027","3.3289999961853027","33546","33546","33546","3.25","3.25","3.25"
"1408","33675","33675","33675","3.246999740600586","3.246999740600586","3.246999740600586","33655","33655","33655","3.328000068664551","3.328000068664551","3.328000068664551","33548","33548","33548","3.322999954223633","3.322999954223633","3.322999954223633"
"1409","33677","33677","33677","3.244999885559082","3.244999885559082","3.244999885559082","33657","33657","33657","3.3309998512268066","3.3309998512268066","3.3309998512268066","33550","33550","33550","3.3420000076293945","3.3420000076293945","3.3420000076293945"
"1410","33679","33679","33679","3.3410000801086426","3.3410000801086426","3.3410000801086426","33659","33659","33659","3.311000347137451","3.311000347137451","3.311000347137451","33552","33552","33552","3.311000347137451","3.311000347137451","3.311000347137451"
"1411","33681","33681","33681","3.254999876022339","3.254999876022339","3.254999876022339","33661","33661","33661","3.3469998836517334","3.3469998836517334","3.3469998836517334","33554","33554","33554","3.317999839782715","3.317999839782715","3.317999839782715"
"1412","33683","33683","33683","3.372999668121338","3.372999668121338","3.372999668121338","33663","33663","33663","3.3910000324249268","3.3910000324249268","3.3910000324249268","33556","33556","33556","3.388000011444092","3.388000011444092","3.388000011444092"
"1413","33842","33842","33842","1.0120000839233398","1.0120000839233398","1.0120000839233398","33820","33820","33820","1.0120000839233398","1.0120000839233398","1.0120000839233398","33715","33715","33715","2.9609999656677246","2.9609999656677246","2.9609999656677246"
"1414","33844","33844","33844","3.052000045776367","3.052000045776367","3.052000045776367","33822","33822","33822","3.0759999752044678","3.0759999752044678","3.0759999752044678","33717","33717","33717","3.1009998321533203","3.1009998321533203","3.1009998321533203"
"1415","33846","33846","33846","3.0230000019073486","3.0230000019073486","3.0230000019073486","33824","33824","33824","3.107999801635742","3.107999801635742","3.107999801635742","33719","33719","33719","0.9920001029968262","0.9920001029968262","0.9920001029968262"
"1416","33848","33848","33848","1.261999487876892","1.261999487876892","1.261999487876892","33826","33826","33826","3.2649998664855957","3.2649998664855957","3.2649998664855957","33721","33721","33721","3.3259997367858887","3.3259997367858887","3.3259997367858887"
"1417","33850","33850","33850","3.232999801635742","3.232999801635742","3.232999801635742","33828","33828","33828","3.173999786376953","3.173999786376953","3.173999786376953","33723","33723","33723","3.2639999389648438","3.2639999389648438","3.2639999389648438"
"1418","33852","33852","33852","3.254999876022339","3.254999876022339","3.254999876022339","33830","33830","33830","3.3309998512268066","3.3309998512268066","3.3309998512268066","33725","33725","33725","3.3309998512268066","3.3309998512268066","3.3309998512268066"
"1419","33854","33854","33854","3.306000232696533","3.306000232696533","3.306000232696533","33832","33832","33832","3.3350000381469727","3.3350000381469727","3.3350000381469727","33727","33727","33727","3.3370003700256348","3.3370003700256348","3.3370003700256348"
"1420","33856","33856","33856","3.2309999465942383","3.2309999465942383","3.2309999465942383","33834","33834","33834","3.3410000801086426","3.3410000801086426","3.3410000801086426","33729","33729","33729","3.4010000228881836","3.4010000228881836","3.4010000228881836"
"1421","33858","33858","33858","1.241999864578247","1.241999864578247","1.241999864578247","33836","33836","33836","3.382999897003174","3.382999897003174","3.382999897003174","33731","33731","33731","3.3889999389648438","3.3889999389648438","3.3889999389648438"
"1422","34020","34020","34020","1.0119998455047607","1.0119998455047607","1.0119998455047607","33996","33996","33996","1.0120002031326294","1.0120002031326294","1.0120002031326294","33894","33894","33894","2.946000099182129","2.946000099182129","2.946000099182129"
"1423","34022","34022","34022","3.0360000133514404","3.0360000133514404","3.0360000133514404","33998","33998","33998","3.0350003242492676","3.0350003242492676","3.0350003242492676","33896","33896","33896","3.125999927520752","3.125999927520752","3.125999927520752"
"1424","34024","34024","34024","3.0430002212524414","3.0430002212524414","3.0430002212524414","34000","34000","34000","3.0830001831054688","3.0830001831054688","3.0830001831054688","33898","33898","33898","3.1530003547668457","3.1530003547668457","3.1530003547668457"
"1425","34026","34026","34026","3.245999813079834","3.245999813079834","3.245999813079834","34002","34002","34002","3.2599992752075195","3.2599992752075195","3.2599992752075195","33900","33900","33900","3.3359999656677246","3.3359999656677246","3.3359999656677246"
"1426","34028","34028","34028","3.312000036239624","3.312000036239624","3.312000036239624","34004","34004","34004","3.250999927520752","3.250999927520752","3.250999927520752","33902","33902","33902","3.357999801635742","3.357999801635742","3.357999801635742"
"1427","34030","34030","34030","3.260999917984009","3.260999917984009","3.260999917984009","34006","34006","34006","3.2660000324249268","3.2660000324249268","3.2660000324249268","33904","33904","33904","3.3429999351501465","3.3429999351501465","3.3429999351501465"
"1428","34032","34032","34032","3.3329997062683105","3.3329997062683105","3.3329997062683105","34008","34008","34008","3.3050003051757812","3.3050003051757812","3.3050003051757812","33906","33906","33906","3.332000255584717","3.332000255584717","3.332000255584717"
"1429","34034","34034","34034","3.311000108718872","3.311000108718872","3.311000108718872","34010","34010","34010","3.187000036239624","3.187000036239624","3.187000036239624","33908","33908","33908","3.4010000228881836","3.4010000228881836","3.4010000228881836"
"1430","34036","34036","34036","3.199000120162964","3.199000120162964","3.199000120162964","34012","34012","34012","3.315999984741211","3.315999984741211","3.315999984741211","33910","33910","33910","3.3849997520446777","3.3849997520446777","3.3849997520446777"
"1431","34203","34203","34203","1.0120000839233398","1.0120000839233398","1.0120000839233398","34177","34177","34177","1.0119999647140503","1.0119999647140503","1.0119999647140503","34069","34069","34069","2.943000078201294","2.943000078201294","2.943000078201294"
"1432","34205","34205","34205","3.053999900817871","3.053999900817871","3.053999900817871","34179","34179","34179","3.1030001640319824","3.1030001640319824","3.1030001640319824","34071","34071","34071","3.122999668121338","3.122999668121338","3.122999668121338"
"1433","34207","34207","34207","3.0250003337860107","3.0250003337860107","3.0250003337860107","34181","34181","34181","2.8899998664855957","2.8899998664855957","2.8899998664855957","34073","34073","34073","3.1589999198913574","3.1589999198913574","3.1589999198913574"
"1434","34209","34209","34209","3.249000072479248","3.249000072479248","3.249000072479248","34183","34183","34183","3.315000057220459","3.315000057220459","3.315000057220459","34075","34075","34075","3.241999626159668","3.241999626159668","3.241999626159668"
"1435","34211","34211","34211","3.322000026702881","3.322000026702881","3.322000026702881","34185","34185","34185","3.3540000915527344","3.3540000915527344","3.3540000915527344","34077","34077","34077","3.3340001106262207","3.3340001106262207","3.3340001106262207"
"1436","34213","34213","34213","3.253000020980835","3.253000020980835","3.253000020980835","34187","34187","34187","3.3569998741149902","3.3569998741149902","3.3569998741149902","34079","34079","34079","3.3470001220703125","3.3470001220703125","3.3470001220703125"
"1437","34215","34215","34215","3.3500003814697266","3.3500003814697266","3.3500003814697266","34189","34189","34189","3.323000431060791","3.323000431060791","3.323000431060791","34081","34081","34081","3.3330001831054688","3.3330001831054688","3.3330001831054688"
"1438","34217","34217","34217","3.250999927520752","3.250999927520752","3.250999927520752","34191","34191","34191","3.3259997367858887","3.3259997367858887","3.3259997367858887","34083","34083","34083","3.3849997520446777","3.3849997520446777","3.3849997520446777"
"1439","34219","34219","34219","3.2130000591278076","3.2130000591278076","3.2130000591278076","34193","34193","34193","3.2230000495910645","3.2230000495910645","3.2230000495910645","34085","34085","34085","3.3849997520446777","3.3849997520446777","3.3849997520446777"
"1440","34377","34377","34377","1.0120000839233398","1.0120000839233398","1.0120000839233398","34353","34353","34353","1.0120000839233398","1.0120000839233398","1.0120000839233398","34246","34246","34246","3.062999725341797","3.062999725341797","3.062999725341797"
"1441","34379","34379","34379","3.0919997692108154","3.0919997692108154","3.0919997692108154","34355","34355","34355","3.068999767303467","3.068999767303467","3.068999767303467","34248","34248","34248","3.1389999389648438","3.1389999389648438","3.1389999389648438"
"1442","34381","34381","34381","3.0490002632141113","3.0490002632141113","3.0490002632141113","34357","34357","34357","3.002000093460083","3.002000093460083","3.002000093460083","34250","34250","34250","3.1700000762939453","3.1700000762939453","3.1700000762939453"
"1443","34383","34383","34383","1.2619993686676025","1.2619993686676025","1.2619993686676025","34359","34359","34359","3.239999771118164","3.239999771118164","3.239999771118164","34252","34252","34252","3.3349995613098145","3.3349995613098145","3.3349995613098145"
"1444","34385","34385","34385","3.315999984741211","3.315999984741211","3.315999984741211","34361","34361","34361","3.3419997692108154","3.3419997692108154","3.3419997692108154","34254","34254","34254","3.2719998359680176","3.2719998359680176","3.2719998359680176"
"1445","34387","34387","34387","3.242999792098999","3.242999792098999","3.242999792098999","34363","34363","34363","3.253999948501587","3.253999948501587","3.253999948501587","34256","34256","34256","3.3289999961853027","3.3289999961853027","3.3289999961853027"
"1446","34389","34389","34389","3.3380002975463867","3.3380002975463867","3.3380002975463867","34365","34365","34365","3.0759999752044678","3.0759999752044678","3.0759999752044678","34258","34258","34258","3.3420000076293945","3.3420000076293945","3.3420000076293945"
"1447","34391","34391","34391","3.2269999980926514","3.2269999980926514","3.2269999980926514","34367","34367","34367","3.2080001831054688","3.2080001831054688","3.2080001831054688","34260","34260","34260","3.3809995651245117","3.3809995651245117","3.3809995651245117"
"1448","34393","34393","34393","1.2419997453689575","1.2419997453689575","1.2419997453689575","34369","34369","34369","3.2290000915527344","3.2290000915527344","3.2290000915527344","34262","34262","34262","3.320000171661377","3.320000171661377","3.320000171661377"
"1449","34557","34557","34557","1.0120000839233398","1.0120000839233398","1.0120000839233398","34531","34531","34531","1.0120000839233398","1.0120000839233398","1.0120000839233398","34422","34422","34422","3.1110000610351562","3.1110000610351562","3.1110000610351562"
"1450","34559","34559","34559","3.0149998664855957","3.0149998664855957","3.0149998664855957","34533","34533","34533","3.124000072479248","3.124000072479248","3.124000072479248","34424","34424","34424","3.11799955368042","3.11799955368042","3.11799955368042"
"1451","34561","34561","34561","3.0450003147125244","3.0450003147125244","3.0450003147125244","34535","34535","34535","3.0889999866485596","3.0889999866485596","3.0889999866485596","34426","34426","34426","3.1700000762939453","3.1700000762939453","3.1700000762939453"
"1452","34563","34563","34563","3.239999771118164","3.239999771118164","3.239999771118164","34537","34537","34537","3.2609996795654297","3.2609996795654297","3.2609996795654297","34428","34428","34428","3.3309998512268066","3.3309998512268066","3.3309998512268066"
"1453","34565","34565","34565","3.321000099182129","3.321000099182129","3.321000099182129","34539","34539","34539","3.1540000438690186","3.1540000438690186","3.1540000438690186","34430","34430","34430","3.2719998359680176","3.2719998359680176","3.2719998359680176"
"1454","34567","34567","34567","3.24399995803833","3.24399995803833","3.24399995803833","34541","34541","34541","3.361999988555908","3.361999988555908","3.361999988555908","34432","34432","34432","3.319000244140625","3.319000244140625","3.319000244140625"
"1455","34569","34569","34569","3.331000328063965","3.331000328063965","3.331000328063965","34543","34543","34543","3.32099986076355","3.32099986076355","3.32099986076355","34434","34434","34434","3.316999912261963","3.316999912261963","3.316999912261963"
"1456","34571","34571","34571","3.248999834060669","3.248999834060669","3.248999834060669","34545","34545","34545","3.184999942779541","3.184999942779541","3.184999942779541","34436","34436","34436","3.3899998664855957","3.3899998664855957","3.3899998664855957"
"1457","34573","34573","34573","3.2039999961853027","3.2039999961853027","3.2039999961853027","34547","34547","34547","3.380999803543091","3.380999803543091","3.380999803543091","34438","34438","34438","3.316999912261963","3.316999912261963","3.316999912261963"
"1458","34734","34734","34734","1.0120000839233398","1.0120000839233398","1.0120000839233398","34706","34706","34706","1.0120000839233398","1.0120000839233398","1.0120000839233398","34597","34597","34597","2.9590001106262207","2.9590001106262207","2.9590001106262207"
"1459","34736","34736","34736","3.1070001125335693","3.1070001125335693","3.1070001125335693","34708","34708","34708","3.0759999752044678","3.0759999752044678","3.0759999752044678","34599","34599","34599","3.1399998664855957","3.1399998664855957","3.1399998664855957"
"1460","34738","34738","34738","3.0460002422332764","3.0460002422332764","3.0460002422332764","34710","34710","34710","3.0500001907348633","3.0500001907348633","3.0500001907348633","34601","34601","34601","3.1730003356933594","3.1730003356933594","3.1730003356933594"
"1461","34740","34740","34740","3.2940001487731934","3.2940001487731934","3.2940001487731934","34712","34712","34712","3.316999912261963","3.316999912261963","3.316999912261963","34603","34603","34603","3.258999824523926","3.258999824523926","3.258999824523926"
"1462","34742","34742","34742","3.243999719619751","3.243999719619751","3.243999719619751","34714","34714","34714","3.3479998111724854","3.3479998111724854","3.3479998111724854","34605","34605","34605","3.3369998931884766","3.3369998931884766","3.3369998931884766"
"1463","34744","34744","34744","3.252999782562256","3.252999782562256","3.252999782562256","34716","34716","34716","3.2660000324249268","3.2660000324249268","3.2660000324249268","34607","34607","34607","3.3470001220703125","3.3470001220703125","3.3470001220703125"
"1464","34746","34746","34746","3.320000171661377","3.320000171661377","3.320000171661377","34718","34718","34718","2.9679999351501465","2.9679999351501465","2.9679999351501465","34609","34609","34609","3.3299999237060547","3.3299999237060547","3.3299999237060547"
"1465","34748","34748","34748","3.25","3.25","3.25","34720","34720","34720","3.3249998092651367","3.3249998092651367","3.3249998092651367","34611","34611","34611","3.3859996795654297","3.3859996795654297","3.3859996795654297"
"1466","34750","34750","34750","3.200000047683716","3.200000047683716","3.200000047683716","34722","34722","34722","3.244999885559082","3.244999885559082","3.244999885559082","34613","34613","34613","3.383999824523926","3.383999824523926","3.383999824523926"
"1467","34912","34912","34912","1.0119999647140503","1.0119999647140503","1.0119999647140503","34882","34882","34882","1.0120000839233398","1.0120000839233398","1.0120000839233398","34773","34773","34773","2.947999954223633","2.947999954223633","2.947999954223633"
"1468","34914","34914","34914","2.878000020980835","2.878000020980835","2.878000020980835","34884","34884","34884","3.062000274658203","3.062000274658203","3.062000274658203","34775","34775","34775","3.068000078201294","3.068000078201294","3.068000078201294"
"1469","34916","34916","34916","3.0270001888275146","3.0270001888275146","3.0270001888275146","34886","34886","34886","3.0859999656677246","3.0859999656677246","3.0859999656677246","34777","34777","34777","3.1680002212524414","3.1680002212524414","3.1680002212524414"
"1470","34918","34918","34918","3.2890000343322754","3.2890000343322754","3.2890000343322754","34888","34888","34888","3.2749996185302734","3.2749996185302734","3.2749996185302734","34779","34779","34779","3.317999839782715","3.317999839782715","3.317999839782715"
"1471","34920","34920","34920","3.2629997730255127","3.2629997730255127","3.2629997730255127","34890","34890","34890","3.1580002307891846","3.1580002307891846","3.1580002307891846","34781","34781","34781","3.3509998321533203","3.3509998321533203","3.3509998321533203"
"1472","34922","34922","34922","3.2659997940063477","3.2659997940063477","3.2659997940063477","34892","34892","34892","3.3440001010894775","3.3440001010894775","3.3440001010894775","34783","34783","34783","3.3559999465942383","3.3559999465942383","3.3559999465942383"
"1473","34924","34924","34924","3.309000015258789","3.309000015258789","3.309000015258789","34894","34894","34894","3.061000108718872","3.061000108718872","3.061000108718872","34785","34785","34785","3.3359999656677246","3.3359999656677246","3.3359999656677246"
"1474","34926","34926","34926","3.2269999980926514","3.2269999980926514","3.2269999980926514","34896","34896","34896","3.1669998168945312","3.1669998168945312","3.1669998168945312","34787","34787","34787","3.38700008392334","3.38700008392334","3.38700008392334"
"1475","34928","34928","34928","3.2300000190734863","3.2300000190734863","3.2300000190734863","34898","34898","34898","3.3929996490478516","3.3929996490478516","3.3929996490478516","34789","34789","34789","3.3849997520446777","3.3849997520446777","3.3849997520446777"
"1476","35089","35089","35089","1.0119999647140503","1.0119999647140503","1.0119999647140503","35057","35057","35057","1.0120000839233398","1.0120000839233398","1.0120000839233398","34948","34948","34948","2.943000078201294","2.943000078201294","2.943000078201294"
"1477","35091","35091","35091","3.0960001945495605","3.0960001945495605","3.0960001945495605","35059","35059","35059","3.1110000610351562","3.1110000610351562","3.1110000610351562","34950","34950","34950","3.109999656677246","3.109999656677246","3.109999656677246"
"1478","35093","35093","35093","3.0500001907348633","3.0500001907348633","3.0500001907348633","35061","35061","35061","3.0849997997283936","3.0849997997283936","3.0849997997283936","34952","34952","34952","3.1570000648498535","3.1570000648498535","3.1570000648498535"
"1479","35095","35095","35095","3.2649998664855957","3.2649998664855957","3.2649998664855957","35063","35063","35063","3.2559995651245117","3.2559995651245117","3.2559995651245117","34954","34954","34954","3.314999580383301","3.314999580383301","3.314999580383301"
"1480","35097","35097","35097","3.322999954223633","3.322999954223633","3.322999954223633","35065","35065","35065","3.1480000019073486","3.1480000019073486","3.1480000019073486","34956","34956","34956","3.3439998626708984","3.3439998626708984","3.3439998626708984"
"1481","35099","35099","35099","3.241999864578247","3.241999864578247","3.241999864578247","35067","35067","35067","3.3429999351501465","3.3429999351501465","3.3429999351501465","34958","34958","34958","3.361999988555908","3.361999988555908","3.361999988555908"
"1482","35101","35101","35101","3.3329997062683105","3.3329997062683105","3.3329997062683105","35069","35069","35069","3.316999912261963","3.316999912261963","3.316999912261963","34960","34960","34960","3.332000255584717","3.332000255584717","3.332000255584717"
"1483","35103","35103","35103","3.246999979019165","3.246999979019165","3.246999979019165","35071","35071","35071","3.1740000247955322","3.1740000247955322","3.1740000247955322","34962","34962","34962","3.358999729156494","3.358999729156494","3.358999729156494"
"1484","35105","35105","35105","3.3929996490478516","3.3929996490478516","3.3929996490478516","35073","35073","35073","3.367000102996826","3.367000102996826","3.367000102996826","34964","34964","34964","3.3889999389648438","3.3889999389648438","3.3889999389648438"
"1485","35267","35267","35267","1.0120000839233398","1.0120000839233398","1.0120000839233398","35235","35235","35235","1.0120000839233398","1.0120000839233398","1.0120000839233398","35126","35126","35126","3.0829997062683105","3.0829997062683105","3.0829997062683105"
"1486","35269","35269","35269","2.868000030517578","2.868000030517578","2.868000030517578","35237","35237","35237","3.0450000762939453","3.0450000762939453","3.0450000762939453","35128","35128","35128","3.126999855041504","3.126999855041504","3.126999855041504"
"1487","35271","35271","35271","2.8480000495910645","2.8480000495910645","2.8480000495910645","35239","35239","35239","3.1040000915527344","3.1040000915527344","3.1040000915527344","35130","35130","35130","3.1550002098083496","3.1550002098083496","3.1550002098083496"
"1488","35273","35273","35273","3.24399995803833","3.24399995803833","3.24399995803833","35241","35241","35241","3.3239998817443848","3.3239998817443848","3.3239998817443848","35132","35132","35132","3.315999984741211","3.315999984741211","3.315999984741211"
"1489","35275","35275","35275","3.321000099182129","3.321000099182129","3.321000099182129","35243","35243","35243","3.3399996757507324","3.3399996757507324","3.3399996757507324","35134","35134","35134","3.2699999809265137","3.2699999809265137","3.2699999809265137"
"1490","35277","35277","35277","3.236999988555908","3.236999988555908","3.236999988555908","35245","35245","35245","3.251999855041504","3.251999855041504","3.251999855041504","35136","35136","35136","3.3480000495910645","3.3480000495910645","3.3480000495910645"
"1491","35279","35279","35279","3.308000087738037","3.308000087738037","3.308000087738037","35247","35247","35247","3.328000068664551","3.328000068664551","3.328000068664551","35138","35138","35138","3.327000141143799","3.327000141143799","3.327000141143799"
"1492","35281","35281","35281","3.2239999771118164","3.2239999771118164","3.2239999771118164","35249","35249","35249","3.3600001335144043","3.3600001335144043","3.3600001335144043","35140","35140","35140","3.302000045776367","3.302000045776367","3.302000045776367"
"1493","35283","35283","35283","3.374000072479248","3.374000072479248","3.374000072479248","35251","35251","35251","3.2319998741149902","3.2319998741149902","3.2319998741149902","35142","35142","35142","3.321000099182129","3.321000099182129","3.321000099182129"
"1494","35444","35444","35444","1.0120000839233398","1.0120000839233398","1.0120000839233398","35408","35408","35408","3.1490001678466797","3.1490001678466797","3.1490001678466797","35301","35301","35301","2.9570000171661377","2.9570000171661377","2.9570000171661377"
"1495","35446","35446","35446","2.879000186920166","2.879000186920166","2.879000186920166","35410","35410","35410","3.0870001316070557","3.0870001316070557","3.0870001316070557","35303","35303","35303","3.12399959564209","3.12399959564209","3.12399959564209"
"1496","35448","35448","35448","2.8450002670288086","2.8450002670288086","2.8450002670288086","35412","35412","35412","3.0420000553131104","3.0420000553131104","3.0420000553131104","35305","35305","35305","3.1540002822875977","3.1540002822875977","3.1540002822875977"
"1497","35450","35450","35450","1.2619993686676025","1.2619993686676025","1.2619993686676025","35414","35414","35414","3.3369998931884766","3.3369998931884766","3.3369998931884766","35307","35307","35307","3.3339996337890625","3.3339996337890625","3.3339996337890625"
"1498","35452","35452","35452","3.3320000171661377","3.3320000171661377","3.3320000171661377","35416","35416","35416","3.3399999141693115","3.3399999141693115","3.3399999141693115","35309","35309","35309","3.322000026702881","3.322000026702881","3.322000026702881"
"1499","35454","35454","35454","3.26200008392334","3.26200008392334","3.26200008392334","35418","35418","35418","3.1579999923706055","3.1579999923706055","3.1579999923706055","35311","35311","35311","3.3470001220703125","3.3470001220703125","3.3470001220703125"
"1500","35456","35456","35456","3.3440003395080566","3.3440003395080566","3.3440003395080566","35420","35420","35420","3.3519997596740723","3.3519997596740723","3.3519997596740723","35313","35313","35313","3.3289999961853027","3.3289999961853027","3.3289999961853027"
"1501","35458","35458","35458","3.2300000190734863","3.2300000190734863","3.2300000190734863","35422","35422","35422","3.17799973487854","3.17799973487854","3.17799973487854","35315","35315","35315","3.3849997520446777","3.3849997520446777","3.3849997520446777"
"1502","35460","35460","35460","3.202000141143799","3.202000141143799","3.202000141143799","35424","35424","35424","3.2139997482299805","3.2139997482299805","3.2139997482299805","35317","35317","35317","3.4039998054504395","3.4039998054504395","3.4039998054504395"
"1503","35620","35620","35620","1.0119999647140503","1.0119999647140503","1.0119999647140503","35589","35589","35589","1.0120002031326294","1.0120002031326294","1.0120002031326294","35476","35476","35476","3.0949997901916504","3.0949997901916504","3.0949997901916504"
"1504","35622","35622","35622","3.0859999656677246","3.0859999656677246","3.0859999656677246","35591","35591","35591","0.9919999837875366","0.9919999837875366","0.9919999837875366","35478","35478","35478","3.0290000438690186","3.0290000438690186","3.0290000438690186"
"1505","35624","35624","35624","3.0260002613067627","3.0260002613067627","3.0260002613067627","35593","35593","35593","3.1100001335144043","3.1100001335144043","3.1100001335144043","35480","35480","35480","0.9920002222061157","0.9920002222061157","0.9920002222061157"
"1506","35626","35626","35626","3.25","3.25","3.25","35595","35595","35595","3.3289999961853027","3.3289999961853027","3.3289999961853027","35482","35482","35482","3.317999839782715","3.317999839782715","3.317999839782715"
"1507","35628","35628","35628","3.3330001831054688","3.3330001831054688","3.3330001831054688","35597","35597","35597","3.3439996242523193","3.3439996242523193","3.3439996242523193","35484","35484","35484","3.3369998931884766","3.3369998931884766","3.3369998931884766"
"1508","35630","35630","35630","3.248999834060669","3.248999834060669","3.248999834060669","35599","35599","35599","3.3429999351501465","3.3429999351501465","3.3429999351501465","35486","35486","35486","3.3460001945495605","3.3460001945495605","3.3460001945495605"
"1509","35632","35632","35632","3.3359999656677246","3.3359999656677246","3.3359999656677246","35601","35601","35601","3.3349995613098145","3.3349995613098145","3.3349995613098145","35488","35488","35488","3.332000255584717","3.332000255584717","3.332000255584717"
"1510","35634","35634","35634","3.245000123977661","3.245000123977661","3.245000123977661","35603","35603","35603","3.177000045776367","3.177000045776367","3.177000045776367","35490","35490","35490","3.4029998779296875","3.4029998779296875","3.4029998779296875"
"1511","35636","35636","35636","3.199000120162964","3.199000120162964","3.199000120162964","35605","35605","35605","3.382999897003174","3.382999897003174","3.382999897003174","35492","35492","35492","3.4029998779296875","3.4029998779296875","3.4029998779296875"
"1512","35794","35794","35794","1.0120000839233398","1.0120000839233398","1.0120000839233398","35770","35770","35770","1.0120000839233398","1.0120000839233398","1.0120000839233398","35649","35649","35649","2.940999984741211","2.940999984741211","2.940999984741211"
"1513","35796","35796","35796","2.866000175476074","2.866000175476074","2.866000175476074","35772","35772","35772","0.9919998049736023","0.9919998049736023","0.9919998049736023","35651","35651","35651","3.1399998664855957","3.1399998664855957","3.1399998664855957"
"1514","35798","35798","35798","3.0450003147125244","3.0450003147125244","3.0450003147125244","35774","35774","35774","3.0809998512268066","3.0809998512268066","3.0809998512268066","35653","35653","35653","3.1720004081726074","3.1720004081726074","3.1720004081726074"
"1515","35800","35800","35800","3.240999698638916","3.240999698638916","3.240999698638916","35776","35776","35776","3.24399995803833","3.24399995803833","3.24399995803833","35655","35655","35655","3.3249998092651367","3.3249998092651367","3.3249998092651367"
"1516","35802","35802","35802","3.318000078201294","3.318000078201294","3.318000078201294","35778","35778","35778","3.32099986076355","3.32099986076355","3.32099986076355","35657","35657","35657","3.363999843597412","3.363999843597412","3.363999843597412"
"1517","35804","35804","35804","3.255999803543091","3.255999803543091","3.255999803543091","35780","35780","35780","3.3499999046325684","3.3499999046325684","3.3499999046325684","35659","35659","35659","1.241999864578247","1.241999864578247","1.241999864578247"
"1518","35806","35806","35806","3.3460001945495605","3.3460001945495605","3.3460001945495605","35782","35782","35782","3.235999584197998","3.235999584197998","3.235999584197998","35661","35661","35661","3.327000141143799","3.327000141143799","3.327000141143799"
"1519","35808","35808","35808","3.249000072479248","3.249000072479248","3.249000072479248","35784","35784","35784","3.177000045776367","3.177000045776367","3.177000045776367","35663","35663","35663","3.381999969482422","3.381999969482422","3.381999969482422"
"1520","35810","35810","35810","3.198000192642212","3.198000192642212","3.198000192642212","35786","35786","35786","3.2269997596740723","3.2269997596740723","3.2269997596740723","35665","35665","35665","3.381999969482422","3.381999969482422","3.381999969482422"
"1521","35973","35973","35973","1.0120002031326294","1.0120002031326294","1.0120002031326294","35946","35946","35946","1.0120000839233398","1.0120000839233398","1.0120000839233398","35825","35825","35825","2.9590001106262207","2.9590001106262207","2.9590001106262207"
"1522","35975","35975","35975","2.861999988555908","2.861999988555908","2.861999988555908","35948","35948","35948","3.0970001220703125","3.0970001220703125","3.0970001220703125","35827","35827","35827","3.1399998664855957","3.1399998664855957","3.1399998664855957"
"1523","35977","35977","35977","2.867000102996826","2.867000102996826","2.867000102996826","35950","35950","35950","3.046999931335449","3.046999931335449","3.046999931335449","35829","35829","35829","3.1649999618530273","3.1649999618530273","3.1649999618530273"
"1524","35979","35979","35979","3.297999858856201","3.297999858856201","3.297999858856201","35952","35952","35952","3.321000099182129","3.321000099182129","3.321000099182129","35831","35831","35831","3.306999683380127","3.306999683380127","3.306999683380127"
"1525","35981","35981","35981","3.246999740600586","3.246999740600586","3.246999740600586","35954","35954","35954","3.241999864578247","3.241999864578247","3.241999864578247","35833","35833","35833","3.3480000495910645","3.3480000495910645","3.3480000495910645"
"1526","35983","35983","35983","3.238999843597412","3.238999843597412","3.238999843597412","35956","35956","35956","3.2789998054504395","3.2789998054504395","3.2789998054504395","35835","35835","35835","3.361999988555908","3.361999988555908","3.361999988555908"
"1527","35985","35985","35985","3.3510003089904785","3.3510003089904785","3.3510003089904785","35958","35958","35958","3.3499999046325684","3.3499999046325684","3.3499999046325684","35837","35837","35837","3.319000244140625","3.319000244140625","3.319000244140625"
"1528","35987","35987","35987","3.240999937057495","3.240999937057495","3.240999937057495","35960","35960","35960","3.180000066757202","3.180000066757202","3.180000066757202","35839","35839","35839","3.4029998779296875","3.4029998779296875","3.4029998779296875"
"1529","35989","35989","35989","3.3680002689361572","3.3680002689361572","3.3680002689361572","35962","35962","35962","3.203000068664551","3.203000068664551","3.203000068664551","35841","35841","35841","3.4059996604919434","3.4059996604919434","3.4059996604919434"
"1530","36147","36147","36147","1.0119998455047607","1.0119998455047607","1.0119998455047607","36124","36124","36124","1.0120000839233398","1.0120000839233398","1.0120000839233398","36001","36001","36001","3.0749998092651367","3.0749998092651367","3.0749998092651367"
"1531","36149","36149","36149","3.052999973297119","3.052999973297119","3.052999973297119","36126","36126","36126","3.125","3.125","3.125","36003","36003","36003","3.120999813079834","3.120999813079834","3.120999813079834"
"1532","36151","36151","36151","2.885000228881836","2.885000228881836","2.885000228881836","36128","36128","36128","3.1100001335144043","3.1100001335144043","3.1100001335144043","36005","36005","36005","3.1560001373291016","3.1560001373291016","3.1560001373291016"
"1533","36153","36153","36153","3.249000072479248","3.249000072479248","3.249000072479248","36130","36130","36130","3.2509994506835938","3.2509994506835938","3.2509994506835938","36007","36007","36007","3.3359999656677246","3.3359999656677246","3.3359999656677246"
"1534","36155","36155","36155","3.3330001831054688","3.3330001831054688","3.3330001831054688","36132","36132","36132","3.265000104904175","3.265000104904175","3.265000104904175","36009","36009","36009","3.3319997787475586","3.3319997787475586","3.3319997787475586"
"1535","36157","36157","36157","3.242999792098999","3.242999792098999","3.242999792098999","36134","36134","36134","3.3590002059936523","3.3590002059936523","3.3590002059936523","36011","36011","36011","3.3449997901916504","3.3449997901916504","3.3449997901916504"
"1536","36159","36159","36159","3.3470001220703125","3.3470001220703125","3.3470001220703125","36136","36136","36136","3.3379998207092285","3.3379998207092285","3.3379998207092285","36013","36013","36013","3.3050003051757812","3.3050003051757812","3.3050003051757812"
"1537","36161","36161","36161","3.2239999771118164","3.2239999771118164","3.2239999771118164","36138","36138","36138","3.1989998817443848","3.1989998817443848","3.1989998817443848","36015","36015","36015","1.4819997549057007","1.4819997549057007","1.4819997549057007"
"1538","36163","36163","36163","3.3909995555877686","3.3909995555877686","3.3909995555877686","36140","36140","36140","3.321000099182129","3.321000099182129","3.321000099182129","36017","36017","36017","3.3889999389648438","3.3889999389648438","3.3889999389648438"
"1539","36322","36322","36322","2.923999786376953","2.923999786376953","2.923999786376953","36299","36299","36299","1.0120000839233398","1.0120000839233398","1.0120000839233398","36175","36175","36175","3.064999580383301","3.064999580383301","3.064999580383301"
"1540","36324","36324","36324","2.821000099182129","2.821000099182129","2.821000099182129","36301","36301","36301","3.1009998321533203","3.1009998321533203","3.1009998321533203","36177","36177","36177","3.0149998664855957","3.0149998664855957","3.0149998664855957"
"1541","36326","36326","36326","2.806000232696533","2.806000232696533","2.806000232696533","36303","36303","36303","3.121000289916992","3.121000289916992","3.121000289916992","36179","36179","36179","3.1540002822875977","3.1540002822875977","3.1540002822875977"
"1542","36328","36328","36328","3.245999813079834","3.245999813079834","3.245999813079834","36305","36305","36305","3.328000068664551","3.328000068664551","3.328000068664551","36181","36181","36181","3.314999580383301","3.314999580383301","3.314999580383301"
"1543","36330","36330","36330","3.2319998741149902","3.2319998741149902","3.2319998741149902","36307","36307","36307","3.3219997882843018","3.3219997882843018","3.3219997882843018","36183","36183","36183","3.363999843597412","3.363999843597412","3.363999843597412"
"1544","36332","36332","36332","3.235999822616577","3.235999822616577","3.235999822616577","36309","36309","36309","3.3389999866485596","3.3389999866485596","3.3389999866485596","36185","36185","36185","3.3460001945495605","3.3460001945495605","3.3460001945495605"
"1545","36334","36334","36334","3.321000099182129","3.321000099182129","3.321000099182129","36311","36311","36311","3.3389997482299805","3.3389997482299805","3.3389997482299805","36187","36187","36187","3.3299999237060547","3.3299999237060547","3.3299999237060547"
"1546","36336","36336","36336","3.2279999256134033","3.2279999256134033","3.2279999256134033","36313","36313","36313","3.177000045776367","3.177000045776367","3.177000045776367","36189","36189","36189","3.381999969482422","3.381999969482422","3.381999969482422"
"1547","36338","36338","36338","3.376999616622925","3.376999616622925","3.376999616622925","36315","36315","36315","3.308000087738037","3.308000087738037","3.308000087738037","36191","36191","36191","3.3849997520446777","3.3849997520446777","3.3849997520446777"
"1548","36501","36501","36501","2.9060001373291016","2.9060001373291016","2.9060001373291016","36475","36475","36475","1.0120000839233398","1.0120000839233398","1.0120000839233398","36348","36348","36348","2.9070000648498535","2.9070000648498535","2.9070000648498535"
"1549","36503","36503","36503","3.1050000190734863","3.1050000190734863","3.1050000190734863","36477","36477","36477","3.0380001068115234","3.0380001068115234","3.0380001068115234","36350","36350","36350","3.0530002117156982","3.0530002117156982","3.0530002117156982"
"1550","36505","36505","36505","3.0570003986358643","3.0570003986358643","3.0570003986358643","36479","36479","36479","0.9919999837875366","0.9919999837875366","0.9919999837875366","36352","36352","36352","0.9920001029968262","0.9920001029968262","0.9920001029968262"
"1551","36507","36507","36507","3.245999813079834","3.245999813079834","3.245999813079834","36481","36481","36481","3.3309998512268066","3.3309998512268066","3.3309998512268066","36354","36354","36354","3.314999580383301","3.314999580383301","3.314999580383301"
"1552","36509","36509","36509","3.3359999656677246","3.3359999656677246","3.3359999656677246","36483","36483","36483","3.253000020980835","3.253000020980835","3.253000020980835","36356","36356","36356","3.25600004196167","3.25600004196167","3.25600004196167"
"1553","36511","36511","36511","3.2719998359680176","3.2719998359680176","3.2719998359680176","36485","36485","36485","3.1540000438690186","3.1540000438690186","3.1540000438690186","36358","36358","36358","1.241999864578247","1.241999864578247","1.241999864578247"
"1554","36513","36513","36513","3.313000202178955","3.313000202178955","3.313000202178955","36487","36487","36487","3.332000255584717","3.332000255584717","3.332000255584717","36360","36360","36360","3.3299999237060547","3.3299999237060547","3.3299999237060547"
"1555","36515","36515","36515","3.249000072479248","3.249000072479248","3.249000072479248","36489","36489","36489","3.196000099182129","3.196000099182129","3.196000099182129","36362","36362","36362","3.328000068664551","3.328000068664551","3.328000068664551"
"1556","36517","36517","36517","3.372999668121338","3.372999668121338","3.372999668121338","36491","36491","36491","3.3569998741149902","3.3569998741149902","3.3569998741149902","36364","36364","36364","3.307000160217285","3.307000160217285","3.307000160217285"
"1557","36683","36683","36683","1.0120002031326294","1.0120002031326294","1.0120002031326294","36654","36654","36654","1.0120000839233398","1.0120000839233398","1.0120000839233398","36525","36525","36525","2.946000099182129","2.946000099182129","2.946000099182129"
"1558","36685","36685","36685","3.0480000972747803","3.0480000972747803","3.0480000972747803","36656","36656","36656","0.9919998645782471","0.9919998645782471","0.9919998645782471","36527","36527","36527","3.126999855041504","3.126999855041504","3.126999855041504"
"1559","36687","36687","36687","3.0490002632141113","3.0490002632141113","3.0490002632141113","36658","36658","36658","3.070000171661377","3.070000171661377","3.070000171661377","36529","36529","36529","3.1579999923706055","3.1579999923706055","3.1579999923706055"
"1560","36689","36689","36689","3.245999813079834","3.245999813079834","3.245999813079834","36660","36660","36660","3.3359997272491455","3.3359997272491455","3.3359997272491455","36531","36531","36531","3.2960000038146973","3.2960000038146973","3.2960000038146973"
"1561","36691","36691","36691","3.3259999752044678","3.3259999752044678","3.3259999752044678","36662","36662","36662","3.2719998359680176","3.2719998359680176","3.2719998359680176","36533","36533","36533","1.241999864578247","1.241999864578247","1.241999864578247"
"1562","36693","36693","36693","3.245999813079834","3.245999813079834","3.245999813079834","36664","36664","36664","3.3359999656677246","3.3359999656677246","3.3359999656677246","36535","36535","36535","3.3480000495910645","3.3480000495910645","3.3480000495910645"
"1563","36695","36695","36695","3.309000015258789","3.309000015258789","3.309000015258789","36666","36666","36666","3.3319997787475586","3.3319997787475586","3.3319997787475586","36537","36537","36537","3.321000099182129","3.321000099182129","3.321000099182129"
"1564","36697","36697","36697","3.240999937057495","3.240999937057495","3.240999937057495","36668","36668","36668","3.178999900817871","3.178999900817871","3.178999900817871","36539","36539","36539","3.38700008392334","3.38700008392334","3.38700008392334"
"1565","36699","36699","36699","3.198000192642212","3.198000192642212","3.198000192642212","36670","36670","36670","3.3899998664855957","3.3899998664855957","3.3899998664855957","36541","36541","36541","3.3869996070861816","3.3869996070861816","3.3869996070861816"
"1566","36861","36861","36861","1.0120002031326294","1.0120002031326294","1.0120002031326294","36830","36830","36830","1.0120000839233398","1.0120000839233398","1.0120000839233398","36699","36699","36699","2.950000047683716","2.950000047683716","2.950000047683716"
"1567","36863","36863","36863","3.0910000801086426","3.0910000801086426","3.0910000801086426","36832","36832","36832","2.861999988555908","2.861999988555908","2.861999988555908","36701","36701","36701","3.1399998664855957","3.1399998664855957","3.1399998664855957"
"1568","36865","36865","36865","3.079000234603882","3.079000234603882","3.079000234603882","36834","36834","36834","2.8610000610351562","2.8610000610351562","2.8610000610351562","36703","36703","36703","3.11299991607666","3.11299991607666","3.11299991607666"
"1569","36867","36867","36867","3.238999843597412","3.238999843597412","3.238999843597412","36836","36836","36836","3.3219995498657227","3.3219995498657227","3.3219995498657227","36705","36705","36705","3.3339996337890625","3.3339996337890625","3.3339996337890625"
"1570","36869","36869","36869","3.242999792098999","3.242999792098999","3.242999792098999","36838","36838","36838","3.258000135421753","3.258000135421753","3.258000135421753","36707","36707","36707","3.322999954223633","3.322999954223633","3.322999954223633"
"1571","36871","36871","36871","3.247999906539917","3.247999906539917","3.247999906539917","36840","36840","36840","3.178999900817871","3.178999900817871","3.178999900817871","36709","36709","36709","3.311999797821045","3.311999797821045","3.311999797821045"
"1572","36873","36873","36873","3.328000068664551","3.328000068664551","3.328000068664551","36842","36842","36842","3.322999954223633","3.322999954223633","3.322999954223633","36711","36711","36711","3.3299999237060547","3.3299999237060547","3.3299999237060547"
"1573","36875","36875","36875","3.2320003509521484","3.2320003509521484","3.2320003509521484","36844","36844","36844","3.1740000247955322","3.1740000247955322","3.1740000247955322","36713","36713","36713","3.4010000228881836","3.4010000228881836","3.4010000228881836"
"1574","36877","36877","36877","3.199000120162964","3.199000120162964","3.199000120162964","36846","36846","36846","3.302000045776367","3.302000045776367","3.302000045776367","36715","36715","36715","3.3889999389648438","3.3889999389648438","3.3889999389648438"
"1575","37041","37041","37041","2.9169998168945312","2.9169998168945312","2.9169998168945312","37007","37007","37007","1.0120000839233398","1.0120000839233398","1.0120000839233398","36875","36875","36875","0.8119999170303345","0.8119999170303345","0.8119999170303345"
"1576","37043","37043","37043","2.8460001945495605","2.8460001945495605","2.8460001945495605","37009","37009","37009","2.9260003566741943","2.9260003566741943","2.9260003566741943","36877","36877","36877","3.1409997940063477","3.1409997940063477","3.1409997940063477"
"1577","37045","37045","37045","3.065000057220459","3.065000057220459","3.065000057220459","37011","37011","37011","3.115999937057495","3.115999937057495","3.115999937057495","36879","36879","36879","3.1530003547668457","3.1530003547668457","3.1530003547668457"
"1578","37047","37047","37047","3.239999771118164","3.239999771118164","3.239999771118164","37013","37013","37013","3.3339996337890625","3.3339996337890625","3.3339996337890625","36881","36881","36881","3.3199996948242188","3.3199996948242188","3.3199996948242188"
"1579","37049","37049","37049","3.237999677658081","3.237999677658081","3.237999677658081","37015","37015","37015","3.180000066757202","3.180000066757202","3.180000066757202","36883","36883","36883","3.3489999771118164","3.3489999771118164","3.3489999771118164"
"1580","37051","37051","37051","3.239999771118164","3.239999771118164","3.239999771118164","37017","37017","37017","3.188000202178955","3.188000202178955","3.188000202178955","36885","36885","36885","1.2419997453689575","1.2419997453689575","1.2419997453689575"
"1581","37053","37053","37053","3.3299999237060547","3.3299999237060547","3.3299999237060547","37019","37019","37019","3.322999954223633","3.322999954223633","3.322999954223633","36887","36887","36887","3.312000274658203","3.312000274658203","3.312000274658203"
"1582","37055","37055","37055","3.2279999256134033","3.2279999256134033","3.2279999256134033","37021","37021","37021","3.1760001182556152","3.1760001182556152","3.1760001182556152","36889","36889","36889","3.4010000228881836","3.4010000228881836","3.4010000228881836"
"1583","37057","37057","37057","3.3570003509521484","3.3570003509521484","3.3570003509521484","37023","37023","37023","3.2139999866485596","3.2139999866485596","3.2139999866485596","36891","36891","36891","3.4029998779296875","3.4029998779296875","3.4029998779296875"
"1584","37217","37217","37217","2.9119997024536133","2.9119997024536133","2.9119997024536133","37185","37185","37185","1.0120000839233398","1.0120000839233398","1.0120000839233398","37051","37051","37051","3.0879998207092285","3.0879998207092285","3.0879998207092285"
"1585","37219","37219","37219","3.056999921798706","3.056999921798706","3.056999921798706","37187","37187","37187","3.0879998207092285","3.0879998207092285","3.0879998207092285","37053","37053","37053","3.06600022315979","3.06600022315979","3.06600022315979"
"1586","37221","37221","37221","3.0400002002716064","3.0400002002716064","3.0400002002716064","37189","37189","37189","3.0520002841949463","3.0520002841949463","3.0520002841949463","37055","37055","37055","3.1700000762939453","3.1700000762939453","3.1700000762939453"
"1587","37223","37223","37223","3.2940001487731934","3.2940001487731934","3.2940001487731934","37191","37191","37191","3.3349995613098145","3.3349995613098145","3.3349995613098145","37057","37057","37057","3.301999568939209","3.301999568939209","3.301999568939209"
"1588","37225","37225","37225","3.243999719619751","3.243999719619751","3.243999719619751","37193","37193","37193","3.3349995613098145","3.3349995613098145","3.3349995613098145","37059","37059","37059","3.3480000495910645","3.3480000495910645","3.3480000495910645"
"1589","37227","37227","37227","3.242999792098999","3.242999792098999","3.242999792098999","37195","37195","37195","3.2669997215270996","3.2669997215270996","3.2669997215270996","37061","37061","37061","3.36299991607666","3.36299991607666","3.36299991607666"
"1590","37229","37229","37229","3.3289999961853027","3.3289999961853027","3.3289999961853027","37197","37197","37197","3.3329997062683105","3.3329997062683105","3.3329997062683105","37063","37063","37063","3.332000255584717","3.332000255584717","3.332000255584717"
"1591","37231","37231","37231","3.245000123977661","3.245000123977661","3.245000123977661","37199","37199","37199","3.195000171661377","3.195000171661377","3.195000171661377","37065","37065","37065","3.4029998779296875","3.4029998779296875","3.4029998779296875"
"1592","37233","37233","37233","3.372999668121338","3.372999668121338","3.372999668121338","37201","37201","37201","3.2450003623962402","3.2450003623962402","3.2450003623962402","37067","37067","37067","3.383999824523926","3.383999824523926","3.383999824523926"
"1593","37396","37396","37396","1.0120000839233398","1.0120000839233398","1.0120000839233398","37362","37362","37362","1.0120000839233398","1.0120000839233398","1.0120000839233398","37229","37229","37229","3.0879998207092285","3.0879998207092285","3.0879998207092285"
"1594","37398","37398","37398","3.055000066757202","3.055000066757202","3.055000066757202","37364","37364","37364","3.0920002460479736","3.0920002460479736","3.0920002460479736","37231","37231","37231","3.104999542236328","3.104999542236328","3.104999542236328"
"1595","37400","37400","37400","2.8570001125335693","2.8570001125335693","2.8570001125335693","37366","37366","37366","2.943000078201294","2.943000078201294","2.943000078201294","37233","37233","37233","3.1589999198913574","3.1589999198913574","3.1589999198913574"
"1596","37402","37402","37402","3.250999927520752","3.250999927520752","3.250999927520752","37368","37368","37368","3.2509994506835938","3.2509994506835938","3.2509994506835938","37235","37235","37235","3.3329997062683105","3.3329997062683105","3.3329997062683105"
"1597","37404","37404","37404","3.242999792098999","3.242999792098999","3.242999792098999","37370","37370","37370","3.328000068664551","3.328000068664551","3.328000068664551","37237","37237","37237","3.2699999809265137","3.2699999809265137","3.2699999809265137"
"1598","37406","37406","37406","3.244999885559082","3.244999885559082","3.244999885559082","37372","37372","37372","3.1659998893737793","3.1659998893737793","3.1659998893737793","37239","37239","37239","3.36299991607666","3.36299991607666","3.36299991607666"
"1599","37408","37408","37408","3.3380002975463867","3.3380002975463867","3.3380002975463867","37374","37374","37374","3.307999610900879","3.307999610900879","3.307999610900879","37241","37241","37241","3.321000099182129","3.321000099182129","3.321000099182129"
"1600","37410","37410","37410","3.247999906539917","3.247999906539917","3.247999906539917","37376","37376","37376","3.1629996299743652","3.1629996299743652","3.1629996299743652","37243","37243","37243","3.4059996604919434","3.4059996604919434","3.4059996604919434"
"1601","37412","37412","37412","1.3420000076293945","1.3420000076293945","1.3420000076293945","37378","37378","37378","3.315999984741211","3.315999984741211","3.315999984741211","37245","37245","37245","3.383999824523926","3.383999824523926","3.383999824523926"
"1602","37577","37577","37577","1.0120000839233398","1.0120000839233398","1.0120000839233398","37544","37544","37544","1.0120000839233398","1.0120000839233398","1.0120000839233398","37406","37406","37406","3.1110000610351562","3.1110000610351562","3.1110000610351562"
"1603","37579","37579","37579","3.1059999465942383","3.1059999465942383","3.1059999465942383","37546","37546","37546","0.9919998049736023","0.9919998049736023","0.9919998049736023","37408","37408","37408","3.0830001831054688","3.0830001831054688","3.0830001831054688"
"1604","37581","37581","37581","3.0530002117156982","3.0530002117156982","3.0530002117156982","37548","37548","37548","3.117999792098999","3.117999792098999","3.117999792098999","37410","37410","37410","3.133000373840332","3.133000373840332","3.133000373840332"
"1605","37583","37583","37583","3.25600004196167","3.25600004196167","3.25600004196167","37550","37550","37550","3.3209996223449707","3.3209996223449707","3.3209996223449707","37412","37412","37412","3.3339996337890625","3.3339996337890625","3.3339996337890625"
"1606","37585","37585","37585","3.3380000591278076","3.3380000591278076","3.3380000591278076","37552","37552","37552","3.322999954223633","3.322999954223633","3.322999954223633","37414","37414","37414","3.36799955368042","3.36799955368042","3.36799955368042"
"1607","37587","37587","37587","3.239999771118164","3.239999771118164","3.239999771118164","37554","37554","37554","3.11299991607666","3.11299991607666","3.11299991607666","37416","37416","37416","3.316999912261963","3.316999912261963","3.316999912261963"
"1608","37589","37589","37589","3.307000160217285","3.307000160217285","3.307000160217285","37556","37556","37556","3.3359999656677246","3.3359999656677246","3.3359999656677246","37418","37418","37418","3.3309998512268066","3.3309998512268066","3.3309998512268066"
"1609","37591","37591","37591","3.2310004234313965","3.2310004234313965","3.2310004234313965","37558","37558","37558","3.188000202178955","3.188000202178955","3.188000202178955","37420","37420","37420","3.133999824523926","3.133999824523926","3.133999824523926"
"1610","37593","37593","37593","1.241999864578247","1.241999864578247","1.241999864578247","37560","37560","37560","3.317999839782715","3.317999839782715","3.317999839782715","37422","37422","37422","3.306999683380127","3.306999683380127","3.306999683380127"
"1611","37757","37757","37757","1.0120000839233398","1.0120000839233398","1.0120000839233398","37721","37721","37721","2.9579999446868896","2.9579999446868896","2.9579999446868896","37581","37581","37581","2.9509999752044678","2.9509999752044678","2.9509999752044678"
"1612","37759","37759","37759","2.824000358581543","2.824000358581543","2.824000358581543","37723","37723","37723","2.8540000915527344","2.8540000915527344","2.8540000915527344","37583","37583","37583","3.121999740600586","3.121999740600586","3.121999740600586"
"1613","37761","37761","37761","2.8520002365112305","2.8520002365112305","2.8520002365112305","37725","37725","37725","3.0989999771118164","3.0989999771118164","3.0989999771118164","37585","37585","37585","3.13200044631958","3.13200044631958","3.13200044631958"
"1614","37763","37763","37763","3.24399995803833","3.24399995803833","3.24399995803833","37727","37727","37727","3.2629995346069336","3.2629995346069336","3.2629995346069336","37587","37587","37587","3.3219995498657227","3.3219995498657227","3.3219995498657227"
"1615","37765","37765","37765","3.3410000801086426","3.3410000801086426","3.3410000801086426","37729","37729","37729","3.1490001678466797","3.1490001678466797","3.1490001678466797","37589","37589","37589","3.3470001220703125","3.3470001220703125","3.3470001220703125"
"1616","37767","37767","37767","3.242999792098999","3.242999792098999","3.242999792098999","37731","37731","37731","3.250999927520752","3.250999927520752","3.250999927520752","37591","37591","37591","3.326000213623047","3.326000213623047","3.326000213623047"
"1617","37769","37769","37769","3.314000129699707","3.314000129699707","3.314000129699707","37733","37733","37733","2.9759998321533203","2.9759998321533203","2.9759998321533203","37593","37593","37593","3.319000244140625","3.319000244140625","3.319000244140625"
"1618","37771","37771","37771","3.246000051498413","3.246000051498413","3.246000051498413","37735","37735","37735","3.3479998111724854","3.3479998111724854","3.3479998111724854","37595","37595","37595","3.3869996070861816","3.3869996070861816","3.3869996070861816"
"1619","37773","37773","37773","1.241999864578247","1.241999864578247","1.241999864578247","37737","37737","37737","3.372999906539917","3.372999906539917","3.372999906539917","37597","37597","37597","3.320000171661377","3.320000171661377","3.320000171661377"
"1620","37933","37933","37933","1.0120002031326294","1.0120002031326294","1.0120002031326294","37900","37900","37900","2.932999849319458","2.932999849319458","2.932999849319458","37757","37757","37757","2.9509999752044678","2.9509999752044678","2.9509999752044678"
"1621","37935","37935","37935","3.0949997901916504","3.0949997901916504","3.0949997901916504","37902","37902","37902","3.0840001106262207","3.0840001106262207","3.0840001106262207","37759","37759","37759","3.0530002117156982","3.0530002117156982","3.0530002117156982"
"1622","37937","37937","37937","2.872000217437744","2.872000217437744","2.872000217437744","37904","37904","37904","3.1080000400543213","3.1080000400543213","3.1080000400543213","37761","37761","37761","0.9919999837875366","0.9919999837875366","0.9919999837875366"
"1623","37939","37939","37939","3.328000068664551","3.328000068664551","3.328000068664551","37906","37906","37906","3.3399996757507324","3.3399996757507324","3.3399996757507324","37763","37763","37763","3.302999973297119","3.302999973297119","3.302999973297119"
"1624","37941","37941","37941","3.241999864578247","3.241999864578247","3.241999864578247","37908","37908","37908","3.2719998359680176","3.2719998359680176","3.2719998359680176","37765","37765","37765","3.309000015258789","3.309000015258789","3.309000015258789"
"1625","37943","37943","37943","3.254000186920166","3.254000186920166","3.254000186920166","37910","37910","37910","3.2639999389648438","3.2639999389648438","3.2639999389648438","37767","37767","37767","3.315999984741211","3.315999984741211","3.315999984741211"
"1626","37945","37945","37945","3.3329997062683105","3.3329997062683105","3.3329997062683105","37912","37912","37912","3.3350000381469727","3.3350000381469727","3.3350000381469727","37769","37769","37769","3.3369998931884766","3.3369998931884766","3.3369998931884766"
"1627","37947","37947","37947","3.2239999771118164","3.2239999771118164","3.2239999771118164","37914","37914","37914","3.3430001735687256","3.3430001735687256","3.3430001735687256","37771","37771","37771","3.3859996795654297","3.3859996795654297","3.3859996795654297"
"1628","37949","37949","37949","1.241999864578247","1.241999864578247","1.241999864578247","37916","37916","37916","3.2900002002716064","3.2900002002716064","3.2900002002716064","37773","37773","37773","3.4010000228881836","3.4010000228881836","3.4010000228881836"
"1629","38112","38112","38112","2.9039998054504395","2.9039998054504395","2.9039998054504395","38079","38079","38079","2.947999954223633","2.947999954223633","2.947999954223633","37929","37929","37929","2.950000047683716","2.950000047683716","2.950000047683716"
"1630","38114","38114","38114","3.1050000190734863","3.1050000190734863","3.1050000190734863","38081","38081","38081","3.117000102996826","3.117000102996826","3.117000102996826","37931","37931","37931","3.125","3.125","3.125"
"1631","38116","38116","38116","2.9800000190734863","2.9800000190734863","2.9800000190734863","38083","38083","38083","3.1009998321533203","3.1009998321533203","3.1009998321533203","37933","37933","37933","3.1589999198913574","3.1589999198913574","3.1589999198913574"
"1632","38118","38118","38118","3.239999771118164","3.239999771118164","3.239999771118164","38085","38085","38085","3.3279995918273926","3.3279995918273926","3.3279995918273926","37935","37935","37935","3.293999671936035","3.293999671936035","3.293999671936035"
"1633","38120","38120","38120","3.321000099182129","3.321000099182129","3.321000099182129","38087","38087","38087","3.319999933242798","3.319999933242798","3.319999933242798","37937","37937","37937","3.2639999389648438","3.2639999389648438","3.2639999389648438"
"1634","38122","38122","38122","3.254999876022339","3.254999876022339","3.254999876022339","38089","38089","38089","3.174999952316284","3.174999952316284","3.174999952316284","37939","37939","37939","3.361999988555908","3.361999988555908","3.361999988555908"
"1635","38124","38124","38124","3.328000068664551","3.328000068664551","3.328000068664551","38091","38091","38091","3.34999942779541","3.34999942779541","3.34999942779541","37941","37941","37941","3.3340001106262207","3.3340001106262207","3.3340001106262207"
"1636","38126","38126","38126","3.2239999771118164","3.2239999771118164","3.2239999771118164","38093","38093","38093","3.1510000228881836","3.1510000228881836","3.1510000228881836","37943","37943","37943","3.4029998779296875","3.4029998779296875","3.4029998779296875"
"1637","38128","38128","38128","3.4019997119903564","3.4019997119903564","3.4019997119903564","38095","38095","38095","3.306000232696533","3.306000232696533","3.306000232696533","37945","37945","37945","3.4040002822875977","3.4040002822875977","3.4040002822875977"
"1638","38297","38297","38297","1.0119998455047607","1.0119998455047607","1.0119998455047607","38261","38261","38261","2.9109997749328613","2.9109997749328613","2.9109997749328613","38111","38111","38111","2.9670000076293945","2.9670000076293945","2.9670000076293945"
"1639","38299","38299","38299","3.0960001945495605","3.0960001945495605","3.0960001945495605","38263","38263","38263","2.86899995803833","2.86899995803833","2.86899995803833","38113","38113","38113","3.069999933242798","3.069999933242798","3.069999933242798"
"1640","38301","38301","38301","3.057000160217285","3.057000160217285","3.057000160217285","38265","38265","38265","3.0979998111724854","3.0979998111724854","3.0979998111724854","38115","38115","38115","3.1529998779296875","3.1529998779296875","3.1529998779296875"
"1641","38303","38303","38303","3.3229994773864746","3.3229994773864746","3.3229994773864746","38267","38267","38267","3.257999897003174","3.257999897003174","3.257999897003174","38117","38117","38117","3.3199996948242188","3.3199996948242188","3.3199996948242188"
"1642","38305","38305","38305","3.2619998455047607","3.2619998455047607","3.2619998455047607","38269","38269","38269","3.260000228881836","3.260000228881836","3.260000228881836","38119","38119","38119","3.3319997787475586","3.3319997787475586","3.3319997787475586"
"1643","38307","38307","38307","3.247999906539917","3.247999906539917","3.247999906539917","38271","38271","38271","3.3610000610351562","3.3610000610351562","3.3610000610351562","38121","38121","38121","3.361999988555908","3.361999988555908","3.361999988555908"
"1644","38309","38309","38309","3.328000068664551","3.328000068664551","3.328000068664551","38273","38273","38273","3.320000171661377","3.320000171661377","3.320000171661377","38123","38123","38123","3.3299999237060547","3.3299999237060547","3.3299999237060547"
"1645","38311","38311","38311","3.236999988555908","3.236999988555908","3.236999988555908","38275","38275","38275","3.2679998874664307","3.2679998874664307","3.2679998874664307","38125","38125","38125","3.3849997520446777","3.3849997520446777","3.3849997520446777"
"1646","38313","38313","38313","3.2019999027252197","3.2019999027252197","3.2019999027252197","38277","38277","38277","3.371000051498413","3.371000051498413","3.371000051498413","38127","38127","38127","3.386000156402588","3.386000156402588","3.386000156402588"
"1647","38472","38472","38472","2.9119997024536133","2.9119997024536133","2.9119997024536133","38436","38436","38436","2.937000036239624","2.937000036239624","2.937000036239624","38288","38288","38288","3.103999614715576","3.103999614715576","3.103999614715576"
"1648","38474","38474","38474","3.062999963760376","3.062999963760376","3.062999963760376","38438","38438","38438","2.8390002250671387","2.8390002250671387","2.8390002250671387","38290","38290","38290","3.125999927520752","3.125999927520752","3.125999927520752"
"1649","38476","38476","38476","3.0359997749328613","3.0359997749328613","3.0359997749328613","38440","38440","38440","3.075000047683716","3.075000047683716","3.075000047683716","38292","38292","38292","3.1589999198913574","3.1589999198913574","3.1589999198913574"
"1650","38478","38478","38478","3.250999927520752","3.250999927520752","3.250999927520752","38442","38442","38442","3.2509994506835938","3.2509994506835938","3.2509994506835938","38294","38294","38294","3.302999973297119","3.302999973297119","3.302999973297119"
"1651","38480","38480","38480","3.238999843597412","3.238999843597412","3.238999843597412","38444","38444","38444","3.241000175476074","3.241000175476074","3.241000175476074","38296","38296","38296","3.3600001335144043","3.3600001335144043","3.3600001335144043"
"1652","38482","38482","38482","3.244999885559082","3.244999885559082","3.244999885559082","38446","38446","38446","3.187000274658203","3.187000274658203","3.187000274658203","38298","38298","38298","3.3480000495910645","3.3480000495910645","3.3480000495910645"
"1653","38484","38484","38484","3.332000255584717","3.332000255584717","3.332000255584717","38448","38448","38448","2.9689998626708984","2.9689998626708984","2.9689998626708984","38300","38300","38300","3.3480000495910645","3.3480000495910645","3.3480000495910645"
"1654","38486","38486","38486","3.253999948501587","3.253999948501587","3.253999948501587","38450","38450","38450","3.1730000972747803","3.1730000972747803","3.1730000972747803","38302","38302","38302","3.3849997520446777","3.3849997520446777","3.3849997520446777"
"1655","38488","38488","38488","3.3909995555877686","3.3909995555877686","3.3909995555877686","38452","38452","38452","3.2269997596740723","3.2269997596740723","3.2269997596740723","38304","38304","38304","3.3849997520446777","3.3849997520446777","3.3849997520446777"
"1656","38653","38653","38653","2.9049997329711914","2.9049997329711914","2.9049997329711914","38609","38609","38609","2.94599986076355","2.94599986076355","2.94599986076355","38463","38463","38463","3.0829997062683105","3.0829997062683105","3.0829997062683105"
"1657","38655","38655","38655","3.062000036239624","3.062000036239624","3.062000036239624","38611","38611","38611","3.113999843597412","3.113999843597412","3.113999843597412","38465","38465","38465","3.0149998664855957","3.0149998664855957","3.0149998664855957"
"1658","38657","38657","38657","3.0370001792907715","3.0370001792907715","3.0370001792907715","38613","38613","38613","3.0490000247955322","3.0490000247955322","3.0490000247955322","38467","38467","38467","3.1550002098083496","3.1550002098083496","3.1550002098083496"
"1659","38659","38659","38659","3.238999843597412","3.238999843597412","3.238999843597412","38615","38615","38615","3.3249998092651367","3.3249998092651367","3.3249998092651367","38469","38469","38469","3.3350000381469727","3.3350000381469727","3.3350000381469727"
"1660","38661","38661","38661","3.244999885559082","3.244999885559082","3.244999885559082","38617","38617","38617","3.32099986076355","3.32099986076355","3.32099986076355","38471","38471","38471","3.3449997901916504","3.3449997901916504","3.3449997901916504"
"1661","38663","38663","38663","3.240999937057495","3.240999937057495","3.240999937057495","38619","38619","38619","3.288999557495117","3.288999557495117","3.288999557495117","38473","38473","38473","3.3650002479553223","3.3650002479553223","3.3650002479553223"
"1662","38665","38665","38665","3.328000068664551","3.328000068664551","3.328000068664551","38621","38621","38621","3.3409996032714844","3.3409996032714844","3.3409996032714844","38475","38475","38475","3.309000015258789","3.309000015258789","3.309000015258789"
"1663","38667","38667","38667","3.2619998455047607","3.2619998455047607","3.2619998455047607","38623","38623","38623","3.2719998359680176","3.2719998359680176","3.2719998359680176","38477","38477","38477","3.3899998664855957","3.3899998664855957","3.3899998664855957"
"1664","38669","38669","38669","3.3600001335144043","3.3600001335144043","3.3600001335144043","38625","38625","38625","3.3910000324249268","3.3910000324249268","3.3910000324249268","38479","38479","38479","3.3899998664855957","3.3899998664855957","3.3899998664855957"
"1665","38828","38828","38828","1.0120000839233398","1.0120000839233398","1.0120000839233398","38787","38787","38787","2.937000036239624","2.937000036239624","2.937000036239624","38639","38639","38639","3.0829997062683105","3.0829997062683105","3.0829997062683105"
"1666","38830","38830","38830","3.056999921798706","3.056999921798706","3.056999921798706","38789","38789","38789","2.88700008392334","2.88700008392334","2.88700008392334","38641","38641","38641","2.993000030517578","2.993000030517578","2.993000030517578"
"1667","38832","38832","38832","2.8440003395080566","2.8440003395080566","2.8440003395080566","38791","38791","38791","3.0830001831054688","3.0830001831054688","3.0830001831054688","38643","38643","38643","3.167999744415283","3.167999744415283","3.167999744415283"
"1668","38834","38834","38834","3.2799997329711914","3.2799997329711914","3.2799997329711914","38793","38793","38793","3.318999767303467","3.318999767303467","3.318999767303467","38645","38645","38645","3.303999900817871","3.303999900817871","3.303999900817871"
"1669","38836","38836","38836","3.240999937057495","3.240999937057495","3.240999937057495","38795","38795","38795","3.258000135421753","3.258000135421753","3.258000135421753","38647","38647","38647","3.368000030517578","3.368000030517578","3.368000030517578"
"1670","38838","38838","38838","3.2699999809265137","3.2699999809265137","3.2699999809265137","38797","38797","38797","3.2709999084472656","3.2709999084472656","3.2709999084472656","38649","38649","38649","3.3470001220703125","3.3470001220703125","3.3470001220703125"
"1671","38840","38840","38840","3.312999725341797","3.312999725341797","3.312999725341797","38799","38799","38799","3.3369998931884766","3.3369998931884766","3.3369998931884766","38651","38651","38651","3.3390002250671387","3.3390002250671387","3.3390002250671387"
"1672","38842","38842","38842","3.2250001430511475","3.2250001430511475","3.2250001430511475","38801","38801","38801","3.190000057220459","3.190000057220459","3.190000057220459","38653","38653","38653","3.3849997520446777","3.3849997520446777","3.3849997520446777"
"1673","38844","38844","38844","3.2120001316070557","3.2120001316070557","3.2120001316070557","38803","38803","38803","3.227999687194824","3.227999687194824","3.227999687194824","38655","38655","38655","3.383999824523926","3.383999824523926","3.383999824523926"
"1674","39011","39011","39011","1.0120000839233398","1.0120000839233398","1.0120000839233398","38966","38966","38966","2.937000036239624","2.937000036239624","2.937000036239624","38812","38812","38812","3.1110000610351562","3.1110000610351562","3.1110000610351562"
"1675","39013","39013","39013","3.0360000133514404","3.0360000133514404","3.0360000133514404","38968","38968","38968","2.8700003623962402","2.8700003623962402","2.8700003623962402","38814","38814","38814","3.126999855041504","3.126999855041504","3.126999855041504"
"1676","39015","39015","39015","3.0339999198913574","3.0339999198913574","3.0339999198913574","38970","38970","38970","1.0120000839233398","1.0120000839233398","1.0120000839233398","38816","38816","38816","3.1559996604919434","3.1559996604919434","3.1559996604919434"
"1677","39017","39017","39017","3.2919998168945312","3.2919998168945312","3.2919998168945312","38972","38972","38972","3.3409996032714844","3.3409996032714844","3.3409996032714844","38818","38818","38818","3.3219995498657227","3.3219995498657227","3.3219995498657227"
"1678","39019","39019","39019","3.241999864578247","3.241999864578247","3.241999864578247","38974","38974","38974","3.251999855041504","3.251999855041504","3.251999855041504","38820","38820","38820","3.3460001945495605","3.3460001945495605","3.3460001945495605"
"1679","39021","39021","39021","3.2199997901916504","3.2199997901916504","3.2199997901916504","38976","38976","38976","3.1669998168945312","3.1669998168945312","3.1669998168945312","38822","38822","38822","3.3650002479553223","3.3650002479553223","3.3650002479553223"
"1680","39023","39023","39023","3.328000068664551","3.328000068664551","3.328000068664551","38978","38978","38978","3.3269996643066406","3.3269996643066406","3.3269996643066406","38824","38824","38824","3.306000232696533","3.306000232696533","3.306000232696533"
"1681","39025","39025","39025","3.2269999980926514","3.2269999980926514","3.2269999980926514","38980","38980","38980","3.3589999675750732","3.3589999675750732","3.3589999675750732","38826","38826","38826","3.4010000228881836","3.4010000228881836","3.4010000228881836"
"1682","39027","39027","39027","3.197999954223633","3.197999954223633","3.197999954223633","38982","38982","38982","3.4130001068115234","3.4130001068115234","3.4130001068115234","38828","38828","38828","3.4049997329711914","3.4049997329711914","3.4049997329711914"
"1683","39187","39187","39187","1.0120002031326294","1.0120002031326294","1.0120002031326294","39141","39141","39141","2.941999912261963","2.941999912261963","2.941999912261963","38986","38986","38986","3.067999839782715","3.067999839782715","3.067999839782715"
"1684","39189","39189","39189","3.053999900817871","3.053999900817871","3.053999900817871","39143","39143","39143","3.120000123977661","3.120000123977661","3.120000123977661","38988","38988","38988","3.126999855041504","3.126999855041504","3.126999855041504"
"1685","39191","39191","39191","3.0490002632141113","3.0490002632141113","3.0490002632141113","39145","39145","39145","0.9919998645782471","0.9919998645782471","0.9919998645782471","38990","38990","38990","3.1559996604919434","3.1559996604919434","3.1559996604919434"
"1686","39193","39193","39193","3.2300000190734863","3.2300000190734863","3.2300000190734863","39147","39147","39147","3.2649998664855957","3.2649998664855957","3.2649998664855957","38992","38992","38992","3.3199996948242188","3.3199996948242188","3.3199996948242188"
"1687","39195","39195","39195","3.3420000076293945","3.3420000076293945","3.3420000076293945","39149","39149","39149","3.3349995613098145","3.3349995613098145","3.3349995613098145","38994","38994","38994","3.3569998741149902","3.3569998741149902","3.3569998741149902"
"1688","39197","39197","39197","3.236999988555908","3.236999988555908","3.236999988555908","39151","39151","39151","3.169999837875366","3.169999837875366","3.169999837875366","38996","38996","38996","3.3590002059936523","3.3590002059936523","3.3590002059936523"
"1689","39199","39199","39199","3.311000347137451","3.311000347137451","3.311000347137451","39153","39153","39153","3.328000068664551","3.328000068664551","3.328000068664551","38998","38998","38998","3.301999568939209","3.301999568939209","3.301999568939209"
"1690","39201","39201","39201","3.244999885559082","3.244999885559082","3.244999885559082","39155","39155","39155","3.194000244140625","3.194000244140625","3.194000244140625","39000","39000","39000","3.3869996070861816","3.3869996070861816","3.3869996070861816"
"1691","39203","39203","39203","3.199000120162964","3.199000120162964","3.199000120162964","39157","39157","39157","3.374000072479248","3.374000072479248","3.374000072479248","39002","39002","39002","3.3849997520446777","3.3849997520446777","3.3849997520446777"
"1692","39365","39365","39365","2.9169998168945312","2.9169998168945312","2.9169998168945312","39315","39315","39315","2.9159998893737793","2.9159998893737793","2.9159998893737793","39167","39167","39167","3.0839996337890625","3.0839996337890625","3.0839996337890625"
"1693","39367","39367","39367","3.1050000190734863","3.1050000190734863","3.1050000190734863","39317","39317","39317","2.867000102996826","2.867000102996826","2.867000102996826","39169","39169","39169","3.0900001525878906","3.0900001525878906","3.0900001525878906"
"1694","39369","39369","39369","3.052000045776367","3.052000045776367","3.052000045776367","39319","39319","39319","0.9919997453689575","0.9919997453689575","0.9919997453689575","39171","39171","39171","3.132999897003174","3.132999897003174","3.132999897003174"
"1695","39371","39371","39371","3.24399995803833","3.24399995803833","3.24399995803833","39321","39321","39321","3.3329997062683105","3.3329997062683105","3.3329997062683105","39173","39173","39173","3.3350000381469727","3.3350000381469727","3.3350000381469727"
"1696","39373","39373","39373","3.321000099182129","3.321000099182129","3.321000099182129","39323","39323","39323","3.3399996757507324","3.3399996757507324","3.3399996757507324","39175","39175","39175","3.314000129699707","3.314000129699707","3.314000129699707"
"1697","39375","39375","39375","3.253999948501587","3.253999948501587","3.253999948501587","39325","39325","39325","3.248999834060669","3.248999834060669","3.248999834060669","39177","39177","39177","3.3460001945495605","3.3460001945495605","3.3460001945495605"
"1698","39377","39377","39377","3.312000274658203","3.312000274658203","3.312000274658203","39327","39327","39327","3.3249998092651367","3.3249998092651367","3.3249998092651367","39179","39179","39179","3.332000255584717","3.332000255584717","3.332000255584717"
"1699","39379","39379","39379","3.2269999980926514","3.2269999980926514","3.2269999980926514","39329","39329","39329","3.2960000038146973","3.2960000038146973","3.2960000038146973","39181","39181","39181","3.3849997520446777","3.3849997520446777","3.3849997520446777"
"1700","39381","39381","39381","3.2019999027252197","3.2019999027252197","3.2019999027252197","39331","39331","39331","3.315000057220459","3.315000057220459","3.315000057220459","39183","39183","39183","3.3889999389648438","3.3889999389648438","3.3889999389648438"
"1701","39545","39545","39545","2.921999931335449","2.921999931335449","2.921999931335449","39493","39493","39493","2.931999921798706","2.931999921798706","2.931999921798706","39342","39342","39342","3.0920000076293945","3.0920000076293945","3.0920000076293945"
"1702","39547","39547","39547","3.0859999656677246","3.0859999656677246","3.0859999656677246","39495","39495","39495","3.1030001640319824","3.1030001640319824","3.1030001640319824","39344","39344","39344","3.120999813079834","3.120999813079834","3.120999813079834"
"1703","39549","39549","39549","3.0490002632141113","3.0490002632141113","3.0490002632141113","39497","39497","39497","0.9919999837875366","0.9919999837875366","0.9919999837875366","39346","39346","39346","3.118000030517578","3.118000030517578","3.118000030517578"
"1704","39551","39551","39551","3.24399995803833","3.24399995803833","3.24399995803833","39499","39499","39499","3.315999984741211","3.315999984741211","3.315999984741211","39348","39348","39348","3.318999767303467","3.318999767303467","3.318999767303467"
"1705","39553","39553","39553","3.3350000381469727","3.3350000381469727","3.3350000381469727","39501","39501","39501","3.3269996643066406","3.3269996643066406","3.3269996643066406","39350","39350","39350","3.3610000610351562","3.3610000610351562","3.3610000610351562"
"1706","39555","39555","39555","3.250999927520752","3.250999927520752","3.250999927520752","39503","39503","39503","3.36799955368042","3.36799955368042","3.36799955368042","39352","39352","39352","3.3460001945495605","3.3460001945495605","3.3460001945495605"
"1707","39557","39557","39557","3.312000274658203","3.312000274658203","3.312000274658203","39505","39505","39505","3.310999870300293","3.310999870300293","3.310999870300293","39354","39354","39354","3.304999828338623","3.304999828338623","3.304999828338623"
"1708","39559","39559","39559","3.256999969482422","3.256999969482422","3.256999969482422","39507","39507","39507","3.1679999828338623","3.1679999828338623","3.1679999828338623","39356","39356","39356","3.383999824523926","3.383999824523926","3.383999824523926"
"1709","39561","39561","39561","3.3600001335144043","3.3600001335144043","3.3600001335144043","39509","39509","39509","3.3919997215270996","3.3919997215270996","3.3919997215270996","39358","39358","39358","3.388000011444092","3.388000011444092","3.388000011444092"
"1710","39724","39724","39724","2.9169998168945312","2.9169998168945312","2.9169998168945312","39672","39672","39672","2.932999849319458","2.932999849319458","2.932999849319458","39516","39516","39516","2.940999984741211","2.940999984741211","2.940999984741211"
"1711","39726","39726","39726","3.07200026512146","3.07200026512146","3.07200026512146","39674","39674","39674","3.111999988555908","3.111999988555908","3.111999988555908","39518","39518","39518","3.125999927520752","3.125999927520752","3.125999927520752"
"1712","39728","39728","39728","3.0940001010894775","3.0940001010894775","3.0940001010894775","39676","39676","39676","3.11299991607666","3.11299991607666","3.11299991607666","39520","39520","39520","3.1469998359680176","3.1469998359680176","3.1469998359680176"
"1713","39730","39730","39730","3.240999698638916","3.240999698638916","3.240999698638916","39678","39678","39678","3.3399996757507324","3.3399996757507324","3.3399996757507324","39522","39522","39522","3.3199996948242188","3.3199996948242188","3.3199996948242188"
"1714","39732","39732","39732","3.253999948501587","3.253999948501587","3.253999948501587","39680","39680","39680","3.193000316619873","3.193000316619873","3.193000316619873","39524","39524","39524","3.3319997787475586","3.3319997787475586","3.3319997787475586"
"1715","39734","39734","39734","3.253999948501587","3.253999948501587","3.253999948501587","39682","39682","39682","3.3429999351501465","3.3429999351501465","3.3429999351501465","39526","39526","39526","3.3330001831054688","3.3330001831054688","3.3330001831054688"
"1716","39736","39736","39736","3.3330001831054688","3.3330001831054688","3.3330001831054688","39684","39684","39684","3.3289999961853027","3.3289999961853027","3.3289999961853027","39528","39528","39528","3.332000255584717","3.332000255584717","3.332000255584717"
"1717","39738","39738","39738","3.249000072479248","3.249000072479248","3.249000072479248","39686","39686","39686","3.198000431060791","3.198000431060791","3.198000431060791","39530","39530","39530","3.381999969482422","3.381999969482422","3.381999969482422"
"1718","39740","39740","39740","3.3570001125335693","3.3570001125335693","3.3570001125335693","39688","39688","39688","3.3589999675750732","3.3589999675750732","3.3589999675750732","39532","39532","39532","3.374000072479248","3.374000072479248","3.374000072479248"
"1719","39902","39902","39902","2.9169998168945312","2.9169998168945312","2.9169998168945312","39847","39847","39847","2.947999954223633","2.947999954223633","2.947999954223633","39689","39689","39689","3.0959997177124023","3.0959997177124023","3.0959997177124023"
"1720","39904","39904","39904","3.0320000648498535","3.0320000648498535","3.0320000648498535","39849","39849","39849","2.8440001010894775","2.8440001010894775","2.8440001010894775","39691","39691","39691","3.1019997596740723","3.1019997596740723","3.1019997596740723"
"1721","39906","39906","39906","3.0320000648498535","3.0320000648498535","3.0320000648498535","39851","39851","39851","3.0859999656677246","3.0859999656677246","3.0859999656677246","39693","39693","39693","3.052000045776367","3.052000045776367","3.052000045776367"
"1722","39908","39908","39908","3.24399995803833","3.24399995803833","3.24399995803833","39853","39853","39853","3.3359994888305664","3.3359994888305664","3.3359994888305664","39695","39695","39695","3.3219995498657227","3.3219995498657227","3.3219995498657227"
"1723","39910","39910","39910","3.243999719619751","3.243999719619751","3.243999719619751","39855","39855","39855","3.3540000915527344","3.3540000915527344","3.3540000915527344","39697","39697","39697","3.3590002059936523","3.3590002059936523","3.3590002059936523"
"1724","39912","39912","39912","3.24399995803833","3.24399995803833","3.24399995803833","39857","39857","39857","3.3489997386932373","3.3489997386932373","3.3489997386932373","39699","39699","39699","1.241999626159668","1.241999626159668","1.241999626159668"
"1725","39914","39914","39914","3.327000141143799","3.327000141143799","3.327000141143799","39859","39859","39859","3.317999839782715","3.317999839782715","3.317999839782715","39701","39701","39701","3.3380002975463867","3.3380002975463867","3.3380002975463867"
"1726","39916","39916","39916","3.236999988555908","3.236999988555908","3.236999988555908","39861","39861","39861","3.241999626159668","3.241999626159668","3.241999626159668","39703","39703","39703","3.3849997520446777","3.3849997520446777","3.3849997520446777"
"1727","39918","39918","39918","3.2039999961853027","3.2039999961853027","3.2039999961853027","39863","39863","39863","3.306000232696533","3.306000232696533","3.306000232696533","39705","39705","39705","3.4049997329711914","3.4049997329711914","3.4049997329711914"
"1728","40079","40079","40079","2.9109997749328613","2.9109997749328613","2.9109997749328613","40023","40023","40023","2.930999994277954","2.930999994277954","2.930999994277954","39864","39864","39864","2.950000047683716","2.950000047683716","2.950000047683716"
"1729","40081","40081","40081","3.0769999027252197","3.0769999027252197","3.0769999027252197","40025","40025","40025","3.072999954223633","3.072999954223633","3.072999954223633","39866","39866","39866","3.1519999504089355","3.1519999504089355","3.1519999504089355"
"1730","40083","40083","40083","3.0470001697540283","3.0470001697540283","3.0470001697540283","40027","40027","40027","3.0829997062683105","3.0829997062683105","3.0829997062683105","39868","39868","39868","3.1309995651245117","3.1309995651245117","3.1309995651245117"
"1731","40085","40085","40085","3.245999813079834","3.245999813079834","3.245999813079834","40029","40029","40029","3.055999755859375","3.055999755859375","3.055999755859375","39870","39870","39870","3.3229994773864746","3.3229994773864746","3.3229994773864746"
"1732","40087","40087","40087","3.3259999752044678","3.3259999752044678","3.3259999752044678","40031","40031","40031","3.3399999141693115","3.3399999141693115","3.3399999141693115","39872","39872","39872","3.2820000648498535","3.2820000648498535","3.2820000648498535"
"1733","40089","40089","40089","3.253999948501587","3.253999948501587","3.253999948501587","40033","40033","40033","3.254999876022339","3.254999876022339","3.254999876022339","39874","39874","39874","3.3420000076293945","3.3420000076293945","3.3420000076293945"
"1734","40091","40091","40091","3.311000347137451","3.311000347137451","3.311000347137451","40035","40035","40035","3.0920000076293945","3.0920000076293945","3.0920000076293945","39876","39876","39876","3.3570003509521484","3.3570003509521484","3.3570003509521484"
"1735","40093","40093","40093","3.249000072479248","3.249000072479248","3.249000072479248","40037","40037","40037","3.3439998626708984","3.3439998626708984","3.3439998626708984","39878","39878","39878","3.381999969482422","3.381999969482422","3.381999969482422"
"1736","40095","40095","40095","1.4819997549057007","1.4819997549057007","1.4819997549057007","40039","40039","40039","3.236999988555908","3.236999988555908","3.236999988555908","39880","39880","39880","3.3849997520446777","3.3849997520446777","3.3849997520446777"
"1737","40256","40256","40256","1.0120000839233398","1.0120000839233398","1.0120000839233398","40202","40202","40202","2.931999921798706","2.931999921798706","2.931999921798706","40039","40039","40039","2.946000099182129","2.946000099182129","2.946000099182129"
"1738","40258","40258","40258","3.074000120162964","3.074000120162964","3.074000120162964","40204","40204","40204","3.0799999237060547","3.0799999237060547","3.0799999237060547","40041","40041","40041","3.1309995651245117","3.1309995651245117","3.1309995651245117"
"1739","40260","40260","40260","3.065000057220459","3.065000057220459","3.065000057220459","40206","40206","40206","3.066999912261963","3.066999912261963","3.066999912261963","40043","40043","40043","3.1549997329711914","3.1549997329711914","3.1549997329711914"
"1740","40262","40262","40262","3.2880001068115234","3.2880001068115234","3.2880001068115234","40208","40208","40208","3.3239998817443848","3.3239998817443848","3.3239998817443848","40045","40045","40045","3.3309998512268066","3.3309998512268066","3.3309998512268066"
"1741","40264","40264","40264","3.243999719619751","3.243999719619751","3.243999719619751","40210","40210","40210","3.2789998054504395","3.2789998054504395","3.2789998054504395","40047","40047","40047","3.3439998626708984","3.3439998626708984","3.3439998626708984"
"1742","40266","40266","40266","3.254999876022339","3.254999876022339","3.254999876022339","40212","40212","40212","3.3339998722076416","3.3339998722076416","3.3339998722076416","40049","40049","40049","3.3429999351501465","3.3429999351501465","3.3429999351501465"
"1743","40268","40268","40268","3.327000141143799","3.327000141143799","3.327000141143799","40214","40214","40214","3.3249998092651367","3.3249998092651367","3.3249998092651367","40051","40051","40051","3.3340001106262207","3.3340001106262207","3.3340001106262207"
"1744","40270","40270","40270","3.24399995803833","3.24399995803833","3.24399995803833","40216","40216","40216","3.3499996662139893","3.3499996662139893","3.3499996662139893","40053","40053","40053","3.3869996070861816","3.3869996070861816","3.3869996070861816"
"1745","40272","40272","40272","1.241999864578247","1.241999864578247","1.241999864578247","40218","40218","40218","3.2200002670288086","3.2200002670288086","3.2200002670288086","40055","40055","40055","3.4029998779296875","3.4029998779296875","3.4029998779296875"
"1746","40432","40432","40432","1.0119999647140503","1.0119999647140503","1.0119999647140503","40376","40376","40376","2.941999912261963","2.941999912261963","2.941999912261963","40214","40214","40214","3.0959997177124023","3.0959997177124023","3.0959997177124023"
"1747","40434","40434","40434","3.0910000801086426","3.0910000801086426","3.0910000801086426","40378","40378","40378","3.0910000801086426","3.0910000801086426","3.0910000801086426","40216","40216","40216","3.1569995880126953","3.1569995880126953","3.1569995880126953"
"1748","40436","40436","40436","3.059000015258789","3.059000015258789","3.059000015258789","40380","40380","40380","3.0379998683929443","3.0379998683929443","3.0379998683929443","40218","40218","40218","3.13100004196167","3.13100004196167","3.13100004196167"
"1749","40438","40438","40438","3.245999813079834","3.245999813079834","3.245999813079834","40382","40382","40382","3.3299999237060547","3.3299999237060547","3.3299999237060547","40220","40220","40220","3.3219995498657227","3.3219995498657227","3.3219995498657227"
"1750","40440","40440","40440","3.319000005722046","3.319000005722046","3.319000005722046","40384","40384","40384","3.259999990463257","3.259999990463257","3.259999990463257","40222","40222","40222","3.361999988555908","3.361999988555908","3.361999988555908"
"1751","40442","40442","40442","3.232999801635742","3.232999801635742","3.232999801635742","40386","40386","40386","3.18500018119812","3.18500018119812","3.18500018119812","40224","40224","40224","3.3650002479553223","3.3650002479553223","3.3650002479553223"
"1752","40444","40444","40444","3.316000461578369","3.316000461578369","3.316000461578369","40388","40388","40388","3.328000068664551","3.328000068664551","3.328000068664551","40226","40226","40226","3.3369998931884766","3.3369998931884766","3.3369998931884766"
"1753","40446","40446","40446","3.2269999980926514","3.2269999980926514","3.2269999980926514","40390","40390","40390","3.1459999084472656","3.1459999084472656","3.1459999084472656","40228","40228","40228","3.4029998779296875","3.4029998779296875","3.4029998779296875"
"1754","40448","40448","40448","3.197999954223633","3.197999954223633","3.197999954223633","40392","40392","40392","3.309999942779541","3.309999942779541","3.309999942779541","40230","40230","40230","3.3849997520446777","3.3849997520446777","3.3849997520446777"
"1755","40613","40613","40613","1.0120000839233398","1.0120000839233398","1.0120000839233398","40549","40549","40549","2.947999954223633","2.947999954223633","2.947999954223633","40390","40390","40390","2.9220001697540283","2.9220001697540283","2.9220001697540283"
"1756","40615","40615","40615","3.0909998416900635","3.0909998416900635","3.0909998416900635","40551","40551","40551","3.1030001640319824","3.1030001640319824","3.1030001640319824","40392","40392","40392","3.1309995651245117","3.1309995651245117","3.1309995651245117"
"1757","40617","40617","40617","3.0340001583099365","3.0340001583099365","3.0340001583099365","40553","40553","40553","0.9919998645782471","0.9919998645782471","0.9919998645782471","40394","40394","40394","3.1509995460510254","3.1509995460510254","3.1509995460510254"
"1758","40619","40619","40619","3.257999897003174","3.257999897003174","3.257999897003174","40555","40555","40555","3.3329997062683105","3.3329997062683105","3.3329997062683105","40396","40396","40396","3.310999870300293","3.310999870300293","3.310999870300293"
"1759","40621","40621","40621","3.241999864578247","3.241999864578247","3.241999864578247","40557","40557","40557","3.358999729156494","3.358999729156494","3.358999729156494","40398","40398","40398","3.3499999046325684","3.3499999046325684","3.3499999046325684"
"1760","40623","40623","40623","3.2269999980926514","3.2269999980926514","3.2269999980926514","40559","40559","40559","3.2920002937316895","3.2920002937316895","3.2920002937316895","40400","40400","40400","3.328000068664551","3.328000068664551","3.328000068664551"
"1761","40625","40625","40625","3.325000286102295","3.325000286102295","3.325000286102295","40561","40561","40561","3.318999767303467","3.318999767303467","3.318999767303467","40402","40402","40402","3.3359999656677246","3.3359999656677246","3.3359999656677246"
"1762","40627","40627","40627","3.25","3.25","3.25","40563","40563","40563","3.3519997596740723","3.3519997596740723","3.3519997596740723","40404","40404","40404","3.3899998664855957","3.3899998664855957","3.3899998664855957"
"1763","40629","40629","40629","3.123000144958496","3.123000144958496","3.123000144958496","40565","40565","40565","3.2130000591278076","3.2130000591278076","3.2130000591278076","40406","40406","40406","3.3859996795654297","3.3859996795654297","3.3859996795654297"
"1764","40795","40795","40795","1.0119999647140503","1.0119999647140503","1.0119999647140503","40730","40730","40730","2.931999921798706","2.931999921798706","2.931999921798706","40563","40563","40563","2.943000078201294","2.943000078201294","2.943000078201294"
"1765","40797","40797","40797","3.1080002784729004","3.1080002784729004","3.1080002784729004","40732","40732","40732","0.9919997453689575","0.9919997453689575","0.9919997453689575","40565","40565","40565","3.1019997596740723","3.1019997596740723","3.1019997596740723"
"1766","40799","40799","40799","3.065000295639038","3.065000295639038","3.065000295639038","40734","40734","40734","3.1040000915527344","3.1040000915527344","3.1040000915527344","40567","40567","40567","3.1459999084472656","3.1459999084472656","3.1459999084472656"
"1767","40801","40801","40801","3.2940001487731934","3.2940001487731934","3.2940001487731934","40736","40736","40736","3.250999927520752","3.250999927520752","3.250999927520752","40569","40569","40569","3.3159995079040527","3.3159995079040527","3.3159995079040527"
"1768","40803","40803","40803","3.3259999752044678","3.3259999752044678","3.3259999752044678","40738","40738","40738","3.2380001544952393","3.2380001544952393","3.2380001544952393","40571","40571","40571","3.363999843597412","3.363999843597412","3.363999843597412"
"1769","40805","40805","40805","3.2719998359680176","3.2719998359680176","3.2719998359680176","40740","40740","40740","3.190000057220459","3.190000057220459","3.190000057220459","40573","40573","40573","3.3429999351501465","3.3429999351501465","3.3429999351501465"
"1770","40807","40807","40807","3.3410000801086426","3.3410000801086426","3.3410000801086426","40742","40742","40742","2.9729998111724854","2.9729998111724854","2.9729998111724854","40575","40575","40575","3.315999984741211","3.315999984741211","3.315999984741211"
"1771","40809","40809","40809","3.2230000495910645","3.2230000495910645","3.2230000495910645","40744","40744","40744","3.1480000019073486","3.1480000019073486","3.1480000019073486","40577","40577","40577","3.24399995803833","3.24399995803833","3.24399995803833"
"1772","40811","40811","40811","3.3909995555877686","3.3909995555877686","3.3909995555877686","40746","40746","40746","3.36899995803833","3.36899995803833","3.36899995803833","40579","40579","40579","3.382999897003174","3.382999897003174","3.382999897003174"
"1773","40973","40973","40973","0.8119999170303345","0.8119999170303345","0.8119999170303345","40910","40910","40910","2.9110000133514404","2.9110000133514404","2.9110000133514404","40739","40739","40739","3.0889997482299805","3.0889997482299805","3.0889997482299805"
"1774","40975","40975","40975","3.1010000705718994","3.1010000705718994","3.1010000705718994","40912","40912","40912","2.8889999389648438","2.8889999389648438","2.8889999389648438","40741","40741","40741","3.120999813079834","3.120999813079834","3.120999813079834"
"1775","40977","40977","40977","3.077000141143799","3.077000141143799","3.077000141143799","40914","40914","40914","2.879000186920166","2.879000186920166","2.879000186920166","40743","40743","40743","3.122999668121338","3.122999668121338","3.122999668121338"
"1776","40979","40979","40979","3.245999813079834","3.245999813079834","3.245999813079834","40916","40916","40916","3.244999408721924","3.244999408721924","3.244999408721924","40745","40745","40745","3.314999580383301","3.314999580383301","3.314999580383301"
"1777","40981","40981","40981","3.3330001831054688","3.3330001831054688","3.3330001831054688","40918","40918","40918","3.3400001525878906","3.3400001525878906","3.3400001525878906","40747","40747","40747","3.3400001525878906","3.3400001525878906","3.3400001525878906"
"1778","40983","40983","40983","3.24399995803833","3.24399995803833","3.24399995803833","40920","40920","40920","3.3449997901916504","3.3449997901916504","3.3449997901916504","40749","40749","40749","3.3590002059936523","3.3590002059936523","3.3590002059936523"
"1779","40985","40985","40985","3.330000400543213","3.330000400543213","3.330000400543213","40922","40922","40922","3.312000036239624","3.312000036239624","3.312000036239624","40751","40751","40751","3.321000099182129","3.321000099182129","3.321000099182129"
"1780","40987","40987","40987","3.244999885559082","3.244999885559082","3.244999885559082","40924","40924","40924","3.192999839782715","3.192999839782715","3.192999839782715","40753","40753","40753","3.3849997520446777","3.3849997520446777","3.3849997520446777"
"1781","40989","40989","40989","3.2180001735687256","3.2180001735687256","3.2180001735687256","40926","40926","40926","3.4019999504089355","3.4019999504089355","3.4019999504089355","40755","40755","40755","3.3899998664855957","3.3899998664855957","3.3899998664855957"
"1782","41148","41148","41148","2.945000171661377","2.945000171661377","2.945000171661377","41089","41089","41089","2.934999942779541","2.934999942779541","2.934999942779541","40912","40912","40912","2.9509999752044678","2.9509999752044678","2.9509999752044678"
"1783","41150","41150","41150","3.0889999866485596","3.0889999866485596","3.0889999866485596","41091","41091","41091","0.9919998645782471","0.9919998645782471","0.9919998645782471","40914","40914","40914","3.120999813079834","3.120999813079834","3.120999813079834"
"1784","41152","41152","41152","3.0500001907348633","3.0500001907348633","3.0500001907348633","41093","41093","41093","3.0850000381469727","3.0850000381469727","3.0850000381469727","40916","40916","40916","3.125999927520752","3.125999927520752","3.125999927520752"
"1785","41154","41154","41154","3.2599997520446777","3.2599997520446777","3.2599997520446777","41095","41095","41095","3.307999610900879","3.307999610900879","3.307999610900879","40918","40918","40918","3.3249998092651367","3.3249998092651367","3.3249998092651367"
"1786","41156","41156","41156","3.243999719619751","3.243999719619751","3.243999719619751","41097","41097","41097","3.3369998931884766","3.3369998931884766","3.3369998931884766","40920","40920","40920","3.3319997787475586","3.3319997787475586","3.3319997787475586"
"1787","41158","41158","41158","3.2269997596740723","3.2269997596740723","3.2269997596740723","41099","41099","41099","3.2760000228881836","3.2760000228881836","3.2760000228881836","40922","40922","40922","3.357999801635742","3.357999801635742","3.357999801635742"
"1788","41160","41160","41160","3.328000068664551","3.328000068664551","3.328000068664551","41101","41101","41101","3.324000358581543","3.324000358581543","3.324000358581543","40924","40924","40924","3.3299999237060547","3.3299999237060547","3.3299999237060547"
"1789","41162","41162","41162","3.2239999771118164","3.2239999771118164","3.2239999771118164","41103","41103","41103","3.294999599456787","3.294999599456787","3.294999599456787","40926","40926","40926","3.4029998779296875","3.4029998779296875","3.4029998779296875"
"1790","41164","41164","41164","3.3929996490478516","3.3929996490478516","3.3929996490478516","41105","41105","41105","3.2230000495910645","3.2230000495910645","3.2230000495910645","40928","40928","40928","3.383999824523926","3.383999824523926","3.383999824523926"
"1791","41325","41325","41325","2.946000099182129","2.946000099182129","2.946000099182129","41266","41266","41266","2.944000005722046","2.944000005722046","2.944000005722046","41085","41085","41085","3.0969996452331543","3.0969996452331543","3.0969996452331543"
"1792","41327","41327","41327","3.1100001335144043","3.1100001335144043","3.1100001335144043","41268","41268","41268","3.0810000896453857","3.0810000896453857","3.0810000896453857","41087","41087","41087","3.121999740600586","3.121999740600586","3.121999740600586"
"1793","41329","41329","41329","3.05400013923645","3.05400013923645","3.05400013923645","41270","41270","41270","3.0869998931884766","3.0869998931884766","3.0869998931884766","41089","41089","41089","3.1659998893737793","3.1659998893737793","3.1659998893737793"
"1794","41331","41331","41331","3.2940001487731934","3.2940001487731934","3.2940001487731934","41272","41272","41272","3.239999771118164","3.239999771118164","3.239999771118164","41091","41091","41091","3.314999580383301","3.314999580383301","3.314999580383301"
"1795","41333","41333","41333","3.3470001220703125","3.3470001220703125","3.3470001220703125","41274","41274","41274","3.255000352859497","3.255000352859497","3.255000352859497","41093","41093","41093","3.366000175476074","3.366000175476074","3.366000175476074"
"1796","41335","41335","41335","3.257999897003174","3.257999897003174","3.257999897003174","41276","41276","41276","3.185999870300293","3.185999870300293","3.185999870300293","41095","41095","41095","3.3580002784729004","3.3580002784729004","3.3580002784729004"
"1797","41337","41337","41337","3.315000057220459","3.315000057220459","3.315000057220459","41278","41278","41278","3.3329997062683105","3.3329997062683105","3.3329997062683105","41097","41097","41097","3.3410000801086426","3.3410000801086426","3.3410000801086426"
"1798","41339","41339","41339","3.2360000610351562","3.2360000610351562","3.2360000610351562","41280","41280","41280","3.197000026702881","3.197000026702881","3.197000026702881","41099","41099","41099","3.4010000228881836","3.4010000228881836","3.4010000228881836"
"1799","41341","41341","41341","3.198000192642212","3.198000192642212","3.198000192642212","41282","41282","41282","3.2910001277923584","3.2910001277923584","3.2910001277923584","41101","41101","41101","3.4099998474121094","3.4099998474121094","3.4099998474121094"
"1800","41505","41505","41505","2.9000000953674316","2.9000000953674316","2.9000000953674316","41443","41443","41443","2.9129998683929443","2.9129998683929443","2.9129998683929443","41267","41267","41267","2.9560000896453857","2.9560000896453857","2.9560000896453857"
"1801","41507","41507","41507","3.1050000190734863","3.1050000190734863","3.1050000190734863","41445","41445","41445","3.1110002994537354","3.1110002994537354","3.1110002994537354","41269","41269","41269","3.05400013923645","3.05400013923645","3.05400013923645"
"1802","41509","41509","41509","3.0460002422332764","3.0460002422332764","3.0460002422332764","41447","41447","41447","3.126000165939331","3.126000165939331","3.126000165939331","41271","41271","41271","3.1459999084472656","3.1459999084472656","3.1459999084472656"
"1803","41511","41511","41511","3.3299999237060547","3.3299999237060547","3.3299999237060547","41449","41449","41449","3.245999813079834","3.245999813079834","3.245999813079834","41273","41273","41273","3.3369998931884766","3.3369998931884766","3.3369998931884766"
"1804","41513","41513","41513","3.3410000801086426","3.3410000801086426","3.3410000801086426","41451","41451","41451","3.32099986076355","3.32099986076355","3.32099986076355","41275","41275","41275","3.322999954223633","3.322999954223633","3.322999954223633"
"1805","41515","41515","41515","3.26200008392334","3.26200008392334","3.26200008392334","41453","41453","41453","3.2799997329711914","3.2799997329711914","3.2799997329711914","41277","41277","41277","3.3559999465942383","3.3559999465942383","3.3559999465942383"
"1806","41517","41517","41517","3.327000141143799","3.327000141143799","3.327000141143799","41455","41455","41455","3.3429999351501465","3.3429999351501465","3.3429999351501465","41279","41279","41279","3.332000255584717","3.332000255584717","3.332000255584717"
"1807","41519","41519","41519","3.243000030517578","3.243000030517578","3.243000030517578","41457","41457","41457","3.1710000038146973","3.1710000038146973","3.1710000038146973","41281","41281","41281","3.388000011444092","3.388000011444092","3.388000011444092"
"1808","41521","41521","41521","3.3929996490478516","3.3929996490478516","3.3929996490478516","41459","41459","41459","3.2300000190734863","3.2300000190734863","3.2300000190734863","41283","41283","41283","3.4029998779296875","3.4029998779296875","3.4029998779296875"
"1809","41684","41684","41684","1.0120000839233398","1.0120000839233398","1.0120000839233398","41621","41621","41621","2.8999998569488525","2.8999998569488525","2.8999998569488525","41442","41442","41442","2.937999963760376","2.937999963760376","2.937999963760376"
"1810","41686","41686","41686","3.0910000801086426","3.0910000801086426","3.0910000801086426","41623","41623","41623","2.871999979019165","2.871999979019165","2.871999979019165","41444","41444","41444","3.12399959564209","3.12399959564209","3.12399959564209"
"1811","41688","41688","41688","3.064000129699707","3.064000129699707","3.064000129699707","41625","41625","41625","3.0999999046325684","3.0999999046325684","3.0999999046325684","41446","41446","41446","3.1479997634887695","3.1479997634887695","3.1479997634887695"
"1812","41690","41690","41690","3.2899999618530273","3.2899999618530273","3.2899999618530273","41627","41627","41627","3.246999740600586","3.246999740600586","3.246999740600586","41448","41448","41448","3.3219995498657227","3.3219995498657227","3.3219995498657227"
"1813","41692","41692","41692","3.324000120162964","3.324000120162964","3.324000120162964","41629","41629","41629","3.25600004196167","3.25600004196167","3.25600004196167","41450","41450","41450","3.3489999771118164","3.3489999771118164","3.3489999771118164"
"1814","41694","41694","41694","3.2269997596740723","3.2269997596740723","3.2269997596740723","41631","41631","41631","3.171999931335449","3.171999931335449","3.171999931335449","41452","41452","41452","3.3590002059936523","3.3590002059936523","3.3590002059936523"
"1815","41696","41696","41696","3.3420000076293945","3.3420000076293945","3.3420000076293945","41633","41633","41633","3.3369998931884766","3.3369998931884766","3.3369998931884766","41454","41454","41454","3.3309998512268066","3.3309998512268066","3.3309998512268066"
"1816","41698","41698","41698","3.2260000705718994","3.2260000705718994","3.2260000705718994","41635","41635","41635","3.187999725341797","3.187999725341797","3.187999725341797","41456","41456","41456","3.4029998779296875","3.4029998779296875","3.4029998779296875"
"1817","41700","41700","41700","3.202000141143799","3.202000141143799","3.202000141143799","41637","41637","41637","3.2280001640319824","3.2280001640319824","3.2280001640319824","41458","41458","41458","3.382999897003174","3.382999897003174","3.382999897003174"
"1818","41861","41861","41861","1.0120000839233398","1.0120000839233398","1.0120000839233398","41800","41800","41800","2.947999954223633","2.947999954223633","2.947999954223633","41616","41616","41616","3.0920000076293945","3.0920000076293945","3.0920000076293945"
"1819","41863","41863","41863","3.1090002059936523","3.1090002059936523","3.1090002059936523","41802","41802","41802","2.931000232696533","2.931000232696533","2.931000232696533","41618","41618","41618","3.126999855041504","3.126999855041504","3.126999855041504"
"1820","41865","41865","41865","3.059000015258789","3.059000015258789","3.059000015258789","41804","41804","41804","3.0850000381469727","3.0850000381469727","3.0850000381469727","41620","41620","41620","3.1589999198913574","3.1589999198913574","3.1589999198913574"
"1821","41867","41867","41867","3.24299955368042","3.24299955368042","3.24299955368042","41806","41806","41806","3.249999523162842","3.249999523162842","3.249999523162842","41622","41622","41622","3.3359994888305664","3.3359994888305664","3.3359994888305664"
"1822","41869","41869","41869","3.241999864578247","3.241999864578247","3.241999864578247","41808","41808","41808","3.255000114440918","3.255000114440918","3.255000114440918","41624","41624","41624","3.3399996757507324","3.3399996757507324","3.3399996757507324"
"1823","41871","41871","41871","3.254999876022339","3.254999876022339","3.254999876022339","41810","41810","41810","3.182000160217285","3.182000160217285","3.182000160217285","41626","41626","41626","3.2790002822875977","3.2790002822875977","3.2790002822875977"
"1824","41873","41873","41873","3.314000129699707","3.314000129699707","3.314000129699707","41812","41812","41812","3.3499999046325684","3.3499999046325684","3.3499999046325684","41628","41628","41628","3.3510003089904785","3.3510003089904785","3.3510003089904785"
"1825","41875","41875","41875","3.236999988555908","3.236999988555908","3.236999988555908","41814","41814","41814","3.181000232696533","3.181000232696533","3.181000232696533","41630","41630","41630","3.4010000228881836","3.4010000228881836","3.4010000228881836"
"1826","41877","41877","41877","1.241999864578247","1.241999864578247","1.241999864578247","41816","41816","41816","3.2249999046325684","3.2249999046325684","3.2249999046325684","41632","41632","41632","3.3889999389648438","3.3889999389648438","3.3889999389648438"
"1827","42041","42041","42041","2.941999912261963","2.941999912261963","2.941999912261963","41977","41977","41977","2.875","2.875","2.875","41793","41793","41793","2.9210000038146973","2.9210000038146973","2.9210000038146973"
"1828","42043","42043","42043","3.1080002784729004","3.1080002784729004","3.1080002784729004","41979","41979","41979","2.8959999084472656","2.8959999084472656","2.8959999084472656","41795","41795","41795","3.120999813079834","3.120999813079834","3.120999813079834"
"1829","42045","42045","42045","3.0440001487731934","3.0440001487731934","3.0440001487731934","41981","41981","41981","2.9039998054504395","2.9039998054504395","2.9039998054504395","41797","41797","41797","3.1399998664855957","3.1399998664855957","3.1399998664855957"
"1830","42047","42047","42047","3.238999843597412","3.238999843597412","3.238999843597412","41983","41983","41983","3.24399995803833","3.24399995803833","3.24399995803833","41799","41799","41799","3.3159995079040527","3.3159995079040527","3.3159995079040527"
"1831","42049","42049","42049","3.3400001525878906","3.3400001525878906","3.3400001525878906","41985","41985","41985","3.3379998207092285","3.3379998207092285","3.3379998207092285","41801","41801","41801","3.3460001945495605","3.3460001945495605","3.3460001945495605"
"1832","42051","42051","42051","3.2719998359680176","3.2719998359680176","3.2719998359680176","41987","41987","41987","3.190999984741211","3.190999984741211","3.190999984741211","41803","41803","41803","3.3330001831054688","3.3330001831054688","3.3330001831054688"
"1833","42053","42053","42053","3.3330001831054688","3.3330001831054688","3.3330001831054688","41989","41989","41989","3.3299999237060547","3.3299999237060547","3.3299999237060547","41805","41805","41805","3.3289999961853027","3.3289999961853027","3.3289999961853027"
"1834","42055","42055","42055","3.236999988555908","3.236999988555908","3.236999988555908","41991","41991","41991","3.3410000801086426","3.3410000801086426","3.3410000801086426","41807","41807","41807","3.383999824523926","3.383999824523926","3.383999824523926"
"1835","42057","42057","42057","3.361999988555908","3.361999988555908","3.361999988555908","41993","41993","41993","3.386000156402588","3.386000156402588","3.386000156402588","41809","41809","41809","3.3869996070861816","3.3869996070861816","3.3869996070861816"
"1836","42218","42218","42218","1.0120000839233398","1.0120000839233398","1.0120000839233398","42155","42155","42155","1.0120000839233398","1.0120000839233398","1.0120000839233398","41968","41968","41968","2.940000057220459","2.940000057220459","2.940000057220459"
"1837","42220","42220","42220","3.0950002670288086","3.0950002670288086","3.0950002670288086","42157","42157","42157","2.8950002193450928","2.8950002193450928","2.8950002193450928","41970","41970","41970","3.126999855041504","3.126999855041504","3.126999855041504"
"1838","42222","42222","42222","2.8700003623962402","2.8700003623962402","2.8700003623962402","42159","42159","42159","3.0899999141693115","3.0899999141693115","3.0899999141693115","41972","41972","41972","3.1619997024536133","3.1619997024536133","3.1619997024536133"
"1839","42224","42224","42224","3.2930002212524414","3.2930002212524414","3.2930002212524414","42161","42161","42161","3.3299999237060547","3.3299999237060547","3.3299999237060547","41974","41974","41974","3.3309993743896484","3.3309993743896484","3.3309993743896484"
"1840","42226","42226","42226","3.251999855041504","3.251999855041504","3.251999855041504","42163","42163","42163","3.3329997062683105","3.3329997062683105","3.3329997062683105","41976","41976","41976","3.3449997901916504","3.3449997901916504","3.3449997901916504"
"1841","42228","42228","42228","3.255999803543091","3.255999803543091","3.255999803543091","42165","42165","42165","3.2679998874664307","3.2679998874664307","3.2679998874664307","41978","41978","41978","3.322000026702881","3.322000026702881","3.322000026702881"
"1842","42230","42230","42230","3.327000141143799","3.327000141143799","3.327000141143799","42167","42167","42167","3.3499999046325684","3.3499999046325684","3.3499999046325684","41980","41980","41980","3.306999683380127","3.306999683380127","3.306999683380127"
"1843","42232","42232","42232","3.2360000610351562","3.2360000610351562","3.2360000610351562","42169","42169","42169","3.1579999923706055","3.1579999923706055","3.1579999923706055","41982","41982","41982","3.4029998779296875","3.4029998779296875","3.4029998779296875"
"1844","42234","42234","42234","3.123000144958496","3.123000144958496","3.123000144958496","42171","42171","42171","3.4060001373291016","3.4060001373291016","3.4060001373291016","41984","41984","41984","3.388000011444092","3.388000011444092","3.388000011444092"
"1845","42403","42403","42403","1.0120000839233398","1.0120000839233398","1.0120000839233398","42335","42335","42335","1.0120000839233398","1.0120000839233398","1.0120000839233398","42146","42146","42146","3.0829997062683105","3.0829997062683105","3.0829997062683105"
"1846","42405","42405","42405","3.0910000801086426","3.0910000801086426","3.0910000801086426","42337","42337","42337","2.8980002403259277","2.8980002403259277","2.8980002403259277","42148","42148","42148","3.126999855041504","3.126999855041504","3.126999855041504"
"1847","42407","42407","42407","2.861999988555908","2.861999988555908","2.861999988555908","42339","42339","42339","0.9919998645782471","0.9919998645782471","0.9919998645782471","42150","42150","42150","3.131999969482422","3.131999969482422","3.131999969482422"
"1848","42409","42409","42409","3.2899999618530273","3.2899999618530273","3.2899999618530273","42341","42341","42341","3.3249995708465576","3.3249995708465576","3.3249995708465576","42152","42152","42152","3.3359994888305664","3.3359994888305664","3.3359994888305664"
"1849","42411","42411","42411","3.322999954223633","3.322999954223633","3.322999954223633","42343","42343","42343","3.322000026702881","3.322000026702881","3.322000026702881","42154","42154","42154","3.367000102996826","3.367000102996826","3.367000102996826"
"1850","42413","42413","42413","3.240000009536743","3.240000009536743","3.240000009536743","42345","42345","42345","3.2899999618530273","3.2899999618530273","3.2899999618530273","42156","42156","42156","3.357999801635742","3.357999801635742","3.357999801635742"
"1851","42415","42415","42415","3.3330001831054688","3.3330001831054688","3.3330001831054688","42347","42347","42347","3.3309998512268066","3.3309998512268066","3.3309998512268066","42158","42158","42158","3.3289999961853027","3.3289999961853027","3.3289999961853027"
"1852","42417","42417","42417","3.242000102996826","3.242000102996826","3.242000102996826","42349","42349","42349","3.260999917984009","3.260999917984009","3.260999917984009","42160","42160","42160","3.3979997634887695","3.3979997634887695","3.3979997634887695"
"1853","42419","42419","42419","1.241999864578247","1.241999864578247","1.241999864578247","42351","42351","42351","3.309999942779541","3.309999942779541","3.309999942779541","42162","42162","42162","3.3899998664855957","3.3899998664855957","3.3899998664855957"
"1854","42585","42585","42585","2.8889999389648438","2.8889999389648438","2.8889999389648438","42512","42512","42512","2.934999942779541","2.934999942779541","2.934999942779541","42319","42319","42319","2.937999963760376","2.937999963760376","2.937999963760376"
"1855","42587","42587","42587","3.1070001125335693","3.1070001125335693","3.1070001125335693","42514","42514","42514","3.1389999389648438","3.1389999389648438","3.1389999389648438","42321","42321","42321","3.122999668121338","3.122999668121338","3.122999668121338"
"1856","42589","42589","42589","3.072000026702881","3.072000026702881","3.072000026702881","42516","42516","42516","3.0230002403259277","3.0230002403259277","3.0230002403259277","42323","42323","42323","3.163999557495117","3.163999557495117","3.163999557495117"
"1857","42591","42591","42591","3.297999858856201","3.297999858856201","3.297999858856201","42518","42518","42518","3.25","3.25","3.25","42325","42325","42325","3.3209996223449707","3.3209996223449707","3.3209996223449707"
"1858","42593","42593","42593","3.3370001316070557","3.3370001316070557","3.3370001316070557","42520","42520","42520","3.2769999504089355","3.2769999504089355","3.2769999504089355","42327","42327","42327","3.3509998321533203","3.3509998321533203","3.3509998321533203"
"1859","42595","42595","42595","3.254999876022339","3.254999876022339","3.254999876022339","42522","42522","42522","3.3509998321533203","3.3509998321533203","3.3509998321533203","42329","42329","42329","3.3460001945495605","3.3460001945495605","3.3460001945495605"
"1860","42597","42597","42597","3.307000160217285","3.307000160217285","3.307000160217285","42524","42524","42524","3.3449997901916504","3.3449997901916504","3.3449997901916504","42331","42331","42331","3.3340001106262207","3.3340001106262207","3.3340001106262207"
"1861","42599","42599","42599","3.25","3.25","3.25","42526","42526","42526","3.183000087738037","3.183000087738037","3.183000087738037","42333","42333","42333","3.381999969482422","3.381999969482422","3.381999969482422"
"1862","42601","42601","42601","3.370000123977661","3.370000123977661","3.370000123977661","42528","42528","42528","3.311000108718872","3.311000108718872","3.311000108718872","42335","42335","42335","3.4049997329711914","3.4049997329711914","3.4049997329711914"
"1863","42765","42765","42765","2.917999744415283","2.917999744415283","2.917999744415283","42691","42691","42691","1.0120000839233398","1.0120000839233398","1.0120000839233398","42495","42495","42495","2.942000150680542","2.942000150680542","2.942000150680542"
"1864","42767","42767","42767","3.0910000801086426","3.0910000801086426","3.0910000801086426","42693","42693","42693","2.888000011444092","2.888000011444092","2.888000011444092","42497","42497","42497","3.1000003814697266","3.1000003814697266","3.1000003814697266"
"1865","42769","42769","42769","3.071000099182129","3.071000099182129","3.071000099182129","42695","42695","42695","0.9919998645782471","0.9919998645782471","0.9919998645782471","42499","42499","42499","3.0989999771118164","3.0989999771118164","3.0989999771118164"
"1866","42771","42771","42771","3.305999755859375","3.305999755859375","3.305999755859375","42697","42697","42697","3.3349995613098145","3.3349995613098145","3.3349995613098145","42501","42501","42501","3.3269996643066406","3.3269996643066406","3.3269996643066406"
"1867","42773","42773","42773","3.241999864578247","3.241999864578247","3.241999864578247","42699","42699","42699","3.253999710083008","3.253999710083008","3.253999710083008","42503","42503","42503","3.3519997596740723","3.3519997596740723","3.3519997596740723"
"1868","42775","42775","42775","3.24399995803833","3.24399995803833","3.24399995803833","42701","42701","42701","3.3309998512268066","3.3309998512268066","3.3309998512268066","42505","42505","42505","3.321000099182129","3.321000099182129","3.321000099182129"
"1869","42777","42777","42777","3.332000255584717","3.332000255584717","3.332000255584717","42703","42703","42703","3.3330001831054688","3.3330001831054688","3.3330001831054688","42507","42507","42507","3.3330001831054688","3.3330001831054688","3.3330001831054688"
"1870","42779","42779","42779","3.2260000705718994","3.2260000705718994","3.2260000705718994","42705","42705","42705","3.315000057220459","3.315000057220459","3.315000057220459","42509","42509","42509","3.38700008392334","3.38700008392334","3.38700008392334"
"1871","42781","42781","42781","3.3570001125335693","3.3570001125335693","3.3570001125335693","42707","42707","42707","3.3680002689361572","3.3680002689361572","3.3680002689361572","42511","42511","42511","3.2230000495910645","3.2230000495910645","3.2230000495910645"
"1872","42944","42944","42944","1.0120002031326294","1.0120002031326294","1.0120002031326294","42870","42870","42870","2.9129998683929443","2.9129998683929443","2.9129998683929443","","","","","",""
"1873","42946","42946","42946","3.0889999866485596","3.0889999866485596","3.0889999866485596","42872","42872","42872","3.1039998531341553","3.1039998531341553","3.1039998531341553","","","","","",""
"1874","42948","42948","42948","3.0460002422332764","3.0460002422332764","3.0460002422332764","42874","42874","42874","3.0390000343322754","3.0390000343322754","3.0390000343322754","","","","","",""
"1875","42950","42950","42950","3.250999927520752","3.250999927520752","3.250999927520752","42876","42876","42876","3.3319997787475586","3.3319997787475586","3.3319997787475586","","","","","",""
"1876","42952","42952","42952","3.241999864578247","3.241999864578247","3.241999864578247","42878","42878","42878","3.321000099182129","3.321000099182129","3.321000099182129","","","","","",""
"1877","42954","42954","42954","3.24399995803833","3.24399995803833","3.24399995803833","42880","42880","42880","3.2779998779296875","3.2779998779296875","3.2779998779296875","","","","","",""
"1878","42956","42956","42956","3.312000274658203","3.312000274658203","3.312000274658203","42882","42882","42882","3.305999994277954","3.305999994277954","3.305999994277954","","","","","",""
"1879","42958","42958","42958","3.248999834060669","3.248999834060669","3.248999834060669","42884","42884","42884","3.171999931335449","3.171999931335449","3.171999931335449","","","","","",""
"1880","42960","42960","42960","3.198000192642212","3.198000192642212","3.198000192642212","42886","42886","42886","3.2310001850128174","3.2310001850128174","3.2310001850128174","","","","","",""
"1881","43120","43120","43120","1.0120000839233398","1.0120000839233398","1.0120000839233398","","","","","","","","","","","",""
"1882","43122","43122","43122","3.0889999866485596","3.0889999866485596","3.0889999866485596","","","","","","","","","","","",""
"1883","43124","43124","43124","0.9920001029968262","0.9920001029968262","0.9920001029968262","","","","","","","","","","","",""
"1884","43126","43126","43126","3.24399995803833","3.24399995803833","3.24399995803833","","","","","","","","","","","",""
"1885","43128","43128","43128","3.241999864578247","3.241999864578247","3.241999864578247","","","","","","","","","","","",""
"1886","43130","43130","43130","3.24399995803833","3.24399995803833","3.24399995803833","","","","","","","","","","","",""
"1887","43132","43132","43132","3.3299999237060547","3.3299999237060547","3.3299999237060547","","","","","","","","","","","",""
"1888","43134","43134","43134","3.251999855041504","3.251999855041504","3.251999855041504","","","","","","","","","","","",""
"1889","43136","43136","43136","3.200000286102295","3.200000286102295","3.200000286102295","","","","","","","","","","","",""