"Evaluate/step_episode","long_rainbowmini_2025-05-25_11-32-15 - _step","long_rainbowmini_2025-05-25_11-32-15 - _step__MIN","long_rainbowmini_2025-05-25_11-32-15 - _step__MAX","long_rainbowmini_2025-05-25_11-32-15 - Evaluate/EpProgress","long_rainbowmini_2025-05-25_11-32-15 - Evaluate/EpProgress__MIN","long_rainbowmini_2025-05-25_11-32-15 - Evaluate/EpProgress__MAX","no_spatial_rainbowmini_2024-12-23_18-12-29 - _step","no_spatial_rainbowmini_2024-12-23_18-12-29 - _step__MIN","no_spatial_rainbowmini_2024-12-23_18-12-29 - _step__MAX","no_spatial_rainbowmini_2024-12-23_18-12-29 - Evaluate/EpProgress","no_spatial_rainbowmini_2024-12-23_18-12-29 - Evaluate/EpProgress__MIN","no_spatial_rainbowmini_2024-12-23_18-12-29 - Evaluate/EpProgress__MAX","FactoryTaskAllocationMiC_2024-12-08_15-44-10 - _step","FactoryTaskAllocationMiC_2024-12-08_15-44-10 - _step__MIN","FactoryTaskAllocationMiC_2024-12-08_15-44-10 - _step__MAX","FactoryTaskAllocationMiC_2024-12-08_15-44-10 - Evaluate/EpProgress","FactoryTaskAllocationMiC_2024-12-08_15-44-10 - Evaluate/EpProgress__MIN","FactoryTaskAllocationMiC_2024-12-08_15-44-10 - Evaluate/EpProgress__MAX"
"0","5919","5919","5919","0","0","0","5832","5832","5832","0","0","0","5899","5899","5899","0","0","0"
"1","5921","5921","5921","1","1","1","5834","5834","5834","1","1","1","5901","5901","5901","1","1","1"
"2","5923","5923","5923","1","1","1","5836","5836","5836","1","1","1","5903","5903","5903","1","1","1"
"3","5925","5925","5925","0","0","0","5838","5838","5838","0","0","0","5905","5905","5905","0","0","0"
"4","5927","5927","5927","1","1","1","5840","5840","5840","1","1","1","5907","5907","5907","1","1","1"
"5","5929","5929","5929","1","1","1","5842","5842","5842","1","1","1","5909","5909","5909","1","1","1"
"6","5931","5931","5931","1","1","1","5844","5844","5844","0","0","0","5911","5911","5911","0","0","0"
"7","5933","5933","5933","1","1","1","5846","5846","5846","1","1","1","5913","5913","5913","1","1","1"
"8","5935","5935","5935","1","1","1","5848","5848","5848","1","1","1","5915","5915","5915","1","1","1"
"9","6046","6046","6046","0","0","0","6019","6019","6019","0","0","0","6087","6087","6087","0","0","0"
"10","6048","6048","6048","1","1","1","6021","6021","6021","1","1","1","6089","6089","6089","1","1","1"
"11","6050","6050","6050","1","1","1","6023","6023","6023","1","1","1","6091","6091","6091","1","1","1"
"12","6052","6052","6052","1","1","1","6025","6025","6025","0","0","0","6093","6093","6093","0","0","0"
"13","6054","6054","6054","1","1","1","6027","6027","6027","1","1","1","6095","6095","6095","1","1","1"
"14","6056","6056","6056","1","1","1","6029","6029","6029","1","1","1","6097","6097","6097","1","1","1"
"15","6058","6058","6058","0.8","0.8","0.8","6031","6031","6031","0","0","0","6099","6099","6099","1","1","1"
"16","6060","6060","6060","1","1","1","6033","6033","6033","1","1","1","6101","6101","6101","1","1","1"
"17","6062","6062","6062","1","1","1","6035","6035","6035","1","1","1","6103","6103","6103","1","1","1"
"18","6233","6233","6233","0","0","0","6199","6199","6199","0","0","0","6267","6267","6267","0","0","0"
"19","6235","6235","6235","1","1","1","6201","6201","6201","1","1","1","6269","6269","6269","1","1","1"
"20","6237","6237","6237","1","1","1","6203","6203","6203","1","1","1","6271","6271","6271","1","1","1"
"21","6239","6239","6239","0","0","0","6205","6205","6205","1","1","1","6273","6273","6273","1","1","1"
"22","6241","6241","6241","1","1","1","6207","6207","6207","1","1","1","6275","6275","6275","1","1","1"
"23","6243","6243","6243","0.8","0.8","0.8","6209","6209","6209","1","1","1","6277","6277","6277","1","1","1"
"24","6245","6245","6245","0","0","0","6211","6211","6211","1","1","1","6279","6279","6279","1","1","1"
"25","6247","6247","6247","1","1","1","6213","6213","6213","1","1","1","6281","6281","6281","1","1","1"
"26","6249","6249","6249","1","1","1","6215","6215","6215","1","1","1","6283","6283","6283","1","1","1"
"27","6413","6413","6413","0","0","0","6379","6379","6379","0","0","0","6450","6450","6450","0","0","0"
"28","6415","6415","6415","1","1","1","6381","6381","6381","1","1","1","6452","6452","6452","1","1","1"
"29","6417","6417","6417","1","1","1","6383","6383","6383","1","1","1","6454","6454","6454","1","1","1"
"30","6419","6419","6419","0","0","0","6385","6385","6385","1","1","1","6456","6456","6456","1","1","1"
"31","6421","6421","6421","1","1","1","6387","6387","6387","1","1","1","6458","6458","6458","1","1","1"
"32","6423","6423","6423","1","1","1","6389","6389","6389","0.8","0.8","0.8","6460","6460","6460","1","1","1"
"33","6425","6425","6425","1","1","1","6391","6391","6391","1","1","1","6462","6462","6462","1","1","1"
"34","6427","6427","6427","0.9","0.9","0.9","6393","6393","6393","1","1","1","6464","6464","6464","1","1","1"
"35","6429","6429","6429","1","1","1","6395","6395","6395","1","1","1","6466","6466","6466","1","1","1"
"36","6593","6593","6593","0","0","0","6559","6559","6559","0","0","0","6626","6626","6626","0","0","0"
"37","6595","6595","6595","1","1","1","6561","6561","6561","1","1","1","6628","6628","6628","1","1","1"
"38","6597","6597","6597","1","1","1","6563","6563","6563","1","1","1","6630","6630","6630","0.8","0.8","0.8"
"39","6599","6599","6599","1","1","1","6565","6565","6565","1","1","1","6632","6632","6632","0","0","0"
"40","6601","6601","6601","1","1","1","6567","6567","6567","0.8","0.8","0.8","6634","6634","6634","1","1","1"
"41","6603","6603","6603","0.8","0.8","0.8","6569","6569","6569","0.8","0.8","0.8","6636","6636","6636","0.8","0.8","0.8"
"42","6605","6605","6605","1","1","1","6571","6571","6571","1","1","1","6638","6638","6638","1","1","1"
"43","6607","6607","6607","1","1","1","6573","6573","6573","0.8","0.8","0.8","6640","6640","6640","1","1","1"
"44","6609","6609","6609","1","1","1","6575","6575","6575","1","1","1","6642","6642","6642","0.9","0.9","0.9"
"45","6781","6781","6781","0","0","0","6743","6743","6743","0","0","0","6802","6802","6802","0","0","0"
"46","6783","6783","6783","1","1","1","6745","6745","6745","1","1","1","6804","6804","6804","1","1","1"
"47","6785","6785","6785","1","1","1","6747","6747","6747","1","1","1","6806","6806","6806","1","1","1"
"48","6787","6787","6787","0","0","0","6749","6749","6749","1","1","1","6808","6808","6808","1","1","1"
"49","6789","6789","6789","0.8","0.8","0.8","6751","6751","6751","1","1","1","6810","6810","6810","1","1","1"
"50","6791","6791","6791","1","1","1","6753","6753","6753","1","1","1","6812","6812","6812","0.8","0.8","0.8"
"51","6793","6793","6793","1","1","1","6755","6755","6755","1","1","1","6814","6814","6814","1","1","1"
"52","6795","6795","6795","1","1","1","6757","6757","6757","1","1","1","6816","6816","6816","1","1","1"
"53","6797","6797","6797","1","1","1","6759","6759","6759","1","1","1","6818","6818","6818","1","1","1"
"54","6969","6969","6969","0","0","0","6926","6926","6926","0","0","0","6985","6985","6985","0","0","0"
"55","6971","6971","6971","1","1","1","6928","6928","6928","1","1","1","6987","6987","6987","1","1","1"
"56","6973","6973","6973","1","1","1","6930","6930","6930","1","1","1","6989","6989","6989","1","1","1"
"57","6975","6975","6975","1","1","1","6932","6932","6932","0","0","0","6991","6991","6991","1","1","1"
"58","6977","6977","6977","0.8","0.8","0.8","6934","6934","6934","1","1","1","6993","6993","6993","1","1","1"
"59","6979","6979","6979","0.8","0.8","0.8","6936","6936","6936","0.8","0.8","0.8","6995","6995","6995","0.8","0.8","0.8"
"60","6981","6981","6981","1","1","1","6938","6938","6938","1","1","1","6997","6997","6997","1","1","1"
"61","6983","6983","6983","1","1","1","6940","6940","6940","1","1","1","6999","6999","6999","1","1","1"
"62","6985","6985","6985","1","1","1","6942","6942","6942","1","1","1","7001","7001","7001","1","1","1"
"63","7152","7152","7152","1","1","1","7106","7106","7106","1","1","1","7169","7169","7169","0","0","0"
"64","7154","7154","7154","1","1","1","7108","7108","7108","1","1","1","7171","7171","7171","1","1","1"
"65","7156","7156","7156","1","1","1","7110","7110","7110","1","1","1","7173","7173","7173","1","1","1"
"66","7158","7158","7158","1","1","1","7112","7112","7112","1","1","1","7175","7175","7175","1","1","1"
"67","7160","7160","7160","1","1","1","7114","7114","7114","1","1","1","7177","7177","7177","0.8","0.8","0.8"
"68","7162","7162","7162","0.8","0.8","0.8","7116","7116","7116","0.8","0.8","0.8","7179","7179","7179","0.8","0.8","0.8"
"69","7164","7164","7164","1","1","1","7118","7118","7118","1","1","1","7181","7181","7181","1","1","1"
"70","7166","7166","7166","1","1","1","7120","7120","7120","1","1","1","7183","7183","7183","1","1","1"
"71","7168","7168","7168","1","1","1","7122","7122","7122","1","1","1","7185","7185","7185","1","1","1"
"72","7325","7325","7325","1","1","1","7284","7284","7284","0","0","0","7350","7350","7350","0","0","0"
"73","7327","7327","7327","1","1","1","7286","7286","7286","1","1","1","7352","7352","7352","1","1","1"
"74","7329","7329","7329","1","1","1","7288","7288","7288","1","1","1","7354","7354","7354","1","1","1"
"75","7331","7331","7331","1","1","1","7290","7290","7290","1","1","1","7356","7356","7356","0","0","0"
"76","7333","7333","7333","1","1","1","7292","7292","7292","0.8","0.8","0.8","7358","7358","7358","1","1","1"
"77","7335","7335","7335","1","1","1","7294","7294","7294","1","1","1","7360","7360","7360","1","1","1"
"78","7337","7337","7337","1","1","1","7296","7296","7296","1","1","1","7362","7362","7362","1","1","1"
"79","7339","7339","7339","1","1","1","7298","7298","7298","1","1","1","7364","7364","7364","1","1","1"
"80","7341","7341","7341","1","1","1","7300","7300","7300","1","1","1","7366","7366","7366","1","1","1"
"81","7504","7504","7504","1","1","1","7460","7460","7460","1","1","1","7532","7532","7532","0","0","0"
"82","7506","7506","7506","1","1","1","7462","7462","7462","0.8","0.8","0.8","7534","7534","7534","1","1","1"
"83","7508","7508","7508","1","1","1","7464","7464","7464","1","1","1","7536","7536","7536","0.8","0.8","0.8"
"84","7510","7510","7510","1","1","1","7466","7466","7466","1","1","1","7538","7538","7538","1","1","1"
"85","7512","7512","7512","0.8","0.8","0.8","7468","7468","7468","1","1","1","7540","7540","7540","0.8","0.8","0.8"
"86","7514","7514","7514","1","1","1","7470","7470","7470","1","1","1","7542","7542","7542","1","1","1"
"87","7516","7516","7516","1","1","1","7472","7472","7472","1","1","1","7544","7544","7544","1","1","1"
"88","7518","7518","7518","1","1","1","7474","7474","7474","1","1","1","7546","7546","7546","1","1","1"
"89","7520","7520","7520","1","1","1","7476","7476","7476","1","1","1","7548","7548","7548","1","1","1"
"90","7676","7676","7676","1","1","1","7634","7634","7634","0","0","0","7713","7713","7713","0","0","0"
"91","7678","7678","7678","1","1","1","7636","7636","7636","1","1","1","7715","7715","7715","1","1","1"
"92","7680","7680","7680","1","1","1","7638","7638","7638","1","1","1","7717","7717","7717","1","1","1"
"93","7682","7682","7682","1","1","1","7640","7640","7640","1","1","1","7719","7719","7719","0","0","0"
"94","7684","7684","7684","1","1","1","7642","7642","7642","1","1","1","7721","7721","7721","1","1","1"
"95","7686","7686","7686","0.8","0.8","0.8","7644","7644","7644","1","1","1","7723","7723","7723","1","1","1"
"96","7688","7688","7688","1","1","1","7646","7646","7646","1","1","1","7725","7725","7725","1","1","1"
"97","7690","7690","7690","1","1","1","7648","7648","7648","1","1","1","7727","7727","7727","1","1","1"
"98","7692","7692","7692","1","1","1","7650","7650","7650","1","1","1","7729","7729","7729","1","1","1"
"99","7854","7854","7854","0.8","0.8","0.8","7810","7810","7810","1","1","1","7891","7891","7891","1","1","1"
"100","7856","7856","7856","1","1","1","7812","7812","7812","1","1","1","7893","7893","7893","1","1","1"
"101","7858","7858","7858","1","1","1","7814","7814","7814","1","1","1","7895","7895","7895","1","1","1"
"102","7860","7860","7860","1","1","1","7816","7816","7816","1","1","1","7897","7897","7897","1","1","1"
"103","7862","7862","7862","0.8","0.8","0.8","7818","7818","7818","1","1","1","7899","7899","7899","0.8","0.8","0.8"
"104","7864","7864","7864","1","1","1","7820","7820","7820","1","1","1","7901","7901","7901","1","1","1"
"105","7866","7866","7866","1","1","1","7822","7822","7822","1","1","1","7903","7903","7903","1","1","1"
"106","7868","7868","7868","1","1","1","7824","7824","7824","1","1","1","7905","7905","7905","1","1","1"
"107","7870","7870","7870","1","1","1","7826","7826","7826","1","1","1","7907","7907","7907","1","1","1"
"108","8030","8030","8030","1","1","1","7985","7985","7985","1","1","1","8073","8073","8073","0","0","0"
"109","8032","8032","8032","1","1","1","7987","7987","7987","1","1","1","8075","8075","8075","1","1","1"
"110","8034","8034","8034","1","1","1","7989","7989","7989","1","1","1","8077","8077","8077","1","1","1"
"111","8036","8036","8036","1","1","1","7991","7991","7991","1","1","1","8079","8079","8079","1","1","1"
"112","8038","8038","8038","1","1","1","7993","7993","7993","1","1","1","8081","8081","8081","1","1","1"
"113","8040","8040","8040","1","1","1","7995","7995","7995","1","1","1","8083","8083","8083","1","1","1"
"114","8042","8042","8042","0.8","0.8","0.8","7997","7997","7997","1","1","1","8085","8085","8085","1","1","1"
"115","8044","8044","8044","1","1","1","7999","7999","7999","1","1","1","8087","8087","8087","1","1","1"
"116","8046","8046","8046","1","1","1","8001","8001","8001","1","1","1","8089","8089","8089","1","1","1"
"117","8202","8202","8202","1","1","1","8161","8161","8161","1","1","1","8251","8251","8251","1","1","1"
"118","8204","8204","8204","1","1","1","8163","8163","8163","1","1","1","8253","8253","8253","1","1","1"
"119","8206","8206","8206","1","1","1","8165","8165","8165","1","1","1","8255","8255","8255","0.8","0.8","0.8"
"120","8208","8208","8208","1","1","1","8167","8167","8167","0","0","0","8257","8257","8257","1","1","1"
"121","8210","8210","8210","1","1","1","8169","8169","8169","1","1","1","8259","8259","8259","1","1","1"
"122","8212","8212","8212","1","1","1","8171","8171","8171","1","1","1","8261","8261","8261","1","1","1"
"123","8214","8214","8214","1","1","1","8173","8173","8173","1","1","1","8263","8263","8263","1","1","1"
"124","8216","8216","8216","1","1","1","8175","8175","8175","1","1","1","8265","8265","8265","1","1","1"
"125","8218","8218","8218","0.8","0.8","0.8","8177","8177","8177","1","1","1","8267","8267","8267","1","1","1"
"126","8378","8378","8378","0.8","0.8","0.8","8337","8337","8337","1","1","1","8425","8425","8425","1","1","1"
"127","8380","8380","8380","1","1","1","8339","8339","8339","1","1","1","8427","8427","8427","1","1","1"
"128","8382","8382","8382","0.8","0.8","0.8","8341","8341","8341","1","1","1","8429","8429","8429","1","1","1"
"129","8384","8384","8384","1","1","1","8343","8343","8343","1","1","1","8431","8431","8431","1","1","1"
"130","8386","8386","8386","1","1","1","8345","8345","8345","1","1","1","8433","8433","8433","1","1","1"
"131","8388","8388","8388","0.8","0.8","0.8","8347","8347","8347","1","1","1","8435","8435","8435","1","1","1"
"132","8390","8390","8390","1","1","1","8349","8349","8349","1","1","1","8437","8437","8437","1","1","1"
"133","8392","8392","8392","1","1","1","8351","8351","8351","1","1","1","8439","8439","8439","1","1","1"
"134","8394","8394","8394","1","1","1","8353","8353","8353","1","1","1","8441","8441","8441","1","1","1"
"135","8553","8553","8553","1","1","1","8512","8512","8512","0.8","0.8","0.8","8603","8603","8603","1","1","1"
"136","8555","8555","8555","0.8","0.8","0.8","8514","8514","8514","1","1","1","8605","8605","8605","1","1","1"
"137","8557","8557","8557","1","1","1","8516","8516","8516","1","1","1","8607","8607","8607","1","1","1"
"138","8559","8559","8559","1","1","1","8518","8518","8518","1","1","1","8609","8609","8609","1","1","1"
"139","8561","8561","8561","1","1","1","8520","8520","8520","1","1","1","8611","8611","8611","0.8","0.8","0.8"
"140","8563","8563","8563","1","1","1","8522","8522","8522","0.8","0.8","0.8","8613","8613","8613","0.8","0.8","0.8"
"141","8565","8565","8565","1","1","1","8524","8524","8524","1","1","1","8615","8615","8615","1","1","1"
"142","8567","8567","8567","1","1","1","8526","8526","8526","1","1","1","8617","8617","8617","1","1","1"
"143","8569","8569","8569","1","1","1","8528","8528","8528","1","1","1","8619","8619","8619","1","1","1"
"144","8731","8731","8731","1","1","1","8687","8687","8687","0","0","0","8781","8781","8781","0.8","0.8","0.8"
"145","8733","8733","8733","1","1","1","8689","8689","8689","1","1","1","8783","8783","8783","1","1","1"
"146","8735","8735","8735","1","1","1","8691","8691","8691","1","1","1","8785","8785","8785","1","1","1"
"147","8737","8737","8737","1","1","1","8693","8693","8693","0","0","0","8787","8787","8787","1","1","1"
"148","8739","8739","8739","1","1","1","8695","8695","8695","1","1","1","8789","8789","8789","1","1","1"
"149","8741","8741","8741","0.8","0.8","0.8","8697","8697","8697","1","1","1","8791","8791","8791","1","1","1"
"150","8743","8743","8743","1","1","1","8699","8699","8699","1","1","1","8793","8793","8793","1","1","1"
"151","8745","8745","8745","1","1","1","8701","8701","8701","1","1","1","8795","8795","8795","1","1","1"
"152","8747","8747","8747","1","1","1","8703","8703","8703","0.9","0.9","0.9","8797","8797","8797","1","1","1"
"153","8907","8907","8907","0.8","0.8","0.8","8861","8861","8861","1","1","1","8959","8959","8959","0.8","0.8","0.8"
"154","8909","8909","8909","1","1","1","8863","8863","8863","1","1","1","8961","8961","8961","1","1","1"
"155","8911","8911","8911","0.8","0.8","0.8","8865","8865","8865","1","1","1","8963","8963","8963","1","1","1"
"156","8913","8913","8913","1","1","1","8867","8867","8867","1","1","1","8965","8965","8965","1","1","1"
"157","8915","8915","8915","1","1","1","8869","8869","8869","1","1","1","8967","8967","8967","1","1","1"
"158","8917","8917","8917","1","1","1","8871","8871","8871","1","1","1","8969","8969","8969","0.8","0.8","0.8"
"159","8919","8919","8919","1","1","1","8873","8873","8873","1","1","1","8971","8971","8971","1","1","1"
"160","8921","8921","8921","1","1","1","8875","8875","8875","1","1","1","8973","8973","8973","1","1","1"
"161","8923","8923","8923","1","1","1","8877","8877","8877","1","1","1","8975","8975","8975","1","1","1"
"162","9084","9084","9084","1","1","1","9050","9050","9050","1","1","1","9140","9140","9140","0.8","0.8","0.8"
"163","9086","9086","9086","1","1","1","9052","9052","9052","0.8","0.8","0.8","9142","9142","9142","1","1","1"
"164","9088","9088","9088","1","1","1","9054","9054","9054","1","1","1","9144","9144","9144","1","1","1"
"165","9090","9090","9090","1","1","1","9056","9056","9056","1","1","1","9146","9146","9146","1","1","1"
"166","9092","9092","9092","1","1","1","9058","9058","9058","1","1","1","9148","9148","9148","1","1","1"
"167","9094","9094","9094","0.8","0.8","0.8","9060","9060","9060","1","1","1","9150","9150","9150","1","1","1"
"168","9096","9096","9096","1","1","1","9062","9062","9062","1","1","1","9152","9152","9152","1","1","1"
"169","9098","9098","9098","1","1","1","9064","9064","9064","1","1","1","9154","9154","9154","1","1","1"
"170","9100","9100","9100","1","1","1","9066","9066","9066","1","1","1","9156","9156","9156","1","1","1"
"171","9262","9262","9262","0","0","0","9230","9230","9230","0","0","0","9320","9320","9320","0.8","0.8","0.8"
"172","9264","9264","9264","1","1","1","9232","9232","9232","1","1","1","9322","9322","9322","1","1","1"
"173","9266","9266","9266","1","1","1","9234","9234","9234","1","1","1","9324","9324","9324","1","1","1"
"174","9268","9268","9268","1","1","1","9236","9236","9236","1","1","1","9326","9326","9326","1","1","1"
"175","9270","9270","9270","1","1","1","9238","9238","9238","1","1","1","9328","9328","9328","1","1","1"
"176","9272","9272","9272","1","1","1","9240","9240","9240","1","1","1","9330","9330","9330","1","1","1"
"177","9274","9274","9274","1","1","1","9242","9242","9242","0.8","0.8","0.8","9332","9332","9332","1","1","1"
"178","9276","9276","9276","1","1","1","9244","9244","9244","1","1","1","9334","9334","9334","1","1","1"
"179","9278","9278","9278","1","1","1","9246","9246","9246","1","1","1","9336","9336","9336","1","1","1"
"180","9437","9437","9437","1","1","1","9411","9411","9411","0.8","0.8","0.8","9498","9498","9498","0.8","0.8","0.8"
"181","9439","9439","9439","1","1","1","9413","9413","9413","1","1","1","9500","9500","9500","1","1","1"
"182","9441","9441","9441","1","1","1","9415","9415","9415","1","1","1","9502","9502","9502","1","1","1"
"183","9443","9443","9443","1","1","1","9417","9417","9417","1","1","1","9504","9504","9504","1","1","1"
"184","9445","9445","9445","1","1","1","9419","9419","9419","1","1","1","9506","9506","9506","0.8","0.8","0.8"
"185","9447","9447","9447","1","1","1","9421","9421","9421","0.8","0.8","0.8","9508","9508","9508","1","1","1"
"186","9449","9449","9449","1","1","1","9423","9423","9423","1","1","1","9510","9510","9510","0.8","0.8","0.8"
"187","9451","9451","9451","1","1","1","9425","9425","9425","1","1","1","9512","9512","9512","1","1","1"
"188","9453","9453","9453","1","1","1","9427","9427","9427","1","1","1","9514","9514","9514","1","1","1"
"189","9612","9612","9612","0.8","0.8","0.8","9591","9591","9591","0.8","0.8","0.8","9685","9685","9685","0.8","0.8","0.8"
"190","9614","9614","9614","1","1","1","9593","9593","9593","1","1","1","9687","9687","9687","1","1","1"
"191","9616","9616","9616","1","1","1","9595","9595","9595","1","1","1","9689","9689","9689","1","1","1"
"192","9618","9618","9618","1","1","1","9597","9597","9597","1","1","1","9691","9691","9691","1","1","1"
"193","9620","9620","9620","1","1","1","9599","9599","9599","1","1","1","9693","9693","9693","1","1","1"
"194","9622","9622","9622","1","1","1","9601","9601","9601","1","1","1","9695","9695","9695","1","1","1"
"195","9624","9624","9624","1","1","1","9603","9603","9603","1","1","1","9697","9697","9697","1","1","1"
"196","9626","9626","9626","1","1","1","9605","9605","9605","1","1","1","9699","9699","9699","1","1","1"
"197","9628","9628","9628","1","1","1","9607","9607","9607","1","1","1","9701","9701","9701","1","1","1"
"198","9789","9789","9789","1","1","1","9765","9765","9765","0.8","0.8","0.8","9863","9863","9863","1","1","1"
"199","9791","9791","9791","1","1","1","9767","9767","9767","1","1","1","9865","9865","9865","1","1","1"
"200","9793","9793","9793","1","1","1","9769","9769","9769","0.8","0.8","0.8","9867","9867","9867","1","1","1"
"201","9795","9795","9795","1","1","1","9771","9771","9771","1","1","1","9869","9869","9869","1","1","1"
"202","9797","9797","9797","1","1","1","9773","9773","9773","1","1","1","9871","9871","9871","1","1","1"
"203","9799","9799","9799","1","1","1","9775","9775","9775","1","1","1","9873","9873","9873","1","1","1"
"204","9801","9801","9801","1","1","1","9777","9777","9777","1","1","1","9875","9875","9875","1","1","1"
"205","9803","9803","9803","1","1","1","9779","9779","9779","1","1","1","9877","9877","9877","1","1","1"
"206","9805","9805","9805","1","1","1","9781","9781","9781","1","1","1","9879","9879","9879","1","1","1"
"207","9964","9964","9964","0.8","0.8","0.8","9944","9944","9944","1","1","1","10043","10043","10043","0.8","0.8","0.8"
"208","9966","9966","9966","1","1","1","9946","9946","9946","1","1","1","10045","10045","10045","1","1","1"
"209","9968","9968","9968","1","1","1","9948","9948","9948","1","1","1","10047","10047","10047","1","1","1"
"210","9970","9970","9970","1","1","1","9950","9950","9950","1","1","1","10049","10049","10049","1","1","1"
"211","9972","9972","9972","1","1","1","9952","9952","9952","1","1","1","10051","10051","10051","1","1","1"
"212","9974","9974","9974","1","1","1","9954","9954","9954","1","1","1","10053","10053","10053","1","1","1"
"213","9976","9976","9976","1","1","1","9956","9956","9956","1","1","1","10055","10055","10055","1","1","1"
"214","9978","9978","9978","1","1","1","9958","9958","9958","1","1","1","10057","10057","10057","1","1","1"
"215","9980","9980","9980","1","1","1","9960","9960","9960","1","1","1","10059","10059","10059","1","1","1"
"216","10142","10142","10142","0.8","0.8","0.8","10125","10125","10125","0.8","0.8","0.8","10223","10223","10223","0.8","0.8","0.8"
"217","10144","10144","10144","1","1","1","10127","10127","10127","1","1","1","10225","10225","10225","1","1","1"
"218","10146","10146","10146","1","1","1","10129","10129","10129","1","1","1","10227","10227","10227","0.8","0.8","0.8"
"219","10148","10148","10148","1","1","1","10131","10131","10131","1","1","1","10229","10229","10229","1","1","1"
"220","10150","10150","10150","1","1","1","10133","10133","10133","1","1","1","10231","10231","10231","1","1","1"
"221","10152","10152","10152","1","1","1","10135","10135","10135","1","1","1","10233","10233","10233","1","1","1"
"222","10154","10154","10154","1","1","1","10137","10137","10137","1","1","1","10235","10235","10235","1","1","1"
"223","10156","10156","10156","1","1","1","10139","10139","10139","1","1","1","10237","10237","10237","1","1","1"
"224","10158","10158","10158","1","1","1","10141","10141","10141","1","1","1","10239","10239","10239","1","1","1"
"225","10319","10319","10319","1","1","1","10300","10300","10300","0.8","0.8","0.8","10402","10402","10402","1","1","1"
"226","10321","10321","10321","1","1","1","10302","10302","10302","1","1","1","10404","10404","10404","1","1","1"
"227","10323","10323","10323","1","1","1","10304","10304","10304","1","1","1","10406","10406","10406","0.8","0.8","0.8"
"228","10325","10325","10325","1","1","1","10306","10306","10306","1","1","1","10408","10408","10408","1","1","1"
"229","10327","10327","10327","1","1","1","10308","10308","10308","1","1","1","10410","10410","10410","1","1","1"
"230","10329","10329","10329","1","1","1","10310","10310","10310","1","1","1","10412","10412","10412","0.8","0.8","0.8"
"231","10331","10331","10331","1","1","1","10312","10312","10312","1","1","1","10414","10414","10414","1","1","1"
"232","10333","10333","10333","1","1","1","10314","10314","10314","1","1","1","10416","10416","10416","1","1","1"
"233","10335","10335","10335","1","1","1","10316","10316","10316","1","1","1","10418","10418","10418","1","1","1"
"234","10498","10498","10498","0.8","0.8","0.8","10480","10480","10480","1","1","1","10582","10582","10582","1","1","1"
"235","10500","10500","10500","1","1","1","10482","10482","10482","1","1","1","10584","10584","10584","1","1","1"
"236","10502","10502","10502","0.8","0.8","0.8","10484","10484","10484","1","1","1","10586","10586","10586","1","1","1"
"237","10504","10504","10504","0.8","0.8","0.8","10486","10486","10486","1","1","1","10588","10588","10588","1","1","1"
"238","10506","10506","10506","1","1","1","10488","10488","10488","1","1","1","10590","10590","10590","1","1","1"
"239","10508","10508","10508","1","1","1","10490","10490","10490","1","1","1","10592","10592","10592","1","1","1"
"240","10510","10510","10510","1","1","1","10492","10492","10492","1","1","1","10594","10594","10594","1","1","1"
"241","10512","10512","10512","1","1","1","10494","10494","10494","1","1","1","10596","10596","10596","1","1","1"
"242","10514","10514","10514","1","1","1","10496","10496","10496","1","1","1","10598","10598","10598","1","1","1"
"243","10677","10677","10677","0.8","0.8","0.8","10658","10658","10658","1","1","1","10758","10758","10758","0.8","0.8","0.8"
"244","10679","10679","10679","1","1","1","10660","10660","10660","1","1","1","10760","10760","10760","1","1","1"
"245","10681","10681","10681","1","1","1","10662","10662","10662","1","1","1","10762","10762","10762","1","1","1"
"246","10683","10683","10683","1","1","1","10664","10664","10664","1","1","1","10764","10764","10764","1","1","1"
"247","10685","10685","10685","1","1","1","10666","10666","10666","1","1","1","10766","10766","10766","1","1","1"
"248","10687","10687","10687","1","1","1","10668","10668","10668","1","1","1","10768","10768","10768","1","1","1"
"249","10689","10689","10689","1","1","1","10670","10670","10670","1","1","1","10770","10770","10770","1","1","1"
"250","10691","10691","10691","1","1","1","10672","10672","10672","1","1","1","10772","10772","10772","1","1","1"
"251","10693","10693","10693","1","1","1","10674","10674","10674","1","1","1","10774","10774","10774","1","1","1"
"252","10853","10853","10853","0.8","0.8","0.8","10839","10839","10839","0.8","0.8","0.8","10934","10934","10934","1","1","1"
"253","10855","10855","10855","1","1","1","10841","10841","10841","1","1","1","10936","10936","10936","1","1","1"
"254","10857","10857","10857","0.8","0.8","0.8","10843","10843","10843","0.8","0.8","0.8","10938","10938","10938","0.8","0.8","0.8"
"255","10859","10859","10859","1","1","1","10845","10845","10845","1","1","1","10940","10940","10940","1","1","1"
"256","10861","10861","10861","1","1","1","10847","10847","10847","1","1","1","10942","10942","10942","1","1","1"
"257","10863","10863","10863","0.8","0.8","0.8","10849","10849","10849","1","1","1","10944","10944","10944","1","1","1"
"258","10865","10865","10865","1","1","1","10851","10851","10851","1","1","1","10946","10946","10946","1","1","1"
"259","10867","10867","10867","1","1","1","10853","10853","10853","1","1","1","10948","10948","10948","1","1","1"
"260","10869","10869","10869","0.9","0.9","0.9","10855","10855","10855","1","1","1","10950","10950","10950","1","1","1"
"261","11035","11035","11035","0.8","0.8","0.8","11019","11019","11019","0.8","0.8","0.8","11112","11112","11112","0.8","0.8","0.8"
"262","11037","11037","11037","1","1","1","11021","11021","11021","1","1","1","11114","11114","11114","1","1","1"
"263","11039","11039","11039","1","1","1","11023","11023","11023","0.8","0.8","0.8","11116","11116","11116","1","1","1"
"264","11041","11041","11041","0.8","0.8","0.8","11025","11025","11025","1","1","1","11118","11118","11118","1","1","1"
"265","11043","11043","11043","1","1","1","11027","11027","11027","1","1","1","11120","11120","11120","1","1","1"
"266","11045","11045","11045","1","1","1","11029","11029","11029","1","1","1","11122","11122","11122","1","1","1"
"267","11047","11047","11047","1","1","1","11031","11031","11031","1","1","1","11124","11124","11124","1","1","1"
"268","11049","11049","11049","1","1","1","11033","11033","11033","1","1","1","11126","11126","11126","1","1","1"
"269","11051","11051","11051","0.8","0.8","0.8","11035","11035","11035","1","1","1","11128","11128","11128","1","1","1"
"270","11212","11212","11212","0.8","0.8","0.8","11196","11196","11196","0.8","0.8","0.8","11289","11289","11289","0.8","0.8","0.8"
"271","11214","11214","11214","0.8","0.8","0.8","11198","11198","11198","1","1","1","11291","11291","11291","1","1","1"
"272","11216","11216","11216","1","1","1","11200","11200","11200","1","1","1","11293","11293","11293","0.8","0.8","0.8"
"273","11218","11218","11218","1","1","1","11202","11202","11202","1","1","1","11295","11295","11295","1","1","1"
"274","11220","11220","11220","1","1","1","11204","11204","11204","1","1","1","11297","11297","11297","1","1","1"
"275","11222","11222","11222","0.8","0.8","0.8","11206","11206","11206","1","1","1","11299","11299","11299","1","1","1"
"276","11224","11224","11224","1","1","1","11208","11208","11208","1","1","1","11301","11301","11301","1","1","1"
"277","11226","11226","11226","1","1","1","11210","11210","11210","1","1","1","11303","11303","11303","1","1","1"
"278","11228","11228","11228","1","1","1","11212","11212","11212","1","1","1","11305","11305","11305","1","1","1"
"279","11394","11394","11394","1","1","1","11376","11376","11376","0.8","0.8","0.8","11461","11461","11461","0.8","0.8","0.8"
"280","11396","11396","11396","0.8","0.8","0.8","11378","11378","11378","1","1","1","11463","11463","11463","1","1","1"
"281","11398","11398","11398","0.8","0.8","0.8","11380","11380","11380","0.8","0.8","0.8","11465","11465","11465","0.8","0.8","0.8"
"282","11400","11400","11400","1","1","1","11382","11382","11382","1","1","1","11467","11467","11467","1","1","1"
"283","11402","11402","11402","1","1","1","11384","11384","11384","1","1","1","11469","11469","11469","0.8","0.8","0.8"
"284","11404","11404","11404","1","1","1","11386","11386","11386","1","1","1","11471","11471","11471","1","1","1"
"285","11406","11406","11406","1","1","1","11388","11388","11388","1","1","1","11473","11473","11473","1","1","1"
"286","11408","11408","11408","1","1","1","11390","11390","11390","1","1","1","11475","11475","11475","1","1","1"
"287","11410","11410","11410","1","1","1","11392","11392","11392","1","1","1","11477","11477","11477","1","1","1"
"288","11573","11573","11573","0.8","0.8","0.8","11553","11553","11553","0.8","0.8","0.8","11640","11640","11640","0.8","0.8","0.8"
"289","11575","11575","11575","1","1","1","11555","11555","11555","1","1","1","11642","11642","11642","1","1","1"
"290","11577","11577","11577","0.8","0.8","0.8","11557","11557","11557","1","1","1","11644","11644","11644","0.8","0.8","0.8"
"291","11579","11579","11579","1","1","1","11559","11559","11559","1","1","1","11646","11646","11646","1","1","1"
"292","11581","11581","11581","1","1","1","11561","11561","11561","1","1","1","11648","11648","11648","1","1","1"
"293","11583","11583","11583","1","1","1","11563","11563","11563","1","1","1","11650","11650","11650","1","1","1"
"294","11585","11585","11585","1","1","1","11565","11565","11565","1","1","1","11652","11652","11652","1","1","1"
"295","11587","11587","11587","1","1","1","11567","11567","11567","1","1","1","11654","11654","11654","1","1","1"
"296","11589","11589","11589","1","1","1","11569","11569","11569","1","1","1","11656","11656","11656","1","1","1"
"297","11751","11751","11751","0.8","0.8","0.8","11727","11727","11727","1","1","1","11814","11814","11814","0.8","0.8","0.8"
"298","11753","11753","11753","0.8","0.8","0.8","11729","11729","11729","1","1","1","11816","11816","11816","1","1","1"
"299","11755","11755","11755","1","1","1","11731","11731","11731","0.8","0.8","0.8","11818","11818","11818","0.8","0.8","0.8"
"300","11757","11757","11757","1","1","1","11733","11733","11733","1","1","1","11820","11820","11820","1","1","1"
"301","11759","11759","11759","1","1","1","11735","11735","11735","1","1","1","11822","11822","11822","1","1","1"
"302","11761","11761","11761","1","1","1","11737","11737","11737","1","1","1","11824","11824","11824","1","1","1"
"303","11763","11763","11763","1","1","1","11739","11739","11739","1","1","1","11826","11826","11826","1","1","1"
"304","11765","11765","11765","1","1","1","11741","11741","11741","1","1","1","11828","11828","11828","1","1","1"
"305","11767","11767","11767","1","1","1","11743","11743","11743","1","1","1","11830","11830","11830","1","1","1"
"306","11931","11931","11931","0.8","0.8","0.8","11908","11908","11908","0.8","0.8","0.8","11995","11995","11995","0.8","0.8","0.8"
"307","11933","11933","11933","1","1","1","11910","11910","11910","0.8","0.8","0.8","11997","11997","11997","1","1","1"
"308","11935","11935","11935","1","1","1","11912","11912","11912","1","1","1","11999","11999","11999","1","1","1"
"309","11937","11937","11937","1","1","1","11914","11914","11914","1","1","1","12001","12001","12001","1","1","1"
"310","11939","11939","11939","1","1","1","11916","11916","11916","1","1","1","12003","12003","12003","1","1","1"
"311","11941","11941","11941","1","1","1","11918","11918","11918","1","1","1","12005","12005","12005","1","1","1"
"312","11943","11943","11943","1","1","1","11920","11920","11920","1","1","1","12007","12007","12007","1","1","1"
"313","11945","11945","11945","1","1","1","11922","11922","11922","1","1","1","12009","12009","12009","1","1","1"
"314","11947","11947","11947","0.8","0.8","0.8","11924","11924","11924","1","1","1","12011","12011","12011","1","1","1"
"315","12112","12112","12112","0.8","0.8","0.8","12088","12088","12088","0.8","0.8","0.8","12167","12167","12167","1","1","1"
"316","12114","12114","12114","1","1","1","12090","12090","12090","1","1","1","12169","12169","12169","1","1","1"
"317","12116","12116","12116","1","1","1","12092","12092","12092","1","1","1","12171","12171","12171","1","1","1"
"318","12118","12118","12118","1","1","1","12094","12094","12094","1","1","1","12173","12173","12173","1","1","1"
"319","12120","12120","12120","1","1","1","12096","12096","12096","1","1","1","12175","12175","12175","1","1","1"
"320","12122","12122","12122","1","1","1","12098","12098","12098","1","1","1","12177","12177","12177","1","1","1"
"321","12124","12124","12124","1","1","1","12100","12100","12100","1","1","1","12179","12179","12179","1","1","1"
"322","12126","12126","12126","1","1","1","12102","12102","12102","1","1","1","12181","12181","12181","1","1","1"
"323","12128","12128","12128","1","1","1","12104","12104","12104","1","1","1","12183","12183","12183","1","1","1"
"324","12292","12292","12292","0.8","0.8","0.8","12262","12262","12262","0.8","0.8","0.8","12349","12349","12349","0.8","0.8","0.8"
"325","12294","12294","12294","1","1","1","12264","12264","12264","1","1","1","12351","12351","12351","1","1","1"
"326","12296","12296","12296","1","1","1","12266","12266","12266","1","1","1","12353","12353","12353","1","1","1"
"327","12298","12298","12298","1","1","1","12268","12268","12268","1","1","1","12355","12355","12355","1","1","1"
"328","12300","12300","12300","1","1","1","12270","12270","12270","1","1","1","12357","12357","12357","0.8","0.8","0.8"
"329","12302","12302","12302","1","1","1","12272","12272","12272","1","1","1","12359","12359","12359","1","1","1"
"330","12304","12304","12304","1","1","1","12274","12274","12274","1","1","1","12361","12361","12361","1","1","1"
"331","12306","12306","12306","1","1","1","12276","12276","12276","1","1","1","12363","12363","12363","1","1","1"
"332","12308","12308","12308","1","1","1","12278","12278","12278","1","1","1","12365","12365","12365","1","1","1"
"333","12469","12469","12469","0.8","0.8","0.8","12441","12441","12441","0.8","0.8","0.8","12529","12529","12529","0.8","0.8","0.8"
"334","12471","12471","12471","1","1","1","12443","12443","12443","1","1","1","12531","12531","12531","1","1","1"
"335","12473","12473","12473","1","1","1","12445","12445","12445","1","1","1","12533","12533","12533","1","1","1"
"336","12475","12475","12475","1","1","1","12447","12447","12447","1","1","1","12535","12535","12535","1","1","1"
"337","12477","12477","12477","1","1","1","12449","12449","12449","1","1","1","12537","12537","12537","1","1","1"
"338","12479","12479","12479","1","1","1","12451","12451","12451","1","1","1","12539","12539","12539","1","1","1"
"339","12481","12481","12481","1","1","1","12453","12453","12453","1","1","1","12541","12541","12541","1","1","1"
"340","12483","12483","12483","1","1","1","12455","12455","12455","1","1","1","12543","12543","12543","1","1","1"
"341","12485","12485","12485","0.9","0.9","0.9","12457","12457","12457","1","1","1","12545","12545","12545","1","1","1"
"342","12657","12657","12657","0.8","0.8","0.8","12623","12623","12623","0.8","0.8","0.8","12702","12702","12702","0.8","0.8","0.8"
"343","12659","12659","12659","0.8","0.8","0.8","12625","12625","12625","1","1","1","12704","12704","12704","1","1","1"
"344","12661","12661","12661","1","1","1","12627","12627","12627","1","1","1","12706","12706","12706","1","1","1"
"345","12663","12663","12663","1","1","1","12629","12629","12629","1","1","1","12708","12708","12708","1","1","1"
"346","12665","12665","12665","1","1","1","12631","12631","12631","1","1","1","12710","12710","12710","1","1","1"
"347","12667","12667","12667","1","1","1","12633","12633","12633","1","1","1","12712","12712","12712","1","1","1"
"348","12669","12669","12669","1","1","1","12635","12635","12635","1","1","1","12714","12714","12714","1","1","1"
"349","12671","12671","12671","1","1","1","12637","12637","12637","1","1","1","12716","12716","12716","1","1","1"
"350","12673","12673","12673","1","1","1","12639","12639","12639","1","1","1","12718","12718","12718","1","1","1"
"351","12833","12833","12833","0.8","0.8","0.8","12802","12802","12802","0.8","0.8","0.8","12882","12882","12882","1","1","1"
"352","12835","12835","12835","0.8","0.8","0.8","12804","12804","12804","1","1","1","12884","12884","12884","1","1","1"
"353","12837","12837","12837","1","1","1","12806","12806","12806","0.8","0.8","0.8","12886","12886","12886","1","1","1"
"354","12839","12839","12839","1","1","1","12808","12808","12808","1","1","1","12888","12888","12888","1","1","1"
"355","12841","12841","12841","1","1","1","12810","12810","12810","1","1","1","12890","12890","12890","1","1","1"
"356","12843","12843","12843","1","1","1","12812","12812","12812","1","1","1","12892","12892","12892","1","1","1"
"357","12845","12845","12845","1","1","1","12814","12814","12814","1","1","1","12894","12894","12894","1","1","1"
"358","12847","12847","12847","1","1","1","12816","12816","12816","1","1","1","12896","12896","12896","1","1","1"
"359","12849","12849","12849","1","1","1","12818","12818","12818","1","1","1","12898","12898","12898","1","1","1"
"360","13012","13012","13012","0.8","0.8","0.8","12982","12982","12982","0.8","0.8","0.8","13058","13058","13058","0.8","0.8","0.8"
"361","13014","13014","13014","0.8","0.8","0.8","12984","12984","12984","1","1","1","13060","13060","13060","1","1","1"
"362","13016","13016","13016","1","1","1","12986","12986","12986","1","1","1","13062","13062","13062","1","1","1"
"363","13018","13018","13018","1","1","1","12988","12988","12988","1","1","1","13064","13064","13064","1","1","1"
"364","13020","13020","13020","1","1","1","12990","12990","12990","1","1","1","13066","13066","13066","1","1","1"
"365","13022","13022","13022","1","1","1","12992","12992","12992","1","1","1","13068","13068","13068","1","1","1"
"366","13024","13024","13024","1","1","1","12994","12994","12994","1","1","1","13070","13070","13070","1","1","1"
"367","13026","13026","13026","1","1","1","12996","12996","12996","1","1","1","13072","13072","13072","1","1","1"
"368","13028","13028","13028","1","1","1","12998","12998","12998","1","1","1","13074","13074","13074","1","1","1"
"369","13188","13188","13188","0.8","0.8","0.8","13165","13165","13165","0.8","0.8","0.8","13236","13236","13236","0.8","0.8","0.8"
"370","13190","13190","13190","0.8","0.8","0.8","13167","13167","13167","1","1","1","13238","13238","13238","1","1","1"
"371","13192","13192","13192","1","1","1","13169","13169","13169","1","1","1","13240","13240","13240","0.8","0.8","0.8"
"372","13194","13194","13194","1","1","1","13171","13171","13171","1","1","1","13242","13242","13242","1","1","1"
"373","13196","13196","13196","1","1","1","13173","13173","13173","1","1","1","13244","13244","13244","1","1","1"
"374","13198","13198","13198","1","1","1","13175","13175","13175","1","1","1","13246","13246","13246","1","1","1"
"375","13200","13200","13200","1","1","1","13177","13177","13177","1","1","1","13248","13248","13248","1","1","1"
"376","13202","13202","13202","1","1","1","13179","13179","13179","1","1","1","13250","13250","13250","1","1","1"
"377","13204","13204","13204","1","1","1","13181","13181","13181","1","1","1","13252","13252","13252","1","1","1"
"378","13367","13367","13367","0.8","0.8","0.8","13349","13349","13349","1","1","1","13415","13415","13415","1","1","1"
"379","13369","13369","13369","0.8","0.8","0.8","13351","13351","13351","1","1","1","13417","13417","13417","1","1","1"
"380","13371","13371","13371","1","1","1","13353","13353","13353","0.8","0.8","0.8","13419","13419","13419","0.8","0.8","0.8"
"381","13373","13373","13373","1","1","1","13355","13355","13355","1","1","1","13421","13421","13421","1","1","1"
"382","13375","13375","13375","1","1","1","13357","13357","13357","1","1","1","13423","13423","13423","1","1","1"
"383","13377","13377","13377","1","1","1","13359","13359","13359","1","1","1","13425","13425","13425","1","1","1"
"384","13379","13379","13379","1","1","1","13361","13361","13361","1","1","1","13427","13427","13427","1","1","1"
"385","13381","13381","13381","1","1","1","13363","13363","13363","1","1","1","13429","13429","13429","1","1","1"
"386","13383","13383","13383","1","1","1","13365","13365","13365","1","1","1","13431","13431","13431","1","1","1"
"387","13549","13549","13549","0.8","0.8","0.8","13524","13524","13524","0.8","0.8","0.8","13589","13589","13589","0.8","0.8","0.8"
"388","13551","13551","13551","1","1","1","13526","13526","13526","1","1","1","13591","13591","13591","1","1","1"
"389","13553","13553","13553","1","1","1","13528","13528","13528","1","1","1","13593","13593","13593","1","1","1"
"390","13555","13555","13555","1","1","1","13530","13530","13530","1","1","1","13595","13595","13595","1","1","1"
"391","13557","13557","13557","1","1","1","13532","13532","13532","1","1","1","13597","13597","13597","1","1","1"
"392","13559","13559","13559","1","1","1","13534","13534","13534","1","1","1","13599","13599","13599","1","1","1"
"393","13561","13561","13561","1","1","1","13536","13536","13536","1","1","1","13601","13601","13601","1","1","1"
"394","13563","13563","13563","1","1","1","13538","13538","13538","1","1","1","13603","13603","13603","1","1","1"
"395","13565","13565","13565","1","1","1","13540","13540","13540","1","1","1","13605","13605","13605","1","1","1"
"396","13730","13730","13730","0.8","0.8","0.8","13704","13704","13704","0.8","0.8","0.8","13766","13766","13766","0.8","0.8","0.8"
"397","13732","13732","13732","0.8","0.8","0.8","13706","13706","13706","1","1","1","13768","13768","13768","1","1","1"
"398","13734","13734","13734","1","1","1","13708","13708","13708","1","1","1","13770","13770","13770","1","1","1"
"399","13736","13736","13736","1","1","1","13710","13710","13710","1","1","1","13772","13772","13772","1","1","1"
"400","13738","13738","13738","1","1","1","13712","13712","13712","1","1","1","13774","13774","13774","1","1","1"
"401","13740","13740","13740","1","1","1","13714","13714","13714","1","1","1","13776","13776","13776","1","1","1"
"402","13742","13742","13742","1","1","1","13716","13716","13716","1","1","1","13778","13778","13778","1","1","1"
"403","13744","13744","13744","1","1","1","13718","13718","13718","1","1","1","13780","13780","13780","1","1","1"
"404","13746","13746","13746","1","1","1","13720","13720","13720","1","1","1","13782","13782","13782","1","1","1"
"405","13908","13908","13908","0.8","0.8","0.8","13879","13879","13879","1","1","1","13942","13942","13942","1","1","1"
"406","13910","13910","13910","1","1","1","13881","13881","13881","1","1","1","13944","13944","13944","1","1","1"
"407","13912","13912","13912","1","1","1","13883","13883","13883","1","1","1","13946","13946","13946","0.8","0.8","0.8"
"408","13914","13914","13914","1","1","1","13885","13885","13885","1","1","1","13948","13948","13948","1","1","1"
"409","13916","13916","13916","1","1","1","13887","13887","13887","1","1","1","13950","13950","13950","1","1","1"
"410","13918","13918","13918","1","1","1","13889","13889","13889","1","1","1","13952","13952","13952","1","1","1"
"411","13920","13920","13920","1","1","1","13891","13891","13891","1","1","1","13954","13954","13954","1","1","1"
"412","13922","13922","13922","1","1","1","13893","13893","13893","1","1","1","13956","13956","13956","1","1","1"
"413","13924","13924","13924","1","1","1","13895","13895","13895","1","1","1","13958","13958","13958","1","1","1"
"414","14090","14090","14090","0.8","0.8","0.8","14062","14062","14062","0.8","0.8","0.8","14123","14123","14123","0.8","0.8","0.8"
"415","14092","14092","14092","1","1","1","14064","14064","14064","1","1","1","14125","14125","14125","1","1","1"
"416","14094","14094","14094","1","1","1","14066","14066","14066","0.8","0.8","0.8","14127","14127","14127","1","1","1"
"417","14096","14096","14096","1","1","1","14068","14068","14068","1","1","1","14129","14129","14129","1","1","1"
"418","14098","14098","14098","1","1","1","14070","14070","14070","1","1","1","14131","14131","14131","1","1","1"
"419","14100","14100","14100","1","1","1","14072","14072","14072","1","1","1","14133","14133","14133","1","1","1"
"420","14102","14102","14102","1","1","1","14074","14074","14074","1","1","1","14135","14135","14135","0.8","0.8","0.8"
"421","14104","14104","14104","1","1","1","14076","14076","14076","1","1","1","14137","14137","14137","1","1","1"
"422","14106","14106","14106","0.8","0.8","0.8","14078","14078","14078","1","1","1","14139","14139","14139","1","1","1"
"423","14265","14265","14265","0.8","0.8","0.8","14242","14242","14242","1","1","1","14299","14299","14299","0.8","0.8","0.8"
"424","14267","14267","14267","1","1","1","14244","14244","14244","1","1","1","14301","14301","14301","1","1","1"
"425","14269","14269","14269","1","1","1","14246","14246","14246","1","1","1","14303","14303","14303","0.8","0.8","0.8"
"426","14271","14271","14271","1","1","1","14248","14248","14248","1","1","1","14305","14305","14305","1","1","1"
"427","14273","14273","14273","1","1","1","14250","14250","14250","1","1","1","14307","14307","14307","1","1","1"
"428","14275","14275","14275","1","1","1","14252","14252","14252","1","1","1","14309","14309","14309","1","1","1"
"429","14277","14277","14277","1","1","1","14254","14254","14254","1","1","1","14311","14311","14311","1","1","1"
"430","14279","14279","14279","1","1","1","14256","14256","14256","1","1","1","14313","14313","14313","1","1","1"
"431","14281","14281","14281","0.8","0.8","0.8","14258","14258","14258","0.9","0.9","0.9","14315","14315","14315","1","1","1"
"432","14447","14447","14447","0.8","0.8","0.8","14421","14421","14421","0.8","0.8","0.8","14475","14475","14475","0.8","0.8","0.8"
"433","14449","14449","14449","1","1","1","14423","14423","14423","1","1","1","14477","14477","14477","1","1","1"
"434","14451","14451","14451","1","1","1","14425","14425","14425","1","1","1","14479","14479","14479","1","1","1"
"435","14453","14453","14453","1","1","1","14427","14427","14427","1","1","1","14481","14481","14481","1","1","1"
"436","14455","14455","14455","1","1","1","14429","14429","14429","1","1","1","14483","14483","14483","1","1","1"
"437","14457","14457","14457","1","1","1","14431","14431","14431","1","1","1","14485","14485","14485","1","1","1"
"438","14459","14459","14459","1","1","1","14433","14433","14433","1","1","1","14487","14487","14487","1","1","1"
"439","14461","14461","14461","1","1","1","14435","14435","14435","1","1","1","14489","14489","14489","1","1","1"
"440","14463","14463","14463","0.8","0.8","0.8","14437","14437","14437","1","1","1","14491","14491","14491","1","1","1"
"441","14624","14624","14624","0.8","0.8","0.8","14599","14599","14599","0.8","0.8","0.8","14652","14652","14652","0.8","0.8","0.8"
"442","14626","14626","14626","0.8","0.8","0.8","14601","14601","14601","0.8","0.8","0.8","14654","14654","14654","1","1","1"
"443","14628","14628","14628","1","1","1","14603","14603","14603","0.8","0.8","0.8","14656","14656","14656","0.8","0.8","0.8"
"444","14630","14630","14630","1","1","1","14605","14605","14605","1","1","1","14658","14658","14658","1","1","1"
"445","14632","14632","14632","1","1","1","14607","14607","14607","1","1","1","14660","14660","14660","1","1","1"
"446","14634","14634","14634","1","1","1","14609","14609","14609","1","1","1","14662","14662","14662","1","1","1"
"447","14636","14636","14636","1","1","1","14611","14611","14611","1","1","1","14664","14664","14664","1","1","1"
"448","14638","14638","14638","1","1","1","14613","14613","14613","1","1","1","14666","14666","14666","1","1","1"
"449","14640","14640","14640","1","1","1","14615","14615","14615","1","1","1","14668","14668","14668","1","1","1"
"450","14804","14804","14804","1","1","1","14778","14778","14778","0.8","0.8","0.8","14830","14830","14830","0.8","0.8","0.8"
"451","14806","14806","14806","1","1","1","14780","14780","14780","1","1","1","14832","14832","14832","1","1","1"
"452","14808","14808","14808","1","1","1","14782","14782","14782","1","1","1","14834","14834","14834","0.8","0.8","0.8"
"453","14810","14810","14810","1","1","1","14784","14784","14784","1","1","1","14836","14836","14836","1","1","1"
"454","14812","14812","14812","1","1","1","14786","14786","14786","1","1","1","14838","14838","14838","1","1","1"
"455","14814","14814","14814","1","1","1","14788","14788","14788","1","1","1","14840","14840","14840","1","1","1"
"456","14816","14816","14816","1","1","1","14790","14790","14790","1","1","1","14842","14842","14842","1","1","1"
"457","14818","14818","14818","1","1","1","14792","14792","14792","1","1","1","14844","14844","14844","1","1","1"
"458","14820","14820","14820","1","1","1","14794","14794","14794","0.8","0.8","0.8","14846","14846","14846","1","1","1"
"459","14986","14986","14986","0.8","0.8","0.8","14958","14958","14958","0.8","0.8","0.8","15007","15007","15007","0.8","0.8","0.8"
"460","14988","14988","14988","1","1","1","14960","14960","14960","1","1","1","15009","15009","15009","1","1","1"
"461","14990","14990","14990","1","1","1","14962","14962","14962","1","1","1","15011","15011","15011","0.8","0.8","0.8"
"462","14992","14992","14992","1","1","1","14964","14964","14964","1","1","1","15013","15013","15013","1","1","1"
"463","14994","14994","14994","1","1","1","14966","14966","14966","1","1","1","15015","15015","15015","1","1","1"
"464","14996","14996","14996","1","1","1","14968","14968","14968","1","1","1","15017","15017","15017","1","1","1"
"465","14998","14998","14998","1","1","1","14970","14970","14970","1","1","1","15019","15019","15019","1","1","1"
"466","15000","15000","15000","1","1","1","14972","14972","14972","1","1","1","15021","15021","15021","1","1","1"
"467","15002","15002","15002","1","1","1","14974","14974","14974","1","1","1","15023","15023","15023","1","1","1"
"468","15168","15168","15168","0.8","0.8","0.8","15141","15141","15141","0.8","0.8","0.8","15181","15181","15181","0.8","0.8","0.8"
"469","15170","15170","15170","1","1","1","15143","15143","15143","1","1","1","15183","15183","15183","1","1","1"
"470","15172","15172","15172","1","1","1","15145","15145","15145","1","1","1","15185","15185","15185","1","1","1"
"471","15174","15174","15174","1","1","1","15147","15147","15147","1","1","1","15187","15187","15187","1","1","1"
"472","15176","15176","15176","1","1","1","15149","15149","15149","1","1","1","15189","15189","15189","1","1","1"
"473","15178","15178","15178","1","1","1","15151","15151","15151","1","1","1","15191","15191","15191","1","1","1"
"474","15180","15180","15180","1","1","1","15153","15153","15153","1","1","1","15193","15193","15193","1","1","1"
"475","15182","15182","15182","1","1","1","15155","15155","15155","1","1","1","15195","15195","15195","1","1","1"
"476","15184","15184","15184","1","1","1","15157","15157","15157","0.9","0.9","0.9","15197","15197","15197","1","1","1"
"477","15346","15346","15346","0.8","0.8","0.8","15319","15319","15319","0.8","0.8","0.8","15356","15356","15356","1","1","1"
"478","15348","15348","15348","1","1","1","15321","15321","15321","0.8","0.8","0.8","15358","15358","15358","1","1","1"
"479","15350","15350","15350","1","1","1","15323","15323","15323","0.8","0.8","0.8","15360","15360","15360","0.8","0.8","0.8"
"480","15352","15352","15352","1","1","1","15325","15325","15325","1","1","1","15362","15362","15362","1","1","1"
"481","15354","15354","15354","1","1","1","15327","15327","15327","1","1","1","15364","15364","15364","0.8","0.8","0.8"
"482","15356","15356","15356","1","1","1","15329","15329","15329","1","1","1","15366","15366","15366","1","1","1"
"483","15358","15358","15358","1","1","1","15331","15331","15331","1","1","1","15368","15368","15368","1","1","1"
"484","15360","15360","15360","1","1","1","15333","15333","15333","1","1","1","15370","15370","15370","1","1","1"
"485","15362","15362","15362","0.8","0.8","0.8","15335","15335","15335","1","1","1","15372","15372","15372","1","1","1"
"486","15519","15519","15519","0.8","0.8","0.8","15493","15493","15493","0.8","0.8","0.8","15530","15530","15530","1","1","1"
"487","15521","15521","15521","1","1","1","15495","15495","15495","1","1","1","15532","15532","15532","1","1","1"
"488","15523","15523","15523","1","1","1","15497","15497","15497","0.8","0.8","0.8","15534","15534","15534","0.8","0.8","0.8"
"489","15525","15525","15525","1","1","1","15499","15499","15499","1","1","1","15536","15536","15536","1","1","1"
"490","15527","15527","15527","1","1","1","15501","15501","15501","1","1","1","15538","15538","15538","0.8","0.8","0.8"
"491","15529","15529","15529","1","1","1","15503","15503","15503","1","1","1","15540","15540","15540","0.8","0.8","0.8"
"492","15531","15531","15531","1","1","1","15505","15505","15505","1","1","1","15542","15542","15542","1","1","1"
"493","15533","15533","15533","1","1","1","15507","15507","15507","1","1","1","15544","15544","15544","1","1","1"
"494","15535","15535","15535","1","1","1","15509","15509","15509","1","1","1","15546","15546","15546","1","1","1"
"495","15697","15697","15697","0.8","0.8","0.8","15670","15670","15670","0.8","0.8","0.8","15709","15709","15709","1","1","1"
"496","15699","15699","15699","1","1","1","15672","15672","15672","0.8","0.8","0.8","15711","15711","15711","1","1","1"
"497","15701","15701","15701","1","1","1","15674","15674","15674","1","1","1","15713","15713","15713","0.8","0.8","0.8"
"498","15703","15703","15703","1","1","1","15676","15676","15676","1","1","1","15715","15715","15715","1","1","1"
"499","15705","15705","15705","1","1","1","15678","15678","15678","1","1","1","15717","15717","15717","1","1","1"
"500","15707","15707","15707","1","1","1","15680","15680","15680","1","1","1","15719","15719","15719","1","1","1"
"501","15709","15709","15709","1","1","1","15682","15682","15682","1","1","1","15721","15721","15721","1","1","1"
"502","15711","15711","15711","1","1","1","15684","15684","15684","1","1","1","15723","15723","15723","1","1","1"
"503","15713","15713","15713","1","1","1","15686","15686","15686","1","1","1","15725","15725","15725","1","1","1"
"504","15874","15874","15874","0.8","0.8","0.8","15846","15846","15846","0.8","0.8","0.8","15887","15887","15887","0.8","0.8","0.8"
"505","15876","15876","15876","1","1","1","15848","15848","15848","0.8","0.8","0.8","15889","15889","15889","0.8","0.8","0.8"
"506","15878","15878","15878","1","1","1","15850","15850","15850","1","1","1","15891","15891","15891","0.8","0.8","0.8"
"507","15880","15880","15880","1","1","1","15852","15852","15852","1","1","1","15893","15893","15893","1","1","1"
"508","15882","15882","15882","1","1","1","15854","15854","15854","1","1","1","15895","15895","15895","1","1","1"
"509","15884","15884","15884","1","1","1","15856","15856","15856","1","1","1","15897","15897","15897","1","1","1"
"510","15886","15886","15886","1","1","1","15858","15858","15858","1","1","1","15899","15899","15899","1","1","1"
"511","15888","15888","15888","1","1","1","15860","15860","15860","1","1","1","15901","15901","15901","1","1","1"
"512","15890","15890","15890","1","1","1","15862","15862","15862","1","1","1","15903","15903","15903","1","1","1"
"513","16052","16052","16052","0.8","0.8","0.8","16021","16021","16021","0.8","0.8","0.8","16072","16072","16072","0.8","0.8","0.8"
"514","16054","16054","16054","1","1","1","16023","16023","16023","1","1","1","16074","16074","16074","1","1","1"
"515","16056","16056","16056","0.8","0.8","0.8","16025","16025","16025","1","1","1","16076","16076","16076","1","1","1"
"516","16058","16058","16058","1","1","1","16027","16027","16027","1","1","1","16078","16078","16078","1","1","1"
"517","16060","16060","16060","1","1","1","16029","16029","16029","1","1","1","16080","16080","16080","1","1","1"
"518","16062","16062","16062","1","1","1","16031","16031","16031","1","1","1","16082","16082","16082","0.8","0.8","0.8"
"519","16064","16064","16064","1","1","1","16033","16033","16033","1","1","1","16084","16084","16084","1","1","1"
"520","16066","16066","16066","1","1","1","16035","16035","16035","1","1","1","16086","16086","16086","0.9","0.9","0.9"
"521","16068","16068","16068","1","1","1","16037","16037","16037","1","1","1","16088","16088","16088","1","1","1"
"522","16227","16227","16227","0.8","0.8","0.8","16199","16199","16199","0.8","0.8","0.8","16248","16248","16248","0.8","0.8","0.8"
"523","16229","16229","16229","1","1","1","16201","16201","16201","0.8","0.8","0.8","16250","16250","16250","1","1","1"
"524","16231","16231","16231","1","1","1","16203","16203","16203","1","1","1","16252","16252","16252","1","1","1"
"525","16233","16233","16233","1","1","1","16205","16205","16205","1","1","1","16254","16254","16254","1","1","1"
"526","16235","16235","16235","1","1","1","16207","16207","16207","1","1","1","16256","16256","16256","0.8","0.8","0.8"
"527","16237","16237","16237","0.8","0.8","0.8","16209","16209","16209","1","1","1","16258","16258","16258","1","1","1"
"528","16239","16239","16239","1","1","1","16211","16211","16211","1","1","1","16260","16260","16260","1","1","1"
"529","16241","16241","16241","0.9","0.9","0.9","16213","16213","16213","1","1","1","16262","16262","16262","1","1","1"
"530","16243","16243","16243","1","1","1","16215","16215","16215","1","1","1","16264","16264","16264","1","1","1"
"531","16405","16405","16405","0.8","0.8","0.8","16378","16378","16378","0.8","0.8","0.8","16428","16428","16428","0.8","0.8","0.8"
"532","16407","16407","16407","1","1","1","16380","16380","16380","1","1","1","16430","16430","16430","1","1","1"
"533","16409","16409","16409","1","1","1","16382","16382","16382","0.8","0.8","0.8","16432","16432","16432","1","1","1"
"534","16411","16411","16411","1","1","1","16384","16384","16384","1","1","1","16434","16434","16434","1","1","1"
"535","16413","16413","16413","1","1","1","16386","16386","16386","1","1","1","16436","16436","16436","1","1","1"
"536","16415","16415","16415","0.8","0.8","0.8","16388","16388","16388","1","1","1","16438","16438","16438","1","1","1"
"537","16417","16417","16417","1","1","1","16390","16390","16390","1","1","1","16440","16440","16440","1","1","1"
"538","16419","16419","16419","1","1","1","16392","16392","16392","1","1","1","16442","16442","16442","1","1","1"
"539","16421","16421","16421","1","1","1","16394","16394","16394","1","1","1","16444","16444","16444","1","1","1"
"540","16582","16582","16582","0.8","0.8","0.8","16556","16556","16556","0.8","0.8","0.8","16607","16607","16607","0.8","0.8","0.8"
"541","16584","16584","16584","1","1","1","16558","16558","16558","0.8","0.8","0.8","16609","16609","16609","1","1","1"
"542","16586","16586","16586","1","1","1","16560","16560","16560","1","1","1","16611","16611","16611","0.8","0.8","0.8"
"543","16588","16588","16588","1","1","1","16562","16562","16562","1","1","1","16613","16613","16613","1","1","1"
"544","16590","16590","16590","1","1","1","16564","16564","16564","1","1","1","16615","16615","16615","1","1","1"
"545","16592","16592","16592","1","1","1","16566","16566","16566","1","1","1","16617","16617","16617","0.8","0.8","0.8"
"546","16594","16594","16594","1","1","1","16568","16568","16568","1","1","1","16619","16619","16619","1","1","1"
"547","16596","16596","16596","1","1","1","16570","16570","16570","1","1","1","16621","16621","16621","1","1","1"
"548","16598","16598","16598","1","1","1","16572","16572","16572","1","1","1","16623","16623","16623","1","1","1"
"549","16758","16758","16758","0.8","0.8","0.8","16733","16733","16733","0.8","0.8","0.8","16783","16783","16783","1","1","1"
"550","16760","16760","16760","1","1","1","16735","16735","16735","1","1","1","16785","16785","16785","1","1","1"
"551","16762","16762","16762","1","1","1","16737","16737","16737","1","1","1","16787","16787","16787","0.8","0.8","0.8"
"552","16764","16764","16764","1","1","1","16739","16739","16739","1","1","1","16789","16789","16789","1","1","1"
"553","16766","16766","16766","1","1","1","16741","16741","16741","1","1","1","16791","16791","16791","1","1","1"
"554","16768","16768","16768","0.8","0.8","0.8","16743","16743","16743","1","1","1","16793","16793","16793","1","1","1"
"555","16770","16770","16770","1","1","1","16745","16745","16745","1","1","1","16795","16795","16795","1","1","1"
"556","16772","16772","16772","1","1","1","16747","16747","16747","1","1","1","16797","16797","16797","1","1","1"
"557","16774","16774","16774","1","1","1","16749","16749","16749","1","1","1","16799","16799","16799","1","1","1"
"558","16937","16937","16937","0.8","0.8","0.8","16915","16915","16915","0.8","0.8","0.8","16964","16964","16964","0.8","0.8","0.8"
"559","16939","16939","16939","1","1","1","16917","16917","16917","1","1","1","16966","16966","16966","1","1","1"
"560","16941","16941","16941","1","1","1","16919","16919","16919","0.8","0.8","0.8","16968","16968","16968","0.8","0.8","0.8"
"561","16943","16943","16943","1","1","1","16921","16921","16921","1","1","1","16970","16970","16970","1","1","1"
"562","16945","16945","16945","1","1","1","16923","16923","16923","1","1","1","16972","16972","16972","1","1","1"
"563","16947","16947","16947","1","1","1","16925","16925","16925","1","1","1","16974","16974","16974","1","1","1"
"564","16949","16949","16949","1","1","1","16927","16927","16927","1","1","1","16976","16976","16976","1","1","1"
"565","16951","16951","16951","1","1","1","16929","16929","16929","1","1","1","16978","16978","16978","1","1","1"
"566","16953","16953","16953","1","1","1","16931","16931","16931","1","1","1","16980","16980","16980","1","1","1"
"567","17113","17113","17113","0.8","0.8","0.8","17093","17093","17093","0.8","0.8","0.8","17142","17142","17142","0.8","0.8","0.8"
"568","17115","17115","17115","0.8","0.8","0.8","17095","17095","17095","1","1","1","17144","17144","17144","1","1","1"
"569","17117","17117","17117","1","1","1","17097","17097","17097","0.8","0.8","0.8","17146","17146","17146","0.8","0.8","0.8"
"570","17119","17119","17119","1","1","1","17099","17099","17099","1","1","1","17148","17148","17148","1","1","1"
"571","17121","17121","17121","1","1","1","17101","17101","17101","1","1","1","17150","17150","17150","1","1","1"
"572","17123","17123","17123","1","1","1","17103","17103","17103","1","1","1","17152","17152","17152","1","1","1"
"573","17125","17125","17125","1","1","1","17105","17105","17105","1","1","1","17154","17154","17154","1","1","1"
"574","17127","17127","17127","1","1","1","17107","17107","17107","1","1","1","17156","17156","17156","1","1","1"
"575","17129","17129","17129","0.9","0.9","0.9","17109","17109","17109","1","1","1","17158","17158","17158","1","1","1"
"576","17291","17291","17291","1","1","1","17274","17274","17274","0.8","0.8","0.8","17317","17317","17317","1","1","1"
"577","17293","17293","17293","1","1","1","17276","17276","17276","1","1","1","17319","17319","17319","1","1","1"
"578","17295","17295","17295","1","1","1","17278","17278","17278","1","1","1","17321","17321","17321","1","1","1"
"579","17297","17297","17297","1","1","1","17280","17280","17280","1","1","1","17323","17323","17323","1","1","1"
"580","17299","17299","17299","1","1","1","17282","17282","17282","1","1","1","17325","17325","17325","1","1","1"
"581","17301","17301","17301","1","1","1","17284","17284","17284","1","1","1","17327","17327","17327","1","1","1"
"582","17303","17303","17303","1","1","1","17286","17286","17286","1","1","1","17329","17329","17329","1","1","1"
"583","17305","17305","17305","0.8","0.8","0.8","17288","17288","17288","1","1","1","17331","17331","17331","1","1","1"
"584","17307","17307","17307","1","1","1","17290","17290","17290","1","1","1","17333","17333","17333","1","1","1"
"585","17470","17470","17470","0.8","0.8","0.8","17456","17456","17456","0.8","0.8","0.8","17490","17490","17490","0.8","0.8","0.8"
"586","17472","17472","17472","1","1","1","17458","17458","17458","1","1","1","17492","17492","17492","1","1","1"
"587","17474","17474","17474","1","1","1","17460","17460","17460","0.8","0.8","0.8","17494","17494","17494","0.8","0.8","0.8"
"588","17476","17476","17476","1","1","1","17462","17462","17462","1","1","1","17496","17496","17496","1","1","1"
"589","17478","17478","17478","1","1","1","17464","17464","17464","1","1","1","17498","17498","17498","1","1","1"
"590","17480","17480","17480","1","1","1","17466","17466","17466","1","1","1","17500","17500","17500","0.8","0.8","0.8"
"591","17482","17482","17482","1","1","1","17468","17468","17468","1","1","1","17502","17502","17502","1","1","1"
"592","17484","17484","17484","1","1","1","17470","17470","17470","1","1","1","17504","17504","17504","1","1","1"
"593","17486","17486","17486","1","1","1","17472","17472","17472","1","1","1","17506","17506","17506","0.8","0.8","0.8"
"594","17644","17644","17644","0.8","0.8","0.8","17638","17638","17638","0.8","0.8","0.8","17669","17669","17669","0.8","0.8","0.8"
"595","17646","17646","17646","0.8","0.8","0.8","17640","17640","17640","1","1","1","17671","17671","17671","1","1","1"
"596","17648","17648","17648","0.8","0.8","0.8","17642","17642","17642","1","1","1","17673","17673","17673","1","1","1"
"597","17650","17650","17650","1","1","1","17644","17644","17644","1","1","1","17675","17675","17675","1","1","1"
"598","17652","17652","17652","1","1","1","17646","17646","17646","1","1","1","17677","17677","17677","1","1","1"
"599","17654","17654","17654","1","1","1","17648","17648","17648","1","1","1","17679","17679","17679","1","1","1"
"600","17656","17656","17656","1","1","1","17650","17650","17650","1","1","1","17681","17681","17681","1","1","1"
"601","17658","17658","17658","1","1","1","17652","17652","17652","1","1","1","17683","17683","17683","1","1","1"
"602","17660","17660","17660","1","1","1","17654","17654","17654","0.8","0.8","0.8","17685","17685","17685","1","1","1"
"603","17819","17819","17819","0.8","0.8","0.8","17817","17817","17817","0.8","0.8","0.8","17845","17845","17845","0.8","0.8","0.8"
"604","17821","17821","17821","1","1","1","17819","17819","17819","0.8","0.8","0.8","17847","17847","17847","1","1","1"
"605","17823","17823","17823","1","1","1","17821","17821","17821","1","1","1","17849","17849","17849","1","1","1"
"606","17825","17825","17825","1","1","1","17823","17823","17823","1","1","1","17851","17851","17851","1","1","1"
"607","17827","17827","17827","1","1","1","17825","17825","17825","1","1","1","17853","17853","17853","0.8","0.8","0.8"
"608","17829","17829","17829","1","1","1","17827","17827","17827","1","1","1","17855","17855","17855","1","1","1"
"609","17831","17831","17831","1","1","1","17829","17829","17829","1","1","1","17857","17857","17857","1","1","1"
"610","17833","17833","17833","1","1","1","17831","17831","17831","1","1","1","17859","17859","17859","0.8","0.8","0.8"
"611","17835","17835","17835","1","1","1","17833","17833","17833","1","1","1","17861","17861","17861","1","1","1"
"612","17999","17999","17999","0.8","0.8","0.8","17991","17991","17991","0.8","0.8","0.8","18022","18022","18022","1","1","1"
"613","18001","18001","18001","1","1","1","17993","17993","17993","0.8","0.8","0.8","18024","18024","18024","1","1","1"
"614","18003","18003","18003","1","1","1","17995","17995","17995","1","1","1","18026","18026","18026","0.8","0.8","0.8"
"615","18005","18005","18005","1","1","1","17997","17997","17997","1","1","1","18028","18028","18028","1","1","1"
"616","18007","18007","18007","1","1","1","17999","17999","17999","1","1","1","18030","18030","18030","0.8","0.8","0.8"
"617","18009","18009","18009","1","1","1","18001","18001","18001","1","1","1","18032","18032","18032","1","1","1"
"618","18011","18011","18011","1","1","1","18003","18003","18003","1","1","1","18034","18034","18034","1","1","1"
"619","18013","18013","18013","1","1","1","18005","18005","18005","1","1","1","18036","18036","18036","1","1","1"
"620","18015","18015","18015","1","1","1","18007","18007","18007","1","1","1","18038","18038","18038","1","1","1"
"621","18178","18178","18178","0.8","0.8","0.8","18168","18168","18168","0.8","0.8","0.8","18202","18202","18202","0.8","0.8","0.8"
"622","18180","18180","18180","1","1","1","18170","18170","18170","0.8","0.8","0.8","18204","18204","18204","1","1","1"
"623","18182","18182","18182","1","1","1","18172","18172","18172","0.8","0.8","0.8","18206","18206","18206","0.8","0.8","0.8"
"624","18184","18184","18184","1","1","1","18174","18174","18174","1","1","1","18208","18208","18208","1","1","1"
"625","18186","18186","18186","1","1","1","18176","18176","18176","1","1","1","18210","18210","18210","1","1","1"
"626","18188","18188","18188","1","1","1","18178","18178","18178","1","1","1","18212","18212","18212","1","1","1"
"627","18190","18190","18190","1","1","1","18180","18180","18180","1","1","1","18214","18214","18214","1","1","1"
"628","18192","18192","18192","1","1","1","18182","18182","18182","1","1","1","18216","18216","18216","1","1","1"
"629","18194","18194","18194","0.8","0.8","0.8","18184","18184","18184","1","1","1","18218","18218","18218","1","1","1"
"630","18360","18360","18360","0.8","0.8","0.8","18348","18348","18348","0.8","0.8","0.8","18377","18377","18377","0.8","0.8","0.8"
"631","18362","18362","18362","1","1","1","18350","18350","18350","0.8","0.8","0.8","18379","18379","18379","1","1","1"
"632","18364","18364","18364","1","1","1","18352","18352","18352","0.8","0.8","0.8","18381","18381","18381","1","1","1"
"633","18366","18366","18366","1","1","1","18354","18354","18354","1","1","1","18383","18383","18383","1","1","1"
"634","18368","18368","18368","1","1","1","18356","18356","18356","1","1","1","18385","18385","18385","0.8","0.8","0.8"
"635","18370","18370","18370","1","1","1","18358","18358","18358","1","1","1","18387","18387","18387","0.8","0.8","0.8"
"636","18372","18372","18372","1","1","1","18360","18360","18360","1","1","1","18389","18389","18389","1","1","1"
"637","18374","18374","18374","1","1","1","18362","18362","18362","1","1","1","18391","18391","18391","1","1","1"
"638","18376","18376","18376","1","1","1","18364","18364","18364","1","1","1","18393","18393","18393","1","1","1"
"639","18539","18539","18539","0.8","0.8","0.8","18525","18525","18525","0.8","0.8","0.8","18551","18551","18551","0.8","0.8","0.8"
"640","18541","18541","18541","1","1","1","18527","18527","18527","0.8","0.8","0.8","18553","18553","18553","1","1","1"
"641","18543","18543","18543","1","1","1","18529","18529","18529","1","1","1","18555","18555","18555","1","1","1"
"642","18545","18545","18545","1","1","1","18531","18531","18531","1","1","1","18557","18557","18557","1","1","1"
"643","18547","18547","18547","1","1","1","18533","18533","18533","1","1","1","18559","18559","18559","1","1","1"
"644","18549","18549","18549","1","1","1","18535","18535","18535","1","1","1","18561","18561","18561","1","1","1"
"645","18551","18551","18551","1","1","1","18537","18537","18537","1","1","1","18563","18563","18563","1","1","1"
"646","18553","18553","18553","1","1","1","18539","18539","18539","1","1","1","18565","18565","18565","1","1","1"
"647","18555","18555","18555","1","1","1","18541","18541","18541","1","1","1","18567","18567","18567","1","1","1"
"648","18719","18719","18719","0.8","0.8","0.8","18701","18701","18701","0.8","0.8","0.8","18728","18728","18728","0.8","0.8","0.8"
"649","18721","18721","18721","1","1","1","18703","18703","18703","0.8","0.8","0.8","18730","18730","18730","1","1","1"
"650","18723","18723","18723","1","1","1","18705","18705","18705","1","1","1","18732","18732","18732","1","1","1"
"651","18725","18725","18725","1","1","1","18707","18707","18707","1","1","1","18734","18734","18734","1","1","1"
"652","18727","18727","18727","1","1","1","18709","18709","18709","1","1","1","18736","18736","18736","1","1","1"
"653","18729","18729","18729","1","1","1","18711","18711","18711","1","1","1","18738","18738","18738","1","1","1"
"654","18731","18731","18731","1","1","1","18713","18713","18713","1","1","1","18740","18740","18740","1","1","1"
"655","18733","18733","18733","1","1","1","18715","18715","18715","1","1","1","18742","18742","18742","1","1","1"
"656","18735","18735","18735","1","1","1","18717","18717","18717","1","1","1","18744","18744","18744","1","1","1"
"657","18896","18896","18896","1","1","1","18882","18882","18882","0.8","0.8","0.8","18902","18902","18902","1","1","1"
"658","18898","18898","18898","1","1","1","18884","18884","18884","1","1","1","18904","18904","18904","1","1","1"
"659","18900","18900","18900","1","1","1","18886","18886","18886","1","1","1","18906","18906","18906","1","1","1"
"660","18902","18902","18902","1","1","1","18888","18888","18888","0.8","0.8","0.8","18908","18908","18908","1","1","1"
"661","18904","18904","18904","1","1","1","18890","18890","18890","1","1","1","18910","18910","18910","1","1","1"
"662","18906","18906","18906","1","1","1","18892","18892","18892","1","1","1","18912","18912","18912","1","1","1"
"663","18908","18908","18908","1","1","1","18894","18894","18894","1","1","1","18914","18914","18914","1","1","1"
"664","18910","18910","18910","1","1","1","18896","18896","18896","1","1","1","18916","18916","18916","0.8","0.8","0.8"
"665","18912","18912","18912","1","1","1","18898","18898","18898","1","1","1","18918","18918","18918","1","1","1"
"666","19073","19073","19073","0.8","0.8","0.8","19062","19062","19062","0.8","0.8","0.8","19076","19076","19076","1","1","1"
"667","19075","19075","19075","1","1","1","19064","19064","19064","1","1","1","19078","19078","19078","1","1","1"
"668","19077","19077","19077","1","1","1","19066","19066","19066","0.8","0.8","0.8","19080","19080","19080","1","1","1"
"669","19079","19079","19079","1","1","1","19068","19068","19068","1","1","1","19082","19082","19082","1","1","1"
"670","19081","19081","19081","1","1","1","19070","19070","19070","1","1","1","19084","19084","19084","0.8","0.8","0.8"
"671","19083","19083","19083","1","1","1","19072","19072","19072","1","1","1","19086","19086","19086","1","1","1"
"672","19085","19085","19085","1","1","1","19074","19074","19074","1","1","1","19088","19088","19088","1","1","1"
"673","19087","19087","19087","1","1","1","19076","19076","19076","1","1","1","19090","19090","19090","1","1","1"
"674","19089","19089","19089","1","1","1","19078","19078","19078","1","1","1","19092","19092","19092","1","1","1"
"675","19249","19249","19249","0.8","0.8","0.8","19242","19242","19242","0.8","0.8","0.8","19253","19253","19253","1","1","1"
"676","19251","19251","19251","1","1","1","19244","19244","19244","1","1","1","19255","19255","19255","1","1","1"
"677","19253","19253","19253","1","1","1","19246","19246","19246","1","1","1","19257","19257","19257","1","1","1"
"678","19255","19255","19255","1","1","1","19248","19248","19248","1","1","1","19259","19259","19259","1","1","1"
"679","19257","19257","19257","1","1","1","19250","19250","19250","1","1","1","19261","19261","19261","1","1","1"
"680","19259","19259","19259","1","1","1","19252","19252","19252","1","1","1","19263","19263","19263","1","1","1"
"681","19261","19261","19261","1","1","1","19254","19254","19254","1","1","1","19265","19265","19265","1","1","1"
"682","19263","19263","19263","1","1","1","19256","19256","19256","1","1","1","19267","19267","19267","1","1","1"
"683","19265","19265","19265","0.8","0.8","0.8","19258","19258","19258","1","1","1","19269","19269","19269","1","1","1"
"684","19428","19428","19428","0.8","0.8","0.8","19421","19421","19421","0.8","0.8","0.8","19432","19432","19432","1","1","1"
"685","19430","19430","19430","1","1","1","19423","19423","19423","1","1","1","19434","19434","19434","1","1","1"
"686","19432","19432","19432","1","1","1","19425","19425","19425","1","1","1","19436","19436","19436","1","1","1"
"687","19434","19434","19434","1","1","1","19427","19427","19427","1","1","1","19438","19438","19438","1","1","1"
"688","19436","19436","19436","1","1","1","19429","19429","19429","1","1","1","19440","19440","19440","1","1","1"
"689","19438","19438","19438","1","1","1","19431","19431","19431","1","1","1","19442","19442","19442","1","1","1"
"690","19440","19440","19440","1","1","1","19433","19433","19433","1","1","1","19444","19444","19444","1","1","1"
"691","19442","19442","19442","1","1","1","19435","19435","19435","1","1","1","19446","19446","19446","1","1","1"
"692","19444","19444","19444","1","1","1","19437","19437","19437","1","1","1","19448","19448","19448","1","1","1"
"693","19614","19614","19614","0.8","0.8","0.8","19597","19597","19597","0.8","0.8","0.8","19612","19612","19612","1","1","1"
"694","19616","19616","19616","1","1","1","19599","19599","19599","1","1","1","19614","19614","19614","1","1","1"
"695","19618","19618","19618","1","1","1","19601","19601","19601","1","1","1","19616","19616","19616","0.8","0.8","0.8"
"696","19620","19620","19620","1","1","1","19603","19603","19603","1","1","1","19618","19618","19618","1","1","1"
"697","19622","19622","19622","1","1","1","19605","19605","19605","1","1","1","19620","19620","19620","1","1","1"
"698","19624","19624","19624","1","1","1","19607","19607","19607","1","1","1","19622","19622","19622","1","1","1"
"699","19626","19626","19626","1","1","1","19609","19609","19609","1","1","1","19624","19624","19624","1","1","1"
"700","19628","19628","19628","1","1","1","19611","19611","19611","1","1","1","19626","19626","19626","1","1","1"
"701","19630","19630","19630","1","1","1","19613","19613","19613","1","1","1","19628","19628","19628","1","1","1"
"702","19795","19795","19795","1","1","1","19774","19774","19774","0.8","0.8","0.8","19786","19786","19786","1","1","1"
"703","19797","19797","19797","1","1","1","19776","19776","19776","1","1","1","19788","19788","19788","1","1","1"
"704","19799","19799","19799","1","1","1","19778","19778","19778","1","1","1","19790","19790","19790","1","1","1"
"705","19801","19801","19801","1","1","1","19780","19780","19780","1","1","1","19792","19792","19792","1","1","1"
"706","19803","19803","19803","1","1","1","19782","19782","19782","1","1","1","19794","19794","19794","0.8","0.8","0.8"
"707","19805","19805","19805","1","1","1","19784","19784","19784","1","1","1","19796","19796","19796","1","1","1"
"708","19807","19807","19807","1","1","1","19786","19786","19786","1","1","1","19798","19798","19798","1","1","1"
"709","19809","19809","19809","1","1","1","19788","19788","19788","1","1","1","19800","19800","19800","1","1","1"
"710","19811","19811","19811","1","1","1","19790","19790","19790","1","1","1","19802","19802","19802","1","1","1"
"711","19968","19968","19968","0.8","0.8","0.8","19948","19948","19948","0.8","0.8","0.8","19961","19961","19961","1","1","1"
"712","19970","19970","19970","1","1","1","19950","19950","19950","0.8","0.8","0.8","19963","19963","19963","1","1","1"
"713","19972","19972","19972","1","1","1","19952","19952","19952","0.8","0.8","0.8","19965","19965","19965","1","1","1"
"714","19974","19974","19974","1","1","1","19954","19954","19954","1","1","1","19967","19967","19967","1","1","1"
"715","19976","19976","19976","1","1","1","19956","19956","19956","1","1","1","19969","19969","19969","1","1","1"
"716","19978","19978","19978","1","1","1","19958","19958","19958","1","1","1","19971","19971","19971","1","1","1"
"717","19980","19980","19980","1","1","1","19960","19960","19960","1","1","1","19973","19973","19973","1","1","1"
"718","19982","19982","19982","1","1","1","19962","19962","19962","1","1","1","19975","19975","19975","1","1","1"
"719","19984","19984","19984","0.8","0.8","0.8","19964","19964","19964","1","1","1","19977","19977","19977","1","1","1"
"720","20152","20152","20152","0.8","0.8","0.8","20129","20129","20129","0.8","0.8","0.8","20136","20136","20136","1","1","1"
"721","20154","20154","20154","1","1","1","20131","20131","20131","1","1","1","20138","20138","20138","0.8","0.8","0.8"
"722","20156","20156","20156","1","1","1","20133","20133","20133","1","1","1","20140","20140","20140","1","1","1"
"723","20158","20158","20158","1","1","1","20135","20135","20135","1","1","1","20142","20142","20142","1","1","1"
"724","20160","20160","20160","1","1","1","20137","20137","20137","1","1","1","20144","20144","20144","1","1","1"
"725","20162","20162","20162","1","1","1","20139","20139","20139","1","1","1","20146","20146","20146","1","1","1"
"726","20164","20164","20164","1","1","1","20141","20141","20141","1","1","1","20148","20148","20148","1","1","1"
"727","20166","20166","20166","1","1","1","20143","20143","20143","1","1","1","20150","20150","20150","1","1","1"
"728","20168","20168","20168","1","1","1","20145","20145","20145","1","1","1","20152","20152","20152","1","1","1"
"729","20335","20335","20335","1","1","1","20309","20309","20309","0.8","0.8","0.8","20315","20315","20315","1","1","1"
"730","20337","20337","20337","1","1","1","20311","20311","20311","1","1","1","20317","20317","20317","1","1","1"
"731","20339","20339","20339","1","1","1","20313","20313","20313","1","1","1","20319","20319","20319","0.8","0.8","0.8"
"732","20341","20341","20341","1","1","1","20315","20315","20315","1","1","1","20321","20321","20321","1","1","1"
"733","20343","20343","20343","1","1","1","20317","20317","20317","1","1","1","20323","20323","20323","1","1","1"
"734","20345","20345","20345","1","1","1","20319","20319","20319","1","1","1","20325","20325","20325","0.8","0.8","0.8"
"735","20347","20347","20347","1","1","1","20321","20321","20321","1","1","1","20327","20327","20327","1","1","1"
"736","20349","20349","20349","1","1","1","20323","20323","20323","1","1","1","20329","20329","20329","1","1","1"
"737","20351","20351","20351","1","1","1","20325","20325","20325","0.9","0.9","0.9","20331","20331","20331","1","1","1"
"738","20510","20510","20510","0.8","0.8","0.8","20488","20488","20488","0.8","0.8","0.8","20489","20489","20489","1","1","1"
"739","20512","20512","20512","1","1","1","20490","20490","20490","1","1","1","20491","20491","20491","1","1","1"
"740","20514","20514","20514","1","1","1","20492","20492","20492","1","1","1","20493","20493","20493","1","1","1"
"741","20516","20516","20516","1","1","1","20494","20494","20494","1","1","1","20495","20495","20495","1","1","1"
"742","20518","20518","20518","1","1","1","20496","20496","20496","1","1","1","20497","20497","20497","1","1","1"
"743","20520","20520","20520","0.8","0.8","0.8","20498","20498","20498","1","1","1","20499","20499","20499","1","1","1"
"744","20522","20522","20522","1","1","1","20500","20500","20500","1","1","1","20501","20501","20501","1","1","1"
"745","20524","20524","20524","1","1","1","20502","20502","20502","0.9","0.9","0.9","20503","20503","20503","1","1","1"
"746","20526","20526","20526","1","1","1","20504","20504","20504","1","1","1","20505","20505","20505","1","1","1"
"747","20691","20691","20691","0.8","0.8","0.8","20668","20668","20668","0.8","0.8","0.8","20663","20663","20663","1","1","1"
"748","20693","20693","20693","1","1","1","20670","20670","20670","0.8","0.8","0.8","20665","20665","20665","1","1","1"
"749","20695","20695","20695","1","1","1","20672","20672","20672","1","1","1","20667","20667","20667","0.8","0.8","0.8"
"750","20697","20697","20697","1","1","1","20674","20674","20674","1","1","1","20669","20669","20669","1","1","1"
"751","20699","20699","20699","1","1","1","20676","20676","20676","1","1","1","20671","20671","20671","0.8","0.8","0.8"
"752","20701","20701","20701","0.8","0.8","0.8","20678","20678","20678","1","1","1","20673","20673","20673","1","1","1"
"753","20703","20703","20703","1","1","1","20680","20680","20680","1","1","1","20675","20675","20675","1","1","1"
"754","20705","20705","20705","1","1","1","20682","20682","20682","1","1","1","20677","20677","20677","1","1","1"
"755","20707","20707","20707","1","1","1","20684","20684","20684","1","1","1","20679","20679","20679","1","1","1"
"756","20865","20865","20865","1","1","1","20843","20843","20843","0.8","0.8","0.8","20837","20837","20837","1","1","1"
"757","20867","20867","20867","1","1","1","20845","20845","20845","1","1","1","20839","20839","20839","1","1","1"
"758","20869","20869","20869","1","1","1","20847","20847","20847","1","1","1","20841","20841","20841","1","1","1"
"759","20871","20871","20871","1","1","1","20849","20849","20849","1","1","1","20843","20843","20843","1","1","1"
"760","20873","20873","20873","1","1","1","20851","20851","20851","1","1","1","20845","20845","20845","1","1","1"
"761","20875","20875","20875","1","1","1","20853","20853","20853","1","1","1","20847","20847","20847","1","1","1"
"762","20877","20877","20877","1","1","1","20855","20855","20855","1","1","1","20849","20849","20849","1","1","1"
"763","20879","20879","20879","1","1","1","20857","20857","20857","1","1","1","20851","20851","20851","1","1","1"
"764","20881","20881","20881","1","1","1","20859","20859","20859","1","1","1","20853","20853","20853","0.9","0.9","0.9"
"765","21045","21045","21045","0.8","0.8","0.8","21023","21023","21023","0.8","0.8","0.8","21012","21012","21012","1","1","1"
"766","21047","21047","21047","1","1","1","21025","21025","21025","1","1","1","21014","21014","21014","1","1","1"
"767","21049","21049","21049","1","1","1","21027","21027","21027","0.8","0.8","0.8","21016","21016","21016","0.8","0.8","0.8"
"768","21051","21051","21051","1","1","1","21029","21029","21029","1","1","1","21018","21018","21018","1","1","1"
"769","21053","21053","21053","1","1","1","21031","21031","21031","1","1","1","21020","21020","21020","1","1","1"
"770","21055","21055","21055","1","1","1","21033","21033","21033","1","1","1","21022","21022","21022","1","1","1"
"771","21057","21057","21057","1","1","1","21035","21035","21035","1","1","1","21024","21024","21024","1","1","1"
"772","21059","21059","21059","1","1","1","21037","21037","21037","1","1","1","21026","21026","21026","1","1","1"
"773","21061","21061","21061","1","1","1","21039","21039","21039","1","1","1","21028","21028","21028","1","1","1"
"774","21225","21225","21225","0.8","0.8","0.8","21202","21202","21202","0.8","0.8","0.8","21188","21188","21188","1","1","1"
"775","21227","21227","21227","1","1","1","21204","21204","21204","1","1","1","21190","21190","21190","1","1","1"
"776","21229","21229","21229","1","1","1","21206","21206","21206","0.8","0.8","0.8","21192","21192","21192","0.8","0.8","0.8"
"777","21231","21231","21231","1","1","1","21208","21208","21208","1","1","1","21194","21194","21194","1","1","1"
"778","21233","21233","21233","1","1","1","21210","21210","21210","1","1","1","21196","21196","21196","1","1","1"
"779","21235","21235","21235","1","1","1","21212","21212","21212","1","1","1","21198","21198","21198","1","1","1"
"780","21237","21237","21237","1","1","1","21214","21214","21214","1","1","1","21200","21200","21200","1","1","1"
"781","21239","21239","21239","1","1","1","21216","21216","21216","1","1","1","21202","21202","21202","1","1","1"
"782","21241","21241","21241","1","1","1","21218","21218","21218","1","1","1","21204","21204","21204","1","1","1"
"783","21399","21399","21399","0.8","0.8","0.8","21384","21384","21384","0.8","0.8","0.8","21366","21366","21366","1","1","1"
"784","21401","21401","21401","1","1","1","21386","21386","21386","1","1","1","21368","21368","21368","1","1","1"
"785","21403","21403","21403","1","1","1","21388","21388","21388","1","1","1","21370","21370","21370","1","1","1"
"786","21405","21405","21405","1","1","1","21390","21390","21390","1","1","1","21372","21372","21372","1","1","1"
"787","21407","21407","21407","1","1","1","21392","21392","21392","1","1","1","21374","21374","21374","1","1","1"
"788","21409","21409","21409","1","1","1","21394","21394","21394","1","1","1","21376","21376","21376","1","1","1"
"789","21411","21411","21411","1","1","1","21396","21396","21396","1","1","1","21378","21378","21378","1","1","1"
"790","21413","21413","21413","1","1","1","21398","21398","21398","1","1","1","21380","21380","21380","1","1","1"
"791","21415","21415","21415","1","1","1","21400","21400","21400","1","1","1","21382","21382","21382","1","1","1"
"792","21572","21572","21572","0.8","0.8","0.8","21560","21560","21560","0.8","0.8","0.8","21542","21542","21542","1","1","1"
"793","21574","21574","21574","1","1","1","21562","21562","21562","1","1","1","21544","21544","21544","1","1","1"
"794","21576","21576","21576","1","1","1","21564","21564","21564","0.8","0.8","0.8","21546","21546","21546","1","1","1"
"795","21578","21578","21578","1","1","1","21566","21566","21566","1","1","1","21548","21548","21548","1","1","1"
"796","21580","21580","21580","1","1","1","21568","21568","21568","1","1","1","21550","21550","21550","1","1","1"
"797","21582","21582","21582","1","1","1","21570","21570","21570","1","1","1","21552","21552","21552","1","1","1"
"798","21584","21584","21584","1","1","1","21572","21572","21572","1","1","1","21554","21554","21554","1","1","1"
"799","21586","21586","21586","1","1","1","21574","21574","21574","1","1","1","21556","21556","21556","1","1","1"
"800","21588","21588","21588","1","1","1","21576","21576","21576","1","1","1","21558","21558","21558","1","1","1"
"801","21758","21758","21758","0.8","0.8","0.8","21737","21737","21737","0.8","0.8","0.8","21715","21715","21715","1","1","1"
"802","21760","21760","21760","1","1","1","21739","21739","21739","1","1","1","21717","21717","21717","1","1","1"
"803","21762","21762","21762","1","1","1","21741","21741","21741","1","1","1","21719","21719","21719","1","1","1"
"804","21764","21764","21764","0.8","0.8","0.8","21743","21743","21743","1","1","1","21721","21721","21721","1","1","1"
"805","21766","21766","21766","1","1","1","21745","21745","21745","1","1","1","21723","21723","21723","1","1","1"
"806","21768","21768","21768","0.8","0.8","0.8","21747","21747","21747","1","1","1","21725","21725","21725","1","1","1"
"807","21770","21770","21770","1","1","1","21749","21749","21749","1","1","1","21727","21727","21727","1","1","1"
"808","21772","21772","21772","1","1","1","21751","21751","21751","1","1","1","21729","21729","21729","1","1","1"
"809","21774","21774","21774","1","1","1","21753","21753","21753","1","1","1","21731","21731","21731","1","1","1"
"810","21937","21937","21937","0.8","0.8","0.8","21911","21911","21911","0.8","0.8","0.8","21893","21893","21893","1","1","1"
"811","21939","21939","21939","1","1","1","21913","21913","21913","0.8","0.8","0.8","21895","21895","21895","1","1","1"
"812","21941","21941","21941","1","1","1","21915","21915","21915","1","1","1","21897","21897","21897","1","1","1"
"813","21943","21943","21943","1","1","1","21917","21917","21917","1","1","1","21899","21899","21899","1","1","1"
"814","21945","21945","21945","1","1","1","21919","21919","21919","1","1","1","21901","21901","21901","1","1","1"
"815","21947","21947","21947","1","1","1","21921","21921","21921","1","1","1","21903","21903","21903","1","1","1"
"816","21949","21949","21949","1","1","1","21923","21923","21923","1","1","1","21905","21905","21905","1","1","1"
"817","21951","21951","21951","1","1","1","21925","21925","21925","1","1","1","21907","21907","21907","0.8","0.8","0.8"
"818","21953","21953","21953","1","1","1","21927","21927","21927","1","1","1","21909","21909","21909","1","1","1"
"819","22111","22111","22111","0.8","0.8","0.8","22090","22090","22090","0.8","0.8","0.8","22067","22067","22067","1","1","1"
"820","22113","22113","22113","1","1","1","22092","22092","22092","0.8","0.8","0.8","22069","22069","22069","1","1","1"
"821","22115","22115","22115","1","1","1","22094","22094","22094","1","1","1","22071","22071","22071","1","1","1"
"822","22117","22117","22117","1","1","1","22096","22096","22096","1","1","1","22073","22073","22073","1","1","1"
"823","22119","22119","22119","1","1","1","22098","22098","22098","1","1","1","22075","22075","22075","1","1","1"
"824","22121","22121","22121","1","1","1","22100","22100","22100","1","1","1","22077","22077","22077","1","1","1"
"825","22123","22123","22123","1","1","1","22102","22102","22102","1","1","1","22079","22079","22079","1","1","1"
"826","22125","22125","22125","1","1","1","22104","22104","22104","1","1","1","22081","22081","22081","1","1","1"
"827","22127","22127","22127","1","1","1","22106","22106","22106","1","1","1","22083","22083","22083","1","1","1"
"828","22284","22284","22284","0.8","0.8","0.8","22270","22270","22270","0.8","0.8","0.8","22247","22247","22247","0.8","0.8","0.8"
"829","22286","22286","22286","1","1","1","22272","22272","22272","1","1","1","22249","22249","22249","1","1","1"
"830","22288","22288","22288","1","1","1","22274","22274","22274","1","1","1","22251","22251","22251","1","1","1"
"831","22290","22290","22290","1","1","1","22276","22276","22276","1","1","1","22253","22253","22253","1","1","1"
"832","22292","22292","22292","1","1","1","22278","22278","22278","1","1","1","22255","22255","22255","1","1","1"
"833","22294","22294","22294","1","1","1","22280","22280","22280","1","1","1","22257","22257","22257","1","1","1"
"834","22296","22296","22296","1","1","1","22282","22282","22282","1","1","1","22259","22259","22259","1","1","1"
"835","22298","22298","22298","1","1","1","22284","22284","22284","1","1","1","22261","22261","22261","1","1","1"
"836","22300","22300","22300","1","1","1","22286","22286","22286","1","1","1","22263","22263","22263","1","1","1"
"837","22460","22460","22460","1","1","1","22447","22447","22447","0.8","0.8","0.8","22421","22421","22421","1","1","1"
"838","22462","22462","22462","1","1","1","22449","22449","22449","1","1","1","22423","22423","22423","1","1","1"
"839","22464","22464","22464","1","1","1","22451","22451","22451","1","1","1","22425","22425","22425","1","1","1"
"840","22466","22466","22466","1","1","1","22453","22453","22453","1","1","1","22427","22427","22427","1","1","1"
"841","22468","22468","22468","1","1","1","22455","22455","22455","1","1","1","22429","22429","22429","1","1","1"
"842","22470","22470","22470","1","1","1","22457","22457","22457","1","1","1","22431","22431","22431","1","1","1"
"843","22472","22472","22472","1","1","1","22459","22459","22459","1","1","1","22433","22433","22433","1","1","1"
"844","22474","22474","22474","1","1","1","22461","22461","22461","1","1","1","22435","22435","22435","1","1","1"
"845","22476","22476","22476","1","1","1","22463","22463","22463","1","1","1","22437","22437","22437","1","1","1"
"846","22637","22637","22637","0.8","0.8","0.8","22629","22629","22629","0.8","0.8","0.8","22594","22594","22594","1","1","1"
"847","22639","22639","22639","1","1","1","22631","22631","22631","1","1","1","22596","22596","22596","1","1","1"
"848","22641","22641","22641","1","1","1","22633","22633","22633","1","1","1","22598","22598","22598","1","1","1"
"849","22643","22643","22643","1","1","1","22635","22635","22635","1","1","1","22600","22600","22600","1","1","1"
"850","22645","22645","22645","1","1","1","22637","22637","22637","1","1","1","22602","22602","22602","1","1","1"
"851","22647","22647","22647","1","1","1","22639","22639","22639","1","1","1","22604","22604","22604","1","1","1"
"852","22649","22649","22649","1","1","1","22641","22641","22641","1","1","1","22606","22606","22606","1","1","1"
"853","22651","22651","22651","1","1","1","22643","22643","22643","1","1","1","22608","22608","22608","1","1","1"
"854","22653","22653","22653","1","1","1","22645","22645","22645","1","1","1","22610","22610","22610","1","1","1"
"855","22820","22820","22820","0.8","0.8","0.8","22804","22804","22804","0.8","0.8","0.8","22770","22770","22770","1","1","1"
"856","22822","22822","22822","1","1","1","22806","22806","22806","0.8","0.8","0.8","22772","22772","22772","1","1","1"
"857","22824","22824","22824","1","1","1","22808","22808","22808","0.8","0.8","0.8","22774","22774","22774","1","1","1"
"858","22826","22826","22826","1","1","1","22810","22810","22810","1","1","1","22776","22776","22776","1","1","1"
"859","22828","22828","22828","1","1","1","22812","22812","22812","1","1","1","22778","22778","22778","1","1","1"
"860","22830","22830","22830","1","1","1","22814","22814","22814","1","1","1","22780","22780","22780","1","1","1"
"861","22832","22832","22832","1","1","1","22816","22816","22816","1","1","1","22782","22782","22782","1","1","1"
"862","22834","22834","22834","1","1","1","22818","22818","22818","1","1","1","22784","22784","22784","1","1","1"
"863","22836","22836","22836","1","1","1","22820","22820","22820","1","1","1","22786","22786","22786","1","1","1"
"864","23004","23004","23004","0.8","0.8","0.8","22984","22984","22984","0.8","0.8","0.8","22949","22949","22949","1","1","1"
"865","23006","23006","23006","1","1","1","22986","22986","22986","0.8","0.8","0.8","22951","22951","22951","1","1","1"
"866","23008","23008","23008","1","1","1","22988","22988","22988","0.8","0.8","0.8","22953","22953","22953","1","1","1"
"867","23010","23010","23010","1","1","1","22990","22990","22990","1","1","1","22955","22955","22955","1","1","1"
"868","23012","23012","23012","1","1","1","22992","22992","22992","1","1","1","22957","22957","22957","1","1","1"
"869","23014","23014","23014","1","1","1","22994","22994","22994","1","1","1","22959","22959","22959","1","1","1"
"870","23016","23016","23016","1","1","1","22996","22996","22996","1","1","1","22961","22961","22961","1","1","1"
"871","23018","23018","23018","1","1","1","22998","22998","22998","1","1","1","22963","22963","22963","1","1","1"
"872","23020","23020","23020","0.8","0.8","0.8","23000","23000","23000","1","1","1","22965","22965","22965","1","1","1"
"873","23181","23181","23181","0.8","0.8","0.8","23160","23160","23160","0.8","0.8","0.8","23127","23127","23127","1","1","1"
"874","23183","23183","23183","1","1","1","23162","23162","23162","0.8","0.8","0.8","23129","23129","23129","1","1","1"
"875","23185","23185","23185","1","1","1","23164","23164","23164","0.8","0.8","0.8","23131","23131","23131","1","1","1"
"876","23187","23187","23187","1","1","1","23166","23166","23166","1","1","1","23133","23133","23133","1","1","1"
"877","23189","23189","23189","1","1","1","23168","23168","23168","1","1","1","23135","23135","23135","1","1","1"
"878","23191","23191","23191","1","1","1","23170","23170","23170","1","1","1","23137","23137","23137","1","1","1"
"879","23193","23193","23193","1","1","1","23172","23172","23172","1","1","1","23139","23139","23139","1","1","1"
"880","23195","23195","23195","1","1","1","23174","23174","23174","1","1","1","23141","23141","23141","1","1","1"
"881","23197","23197","23197","1","1","1","23176","23176","23176","0.9","0.9","0.9","23143","23143","23143","1","1","1"
"882","23359","23359","23359","0.8","0.8","0.8","23343","23343","23343","1","1","1","23304","23304","23304","1","1","1"
"883","23361","23361","23361","1","1","1","23345","23345","23345","1","1","1","23306","23306","23306","1","1","1"
"884","23363","23363","23363","1","1","1","23347","23347","23347","1","1","1","23308","23308","23308","1","1","1"
"885","23365","23365","23365","1","1","1","23349","23349","23349","1","1","1","23310","23310","23310","1","1","1"
"886","23367","23367","23367","1","1","1","23351","23351","23351","1","1","1","23312","23312","23312","1","1","1"
"887","23369","23369","23369","1","1","1","23353","23353","23353","1","1","1","23314","23314","23314","1","1","1"
"888","23371","23371","23371","1","1","1","23355","23355","23355","1","1","1","23316","23316","23316","1","1","1"
"889","23373","23373","23373","1","1","1","23357","23357","23357","1","1","1","23318","23318","23318","1","1","1"
"890","23375","23375","23375","0.8","0.8","0.8","23359","23359","23359","1","1","1","23320","23320","23320","1","1","1"
"891","23537","23537","23537","1","1","1","23516","23516","23516","0.8","0.8","0.8","23484","23484","23484","1","1","1"
"892","23539","23539","23539","1","1","1","23518","23518","23518","1","1","1","23486","23486","23486","1","1","1"
"893","23541","23541","23541","1","1","1","23520","23520","23520","1","1","1","23488","23488","23488","0.8","0.8","0.8"
"894","23543","23543","23543","1","1","1","23522","23522","23522","1","1","1","23490","23490","23490","1","1","1"
"895","23545","23545","23545","1","1","1","23524","23524","23524","1","1","1","23492","23492","23492","1","1","1"
"896","23547","23547","23547","1","1","1","23526","23526","23526","1","1","1","23494","23494","23494","1","1","1"
"897","23549","23549","23549","1","1","1","23528","23528","23528","1","1","1","23496","23496","23496","1","1","1"
"898","23551","23551","23551","1","1","1","23530","23530","23530","1","1","1","23498","23498","23498","1","1","1"
"899","23553","23553","23553","0.8","0.8","0.8","23532","23532","23532","1","1","1","23500","23500","23500","1","1","1"
"900","23716","23716","23716","0.8","0.8","0.8","23695","23695","23695","0.8","0.8","0.8","23658","23658","23658","1","1","1"
"901","23718","23718","23718","1","1","1","23697","23697","23697","0.8","0.8","0.8","23660","23660","23660","1","1","1"
"902","23720","23720","23720","1","1","1","23699","23699","23699","1","1","1","23662","23662","23662","1","1","1"
"903","23722","23722","23722","1","1","1","23701","23701","23701","1","1","1","23664","23664","23664","1","1","1"
"904","23724","23724","23724","1","1","1","23703","23703","23703","1","1","1","23666","23666","23666","1","1","1"
"905","23726","23726","23726","1","1","1","23705","23705","23705","1","1","1","23668","23668","23668","1","1","1"
"906","23728","23728","23728","1","1","1","23707","23707","23707","1","1","1","23670","23670","23670","1","1","1"
"907","23730","23730","23730","1","1","1","23709","23709","23709","1","1","1","23672","23672","23672","1","1","1"
"908","23732","23732","23732","1","1","1","23711","23711","23711","0.8","0.8","0.8","23674","23674","23674","1","1","1"
"909","23896","23896","23896","0.8","0.8","0.8","23871","23871","23871","1","1","1","23835","23835","23835","1","1","1"
"910","23898","23898","23898","1","1","1","23873","23873","23873","1","1","1","23837","23837","23837","1","1","1"
"911","23900","23900","23900","1","1","1","23875","23875","23875","1","1","1","23839","23839","23839","1","1","1"
"912","23902","23902","23902","1","1","1","23877","23877","23877","1","1","1","23841","23841","23841","1","1","1"
"913","23904","23904","23904","1","1","1","23879","23879","23879","1","1","1","23843","23843","23843","1","1","1"
"914","23906","23906","23906","1","1","1","23881","23881","23881","1","1","1","23845","23845","23845","1","1","1"
"915","23908","23908","23908","1","1","1","23883","23883","23883","1","1","1","23847","23847","23847","1","1","1"
"916","23910","23910","23910","1","1","1","23885","23885","23885","1","1","1","23849","23849","23849","1","1","1"
"917","23912","23912","23912","1","1","1","23887","23887","23887","1","1","1","23851","23851","23851","1","1","1"
"918","24073","24073","24073","0.8","0.8","0.8","24053","24053","24053","0.8","0.8","0.8","24011","24011","24011","1","1","1"
"919","24075","24075","24075","1","1","1","24055","24055","24055","0.8","0.8","0.8","24013","24013","24013","1","1","1"
"920","24077","24077","24077","1","1","1","24057","24057","24057","1","1","1","24015","24015","24015","1","1","1"
"921","24079","24079","24079","1","1","1","24059","24059","24059","1","1","1","24017","24017","24017","1","1","1"
"922","24081","24081","24081","1","1","1","24061","24061","24061","1","1","1","24019","24019","24019","1","1","1"
"923","24083","24083","24083","1","1","1","24063","24063","24063","1","1","1","24021","24021","24021","0.8","0.8","0.8"
"924","24085","24085","24085","1","1","1","24065","24065","24065","1","1","1","24023","24023","24023","1","1","1"
"925","24087","24087","24087","1","1","1","24067","24067","24067","1","1","1","24025","24025","24025","1","1","1"
"926","24089","24089","24089","1","1","1","24069","24069","24069","1","1","1","24027","24027","24027","1","1","1"
"927","24251","24251","24251","1","1","1","24227","24227","24227","0.8","0.8","0.8","24185","24185","24185","1","1","1"
"928","24253","24253","24253","1","1","1","24229","24229","24229","0.8","0.8","0.8","24187","24187","24187","1","1","1"
"929","24255","24255","24255","1","1","1","24231","24231","24231","1","1","1","24189","24189","24189","1","1","1"
"930","24257","24257","24257","1","1","1","24233","24233","24233","1","1","1","24191","24191","24191","1","1","1"
"931","24259","24259","24259","1","1","1","24235","24235","24235","1","1","1","24193","24193","24193","1","1","1"
"932","24261","24261","24261","1","1","1","24237","24237","24237","1","1","1","24195","24195","24195","1","1","1"
"933","24263","24263","24263","1","1","1","24239","24239","24239","1","1","1","24197","24197","24197","1","1","1"
"934","24265","24265","24265","1","1","1","24241","24241","24241","1","1","1","24199","24199","24199","1","1","1"
"935","24267","24267","24267","1","1","1","24243","24243","24243","1","1","1","24201","24201","24201","1","1","1"
"936","24429","24429","24429","1","1","1","24408","24408","24408","0.8","0.8","0.8","24361","24361","24361","0.8","0.8","0.8"
"937","24431","24431","24431","1","1","1","24410","24410","24410","1","1","1","24363","24363","24363","1","1","1"
"938","24433","24433","24433","1","1","1","24412","24412","24412","1","1","1","24365","24365","24365","0.8","0.8","0.8"
"939","24435","24435","24435","1","1","1","24414","24414","24414","1","1","1","24367","24367","24367","1","1","1"
"940","24437","24437","24437","1","1","1","24416","24416","24416","1","1","1","24369","24369","24369","1","1","1"
"941","24439","24439","24439","1","1","1","24418","24418","24418","1","1","1","24371","24371","24371","1","1","1"
"942","24441","24441","24441","1","1","1","24420","24420","24420","1","1","1","24373","24373","24373","1","1","1"
"943","24443","24443","24443","1","1","1","24422","24422","24422","1","1","1","24375","24375","24375","1","1","1"
"944","24445","24445","24445","0.8","0.8","0.8","24424","24424","24424","1","1","1","24377","24377","24377","1","1","1"
"945","24607","24607","24607","0.8","0.8","0.8","24580","24580","24580","1","1","1","24537","24537","24537","1","1","1"
"946","24609","24609","24609","1","1","1","24582","24582","24582","1","1","1","24539","24539","24539","1","1","1"
"947","24611","24611","24611","1","1","1","24584","24584","24584","0.8","0.8","0.8","24541","24541","24541","1","1","1"
"948","24613","24613","24613","1","1","1","24586","24586","24586","1","1","1","24543","24543","24543","1","1","1"
"949","24615","24615","24615","1","1","1","24588","24588","24588","1","1","1","24545","24545","24545","1","1","1"
"950","24617","24617","24617","1","1","1","24590","24590","24590","1","1","1","24547","24547","24547","1","1","1"
"951","24619","24619","24619","1","1","1","24592","24592","24592","1","1","1","24549","24549","24549","1","1","1"
"952","24621","24621","24621","1","1","1","24594","24594","24594","1","1","1","24551","24551","24551","1","1","1"
"953","24623","24623","24623","0.8","0.8","0.8","24596","24596","24596","1","1","1","24553","24553","24553","1","1","1"
"954","24781","24781","24781","1","1","1","24759","24759","24759","0.8","0.8","0.8","24713","24713","24713","1","1","1"
"955","24783","24783","24783","1","1","1","24761","24761","24761","1","1","1","24715","24715","24715","1","1","1"
"956","24785","24785","24785","1","1","1","24763","24763","24763","1","1","1","24717","24717","24717","0.8","0.8","0.8"
"957","24787","24787","24787","1","1","1","24765","24765","24765","1","1","1","24719","24719","24719","1","1","1"
"958","24789","24789","24789","1","1","1","24767","24767","24767","1","1","1","24721","24721","24721","1","1","1"
"959","24791","24791","24791","1","1","1","24769","24769","24769","1","1","1","24723","24723","24723","1","1","1"
"960","24793","24793","24793","1","1","1","24771","24771","24771","1","1","1","24725","24725","24725","1","1","1"
"961","24795","24795","24795","1","1","1","24773","24773","24773","1","1","1","24727","24727","24727","1","1","1"
"962","24797","24797","24797","1","1","1","24775","24775","24775","1","1","1","24729","24729","24729","1","1","1"
"963","24959","24959","24959","0.8","0.8","0.8","24937","24937","24937","0.8","0.8","0.8","24891","24891","24891","1","1","1"
"964","24961","24961","24961","1","1","1","24939","24939","24939","1","1","1","24893","24893","24893","1","1","1"
"965","24963","24963","24963","1","1","1","24941","24941","24941","1","1","1","24895","24895","24895","1","1","1"
"966","24965","24965","24965","1","1","1","24943","24943","24943","1","1","1","24897","24897","24897","1","1","1"
"967","24967","24967","24967","1","1","1","24945","24945","24945","1","1","1","24899","24899","24899","1","1","1"
"968","24969","24969","24969","1","1","1","24947","24947","24947","1","1","1","24901","24901","24901","1","1","1"
"969","24971","24971","24971","1","1","1","24949","24949","24949","1","1","1","24903","24903","24903","1","1","1"
"970","24973","24973","24973","1","1","1","24951","24951","24951","1","1","1","24905","24905","24905","1","1","1"
"971","24975","24975","24975","0.8","0.8","0.8","24953","24953","24953","1","1","1","24907","24907","24907","1","1","1"
"972","25133","25133","25133","0.8","0.8","0.8","25112","25112","25112","0.8","0.8","0.8","25064","25064","25064","1","1","1"
"973","25135","25135","25135","1","1","1","25114","25114","25114","1","1","1","25066","25066","25066","1","1","1"
"974","25137","25137","25137","1","1","1","25116","25116","25116","1","1","1","25068","25068","25068","1","1","1"
"975","25139","25139","25139","1","1","1","25118","25118","25118","1","1","1","25070","25070","25070","1","1","1"
"976","25141","25141","25141","1","1","1","25120","25120","25120","1","1","1","25072","25072","25072","1","1","1"
"977","25143","25143","25143","1","1","1","25122","25122","25122","1","1","1","25074","25074","25074","1","1","1"
"978","25145","25145","25145","1","1","1","25124","25124","25124","1","1","1","25076","25076","25076","1","1","1"
"979","25147","25147","25147","1","1","1","25126","25126","25126","1","1","1","25078","25078","25078","1","1","1"
"980","25149","25149","25149","1","1","1","25128","25128","25128","1","1","1","25080","25080","25080","1","1","1"
"981","25312","25312","25312","0.8","0.8","0.8","25288","25288","25288","0.8","0.8","0.8","25240","25240","25240","1","1","1"
"982","25314","25314","25314","1","1","1","25290","25290","25290","1","1","1","25242","25242","25242","1","1","1"
"983","25316","25316","25316","1","1","1","25292","25292","25292","1","1","1","25244","25244","25244","1","1","1"
"984","25318","25318","25318","1","1","1","25294","25294","25294","1","1","1","25246","25246","25246","1","1","1"
"985","25320","25320","25320","1","1","1","25296","25296","25296","1","1","1","25248","25248","25248","1","1","1"
"986","25322","25322","25322","1","1","1","25298","25298","25298","1","1","1","25250","25250","25250","1","1","1"
"987","25324","25324","25324","1","1","1","25300","25300","25300","1","1","1","25252","25252","25252","1","1","1"
"988","25326","25326","25326","1","1","1","25302","25302","25302","1","1","1","25254","25254","25254","1","1","1"
"989","25328","25328","25328","1","1","1","25304","25304","25304","1","1","1","25256","25256","25256","1","1","1"
"990","25488","25488","25488","0.8","0.8","0.8","25468","25468","25468","0.8","0.8","0.8","25415","25415","25415","1","1","1"
"991","25490","25490","25490","1","1","1","25470","25470","25470","1","1","1","25417","25417","25417","1","1","1"
"992","25492","25492","25492","1","1","1","25472","25472","25472","1","1","1","25419","25419","25419","1","1","1"
"993","25494","25494","25494","1","1","1","25474","25474","25474","1","1","1","25421","25421","25421","1","1","1"
"994","25496","25496","25496","1","1","1","25476","25476","25476","1","1","1","25423","25423","25423","1","1","1"
"995","25498","25498","25498","1","1","1","25478","25478","25478","1","1","1","25425","25425","25425","1","1","1"
"996","25500","25500","25500","1","1","1","25480","25480","25480","1","1","1","25427","25427","25427","1","1","1"
"997","25502","25502","25502","1","1","1","25482","25482","25482","1","1","1","25429","25429","25429","1","1","1"
"998","25504","25504","25504","1","1","1","25484","25484","25484","1","1","1","25431","25431","25431","1","1","1"
"999","25667","25667","25667","0.8","0.8","0.8","25645","25645","25645","1","1","1","25595","25595","25595","1","1","1"
"1000","25669","25669","25669","1","1","1","25647","25647","25647","1","1","1","25597","25597","25597","1","1","1"
"1001","25671","25671","25671","1","1","1","25649","25649","25649","1","1","1","25599","25599","25599","0.8","0.8","0.8"
"1002","25673","25673","25673","1","1","1","25651","25651","25651","0.8","0.8","0.8","25601","25601","25601","1","1","1"
"1003","25675","25675","25675","1","1","1","25653","25653","25653","1","1","1","25603","25603","25603","1","1","1"
"1004","25677","25677","25677","1","1","1","25655","25655","25655","1","1","1","25605","25605","25605","1","1","1"
"1005","25679","25679","25679","1","1","1","25657","25657","25657","1","1","1","25607","25607","25607","1","1","1"
"1006","25681","25681","25681","1","1","1","25659","25659","25659","1","1","1","25609","25609","25609","1","1","1"
"1007","25683","25683","25683","1","1","1","25661","25661","25661","1","1","1","25611","25611","25611","1","1","1"
"1008","25847","25847","25847","0.8","0.8","0.8","25823","25823","25823","1","1","1","25773","25773","25773","1","1","1"
"1009","25849","25849","25849","1","1","1","25825","25825","25825","1","1","1","25775","25775","25775","1","1","1"
"1010","25851","25851","25851","1","1","1","25827","25827","25827","1","1","1","25777","25777","25777","1","1","1"
"1011","25853","25853","25853","1","1","1","25829","25829","25829","1","1","1","25779","25779","25779","1","1","1"
"1012","25855","25855","25855","1","1","1","25831","25831","25831","1","1","1","25781","25781","25781","1","1","1"
"1013","25857","25857","25857","1","1","1","25833","25833","25833","1","1","1","25783","25783","25783","1","1","1"
"1014","25859","25859","25859","1","1","1","25835","25835","25835","1","1","1","25785","25785","25785","1","1","1"
"1015","25861","25861","25861","1","1","1","25837","25837","25837","1","1","1","25787","25787","25787","1","1","1"
"1016","25863","25863","25863","1","1","1","25839","25839","25839","1","1","1","25789","25789","25789","1","1","1"
"1017","26023","26023","26023","0.8","0.8","0.8","25999","25999","25999","1","1","1","25947","25947","25947","1","1","1"
"1018","26025","26025","26025","1","1","1","26001","26001","26001","1","1","1","25949","25949","25949","1","1","1"
"1019","26027","26027","26027","1","1","1","26003","26003","26003","1","1","1","25951","25951","25951","0.8","0.8","0.8"
"1020","26029","26029","26029","1","1","1","26005","26005","26005","1","1","1","25953","25953","25953","1","1","1"
"1021","26031","26031","26031","1","1","1","26007","26007","26007","1","1","1","25955","25955","25955","1","1","1"
"1022","26033","26033","26033","1","1","1","26009","26009","26009","1","1","1","25957","25957","25957","1","1","1"
"1023","26035","26035","26035","1","1","1","26011","26011","26011","1","1","1","25959","25959","25959","1","1","1"
"1024","26037","26037","26037","1","1","1","26013","26013","26013","1","1","1","25961","25961","25961","1","1","1"
"1025","26039","26039","26039","0.8","0.8","0.8","26015","26015","26015","1","1","1","25963","25963","25963","1","1","1"
"1026","26204","26204","26204","0.8","0.8","0.8","26180","26180","26180","0.8","0.8","0.8","26127","26127","26127","1","1","1"
"1027","26206","26206","26206","1","1","1","26182","26182","26182","1","1","1","26129","26129","26129","1","1","1"
"1028","26208","26208","26208","1","1","1","26184","26184","26184","1","1","1","26131","26131","26131","1","1","1"
"1029","26210","26210","26210","1","1","1","26186","26186","26186","1","1","1","26133","26133","26133","1","1","1"
"1030","26212","26212","26212","1","1","1","26188","26188","26188","1","1","1","26135","26135","26135","1","1","1"
"1031","26214","26214","26214","1","1","1","26190","26190","26190","1","1","1","26137","26137","26137","1","1","1"
"1032","26216","26216","26216","1","1","1","26192","26192","26192","1","1","1","26139","26139","26139","1","1","1"
"1033","26218","26218","26218","1","1","1","26194","26194","26194","1","1","1","26141","26141","26141","1","1","1"
"1034","26220","26220","26220","1","1","1","26196","26196","26196","1","1","1","26143","26143","26143","1","1","1"
"1035","26380","26380","26380","0.8","0.8","0.8","26361","26361","26361","0.8","0.8","0.8","26302","26302","26302","1","1","1"
"1036","26382","26382","26382","1","1","1","26363","26363","26363","0.8","0.8","0.8","26304","26304","26304","1","1","1"
"1037","26384","26384","26384","1","1","1","26365","26365","26365","1","1","1","26306","26306","26306","0.8","0.8","0.8"
"1038","26386","26386","26386","1","1","1","26367","26367","26367","1","1","1","26308","26308","26308","1","1","1"
"1039","26388","26388","26388","1","1","1","26369","26369","26369","1","1","1","26310","26310","26310","1","1","1"
"1040","26390","26390","26390","1","1","1","26371","26371","26371","1","1","1","26312","26312","26312","1","1","1"
"1041","26392","26392","26392","1","1","1","26373","26373","26373","1","1","1","26314","26314","26314","1","1","1"
"1042","26394","26394","26394","1","1","1","26375","26375","26375","1","1","1","26316","26316","26316","1","1","1"
"1043","26396","26396","26396","1","1","1","26377","26377","26377","1","1","1","26318","26318","26318","1","1","1"
"1044","26557","26557","26557","1","1","1","26533","26533","26533","1","1","1","26481","26481","26481","1","1","1"
"1045","26559","26559","26559","1","1","1","26535","26535","26535","1","1","1","26483","26483","26483","1","1","1"
"1046","26561","26561","26561","1","1","1","26537","26537","26537","1","1","1","26485","26485","26485","1","1","1"
"1047","26563","26563","26563","1","1","1","26539","26539","26539","1","1","1","26487","26487","26487","1","1","1"
"1048","26565","26565","26565","1","1","1","26541","26541","26541","1","1","1","26489","26489","26489","1","1","1"
"1049","26567","26567","26567","1","1","1","26543","26543","26543","1","1","1","26491","26491","26491","1","1","1"
"1050","26569","26569","26569","1","1","1","26545","26545","26545","1","1","1","26493","26493","26493","1","1","1"
"1051","26571","26571","26571","1","1","1","26547","26547","26547","1","1","1","26495","26495","26495","1","1","1"
"1052","26573","26573","26573","0.9","0.9","0.9","26549","26549","26549","1","1","1","26497","26497","26497","1","1","1"
"1053","26733","26733","26733","1","1","1","26709","26709","26709","0.8","0.8","0.8","26658","26658","26658","1","1","1"
"1054","26735","26735","26735","1","1","1","26711","26711","26711","1","1","1","26660","26660","26660","1","1","1"
"1055","26737","26737","26737","1","1","1","26713","26713","26713","1","1","1","26662","26662","26662","1","1","1"
"1056","26739","26739","26739","1","1","1","26715","26715","26715","1","1","1","26664","26664","26664","1","1","1"
"1057","26741","26741","26741","1","1","1","26717","26717","26717","1","1","1","26666","26666","26666","1","1","1"
"1058","26743","26743","26743","1","1","1","26719","26719","26719","1","1","1","26668","26668","26668","1","1","1"
"1059","26745","26745","26745","1","1","1","26721","26721","26721","1","1","1","26670","26670","26670","1","1","1"
"1060","26747","26747","26747","1","1","1","26723","26723","26723","1","1","1","26672","26672","26672","1","1","1"
"1061","26749","26749","26749","0.9","0.9","0.9","26725","26725","26725","1","1","1","26674","26674","26674","1","1","1"
"1062","26910","26910","26910","0.8","0.8","0.8","26885","26885","26885","0.8","0.8","0.8","26838","26838","26838","1","1","1"
"1063","26912","26912","26912","1","1","1","26887","26887","26887","1","1","1","26840","26840","26840","1","1","1"
"1064","26914","26914","26914","1","1","1","26889","26889","26889","1","1","1","26842","26842","26842","0.8","0.8","0.8"
"1065","26916","26916","26916","1","1","1","26891","26891","26891","1","1","1","26844","26844","26844","1","1","1"
"1066","26918","26918","26918","1","1","1","26893","26893","26893","1","1","1","26846","26846","26846","1","1","1"
"1067","26920","26920","26920","1","1","1","26895","26895","26895","1","1","1","26848","26848","26848","1","1","1"
"1068","26922","26922","26922","1","1","1","26897","26897","26897","1","1","1","26850","26850","26850","1","1","1"
"1069","26924","26924","26924","1","1","1","26899","26899","26899","1","1","1","26852","26852","26852","1","1","1"
"1070","26926","26926","26926","0.8","0.8","0.8","26901","26901","26901","1","1","1","26854","26854","26854","1","1","1"
"1071","27088","27088","27088","0.8","0.8","0.8","27059","27059","27059","0.8","0.8","0.8","27012","27012","27012","0.8","0.8","0.8"
"1072","27090","27090","27090","1","1","1","27061","27061","27061","1","1","1","27014","27014","27014","1","1","1"
"1073","27092","27092","27092","1","1","1","27063","27063","27063","1","1","1","27016","27016","27016","0.8","0.8","0.8"
"1074","27094","27094","27094","1","1","1","27065","27065","27065","1","1","1","27018","27018","27018","1","1","1"
"1075","27096","27096","27096","1","1","1","27067","27067","27067","1","1","1","27020","27020","27020","1","1","1"
"1076","27098","27098","27098","1","1","1","27069","27069","27069","1","1","1","27022","27022","27022","1","1","1"
"1077","27100","27100","27100","1","1","1","27071","27071","27071","1","1","1","27024","27024","27024","1","1","1"
"1078","27102","27102","27102","1","1","1","27073","27073","27073","1","1","1","27026","27026","27026","1","1","1"
"1079","27104","27104","27104","1","1","1","27075","27075","27075","1","1","1","27028","27028","27028","1","1","1"
"1080","27266","27266","27266","0.8","0.8","0.8","27234","27234","27234","0.8","0.8","0.8","27189","27189","27189","1","1","1"
"1081","27268","27268","27268","1","1","1","27236","27236","27236","1","1","1","27191","27191","27191","1","1","1"
"1082","27270","27270","27270","1","1","1","27238","27238","27238","1","1","1","27193","27193","27193","0.8","0.8","0.8"
"1083","27272","27272","27272","1","1","1","27240","27240","27240","1","1","1","27195","27195","27195","1","1","1"
"1084","27274","27274","27274","1","1","1","27242","27242","27242","1","1","1","27197","27197","27197","1","1","1"
"1085","27276","27276","27276","1","1","1","27244","27244","27244","1","1","1","27199","27199","27199","1","1","1"
"1086","27278","27278","27278","1","1","1","27246","27246","27246","1","1","1","27201","27201","27201","1","1","1"
"1087","27280","27280","27280","1","1","1","27248","27248","27248","1","1","1","27203","27203","27203","1","1","1"
"1088","27282","27282","27282","0.8","0.8","0.8","27250","27250","27250","1","1","1","27205","27205","27205","1","1","1"
"1089","27441","27441","27441","0.8","0.8","0.8","27406","27406","27406","0.8","0.8","0.8","27363","27363","27363","1","1","1"
"1090","27443","27443","27443","1","1","1","27408","27408","27408","1","1","1","27365","27365","27365","1","1","1"
"1091","27445","27445","27445","1","1","1","27410","27410","27410","1","1","1","27367","27367","27367","0.8","0.8","0.8"
"1092","27447","27447","27447","1","1","1","27412","27412","27412","1","1","1","27369","27369","27369","1","1","1"
"1093","27449","27449","27449","1","1","1","27414","27414","27414","1","1","1","27371","27371","27371","1","1","1"
"1094","27451","27451","27451","1","1","1","27416","27416","27416","1","1","1","27373","27373","27373","1","1","1"
"1095","27453","27453","27453","1","1","1","27418","27418","27418","1","1","1","27375","27375","27375","1","1","1"
"1096","27455","27455","27455","1","1","1","27420","27420","27420","1","1","1","27377","27377","27377","1","1","1"
"1097","27457","27457","27457","1","1","1","27422","27422","27422","1","1","1","27379","27379","27379","1","1","1"
"1098","27627","27627","27627","0.8","0.8","0.8","27587","27587","27587","0.8","0.8","0.8","27536","27536","27536","1","1","1"
"1099","27629","27629","27629","1","1","1","27589","27589","27589","1","1","1","27538","27538","27538","0.8","0.8","0.8"
"1100","27631","27631","27631","0.8","0.8","0.8","27591","27591","27591","1","1","1","27540","27540","27540","1","1","1"
"1101","27633","27633","27633","1","1","1","27593","27593","27593","1","1","1","27542","27542","27542","1","1","1"
"1102","27635","27635","27635","1","1","1","27595","27595","27595","1","1","1","27544","27544","27544","1","1","1"
"1103","27637","27637","27637","1","1","1","27597","27597","27597","1","1","1","27546","27546","27546","1","1","1"
"1104","27639","27639","27639","1","1","1","27599","27599","27599","1","1","1","27548","27548","27548","1","1","1"
"1105","27641","27641","27641","1","1","1","27601","27601","27601","1","1","1","27550","27550","27550","1","1","1"
"1106","27643","27643","27643","0.8","0.8","0.8","27603","27603","27603","1","1","1","27552","27552","27552","1","1","1"
"1107","27800","27800","27800","0.8","0.8","0.8","27763","27763","27763","0.8","0.8","0.8","27710","27710","27710","1","1","1"
"1108","27802","27802","27802","1","1","1","27765","27765","27765","1","1","1","27712","27712","27712","1","1","1"
"1109","27804","27804","27804","1","1","1","27767","27767","27767","1","1","1","27714","27714","27714","1","1","1"
"1110","27806","27806","27806","1","1","1","27769","27769","27769","1","1","1","27716","27716","27716","1","1","1"
"1111","27808","27808","27808","1","1","1","27771","27771","27771","1","1","1","27718","27718","27718","1","1","1"
"1112","27810","27810","27810","1","1","1","27773","27773","27773","1","1","1","27720","27720","27720","1","1","1"
"1113","27812","27812","27812","1","1","1","27775","27775","27775","1","1","1","27722","27722","27722","1","1","1"
"1114","27814","27814","27814","1","1","1","27777","27777","27777","1","1","1","27724","27724","27724","1","1","1"
"1115","27816","27816","27816","1","1","1","27779","27779","27779","1","1","1","27726","27726","27726","1","1","1"
"1116","27978","27978","27978","0.8","0.8","0.8","27938","27938","27938","0.8","0.8","0.8","27889","27889","27889","1","1","1"
"1117","27980","27980","27980","1","1","1","27940","27940","27940","0.8","0.8","0.8","27891","27891","27891","1","1","1"
"1118","27982","27982","27982","0.8","0.8","0.8","27942","27942","27942","1","1","1","27893","27893","27893","0.8","0.8","0.8"
"1119","27984","27984","27984","0.8","0.8","0.8","27944","27944","27944","1","1","1","27895","27895","27895","1","1","1"
"1120","27986","27986","27986","1","1","1","27946","27946","27946","1","1","1","27897","27897","27897","1","1","1"
"1121","27988","27988","27988","1","1","1","27948","27948","27948","1","1","1","27899","27899","27899","0.8","0.8","0.8"
"1122","27990","27990","27990","1","1","1","27950","27950","27950","1","1","1","27901","27901","27901","1","1","1"
"1123","27992","27992","27992","1","1","1","27952","27952","27952","1","1","1","27903","27903","27903","1","1","1"
"1124","27994","27994","27994","1","1","1","27954","27954","27954","1","1","1","27905","27905","27905","1","1","1"
"1125","28152","28152","28152","1","1","1","28112","28112","28112","1","1","1","28070","28070","28070","1","1","1"
"1126","28154","28154","28154","1","1","1","28114","28114","28114","0.8","0.8","0.8","28072","28072","28072","0.8","0.8","0.8"
"1127","28156","28156","28156","1","1","1","28116","28116","28116","1","1","1","28074","28074","28074","0.8","0.8","0.8"
"1128","28158","28158","28158","1","1","1","28118","28118","28118","1","1","1","28076","28076","28076","1","1","1"
"1129","28160","28160","28160","1","1","1","28120","28120","28120","1","1","1","28078","28078","28078","1","1","1"
"1130","28162","28162","28162","1","1","1","28122","28122","28122","1","1","1","28080","28080","28080","1","1","1"
"1131","28164","28164","28164","1","1","1","28124","28124","28124","1","1","1","28082","28082","28082","1","1","1"
"1132","28166","28166","28166","1","1","1","28126","28126","28126","1","1","1","28084","28084","28084","1","1","1"
"1133","28168","28168","28168","1","1","1","28128","28128","28128","1","1","1","28086","28086","28086","1","1","1"
"1134","28330","28330","28330","0.8","0.8","0.8","28290","28290","28290","0.8","0.8","0.8","28246","28246","28246","1","1","1"
"1135","28332","28332","28332","1","1","1","28292","28292","28292","1","1","1","28248","28248","28248","1","1","1"
"1136","28334","28334","28334","1","1","1","28294","28294","28294","0.8","0.8","0.8","28250","28250","28250","0.8","0.8","0.8"
"1137","28336","28336","28336","1","1","1","28296","28296","28296","1","1","1","28252","28252","28252","1","1","1"
"1138","28338","28338","28338","1","1","1","28298","28298","28298","1","1","1","28254","28254","28254","1","1","1"
"1139","28340","28340","28340","1","1","1","28300","28300","28300","1","1","1","28256","28256","28256","1","1","1"
"1140","28342","28342","28342","1","1","1","28302","28302","28302","1","1","1","28258","28258","28258","1","1","1"
"1141","28344","28344","28344","1","1","1","28304","28304","28304","1","1","1","28260","28260","28260","1","1","1"
"1142","28346","28346","28346","0.8","0.8","0.8","28306","28306","28306","1","1","1","28262","28262","28262","1","1","1"
"1143","28506","28506","28506","1","1","1","28471","28471","28471","0.8","0.8","0.8","28423","28423","28423","1","1","1"
"1144","28508","28508","28508","1","1","1","28473","28473","28473","1","1","1","28425","28425","28425","1","1","1"
"1145","28510","28510","28510","1","1","1","28475","28475","28475","1","1","1","28427","28427","28427","1","1","1"
"1146","28512","28512","28512","1","1","1","28477","28477","28477","1","1","1","28429","28429","28429","1","1","1"
"1147","28514","28514","28514","1","1","1","28479","28479","28479","1","1","1","28431","28431","28431","1","1","1"
"1148","28516","28516","28516","1","1","1","28481","28481","28481","1","1","1","28433","28433","28433","1","1","1"
"1149","28518","28518","28518","1","1","1","28483","28483","28483","1","1","1","28435","28435","28435","1","1","1"
"1150","28520","28520","28520","1","1","1","28485","28485","28485","1","1","1","28437","28437","28437","1","1","1"
"1151","28522","28522","28522","1","1","1","28487","28487","28487","1","1","1","28439","28439","28439","1","1","1"
"1152","28680","28680","28680","1","1","1","28649","28649","28649","0.8","0.8","0.8","28598","28598","28598","1","1","1"
"1153","28682","28682","28682","1","1","1","28651","28651","28651","1","1","1","28600","28600","28600","0.8","0.8","0.8"
"1154","28684","28684","28684","1","1","1","28653","28653","28653","1","1","1","28602","28602","28602","0.8","0.8","0.8"
"1155","28686","28686","28686","1","1","1","28655","28655","28655","0.8","0.8","0.8","28604","28604","28604","1","1","1"
"1156","28688","28688","28688","1","1","1","28657","28657","28657","1","1","1","28606","28606","28606","1","1","1"
"1157","28690","28690","28690","1","1","1","28659","28659","28659","1","1","1","28608","28608","28608","1","1","1"
"1158","28692","28692","28692","1","1","1","28661","28661","28661","1","1","1","28610","28610","28610","1","1","1"
"1159","28694","28694","28694","1","1","1","28663","28663","28663","1","1","1","28612","28612","28612","1","1","1"
"1160","28696","28696","28696","0.8","0.8","0.8","28665","28665","28665","1","1","1","28614","28614","28614","1","1","1"
"1161","28852","28852","28852","0.8","0.8","0.8","28828","28828","28828","0.8","0.8","0.8","28777","28777","28777","1","1","1"
"1162","28854","28854","28854","1","1","1","28830","28830","28830","1","1","1","28779","28779","28779","1","1","1"
"1163","28856","28856","28856","1","1","1","28832","28832","28832","1","1","1","28781","28781","28781","0.8","0.8","0.8"
"1164","28858","28858","28858","1","1","1","28834","28834","28834","1","1","1","28783","28783","28783","1","1","1"
"1165","28860","28860","28860","1","1","1","28836","28836","28836","1","1","1","28785","28785","28785","1","1","1"
"1166","28862","28862","28862","1","1","1","28838","28838","28838","1","1","1","28787","28787","28787","0.8","0.8","0.8"
"1167","28864","28864","28864","1","1","1","28840","28840","28840","1","1","1","28789","28789","28789","1","1","1"
"1168","28866","28866","28866","1","1","1","28842","28842","28842","1","1","1","28791","28791","28791","1","1","1"
"1169","28868","28868","28868","1","1","1","28844","28844","28844","1","1","1","28793","28793","28793","1","1","1"
"1170","29033","29033","29033","1","1","1","29004","29004","29004","0.8","0.8","0.8","28953","28953","28953","1","1","1"
"1171","29035","29035","29035","1","1","1","29006","29006","29006","1","1","1","28955","28955","28955","0.8","0.8","0.8"
"1172","29037","29037","29037","1","1","1","29008","29008","29008","0.8","0.8","0.8","28957","28957","28957","0.8","0.8","0.8"
"1173","29039","29039","29039","1","1","1","29010","29010","29010","1","1","1","28959","28959","28959","1","1","1"
"1174","29041","29041","29041","1","1","1","29012","29012","29012","1","1","1","28961","28961","28961","1","1","1"
"1175","29043","29043","29043","1","1","1","29014","29014","29014","1","1","1","28963","28963","28963","1","1","1"
"1176","29045","29045","29045","1","1","1","29016","29016","29016","1","1","1","28965","28965","28965","1","1","1"
"1177","29047","29047","29047","1","1","1","29018","29018","29018","1","1","1","28967","28967","28967","1","1","1"
"1178","29049","29049","29049","1","1","1","29020","29020","29020","1","1","1","28969","28969","28969","1","1","1"
"1179","29214","29214","29214","0.8","0.8","0.8","29185","29185","29185","0.8","0.8","0.8","29129","29129","29129","1","1","1"
"1180","29216","29216","29216","1","1","1","29187","29187","29187","0.8","0.8","0.8","29131","29131","29131","0.8","0.8","0.8"
"1181","29218","29218","29218","1","1","1","29189","29189","29189","1","1","1","29133","29133","29133","0.8","0.8","0.8"
"1182","29220","29220","29220","1","1","1","29191","29191","29191","1","1","1","29135","29135","29135","1","1","1"
"1183","29222","29222","29222","1","1","1","29193","29193","29193","1","1","1","29137","29137","29137","1","1","1"
"1184","29224","29224","29224","1","1","1","29195","29195","29195","1","1","1","29139","29139","29139","1","1","1"
"1185","29226","29226","29226","1","1","1","29197","29197","29197","1","1","1","29141","29141","29141","1","1","1"
"1186","29228","29228","29228","1","1","1","29199","29199","29199","1","1","1","29143","29143","29143","1","1","1"
"1187","29230","29230","29230","0.9","0.9","0.9","29201","29201","29201","1","1","1","29145","29145","29145","1","1","1"
"1188","29390","29390","29390","0.8","0.8","0.8","29359","29359","29359","0.8","0.8","0.8","29310","29310","29310","1","1","1"
"1189","29392","29392","29392","1","1","1","29361","29361","29361","1","1","1","29312","29312","29312","1","1","1"
"1190","29394","29394","29394","1","1","1","29363","29363","29363","1","1","1","29314","29314","29314","0.8","0.8","0.8"
"1191","29396","29396","29396","1","1","1","29365","29365","29365","1","1","1","29316","29316","29316","1","1","1"
"1192","29398","29398","29398","1","1","1","29367","29367","29367","1","1","1","29318","29318","29318","0.8","0.8","0.8"
"1193","29400","29400","29400","1","1","1","29369","29369","29369","1","1","1","29320","29320","29320","0.8","0.8","0.8"
"1194","29402","29402","29402","1","1","1","29371","29371","29371","1","1","1","29322","29322","29322","1","1","1"
"1195","29404","29404","29404","1","1","1","29373","29373","29373","1","1","1","29324","29324","29324","1","1","1"
"1196","29406","29406","29406","1","1","1","29375","29375","29375","1","1","1","29326","29326","29326","1","1","1"
"1197","29569","29569","29569","0.8","0.8","0.8","29538","29538","29538","0.8","0.8","0.8","29484","29484","29484","1","1","1"
"1198","29571","29571","29571","1","1","1","29540","29540","29540","1","1","1","29486","29486","29486","0.8","0.8","0.8"
"1199","29573","29573","29573","1","1","1","29542","29542","29542","1","1","1","29488","29488","29488","0.8","0.8","0.8"
"1200","29575","29575","29575","1","1","1","29544","29544","29544","1","1","1","29490","29490","29490","1","1","1"
"1201","29577","29577","29577","1","1","1","29546","29546","29546","1","1","1","29492","29492","29492","1","1","1"
"1202","29579","29579","29579","1","1","1","29548","29548","29548","1","1","1","29494","29494","29494","1","1","1"
"1203","29581","29581","29581","1","1","1","29550","29550","29550","1","1","1","29496","29496","29496","1","1","1"
"1204","29583","29583","29583","1","1","1","29552","29552","29552","1","1","1","29498","29498","29498","1","1","1"
"1205","29585","29585","29585","1","1","1","29554","29554","29554","1","1","1","29500","29500","29500","1","1","1"
"1206","29747","29747","29747","0.8","0.8","0.8","29714","29714","29714","1","1","1","29667","29667","29667","1","1","1"
"1207","29749","29749","29749","1","1","1","29716","29716","29716","1","1","1","29669","29669","29669","0.8","0.8","0.8"
"1208","29751","29751","29751","1","1","1","29718","29718","29718","1","1","1","29671","29671","29671","1","1","1"
"1209","29753","29753","29753","1","1","1","29720","29720","29720","1","1","1","29673","29673","29673","1","1","1"
"1210","29755","29755","29755","1","1","1","29722","29722","29722","1","1","1","29675","29675","29675","1","1","1"
"1211","29757","29757","29757","1","1","1","29724","29724","29724","1","1","1","29677","29677","29677","1","1","1"
"1212","29759","29759","29759","1","1","1","29726","29726","29726","1","1","1","29679","29679","29679","1","1","1"
"1213","29761","29761","29761","1","1","1","29728","29728","29728","1","1","1","29681","29681","29681","1","1","1"
"1214","29763","29763","29763","0.8","0.8","0.8","29730","29730","29730","1","1","1","29683","29683","29683","1","1","1"
"1215","29922","29922","29922","1","1","1","29889","29889","29889","0.8","0.8","0.8","29845","29845","29845","1","1","1"
"1216","29924","29924","29924","1","1","1","29891","29891","29891","1","1","1","29847","29847","29847","0.8","0.8","0.8"
"1217","29926","29926","29926","1","1","1","29893","29893","29893","1","1","1","29849","29849","29849","1","1","1"
"1218","29928","29928","29928","1","1","1","29895","29895","29895","1","1","1","29851","29851","29851","1","1","1"
"1219","29930","29930","29930","1","1","1","29897","29897","29897","1","1","1","29853","29853","29853","1","1","1"
"1220","29932","29932","29932","1","1","1","29899","29899","29899","1","1","1","29855","29855","29855","0.8","0.8","0.8"
"1221","29934","29934","29934","1","1","1","29901","29901","29901","1","1","1","29857","29857","29857","1","1","1"
"1222","29936","29936","29936","1","1","1","29903","29903","29903","1","1","1","29859","29859","29859","1","1","1"
"1223","29938","29938","29938","1","1","1","29905","29905","29905","1","1","1","29861","29861","29861","0.9","0.9","0.9"
"1224","30099","30099","30099","0.8","0.8","0.8","30072","30072","30072","0.8","0.8","0.8","30022","30022","30022","1","1","1"
"1225","30101","30101","30101","1","1","1","30074","30074","30074","0.8","0.8","0.8","30024","30024","30024","1","1","1"
"1226","30103","30103","30103","1","1","1","30076","30076","30076","1","1","1","30026","30026","30026","0.8","0.8","0.8"
"1227","30105","30105","30105","1","1","1","30078","30078","30078","1","1","1","30028","30028","30028","1","1","1"
"1228","30107","30107","30107","1","1","1","30080","30080","30080","1","1","1","30030","30030","30030","1","1","1"
"1229","30109","30109","30109","1","1","1","30082","30082","30082","1","1","1","30032","30032","30032","1","1","1"
"1230","30111","30111","30111","1","1","1","30084","30084","30084","1","1","1","30034","30034","30034","1","1","1"
"1231","30113","30113","30113","1","1","1","30086","30086","30086","1","1","1","30036","30036","30036","1","1","1"
"1232","30115","30115","30115","1","1","1","30088","30088","30088","1","1","1","30038","30038","30038","1","1","1"
"1233","30273","30273","30273","0.8","0.8","0.8","30252","30252","30252","0.8","0.8","0.8","30196","30196","30196","1","1","1"
"1234","30275","30275","30275","1","1","1","30254","30254","30254","1","1","1","30198","30198","30198","1","1","1"
"1235","30277","30277","30277","1","1","1","30256","30256","30256","1","1","1","30200","30200","30200","0.8","0.8","0.8"
"1236","30279","30279","30279","1","1","1","30258","30258","30258","1","1","1","30202","30202","30202","1","1","1"
"1237","30281","30281","30281","1","1","1","30260","30260","30260","1","1","1","30204","30204","30204","1","1","1"
"1238","30283","30283","30283","1","1","1","30262","30262","30262","1","1","1","30206","30206","30206","1","1","1"
"1239","30285","30285","30285","1","1","1","30264","30264","30264","1","1","1","30208","30208","30208","1","1","1"
"1240","30287","30287","30287","1","1","1","30266","30266","30266","1","1","1","30210","30210","30210","1","1","1"
"1241","30289","30289","30289","0.8","0.8","0.8","30268","30268","30268","1","1","1","30212","30212","30212","1","1","1"
"1242","30448","30448","30448","1","1","1","30425","30425","30425","1","1","1","30368","30368","30368","1","1","1"
"1243","30450","30450","30450","1","1","1","30427","30427","30427","1","1","1","30370","30370","30370","1","1","1"
"1244","30452","30452","30452","1","1","1","30429","30429","30429","1","1","1","30372","30372","30372","0.8","0.8","0.8"
"1245","30454","30454","30454","1","1","1","30431","30431","30431","1","1","1","30374","30374","30374","1","1","1"
"1246","30456","30456","30456","1","1","1","30433","30433","30433","1","1","1","30376","30376","30376","1","1","1"
"1247","30458","30458","30458","1","1","1","30435","30435","30435","1","1","1","30378","30378","30378","1","1","1"
"1248","30460","30460","30460","1","1","1","30437","30437","30437","1","1","1","30380","30380","30380","1","1","1"
"1249","30462","30462","30462","1","1","1","30439","30439","30439","1","1","1","30382","30382","30382","1","1","1"
"1250","30464","30464","30464","1","1","1","30441","30441","30441","1","1","1","30384","30384","30384","1","1","1"
"1251","30627","30627","30627","0.8","0.8","0.8","30602","30602","30602","0.8","0.8","0.8","30545","30545","30545","1","1","1"
"1252","30629","30629","30629","1","1","1","30604","30604","30604","1","1","1","30547","30547","30547","1","1","1"
"1253","30631","30631","30631","1","1","1","30606","30606","30606","1","1","1","30549","30549","30549","1","1","1"
"1254","30633","30633","30633","1","1","1","30608","30608","30608","1","1","1","30551","30551","30551","1","1","1"
"1255","30635","30635","30635","1","1","1","30610","30610","30610","1","1","1","30553","30553","30553","1","1","1"
"1256","30637","30637","30637","1","1","1","30612","30612","30612","1","1","1","30555","30555","30555","1","1","1"
"1257","30639","30639","30639","1","1","1","30614","30614","30614","1","1","1","30557","30557","30557","1","1","1"
"1258","30641","30641","30641","1","1","1","30616","30616","30616","1","1","1","30559","30559","30559","1","1","1"
"1259","30643","30643","30643","1","1","1","30618","30618","30618","1","1","1","30561","30561","30561","1","1","1"
"1260","30801","30801","30801","0.8","0.8","0.8","30779","30779","30779","0.8","0.8","0.8","30722","30722","30722","1","1","1"
"1261","30803","30803","30803","1","1","1","30781","30781","30781","1","1","1","30724","30724","30724","1","1","1"
"1262","30805","30805","30805","1","1","1","30783","30783","30783","1","1","1","30726","30726","30726","0.8","0.8","0.8"
"1263","30807","30807","30807","1","1","1","30785","30785","30785","1","1","1","30728","30728","30728","1","1","1"
"1264","30809","30809","30809","1","1","1","30787","30787","30787","1","1","1","30730","30730","30730","1","1","1"
"1265","30811","30811","30811","1","1","1","30789","30789","30789","1","1","1","30732","30732","30732","1","1","1"
"1266","30813","30813","30813","1","1","1","30791","30791","30791","1","1","1","30734","30734","30734","1","1","1"
"1267","30815","30815","30815","1","1","1","30793","30793","30793","1","1","1","30736","30736","30736","1","1","1"
"1268","30817","30817","30817","0.8","0.8","0.8","30795","30795","30795","1","1","1","30738","30738","30738","1","1","1"
"1269","30978","30978","30978","0.8","0.8","0.8","30951","30951","30951","0.8","0.8","0.8","30897","30897","30897","1","1","1"
"1270","30980","30980","30980","1","1","1","30953","30953","30953","1","1","1","30899","30899","30899","1","1","1"
"1271","30982","30982","30982","1","1","1","30955","30955","30955","1","1","1","30901","30901","30901","1","1","1"
"1272","30984","30984","30984","1","1","1","30957","30957","30957","1","1","1","30903","30903","30903","1","1","1"
"1273","30986","30986","30986","1","1","1","30959","30959","30959","1","1","1","30905","30905","30905","1","1","1"
"1274","30988","30988","30988","1","1","1","30961","30961","30961","1","1","1","30907","30907","30907","1","1","1"
"1275","30990","30990","30990","1","1","1","30963","30963","30963","1","1","1","30909","30909","30909","1","1","1"
"1276","30992","30992","30992","1","1","1","30965","30965","30965","1","1","1","30911","30911","30911","1","1","1"
"1277","30994","30994","30994","1","1","1","30967","30967","30967","1","1","1","30913","30913","30913","1","1","1"
"1278","31158","31158","31158","0.8","0.8","0.8","31133","31133","31133","0.8","0.8","0.8","31072","31072","31072","1","1","1"
"1279","31160","31160","31160","1","1","1","31135","31135","31135","1","1","1","31074","31074","31074","1","1","1"
"1280","31162","31162","31162","1","1","1","31137","31137","31137","1","1","1","31076","31076","31076","0.8","0.8","0.8"
"1281","31164","31164","31164","1","1","1","31139","31139","31139","1","1","1","31078","31078","31078","1","1","1"
"1282","31166","31166","31166","1","1","1","31141","31141","31141","1","1","1","31080","31080","31080","1","1","1"
"1283","31168","31168","31168","1","1","1","31143","31143","31143","1","1","1","31082","31082","31082","1","1","1"
"1284","31170","31170","31170","1","1","1","31145","31145","31145","1","1","1","31084","31084","31084","1","1","1"
"1285","31172","31172","31172","1","1","1","31147","31147","31147","1","1","1","31086","31086","31086","1","1","1"
"1286","31174","31174","31174","1","1","1","31149","31149","31149","1","1","1","31088","31088","31088","1","1","1"
"1287","31333","31333","31333","0.8","0.8","0.8","31308","31308","31308","1","1","1","31248","31248","31248","1","1","1"
"1288","31335","31335","31335","1","1","1","31310","31310","31310","1","1","1","31250","31250","31250","1","1","1"
"1289","31337","31337","31337","1","1","1","31312","31312","31312","1","1","1","31252","31252","31252","1","1","1"
"1290","31339","31339","31339","1","1","1","31314","31314","31314","1","1","1","31254","31254","31254","1","1","1"
"1291","31341","31341","31341","1","1","1","31316","31316","31316","1","1","1","31256","31256","31256","1","1","1"
"1292","31343","31343","31343","1","1","1","31318","31318","31318","1","1","1","31258","31258","31258","1","1","1"
"1293","31345","31345","31345","1","1","1","31320","31320","31320","1","1","1","31260","31260","31260","1","1","1"
"1294","31347","31347","31347","1","1","1","31322","31322","31322","1","1","1","31262","31262","31262","0.8","0.8","0.8"
"1295","31349","31349","31349","1","1","1","31324","31324","31324","1","1","1","31264","31264","31264","1","1","1"
"1296","31513","31513","31513","1","1","1","31491","31491","31491","0.8","0.8","0.8","31425","31425","31425","1","1","1"
"1297","31515","31515","31515","1","1","1","31493","31493","31493","1","1","1","31427","31427","31427","1","1","1"
"1298","31517","31517","31517","1","1","1","31495","31495","31495","1","1","1","31429","31429","31429","1","1","1"
"1299","31519","31519","31519","1","1","1","31497","31497","31497","1","1","1","31431","31431","31431","1","1","1"
"1300","31521","31521","31521","1","1","1","31499","31499","31499","1","1","1","31433","31433","31433","1","1","1"
"1301","31523","31523","31523","1","1","1","31501","31501","31501","1","1","1","31435","31435","31435","1","1","1"
"1302","31525","31525","31525","1","1","1","31503","31503","31503","1","1","1","31437","31437","31437","1","1","1"
"1303","31527","31527","31527","1","1","1","31505","31505","31505","1","1","1","31439","31439","31439","1","1","1"
"1304","31529","31529","31529","1","1","1","31507","31507","31507","1","1","1","31441","31441","31441","1","1","1"
"1305","31690","31690","31690","1","1","1","31666","31666","31666","0.8","0.8","0.8","31602","31602","31602","1","1","1"
"1306","31692","31692","31692","1","1","1","31668","31668","31668","0.8","0.8","0.8","31604","31604","31604","1","1","1"
"1307","31694","31694","31694","1","1","1","31670","31670","31670","1","1","1","31606","31606","31606","1","1","1"
"1308","31696","31696","31696","1","1","1","31672","31672","31672","1","1","1","31608","31608","31608","1","1","1"
"1309","31698","31698","31698","1","1","1","31674","31674","31674","1","1","1","31610","31610","31610","1","1","1"
"1310","31700","31700","31700","1","1","1","31676","31676","31676","1","1","1","31612","31612","31612","1","1","1"
"1311","31702","31702","31702","1","1","1","31678","31678","31678","1","1","1","31614","31614","31614","1","1","1"
"1312","31704","31704","31704","1","1","1","31680","31680","31680","1","1","1","31616","31616","31616","1","1","1"
"1313","31706","31706","31706","1","1","1","31682","31682","31682","1","1","1","31618","31618","31618","1","1","1"
"1314","31868","31868","31868","1","1","1","31846","31846","31846","0.8","0.8","0.8","31778","31778","31778","1","1","1"
"1315","31870","31870","31870","1","1","1","31848","31848","31848","1","1","1","31780","31780","31780","1","1","1"
"1316","31872","31872","31872","1","1","1","31850","31850","31850","1","1","1","31782","31782","31782","0.8","0.8","0.8"
"1317","31874","31874","31874","1","1","1","31852","31852","31852","1","1","1","31784","31784","31784","1","1","1"
"1318","31876","31876","31876","1","1","1","31854","31854","31854","1","1","1","31786","31786","31786","1","1","1"
"1319","31878","31878","31878","1","1","1","31856","31856","31856","1","1","1","31788","31788","31788","1","1","1"
"1320","31880","31880","31880","1","1","1","31858","31858","31858","1","1","1","31790","31790","31790","1","1","1"
"1321","31882","31882","31882","1","1","1","31860","31860","31860","1","1","1","31792","31792","31792","1","1","1"
"1322","31884","31884","31884","1","1","1","31862","31862","31862","1","1","1","31794","31794","31794","1","1","1"
"1323","32049","32049","32049","0.8","0.8","0.8","32025","32025","32025","0.8","0.8","0.8","31952","31952","31952","1","1","1"
"1324","32051","32051","32051","1","1","1","32027","32027","32027","0.8","0.8","0.8","31954","31954","31954","1","1","1"
"1325","32053","32053","32053","1","1","1","32029","32029","32029","1","1","1","31956","31956","31956","1","1","1"
"1326","32055","32055","32055","1","1","1","32031","32031","32031","1","1","1","31958","31958","31958","1","1","1"
"1327","32057","32057","32057","1","1","1","32033","32033","32033","1","1","1","31960","31960","31960","1","1","1"
"1328","32059","32059","32059","1","1","1","32035","32035","32035","1","1","1","31962","31962","31962","1","1","1"
"1329","32061","32061","32061","1","1","1","32037","32037","32037","1","1","1","31964","31964","31964","1","1","1"
"1330","32063","32063","32063","1","1","1","32039","32039","32039","1","1","1","31966","31966","31966","1","1","1"
"1331","32065","32065","32065","1","1","1","32041","32041","32041","1","1","1","31968","31968","31968","1","1","1"
"1332","32228","32228","32228","0.8","0.8","0.8","32207","32207","32207","0.8","0.8","0.8","32132","32132","32132","1","1","1"
"1333","32230","32230","32230","1","1","1","32209","32209","32209","0.8","0.8","0.8","32134","32134","32134","1","1","1"
"1334","32232","32232","32232","1","1","1","32211","32211","32211","1","1","1","32136","32136","32136","1","1","1"
"1335","32234","32234","32234","1","1","1","32213","32213","32213","1","1","1","32138","32138","32138","1","1","1"
"1336","32236","32236","32236","1","1","1","32215","32215","32215","1","1","1","32140","32140","32140","1","1","1"
"1337","32238","32238","32238","1","1","1","32217","32217","32217","0.8","0.8","0.8","32142","32142","32142","1","1","1"
"1338","32240","32240","32240","1","1","1","32219","32219","32219","1","1","1","32144","32144","32144","1","1","1"
"1339","32242","32242","32242","1","1","1","32221","32221","32221","1","1","1","32146","32146","32146","1","1","1"
"1340","32244","32244","32244","1","1","1","32223","32223","32223","1","1","1","32148","32148","32148","1","1","1"
"1341","32402","32402","32402","1","1","1","32387","32387","32387","0.8","0.8","0.8","32305","32305","32305","1","1","1"
"1342","32404","32404","32404","1","1","1","32389","32389","32389","1","1","1","32307","32307","32307","1","1","1"
"1343","32406","32406","32406","1","1","1","32391","32391","32391","1","1","1","32309","32309","32309","1","1","1"
"1344","32408","32408","32408","1","1","1","32393","32393","32393","1","1","1","32311","32311","32311","1","1","1"
"1345","32410","32410","32410","1","1","1","32395","32395","32395","1","1","1","32313","32313","32313","1","1","1"
"1346","32412","32412","32412","1","1","1","32397","32397","32397","1","1","1","32315","32315","32315","1","1","1"
"1347","32414","32414","32414","1","1","1","32399","32399","32399","1","1","1","32317","32317","32317","1","1","1"
"1348","32416","32416","32416","1","1","1","32401","32401","32401","1","1","1","32319","32319","32319","1","1","1"
"1349","32418","32418","32418","1","1","1","32403","32403","32403","1","1","1","32321","32321","32321","1","1","1"
"1350","32591","32591","32591","0.8","0.8","0.8","32570","32570","32570","0.8","0.8","0.8","32484","32484","32484","1","1","1"
"1351","32593","32593","32593","1","1","1","32572","32572","32572","1","1","1","32486","32486","32486","1","1","1"
"1352","32595","32595","32595","1","1","1","32574","32574","32574","0.8","0.8","0.8","32488","32488","32488","1","1","1"
"1353","32597","32597","32597","0.8","0.8","0.8","32576","32576","32576","1","1","1","32490","32490","32490","1","1","1"
"1354","32599","32599","32599","1","1","1","32578","32578","32578","1","1","1","32492","32492","32492","1","1","1"
"1355","32601","32601","32601","1","1","1","32580","32580","32580","0.8","0.8","0.8","32494","32494","32494","1","1","1"
"1356","32603","32603","32603","1","1","1","32582","32582","32582","1","1","1","32496","32496","32496","1","1","1"
"1357","32605","32605","32605","1","1","1","32584","32584","32584","1","1","1","32498","32498","32498","1","1","1"
"1358","32607","32607","32607","1","1","1","32586","32586","32586","1","1","1","32500","32500","32500","1","1","1"
"1359","32772","32772","32772","0.8","0.8","0.8","32748","32748","32748","0.8","0.8","0.8","32660","32660","32660","1","1","1"
"1360","32774","32774","32774","1","1","1","32750","32750","32750","1","1","1","32662","32662","32662","1","1","1"
"1361","32776","32776","32776","1","1","1","32752","32752","32752","0.8","0.8","0.8","32664","32664","32664","1","1","1"
"1362","32778","32778","32778","1","1","1","32754","32754","32754","1","1","1","32666","32666","32666","1","1","1"
"1363","32780","32780","32780","1","1","1","32756","32756","32756","1","1","1","32668","32668","32668","1","1","1"
"1364","32782","32782","32782","1","1","1","32758","32758","32758","1","1","1","32670","32670","32670","1","1","1"
"1365","32784","32784","32784","1","1","1","32760","32760","32760","1","1","1","32672","32672","32672","1","1","1"
"1366","32786","32786","32786","1","1","1","32762","32762","32762","1","1","1","32674","32674","32674","1","1","1"
"1367","32788","32788","32788","1","1","1","32764","32764","32764","1","1","1","32676","32676","32676","1","1","1"
"1368","32948","32948","32948","0.8","0.8","0.8","32931","32931","32931","0.8","0.8","0.8","32837","32837","32837","1","1","1"
"1369","32950","32950","32950","1","1","1","32933","32933","32933","1","1","1","32839","32839","32839","1","1","1"
"1370","32952","32952","32952","1","1","1","32935","32935","32935","1","1","1","32841","32841","32841","1","1","1"
"1371","32954","32954","32954","1","1","1","32937","32937","32937","1","1","1","32843","32843","32843","1","1","1"
"1372","32956","32956","32956","1","1","1","32939","32939","32939","1","1","1","32845","32845","32845","1","1","1"
"1373","32958","32958","32958","1","1","1","32941","32941","32941","1","1","1","32847","32847","32847","0.8","0.8","0.8"
"1374","32960","32960","32960","1","1","1","32943","32943","32943","1","1","1","32849","32849","32849","1","1","1"
"1375","32962","32962","32962","1","1","1","32945","32945","32945","1","1","1","32851","32851","32851","1","1","1"
"1376","32964","32964","32964","1","1","1","32947","32947","32947","1","1","1","32853","32853","32853","1","1","1"
"1377","33125","33125","33125","0.8","0.8","0.8","33109","33109","33109","0.8","0.8","0.8","33012","33012","33012","1","1","1"
"1378","33127","33127","33127","1","1","1","33111","33111","33111","0.8","0.8","0.8","33014","33014","33014","1","1","1"
"1379","33129","33129","33129","1","1","1","33113","33113","33113","1","1","1","33016","33016","33016","0.8","0.8","0.8"
"1380","33131","33131","33131","1","1","1","33115","33115","33115","1","1","1","33018","33018","33018","1","1","1"
"1381","33133","33133","33133","1","1","1","33117","33117","33117","1","1","1","33020","33020","33020","1","1","1"
"1382","33135","33135","33135","1","1","1","33119","33119","33119","0.8","0.8","0.8","33022","33022","33022","1","1","1"
"1383","33137","33137","33137","1","1","1","33121","33121","33121","1","1","1","33024","33024","33024","1","1","1"
"1384","33139","33139","33139","1","1","1","33123","33123","33123","1","1","1","33026","33026","33026","1","1","1"
"1385","33141","33141","33141","0.8","0.8","0.8","33125","33125","33125","1","1","1","33028","33028","33028","1","1","1"
"1386","33305","33305","33305","1","1","1","33290","33290","33290","1","1","1","33184","33184","33184","1","1","1"
"1387","33307","33307","33307","1","1","1","33292","33292","33292","1","1","1","33186","33186","33186","1","1","1"
"1388","33309","33309","33309","1","1","1","33294","33294","33294","1","1","1","33188","33188","33188","1","1","1"
"1389","33311","33311","33311","1","1","1","33296","33296","33296","1","1","1","33190","33190","33190","1","1","1"
"1390","33313","33313","33313","1","1","1","33298","33298","33298","1","1","1","33192","33192","33192","1","1","1"
"1391","33315","33315","33315","1","1","1","33300","33300","33300","1","1","1","33194","33194","33194","1","1","1"
"1392","33317","33317","33317","1","1","1","33302","33302","33302","1","1","1","33196","33196","33196","1","1","1"
"1393","33319","33319","33319","1","1","1","33304","33304","33304","1","1","1","33198","33198","33198","1","1","1"
"1394","33321","33321","33321","1","1","1","33306","33306","33306","1","1","1","33200","33200","33200","1","1","1"
"1395","33485","33485","33485","0.8","0.8","0.8","33467","33467","33467","0.8","0.8","0.8","33365","33365","33365","1","1","1"
"1396","33487","33487","33487","1","1","1","33469","33469","33469","1","1","1","33367","33367","33367","1","1","1"
"1397","33489","33489","33489","1","1","1","33471","33471","33471","1","1","1","33369","33369","33369","1","1","1"
"1398","33491","33491","33491","1","1","1","33473","33473","33473","1","1","1","33371","33371","33371","1","1","1"
"1399","33493","33493","33493","1","1","1","33475","33475","33475","1","1","1","33373","33373","33373","1","1","1"
"1400","33495","33495","33495","1","1","1","33477","33477","33477","1","1","1","33375","33375","33375","1","1","1"
"1401","33497","33497","33497","1","1","1","33479","33479","33479","1","1","1","33377","33377","33377","1","1","1"
"1402","33499","33499","33499","1","1","1","33481","33481","33481","1","1","1","33379","33379","33379","1","1","1"
"1403","33501","33501","33501","1","1","1","33483","33483","33483","1","1","1","33381","33381","33381","0.9","0.9","0.9"
"1404","33667","33667","33667","0.8","0.8","0.8","33647","33647","33647","0.8","0.8","0.8","33540","33540","33540","1","1","1"
"1405","33669","33669","33669","1","1","1","33649","33649","33649","1","1","1","33542","33542","33542","1","1","1"
"1406","33671","33671","33671","1","1","1","33651","33651","33651","1","1","1","33544","33544","33544","1","1","1"
"1407","33673","33673","33673","1","1","1","33653","33653","33653","1","1","1","33546","33546","33546","1","1","1"
"1408","33675","33675","33675","1","1","1","33655","33655","33655","1","1","1","33548","33548","33548","1","1","1"
"1409","33677","33677","33677","1","1","1","33657","33657","33657","1","1","1","33550","33550","33550","1","1","1"
"1410","33679","33679","33679","1","1","1","33659","33659","33659","1","1","1","33552","33552","33552","1","1","1"
"1411","33681","33681","33681","1","1","1","33661","33661","33661","1","1","1","33554","33554","33554","1","1","1"
"1412","33683","33683","33683","1","1","1","33663","33663","33663","1","1","1","33556","33556","33556","1","1","1"
"1413","33842","33842","33842","0.8","0.8","0.8","33820","33820","33820","0.8","0.8","0.8","33715","33715","33715","1","1","1"
"1414","33844","33844","33844","1","1","1","33822","33822","33822","1","1","1","33717","33717","33717","1","1","1"
"1415","33846","33846","33846","1","1","1","33824","33824","33824","1","1","1","33719","33719","33719","0.8","0.8","0.8"
"1416","33848","33848","33848","0.8","0.8","0.8","33826","33826","33826","1","1","1","33721","33721","33721","1","1","1"
"1417","33850","33850","33850","1","1","1","33828","33828","33828","1","1","1","33723","33723","33723","1","1","1"
"1418","33852","33852","33852","1","1","1","33830","33830","33830","1","1","1","33725","33725","33725","1","1","1"
"1419","33854","33854","33854","1","1","1","33832","33832","33832","1","1","1","33727","33727","33727","1","1","1"
"1420","33856","33856","33856","1","1","1","33834","33834","33834","1","1","1","33729","33729","33729","1","1","1"
"1421","33858","33858","33858","0.8","0.8","0.8","33836","33836","33836","1","1","1","33731","33731","33731","1","1","1"
"1422","34020","34020","34020","0.8","0.8","0.8","33996","33996","33996","0.8","0.8","0.8","33894","33894","33894","1","1","1"
"1423","34022","34022","34022","1","1","1","33998","33998","33998","1","1","1","33896","33896","33896","1","1","1"
"1424","34024","34024","34024","1","1","1","34000","34000","34000","1","1","1","33898","33898","33898","1","1","1"
"1425","34026","34026","34026","1","1","1","34002","34002","34002","1","1","1","33900","33900","33900","1","1","1"
"1426","34028","34028","34028","1","1","1","34004","34004","34004","1","1","1","33902","33902","33902","1","1","1"
"1427","34030","34030","34030","1","1","1","34006","34006","34006","1","1","1","33904","33904","33904","1","1","1"
"1428","34032","34032","34032","1","1","1","34008","34008","34008","1","1","1","33906","33906","33906","1","1","1"
"1429","34034","34034","34034","1","1","1","34010","34010","34010","1","1","1","33908","33908","33908","1","1","1"
"1430","34036","34036","34036","1","1","1","34012","34012","34012","1","1","1","33910","33910","33910","1","1","1"
"1431","34203","34203","34203","0.8","0.8","0.8","34177","34177","34177","0.8","0.8","0.8","34069","34069","34069","1","1","1"
"1432","34205","34205","34205","1","1","1","34179","34179","34179","1","1","1","34071","34071","34071","1","1","1"
"1433","34207","34207","34207","1","1","1","34181","34181","34181","1","1","1","34073","34073","34073","1","1","1"
"1434","34209","34209","34209","1","1","1","34183","34183","34183","1","1","1","34075","34075","34075","1","1","1"
"1435","34211","34211","34211","1","1","1","34185","34185","34185","1","1","1","34077","34077","34077","1","1","1"
"1436","34213","34213","34213","1","1","1","34187","34187","34187","1","1","1","34079","34079","34079","1","1","1"
"1437","34215","34215","34215","1","1","1","34189","34189","34189","1","1","1","34081","34081","34081","1","1","1"
"1438","34217","34217","34217","1","1","1","34191","34191","34191","1","1","1","34083","34083","34083","1","1","1"
"1439","34219","34219","34219","1","1","1","34193","34193","34193","1","1","1","34085","34085","34085","1","1","1"
"1440","34377","34377","34377","0.8","0.8","0.8","34353","34353","34353","0.8","0.8","0.8","34246","34246","34246","1","1","1"
"1441","34379","34379","34379","1","1","1","34355","34355","34355","1","1","1","34248","34248","34248","1","1","1"
"1442","34381","34381","34381","1","1","1","34357","34357","34357","1","1","1","34250","34250","34250","1","1","1"
"1443","34383","34383","34383","0.8","0.8","0.8","34359","34359","34359","1","1","1","34252","34252","34252","1","1","1"
"1444","34385","34385","34385","1","1","1","34361","34361","34361","1","1","1","34254","34254","34254","1","1","1"
"1445","34387","34387","34387","1","1","1","34363","34363","34363","1","1","1","34256","34256","34256","1","1","1"
"1446","34389","34389","34389","1","1","1","34365","34365","34365","1","1","1","34258","34258","34258","1","1","1"
"1447","34391","34391","34391","1","1","1","34367","34367","34367","1","1","1","34260","34260","34260","1","1","1"
"1448","34393","34393","34393","0.8","0.8","0.8","34369","34369","34369","1","1","1","34262","34262","34262","1","1","1"
"1449","34557","34557","34557","0.8","0.8","0.8","34531","34531","34531","0.8","0.8","0.8","34422","34422","34422","1","1","1"
"1450","34559","34559","34559","1","1","1","34533","34533","34533","1","1","1","34424","34424","34424","1","1","1"
"1451","34561","34561","34561","1","1","1","34535","34535","34535","1","1","1","34426","34426","34426","1","1","1"
"1452","34563","34563","34563","1","1","1","34537","34537","34537","1","1","1","34428","34428","34428","1","1","1"
"1453","34565","34565","34565","1","1","1","34539","34539","34539","1","1","1","34430","34430","34430","1","1","1"
"1454","34567","34567","34567","1","1","1","34541","34541","34541","1","1","1","34432","34432","34432","1","1","1"
"1455","34569","34569","34569","1","1","1","34543","34543","34543","1","1","1","34434","34434","34434","1","1","1"
"1456","34571","34571","34571","1","1","1","34545","34545","34545","1","1","1","34436","34436","34436","1","1","1"
"1457","34573","34573","34573","1","1","1","34547","34547","34547","1","1","1","34438","34438","34438","1","1","1"
"1458","34734","34734","34734","0.8","0.8","0.8","34706","34706","34706","0.8","0.8","0.8","34597","34597","34597","1","1","1"
"1459","34736","34736","34736","1","1","1","34708","34708","34708","1","1","1","34599","34599","34599","1","1","1"
"1460","34738","34738","34738","1","1","1","34710","34710","34710","1","1","1","34601","34601","34601","1","1","1"
"1461","34740","34740","34740","1","1","1","34712","34712","34712","1","1","1","34603","34603","34603","1","1","1"
"1462","34742","34742","34742","1","1","1","34714","34714","34714","1","1","1","34605","34605","34605","1","1","1"
"1463","34744","34744","34744","1","1","1","34716","34716","34716","1","1","1","34607","34607","34607","1","1","1"
"1464","34746","34746","34746","1","1","1","34718","34718","34718","1","1","1","34609","34609","34609","1","1","1"
"1465","34748","34748","34748","1","1","1","34720","34720","34720","1","1","1","34611","34611","34611","1","1","1"
"1466","34750","34750","34750","1","1","1","34722","34722","34722","1","1","1","34613","34613","34613","1","1","1"
"1467","34912","34912","34912","0.8","0.8","0.8","34882","34882","34882","0.8","0.8","0.8","34773","34773","34773","1","1","1"
"1468","34914","34914","34914","1","1","1","34884","34884","34884","1","1","1","34775","34775","34775","1","1","1"
"1469","34916","34916","34916","1","1","1","34886","34886","34886","1","1","1","34777","34777","34777","1","1","1"
"1470","34918","34918","34918","1","1","1","34888","34888","34888","1","1","1","34779","34779","34779","1","1","1"
"1471","34920","34920","34920","1","1","1","34890","34890","34890","1","1","1","34781","34781","34781","1","1","1"
"1472","34922","34922","34922","1","1","1","34892","34892","34892","1","1","1","34783","34783","34783","1","1","1"
"1473","34924","34924","34924","1","1","1","34894","34894","34894","1","1","1","34785","34785","34785","1","1","1"
"1474","34926","34926","34926","1","1","1","34896","34896","34896","1","1","1","34787","34787","34787","1","1","1"
"1475","34928","34928","34928","1","1","1","34898","34898","34898","1","1","1","34789","34789","34789","1","1","1"
"1476","35089","35089","35089","0.8","0.8","0.8","35057","35057","35057","0.8","0.8","0.8","34948","34948","34948","1","1","1"
"1477","35091","35091","35091","1","1","1","35059","35059","35059","1","1","1","34950","34950","34950","1","1","1"
"1478","35093","35093","35093","1","1","1","35061","35061","35061","1","1","1","34952","34952","34952","1","1","1"
"1479","35095","35095","35095","1","1","1","35063","35063","35063","1","1","1","34954","34954","34954","1","1","1"
"1480","35097","35097","35097","1","1","1","35065","35065","35065","1","1","1","34956","34956","34956","1","1","1"
"1481","35099","35099","35099","1","1","1","35067","35067","35067","1","1","1","34958","34958","34958","1","1","1"
"1482","35101","35101","35101","1","1","1","35069","35069","35069","1","1","1","34960","34960","34960","1","1","1"
"1483","35103","35103","35103","1","1","1","35071","35071","35071","1","1","1","34962","34962","34962","1","1","1"
"1484","35105","35105","35105","1","1","1","35073","35073","35073","1","1","1","34964","34964","34964","1","1","1"
"1485","35267","35267","35267","0.8","0.8","0.8","35235","35235","35235","0.8","0.8","0.8","35126","35126","35126","1","1","1"
"1486","35269","35269","35269","1","1","1","35237","35237","35237","1","1","1","35128","35128","35128","1","1","1"
"1487","35271","35271","35271","1","1","1","35239","35239","35239","1","1","1","35130","35130","35130","1","1","1"
"1488","35273","35273","35273","1","1","1","35241","35241","35241","1","1","1","35132","35132","35132","1","1","1"
"1489","35275","35275","35275","1","1","1","35243","35243","35243","1","1","1","35134","35134","35134","1","1","1"
"1490","35277","35277","35277","1","1","1","35245","35245","35245","1","1","1","35136","35136","35136","1","1","1"
"1491","35279","35279","35279","1","1","1","35247","35247","35247","1","1","1","35138","35138","35138","1","1","1"
"1492","35281","35281","35281","1","1","1","35249","35249","35249","1","1","1","35140","35140","35140","1","1","1"
"1493","35283","35283","35283","1","1","1","35251","35251","35251","1","1","1","35142","35142","35142","1","1","1"
"1494","35444","35444","35444","0.8","0.8","0.8","35408","35408","35408","1","1","1","35301","35301","35301","1","1","1"
"1495","35446","35446","35446","1","1","1","35410","35410","35410","1","1","1","35303","35303","35303","1","1","1"
"1496","35448","35448","35448","1","1","1","35412","35412","35412","1","1","1","35305","35305","35305","1","1","1"
"1497","35450","35450","35450","0.8","0.8","0.8","35414","35414","35414","1","1","1","35307","35307","35307","1","1","1"
"1498","35452","35452","35452","1","1","1","35416","35416","35416","1","1","1","35309","35309","35309","1","1","1"
"1499","35454","35454","35454","1","1","1","35418","35418","35418","1","1","1","35311","35311","35311","1","1","1"
"1500","35456","35456","35456","1","1","1","35420","35420","35420","1","1","1","35313","35313","35313","1","1","1"
"1501","35458","35458","35458","1","1","1","35422","35422","35422","1","1","1","35315","35315","35315","1","1","1"
"1502","35460","35460","35460","1","1","1","35424","35424","35424","1","1","1","35317","35317","35317","1","1","1"
"1503","35620","35620","35620","0.8","0.8","0.8","35589","35589","35589","0.8","0.8","0.8","35476","35476","35476","1","1","1"
"1504","35622","35622","35622","1","1","1","35591","35591","35591","0.8","0.8","0.8","35478","35478","35478","1","1","1"
"1505","35624","35624","35624","1","1","1","35593","35593","35593","1","1","1","35480","35480","35480","0.8","0.8","0.8"
"1506","35626","35626","35626","1","1","1","35595","35595","35595","1","1","1","35482","35482","35482","1","1","1"
"1507","35628","35628","35628","1","1","1","35597","35597","35597","1","1","1","35484","35484","35484","1","1","1"
"1508","35630","35630","35630","1","1","1","35599","35599","35599","1","1","1","35486","35486","35486","1","1","1"
"1509","35632","35632","35632","1","1","1","35601","35601","35601","1","1","1","35488","35488","35488","1","1","1"
"1510","35634","35634","35634","1","1","1","35603","35603","35603","1","1","1","35490","35490","35490","1","1","1"
"1511","35636","35636","35636","1","1","1","35605","35605","35605","1","1","1","35492","35492","35492","1","1","1"
"1512","35794","35794","35794","0.8","0.8","0.8","35770","35770","35770","0.8","0.8","0.8","35649","35649","35649","1","1","1"
"1513","35796","35796","35796","1","1","1","35772","35772","35772","0.8","0.8","0.8","35651","35651","35651","1","1","1"
"1514","35798","35798","35798","1","1","1","35774","35774","35774","1","1","1","35653","35653","35653","1","1","1"
"1515","35800","35800","35800","1","1","1","35776","35776","35776","1","1","1","35655","35655","35655","1","1","1"
"1516","35802","35802","35802","1","1","1","35778","35778","35778","1","1","1","35657","35657","35657","1","1","1"
"1517","35804","35804","35804","1","1","1","35780","35780","35780","1","1","1","35659","35659","35659","0.8","0.8","0.8"
"1518","35806","35806","35806","1","1","1","35782","35782","35782","1","1","1","35661","35661","35661","1","1","1"
"1519","35808","35808","35808","1","1","1","35784","35784","35784","1","1","1","35663","35663","35663","1","1","1"
"1520","35810","35810","35810","1","1","1","35786","35786","35786","1","1","1","35665","35665","35665","1","1","1"
"1521","35973","35973","35973","0.8","0.8","0.8","35946","35946","35946","0.8","0.8","0.8","35825","35825","35825","1","1","1"
"1522","35975","35975","35975","1","1","1","35948","35948","35948","1","1","1","35827","35827","35827","1","1","1"
"1523","35977","35977","35977","1","1","1","35950","35950","35950","1","1","1","35829","35829","35829","1","1","1"
"1524","35979","35979","35979","1","1","1","35952","35952","35952","1","1","1","35831","35831","35831","1","1","1"
"1525","35981","35981","35981","1","1","1","35954","35954","35954","1","1","1","35833","35833","35833","1","1","1"
"1526","35983","35983","35983","1","1","1","35956","35956","35956","1","1","1","35835","35835","35835","1","1","1"
"1527","35985","35985","35985","1","1","1","35958","35958","35958","1","1","1","35837","35837","35837","1","1","1"
"1528","35987","35987","35987","1","1","1","35960","35960","35960","1","1","1","35839","35839","35839","1","1","1"
"1529","35989","35989","35989","1","1","1","35962","35962","35962","1","1","1","35841","35841","35841","1","1","1"
"1530","36147","36147","36147","0.8","0.8","0.8","36124","36124","36124","0.8","0.8","0.8","36001","36001","36001","1","1","1"
"1531","36149","36149","36149","1","1","1","36126","36126","36126","1","1","1","36003","36003","36003","1","1","1"
"1532","36151","36151","36151","1","1","1","36128","36128","36128","1","1","1","36005","36005","36005","1","1","1"
"1533","36153","36153","36153","1","1","1","36130","36130","36130","1","1","1","36007","36007","36007","1","1","1"
"1534","36155","36155","36155","1","1","1","36132","36132","36132","1","1","1","36009","36009","36009","1","1","1"
"1535","36157","36157","36157","1","1","1","36134","36134","36134","1","1","1","36011","36011","36011","1","1","1"
"1536","36159","36159","36159","1","1","1","36136","36136","36136","1","1","1","36013","36013","36013","1","1","1"
"1537","36161","36161","36161","1","1","1","36138","36138","36138","1","1","1","36015","36015","36015","0.9","0.9","0.9"
"1538","36163","36163","36163","1","1","1","36140","36140","36140","1","1","1","36017","36017","36017","1","1","1"
"1539","36322","36322","36322","1","1","1","36299","36299","36299","0.8","0.8","0.8","36175","36175","36175","1","1","1"
"1540","36324","36324","36324","1","1","1","36301","36301","36301","1","1","1","36177","36177","36177","1","1","1"
"1541","36326","36326","36326","1","1","1","36303","36303","36303","1","1","1","36179","36179","36179","1","1","1"
"1542","36328","36328","36328","1","1","1","36305","36305","36305","1","1","1","36181","36181","36181","1","1","1"
"1543","36330","36330","36330","1","1","1","36307","36307","36307","1","1","1","36183","36183","36183","1","1","1"
"1544","36332","36332","36332","1","1","1","36309","36309","36309","1","1","1","36185","36185","36185","1","1","1"
"1545","36334","36334","36334","1","1","1","36311","36311","36311","1","1","1","36187","36187","36187","1","1","1"
"1546","36336","36336","36336","1","1","1","36313","36313","36313","1","1","1","36189","36189","36189","1","1","1"
"1547","36338","36338","36338","1","1","1","36315","36315","36315","1","1","1","36191","36191","36191","1","1","1"
"1548","36501","36501","36501","1","1","1","36475","36475","36475","0.8","0.8","0.8","36348","36348","36348","1","1","1"
"1549","36503","36503","36503","1","1","1","36477","36477","36477","1","1","1","36350","36350","36350","1","1","1"
"1550","36505","36505","36505","1","1","1","36479","36479","36479","0.8","0.8","0.8","36352","36352","36352","0.8","0.8","0.8"
"1551","36507","36507","36507","1","1","1","36481","36481","36481","1","1","1","36354","36354","36354","1","1","1"
"1552","36509","36509","36509","1","1","1","36483","36483","36483","1","1","1","36356","36356","36356","1","1","1"
"1553","36511","36511","36511","1","1","1","36485","36485","36485","1","1","1","36358","36358","36358","0.8","0.8","0.8"
"1554","36513","36513","36513","1","1","1","36487","36487","36487","1","1","1","36360","36360","36360","1","1","1"
"1555","36515","36515","36515","1","1","1","36489","36489","36489","1","1","1","36362","36362","36362","1","1","1"
"1556","36517","36517","36517","1","1","1","36491","36491","36491","1","1","1","36364","36364","36364","1","1","1"
"1557","36683","36683","36683","0.8","0.8","0.8","36654","36654","36654","0.8","0.8","0.8","36525","36525","36525","1","1","1"
"1558","36685","36685","36685","1","1","1","36656","36656","36656","0.8","0.8","0.8","36527","36527","36527","1","1","1"
"1559","36687","36687","36687","1","1","1","36658","36658","36658","1","1","1","36529","36529","36529","1","1","1"
"1560","36689","36689","36689","1","1","1","36660","36660","36660","1","1","1","36531","36531","36531","1","1","1"
"1561","36691","36691","36691","1","1","1","36662","36662","36662","1","1","1","36533","36533","36533","0.8","0.8","0.8"
"1562","36693","36693","36693","1","1","1","36664","36664","36664","1","1","1","36535","36535","36535","1","1","1"
"1563","36695","36695","36695","1","1","1","36666","36666","36666","1","1","1","36537","36537","36537","1","1","1"
"1564","36697","36697","36697","1","1","1","36668","36668","36668","1","1","1","36539","36539","36539","1","1","1"
"1565","36699","36699","36699","1","1","1","36670","36670","36670","1","1","1","36541","36541","36541","1","1","1"
"1566","36861","36861","36861","0.8","0.8","0.8","36830","36830","36830","0.8","0.8","0.8","36699","36699","36699","1","1","1"
"1567","36863","36863","36863","1","1","1","36832","36832","36832","1","1","1","36701","36701","36701","1","1","1"
"1568","36865","36865","36865","1","1","1","36834","36834","36834","1","1","1","36703","36703","36703","1","1","1"
"1569","36867","36867","36867","1","1","1","36836","36836","36836","1","1","1","36705","36705","36705","1","1","1"
"1570","36869","36869","36869","1","1","1","36838","36838","36838","1","1","1","36707","36707","36707","1","1","1"
"1571","36871","36871","36871","1","1","1","36840","36840","36840","1","1","1","36709","36709","36709","1","1","1"
"1572","36873","36873","36873","1","1","1","36842","36842","36842","1","1","1","36711","36711","36711","1","1","1"
"1573","36875","36875","36875","1","1","1","36844","36844","36844","1","1","1","36713","36713","36713","1","1","1"
"1574","36877","36877","36877","1","1","1","36846","36846","36846","1","1","1","36715","36715","36715","1","1","1"
"1575","37041","37041","37041","1","1","1","37007","37007","37007","0.8","0.8","0.8","36875","36875","36875","0.8","0.8","0.8"
"1576","37043","37043","37043","1","1","1","37009","37009","37009","1","1","1","36877","36877","36877","1","1","1"
"1577","37045","37045","37045","1","1","1","37011","37011","37011","1","1","1","36879","36879","36879","1","1","1"
"1578","37047","37047","37047","1","1","1","37013","37013","37013","1","1","1","36881","36881","36881","1","1","1"
"1579","37049","37049","37049","1","1","1","37015","37015","37015","1","1","1","36883","36883","36883","1","1","1"
"1580","37051","37051","37051","1","1","1","37017","37017","37017","1","1","1","36885","36885","36885","0.8","0.8","0.8"
"1581","37053","37053","37053","1","1","1","37019","37019","37019","1","1","1","36887","36887","36887","1","1","1"
"1582","37055","37055","37055","1","1","1","37021","37021","37021","1","1","1","36889","36889","36889","1","1","1"
"1583","37057","37057","37057","1","1","1","37023","37023","37023","1","1","1","36891","36891","36891","1","1","1"
"1584","37217","37217","37217","1","1","1","37185","37185","37185","0.8","0.8","0.8","37051","37051","37051","1","1","1"
"1585","37219","37219","37219","1","1","1","37187","37187","37187","1","1","1","37053","37053","37053","1","1","1"
"1586","37221","37221","37221","1","1","1","37189","37189","37189","1","1","1","37055","37055","37055","1","1","1"
"1587","37223","37223","37223","1","1","1","37191","37191","37191","1","1","1","37057","37057","37057","1","1","1"
"1588","37225","37225","37225","1","1","1","37193","37193","37193","1","1","1","37059","37059","37059","1","1","1"
"1589","37227","37227","37227","1","1","1","37195","37195","37195","1","1","1","37061","37061","37061","1","1","1"
"1590","37229","37229","37229","1","1","1","37197","37197","37197","1","1","1","37063","37063","37063","1","1","1"
"1591","37231","37231","37231","1","1","1","37199","37199","37199","1","1","1","37065","37065","37065","1","1","1"
"1592","37233","37233","37233","1","1","1","37201","37201","37201","1","1","1","37067","37067","37067","1","1","1"
"1593","37396","37396","37396","0.8","0.8","0.8","37362","37362","37362","0.8","0.8","0.8","37229","37229","37229","1","1","1"
"1594","37398","37398","37398","1","1","1","37364","37364","37364","1","1","1","37231","37231","37231","1","1","1"
"1595","37400","37400","37400","1","1","1","37366","37366","37366","1","1","1","37233","37233","37233","1","1","1"
"1596","37402","37402","37402","1","1","1","37368","37368","37368","1","1","1","37235","37235","37235","1","1","1"
"1597","37404","37404","37404","1","1","1","37370","37370","37370","1","1","1","37237","37237","37237","1","1","1"
"1598","37406","37406","37406","1","1","1","37372","37372","37372","1","1","1","37239","37239","37239","1","1","1"
"1599","37408","37408","37408","1","1","1","37374","37374","37374","1","1","1","37241","37241","37241","1","1","1"
"1600","37410","37410","37410","1","1","1","37376","37376","37376","1","1","1","37243","37243","37243","1","1","1"
"1601","37412","37412","37412","0.9","0.9","0.9","37378","37378","37378","1","1","1","37245","37245","37245","1","1","1"
"1602","37577","37577","37577","0.8","0.8","0.8","37544","37544","37544","0.8","0.8","0.8","37406","37406","37406","1","1","1"
"1603","37579","37579","37579","1","1","1","37546","37546","37546","0.8","0.8","0.8","37408","37408","37408","1","1","1"
"1604","37581","37581","37581","1","1","1","37548","37548","37548","1","1","1","37410","37410","37410","1","1","1"
"1605","37583","37583","37583","1","1","1","37550","37550","37550","1","1","1","37412","37412","37412","1","1","1"
"1606","37585","37585","37585","1","1","1","37552","37552","37552","1","1","1","37414","37414","37414","1","1","1"
"1607","37587","37587","37587","1","1","1","37554","37554","37554","1","1","1","37416","37416","37416","1","1","1"
"1608","37589","37589","37589","1","1","1","37556","37556","37556","1","1","1","37418","37418","37418","1","1","1"
"1609","37591","37591","37591","1","1","1","37558","37558","37558","1","1","1","37420","37420","37420","1","1","1"
"1610","37593","37593","37593","0.8","0.8","0.8","37560","37560","37560","1","1","1","37422","37422","37422","1","1","1"
"1611","37757","37757","37757","0.8","0.8","0.8","37721","37721","37721","1","1","1","37581","37581","37581","1","1","1"
"1612","37759","37759","37759","1","1","1","37723","37723","37723","1","1","1","37583","37583","37583","1","1","1"
"1613","37761","37761","37761","1","1","1","37725","37725","37725","1","1","1","37585","37585","37585","1","1","1"
"1614","37763","37763","37763","1","1","1","37727","37727","37727","1","1","1","37587","37587","37587","1","1","1"
"1615","37765","37765","37765","1","1","1","37729","37729","37729","1","1","1","37589","37589","37589","1","1","1"
"1616","37767","37767","37767","1","1","1","37731","37731","37731","1","1","1","37591","37591","37591","1","1","1"
"1617","37769","37769","37769","1","1","1","37733","37733","37733","1","1","1","37593","37593","37593","1","1","1"
"1618","37771","37771","37771","1","1","1","37735","37735","37735","1","1","1","37595","37595","37595","1","1","1"
"1619","37773","37773","37773","0.8","0.8","0.8","37737","37737","37737","1","1","1","37597","37597","37597","1","1","1"
"1620","37933","37933","37933","0.8","0.8","0.8","37900","37900","37900","1","1","1","37757","37757","37757","1","1","1"
"1621","37935","37935","37935","1","1","1","37902","37902","37902","1","1","1","37759","37759","37759","1","1","1"
"1622","37937","37937","37937","1","1","1","37904","37904","37904","1","1","1","37761","37761","37761","0.8","0.8","0.8"
"1623","37939","37939","37939","1","1","1","37906","37906","37906","1","1","1","37763","37763","37763","1","1","1"
"1624","37941","37941","37941","1","1","1","37908","37908","37908","1","1","1","37765","37765","37765","1","1","1"
"1625","37943","37943","37943","1","1","1","37910","37910","37910","1","1","1","37767","37767","37767","1","1","1"
"1626","37945","37945","37945","1","1","1","37912","37912","37912","1","1","1","37769","37769","37769","1","1","1"
"1627","37947","37947","37947","1","1","1","37914","37914","37914","1","1","1","37771","37771","37771","1","1","1"
"1628","37949","37949","37949","0.8","0.8","0.8","37916","37916","37916","1","1","1","37773","37773","37773","1","1","1"
"1629","38112","38112","38112","1","1","1","38079","38079","38079","1","1","1","37929","37929","37929","1","1","1"
"1630","38114","38114","38114","1","1","1","38081","38081","38081","1","1","1","37931","37931","37931","1","1","1"
"1631","38116","38116","38116","1","1","1","38083","38083","38083","1","1","1","37933","37933","37933","1","1","1"
"1632","38118","38118","38118","1","1","1","38085","38085","38085","1","1","1","37935","37935","37935","1","1","1"
"1633","38120","38120","38120","1","1","1","38087","38087","38087","1","1","1","37937","37937","37937","1","1","1"
"1634","38122","38122","38122","1","1","1","38089","38089","38089","1","1","1","37939","37939","37939","1","1","1"
"1635","38124","38124","38124","1","1","1","38091","38091","38091","1","1","1","37941","37941","37941","1","1","1"
"1636","38126","38126","38126","1","1","1","38093","38093","38093","1","1","1","37943","37943","37943","1","1","1"
"1637","38128","38128","38128","1","1","1","38095","38095","38095","1","1","1","37945","37945","37945","1","1","1"
"1638","38297","38297","38297","0.8","0.8","0.8","38261","38261","38261","1","1","1","38111","38111","38111","1","1","1"
"1639","38299","38299","38299","1","1","1","38263","38263","38263","1","1","1","38113","38113","38113","1","1","1"
"1640","38301","38301","38301","1","1","1","38265","38265","38265","1","1","1","38115","38115","38115","1","1","1"
"1641","38303","38303","38303","1","1","1","38267","38267","38267","1","1","1","38117","38117","38117","1","1","1"
"1642","38305","38305","38305","1","1","1","38269","38269","38269","1","1","1","38119","38119","38119","1","1","1"
"1643","38307","38307","38307","1","1","1","38271","38271","38271","1","1","1","38121","38121","38121","1","1","1"
"1644","38309","38309","38309","1","1","1","38273","38273","38273","1","1","1","38123","38123","38123","1","1","1"
"1645","38311","38311","38311","1","1","1","38275","38275","38275","1","1","1","38125","38125","38125","1","1","1"
"1646","38313","38313","38313","1","1","1","38277","38277","38277","1","1","1","38127","38127","38127","1","1","1"
"1647","38472","38472","38472","1","1","1","38436","38436","38436","1","1","1","38288","38288","38288","1","1","1"
"1648","38474","38474","38474","1","1","1","38438","38438","38438","1","1","1","38290","38290","38290","1","1","1"
"1649","38476","38476","38476","1","1","1","38440","38440","38440","1","1","1","38292","38292","38292","1","1","1"
"1650","38478","38478","38478","1","1","1","38442","38442","38442","1","1","1","38294","38294","38294","1","1","1"
"1651","38480","38480","38480","1","1","1","38444","38444","38444","1","1","1","38296","38296","38296","1","1","1"
"1652","38482","38482","38482","1","1","1","38446","38446","38446","1","1","1","38298","38298","38298","1","1","1"
"1653","38484","38484","38484","1","1","1","38448","38448","38448","1","1","1","38300","38300","38300","1","1","1"
"1654","38486","38486","38486","1","1","1","38450","38450","38450","1","1","1","38302","38302","38302","1","1","1"
"1655","38488","38488","38488","1","1","1","38452","38452","38452","1","1","1","38304","38304","38304","1","1","1"
"1656","38653","38653","38653","1","1","1","38609","38609","38609","1","1","1","38463","38463","38463","1","1","1"
"1657","38655","38655","38655","1","1","1","38611","38611","38611","1","1","1","38465","38465","38465","1","1","1"
"1658","38657","38657","38657","1","1","1","38613","38613","38613","1","1","1","38467","38467","38467","1","1","1"
"1659","38659","38659","38659","1","1","1","38615","38615","38615","1","1","1","38469","38469","38469","1","1","1"
"1660","38661","38661","38661","1","1","1","38617","38617","38617","1","1","1","38471","38471","38471","1","1","1"
"1661","38663","38663","38663","1","1","1","38619","38619","38619","1","1","1","38473","38473","38473","1","1","1"
"1662","38665","38665","38665","1","1","1","38621","38621","38621","1","1","1","38475","38475","38475","1","1","1"
"1663","38667","38667","38667","1","1","1","38623","38623","38623","1","1","1","38477","38477","38477","1","1","1"
"1664","38669","38669","38669","1","1","1","38625","38625","38625","1","1","1","38479","38479","38479","1","1","1"
"1665","38828","38828","38828","0.8","0.8","0.8","38787","38787","38787","1","1","1","38639","38639","38639","1","1","1"
"1666","38830","38830","38830","1","1","1","38789","38789","38789","1","1","1","38641","38641","38641","1","1","1"
"1667","38832","38832","38832","1","1","1","38791","38791","38791","1","1","1","38643","38643","38643","1","1","1"
"1668","38834","38834","38834","1","1","1","38793","38793","38793","1","1","1","38645","38645","38645","1","1","1"
"1669","38836","38836","38836","1","1","1","38795","38795","38795","1","1","1","38647","38647","38647","1","1","1"
"1670","38838","38838","38838","1","1","1","38797","38797","38797","1","1","1","38649","38649","38649","1","1","1"
"1671","38840","38840","38840","1","1","1","38799","38799","38799","1","1","1","38651","38651","38651","1","1","1"
"1672","38842","38842","38842","1","1","1","38801","38801","38801","1","1","1","38653","38653","38653","1","1","1"
"1673","38844","38844","38844","1","1","1","38803","38803","38803","1","1","1","38655","38655","38655","1","1","1"
"1674","39011","39011","39011","0.8","0.8","0.8","38966","38966","38966","1","1","1","38812","38812","38812","1","1","1"
"1675","39013","39013","39013","1","1","1","38968","38968","38968","1","1","1","38814","38814","38814","1","1","1"
"1676","39015","39015","39015","1","1","1","38970","38970","38970","0.8","0.8","0.8","38816","38816","38816","1","1","1"
"1677","39017","39017","39017","1","1","1","38972","38972","38972","1","1","1","38818","38818","38818","1","1","1"
"1678","39019","39019","39019","1","1","1","38974","38974","38974","1","1","1","38820","38820","38820","1","1","1"
"1679","39021","39021","39021","1","1","1","38976","38976","38976","1","1","1","38822","38822","38822","1","1","1"
"1680","39023","39023","39023","1","1","1","38978","38978","38978","1","1","1","38824","38824","38824","1","1","1"
"1681","39025","39025","39025","1","1","1","38980","38980","38980","1","1","1","38826","38826","38826","1","1","1"
"1682","39027","39027","39027","1","1","1","38982","38982","38982","1","1","1","38828","38828","38828","1","1","1"
"1683","39187","39187","39187","0.8","0.8","0.8","39141","39141","39141","1","1","1","38986","38986","38986","1","1","1"
"1684","39189","39189","39189","1","1","1","39143","39143","39143","1","1","1","38988","38988","38988","1","1","1"
"1685","39191","39191","39191","1","1","1","39145","39145","39145","0.8","0.8","0.8","38990","38990","38990","1","1","1"
"1686","39193","39193","39193","1","1","1","39147","39147","39147","1","1","1","38992","38992","38992","1","1","1"
"1687","39195","39195","39195","1","1","1","39149","39149","39149","1","1","1","38994","38994","38994","1","1","1"
"1688","39197","39197","39197","1","1","1","39151","39151","39151","1","1","1","38996","38996","38996","1","1","1"
"1689","39199","39199","39199","1","1","1","39153","39153","39153","1","1","1","38998","38998","38998","1","1","1"
"1690","39201","39201","39201","1","1","1","39155","39155","39155","1","1","1","39000","39000","39000","1","1","1"
"1691","39203","39203","39203","1","1","1","39157","39157","39157","1","1","1","39002","39002","39002","1","1","1"
"1692","39365","39365","39365","1","1","1","39315","39315","39315","1","1","1","39167","39167","39167","1","1","1"
"1693","39367","39367","39367","1","1","1","39317","39317","39317","1","1","1","39169","39169","39169","1","1","1"
"1694","39369","39369","39369","1","1","1","39319","39319","39319","0.8","0.8","0.8","39171","39171","39171","1","1","1"
"1695","39371","39371","39371","1","1","1","39321","39321","39321","1","1","1","39173","39173","39173","1","1","1"
"1696","39373","39373","39373","1","1","1","39323","39323","39323","1","1","1","39175","39175","39175","1","1","1"
"1697","39375","39375","39375","1","1","1","39325","39325","39325","1","1","1","39177","39177","39177","1","1","1"
"1698","39377","39377","39377","1","1","1","39327","39327","39327","1","1","1","39179","39179","39179","1","1","1"
"1699","39379","39379","39379","1","1","1","39329","39329","39329","1","1","1","39181","39181","39181","1","1","1"
"1700","39381","39381","39381","1","1","1","39331","39331","39331","1","1","1","39183","39183","39183","1","1","1"
"1701","39545","39545","39545","1","1","1","39493","39493","39493","1","1","1","39342","39342","39342","1","1","1"
"1702","39547","39547","39547","1","1","1","39495","39495","39495","1","1","1","39344","39344","39344","1","1","1"
"1703","39549","39549","39549","1","1","1","39497","39497","39497","0.8","0.8","0.8","39346","39346","39346","1","1","1"
"1704","39551","39551","39551","1","1","1","39499","39499","39499","1","1","1","39348","39348","39348","1","1","1"
"1705","39553","39553","39553","1","1","1","39501","39501","39501","1","1","1","39350","39350","39350","1","1","1"
"1706","39555","39555","39555","1","1","1","39503","39503","39503","1","1","1","39352","39352","39352","1","1","1"
"1707","39557","39557","39557","1","1","1","39505","39505","39505","1","1","1","39354","39354","39354","1","1","1"
"1708","39559","39559","39559","1","1","1","39507","39507","39507","1","1","1","39356","39356","39356","1","1","1"
"1709","39561","39561","39561","1","1","1","39509","39509","39509","1","1","1","39358","39358","39358","1","1","1"
"1710","39724","39724","39724","1","1","1","39672","39672","39672","1","1","1","39516","39516","39516","1","1","1"
"1711","39726","39726","39726","1","1","1","39674","39674","39674","1","1","1","39518","39518","39518","1","1","1"
"1712","39728","39728","39728","1","1","1","39676","39676","39676","1","1","1","39520","39520","39520","1","1","1"
"1713","39730","39730","39730","1","1","1","39678","39678","39678","1","1","1","39522","39522","39522","1","1","1"
"1714","39732","39732","39732","1","1","1","39680","39680","39680","1","1","1","39524","39524","39524","1","1","1"
"1715","39734","39734","39734","1","1","1","39682","39682","39682","1","1","1","39526","39526","39526","1","1","1"
"1716","39736","39736","39736","1","1","1","39684","39684","39684","1","1","1","39528","39528","39528","1","1","1"
"1717","39738","39738","39738","1","1","1","39686","39686","39686","1","1","1","39530","39530","39530","1","1","1"
"1718","39740","39740","39740","1","1","1","39688","39688","39688","1","1","1","39532","39532","39532","1","1","1"
"1719","39902","39902","39902","1","1","1","39847","39847","39847","1","1","1","39689","39689","39689","1","1","1"
"1720","39904","39904","39904","1","1","1","39849","39849","39849","1","1","1","39691","39691","39691","1","1","1"
"1721","39906","39906","39906","1","1","1","39851","39851","39851","1","1","1","39693","39693","39693","1","1","1"
"1722","39908","39908","39908","1","1","1","39853","39853","39853","1","1","1","39695","39695","39695","1","1","1"
"1723","39910","39910","39910","1","1","1","39855","39855","39855","1","1","1","39697","39697","39697","1","1","1"
"1724","39912","39912","39912","1","1","1","39857","39857","39857","1","1","1","39699","39699","39699","0.8","0.8","0.8"
"1725","39914","39914","39914","1","1","1","39859","39859","39859","1","1","1","39701","39701","39701","1","1","1"
"1726","39916","39916","39916","1","1","1","39861","39861","39861","1","1","1","39703","39703","39703","1","1","1"
"1727","39918","39918","39918","1","1","1","39863","39863","39863","1","1","1","39705","39705","39705","1","1","1"
"1728","40079","40079","40079","1","1","1","40023","40023","40023","1","1","1","39864","39864","39864","1","1","1"
"1729","40081","40081","40081","1","1","1","40025","40025","40025","1","1","1","39866","39866","39866","1","1","1"
"1730","40083","40083","40083","1","1","1","40027","40027","40027","1","1","1","39868","39868","39868","1","1","1"
"1731","40085","40085","40085","1","1","1","40029","40029","40029","1","1","1","39870","39870","39870","1","1","1"
"1732","40087","40087","40087","1","1","1","40031","40031","40031","1","1","1","39872","39872","39872","1","1","1"
"1733","40089","40089","40089","1","1","1","40033","40033","40033","1","1","1","39874","39874","39874","1","1","1"
"1734","40091","40091","40091","1","1","1","40035","40035","40035","1","1","1","39876","39876","39876","1","1","1"
"1735","40093","40093","40093","1","1","1","40037","40037","40037","1","1","1","39878","39878","39878","1","1","1"
"1736","40095","40095","40095","0.9","0.9","0.9","40039","40039","40039","1","1","1","39880","39880","39880","1","1","1"
"1737","40256","40256","40256","0.8","0.8","0.8","40202","40202","40202","1","1","1","40039","40039","40039","1","1","1"
"1738","40258","40258","40258","1","1","1","40204","40204","40204","1","1","1","40041","40041","40041","1","1","1"
"1739","40260","40260","40260","1","1","1","40206","40206","40206","1","1","1","40043","40043","40043","1","1","1"
"1740","40262","40262","40262","1","1","1","40208","40208","40208","1","1","1","40045","40045","40045","1","1","1"
"1741","40264","40264","40264","1","1","1","40210","40210","40210","1","1","1","40047","40047","40047","1","1","1"
"1742","40266","40266","40266","1","1","1","40212","40212","40212","1","1","1","40049","40049","40049","1","1","1"
"1743","40268","40268","40268","1","1","1","40214","40214","40214","1","1","1","40051","40051","40051","1","1","1"
"1744","40270","40270","40270","1","1","1","40216","40216","40216","1","1","1","40053","40053","40053","1","1","1"
"1745","40272","40272","40272","0.8","0.8","0.8","40218","40218","40218","1","1","1","40055","40055","40055","1","1","1"
"1746","40432","40432","40432","0.8","0.8","0.8","40376","40376","40376","1","1","1","40214","40214","40214","1","1","1"
"1747","40434","40434","40434","1","1","1","40378","40378","40378","1","1","1","40216","40216","40216","1","1","1"
"1748","40436","40436","40436","1","1","1","40380","40380","40380","1","1","1","40218","40218","40218","1","1","1"
"1749","40438","40438","40438","1","1","1","40382","40382","40382","1","1","1","40220","40220","40220","1","1","1"
"1750","40440","40440","40440","1","1","1","40384","40384","40384","1","1","1","40222","40222","40222","1","1","1"
"1751","40442","40442","40442","1","1","1","40386","40386","40386","1","1","1","40224","40224","40224","1","1","1"
"1752","40444","40444","40444","1","1","1","40388","40388","40388","1","1","1","40226","40226","40226","1","1","1"
"1753","40446","40446","40446","1","1","1","40390","40390","40390","1","1","1","40228","40228","40228","1","1","1"
"1754","40448","40448","40448","1","1","1","40392","40392","40392","1","1","1","40230","40230","40230","1","1","1"
"1755","40613","40613","40613","0.8","0.8","0.8","40549","40549","40549","1","1","1","40390","40390","40390","1","1","1"
"1756","40615","40615","40615","1","1","1","40551","40551","40551","1","1","1","40392","40392","40392","1","1","1"
"1757","40617","40617","40617","1","1","1","40553","40553","40553","0.8","0.8","0.8","40394","40394","40394","1","1","1"
"1758","40619","40619","40619","1","1","1","40555","40555","40555","1","1","1","40396","40396","40396","1","1","1"
"1759","40621","40621","40621","1","1","1","40557","40557","40557","1","1","1","40398","40398","40398","1","1","1"
"1760","40623","40623","40623","1","1","1","40559","40559","40559","1","1","1","40400","40400","40400","1","1","1"
"1761","40625","40625","40625","1","1","1","40561","40561","40561","1","1","1","40402","40402","40402","1","1","1"
"1762","40627","40627","40627","1","1","1","40563","40563","40563","1","1","1","40404","40404","40404","1","1","1"
"1763","40629","40629","40629","1","1","1","40565","40565","40565","1","1","1","40406","40406","40406","1","1","1"
"1764","40795","40795","40795","0.8","0.8","0.8","40730","40730","40730","1","1","1","40563","40563","40563","1","1","1"
"1765","40797","40797","40797","1","1","1","40732","40732","40732","0.8","0.8","0.8","40565","40565","40565","1","1","1"
"1766","40799","40799","40799","1","1","1","40734","40734","40734","1","1","1","40567","40567","40567","1","1","1"
"1767","40801","40801","40801","1","1","1","40736","40736","40736","1","1","1","40569","40569","40569","1","1","1"
"1768","40803","40803","40803","1","1","1","40738","40738","40738","1","1","1","40571","40571","40571","1","1","1"
"1769","40805","40805","40805","1","1","1","40740","40740","40740","1","1","1","40573","40573","40573","1","1","1"
"1770","40807","40807","40807","1","1","1","40742","40742","40742","1","1","1","40575","40575","40575","1","1","1"
"1771","40809","40809","40809","1","1","1","40744","40744","40744","1","1","1","40577","40577","40577","1","1","1"
"1772","40811","40811","40811","1","1","1","40746","40746","40746","1","1","1","40579","40579","40579","1","1","1"
"1773","40973","40973","40973","0.8","0.8","0.8","40910","40910","40910","1","1","1","40739","40739","40739","1","1","1"
"1774","40975","40975","40975","1","1","1","40912","40912","40912","1","1","1","40741","40741","40741","1","1","1"
"1775","40977","40977","40977","1","1","1","40914","40914","40914","1","1","1","40743","40743","40743","1","1","1"
"1776","40979","40979","40979","1","1","1","40916","40916","40916","1","1","1","40745","40745","40745","1","1","1"
"1777","40981","40981","40981","1","1","1","40918","40918","40918","1","1","1","40747","40747","40747","1","1","1"
"1778","40983","40983","40983","1","1","1","40920","40920","40920","1","1","1","40749","40749","40749","1","1","1"
"1779","40985","40985","40985","1","1","1","40922","40922","40922","1","1","1","40751","40751","40751","1","1","1"
"1780","40987","40987","40987","1","1","1","40924","40924","40924","1","1","1","40753","40753","40753","1","1","1"
"1781","40989","40989","40989","1","1","1","40926","40926","40926","1","1","1","40755","40755","40755","1","1","1"
"1782","41148","41148","41148","1","1","1","41089","41089","41089","1","1","1","40912","40912","40912","1","1","1"
"1783","41150","41150","41150","1","1","1","41091","41091","41091","0.8","0.8","0.8","40914","40914","40914","1","1","1"
"1784","41152","41152","41152","1","1","1","41093","41093","41093","1","1","1","40916","40916","40916","1","1","1"
"1785","41154","41154","41154","1","1","1","41095","41095","41095","1","1","1","40918","40918","40918","1","1","1"
"1786","41156","41156","41156","1","1","1","41097","41097","41097","1","1","1","40920","40920","40920","1","1","1"
"1787","41158","41158","41158","1","1","1","41099","41099","41099","1","1","1","40922","40922","40922","1","1","1"
"1788","41160","41160","41160","1","1","1","41101","41101","41101","1","1","1","40924","40924","40924","1","1","1"
"1789","41162","41162","41162","1","1","1","41103","41103","41103","1","1","1","40926","40926","40926","1","1","1"
"1790","41164","41164","41164","1","1","1","41105","41105","41105","1","1","1","40928","40928","40928","1","1","1"
"1791","41325","41325","41325","1","1","1","41266","41266","41266","1","1","1","41085","41085","41085","1","1","1"
"1792","41327","41327","41327","1","1","1","41268","41268","41268","1","1","1","41087","41087","41087","1","1","1"
"1793","41329","41329","41329","1","1","1","41270","41270","41270","1","1","1","41089","41089","41089","1","1","1"
"1794","41331","41331","41331","1","1","1","41272","41272","41272","1","1","1","41091","41091","41091","1","1","1"
"1795","41333","41333","41333","1","1","1","41274","41274","41274","1","1","1","41093","41093","41093","1","1","1"
"1796","41335","41335","41335","1","1","1","41276","41276","41276","1","1","1","41095","41095","41095","1","1","1"
"1797","41337","41337","41337","1","1","1","41278","41278","41278","1","1","1","41097","41097","41097","1","1","1"
"1798","41339","41339","41339","1","1","1","41280","41280","41280","1","1","1","41099","41099","41099","1","1","1"
"1799","41341","41341","41341","1","1","1","41282","41282","41282","1","1","1","41101","41101","41101","1","1","1"
"1800","41505","41505","41505","1","1","1","41443","41443","41443","1","1","1","41267","41267","41267","1","1","1"
"1801","41507","41507","41507","1","1","1","41445","41445","41445","1","1","1","41269","41269","41269","1","1","1"
"1802","41509","41509","41509","1","1","1","41447","41447","41447","1","1","1","41271","41271","41271","1","1","1"
"1803","41511","41511","41511","1","1","1","41449","41449","41449","1","1","1","41273","41273","41273","1","1","1"
"1804","41513","41513","41513","1","1","1","41451","41451","41451","1","1","1","41275","41275","41275","1","1","1"
"1805","41515","41515","41515","1","1","1","41453","41453","41453","1","1","1","41277","41277","41277","1","1","1"
"1806","41517","41517","41517","1","1","1","41455","41455","41455","1","1","1","41279","41279","41279","1","1","1"
"1807","41519","41519","41519","1","1","1","41457","41457","41457","1","1","1","41281","41281","41281","1","1","1"
"1808","41521","41521","41521","1","1","1","41459","41459","41459","1","1","1","41283","41283","41283","1","1","1"
"1809","41684","41684","41684","0.8","0.8","0.8","41621","41621","41621","1","1","1","41442","41442","41442","1","1","1"
"1810","41686","41686","41686","1","1","1","41623","41623","41623","1","1","1","41444","41444","41444","1","1","1"
"1811","41688","41688","41688","1","1","1","41625","41625","41625","1","1","1","41446","41446","41446","1","1","1"
"1812","41690","41690","41690","1","1","1","41627","41627","41627","1","1","1","41448","41448","41448","1","1","1"
"1813","41692","41692","41692","1","1","1","41629","41629","41629","1","1","1","41450","41450","41450","1","1","1"
"1814","41694","41694","41694","1","1","1","41631","41631","41631","1","1","1","41452","41452","41452","1","1","1"
"1815","41696","41696","41696","1","1","1","41633","41633","41633","1","1","1","41454","41454","41454","1","1","1"
"1816","41698","41698","41698","1","1","1","41635","41635","41635","1","1","1","41456","41456","41456","1","1","1"
"1817","41700","41700","41700","1","1","1","41637","41637","41637","1","1","1","41458","41458","41458","1","1","1"
"1818","41861","41861","41861","0.8","0.8","0.8","41800","41800","41800","1","1","1","41616","41616","41616","1","1","1"
"1819","41863","41863","41863","1","1","1","41802","41802","41802","1","1","1","41618","41618","41618","1","1","1"
"1820","41865","41865","41865","1","1","1","41804","41804","41804","1","1","1","41620","41620","41620","1","1","1"
"1821","41867","41867","41867","1","1","1","41806","41806","41806","1","1","1","41622","41622","41622","1","1","1"
"1822","41869","41869","41869","1","1","1","41808","41808","41808","1","1","1","41624","41624","41624","1","1","1"
"1823","41871","41871","41871","1","1","1","41810","41810","41810","1","1","1","41626","41626","41626","1","1","1"
"1824","41873","41873","41873","1","1","1","41812","41812","41812","1","1","1","41628","41628","41628","1","1","1"
"1825","41875","41875","41875","1","1","1","41814","41814","41814","1","1","1","41630","41630","41630","1","1","1"
"1826","41877","41877","41877","0.8","0.8","0.8","41816","41816","41816","1","1","1","41632","41632","41632","1","1","1"
"1827","42041","42041","42041","1","1","1","41977","41977","41977","1","1","1","41793","41793","41793","1","1","1"
"1828","42043","42043","42043","1","1","1","41979","41979","41979","1","1","1","41795","41795","41795","1","1","1"
"1829","42045","42045","42045","1","1","1","41981","41981","41981","1","1","1","41797","41797","41797","1","1","1"
"1830","42047","42047","42047","1","1","1","41983","41983","41983","1","1","1","41799","41799","41799","1","1","1"
"1831","42049","42049","42049","1","1","1","41985","41985","41985","1","1","1","41801","41801","41801","1","1","1"
"1832","42051","42051","42051","1","1","1","41987","41987","41987","1","1","1","41803","41803","41803","1","1","1"
"1833","42053","42053","42053","1","1","1","41989","41989","41989","1","1","1","41805","41805","41805","1","1","1"
"1834","42055","42055","42055","1","1","1","41991","41991","41991","1","1","1","41807","41807","41807","1","1","1"
"1835","42057","42057","42057","1","1","1","41993","41993","41993","1","1","1","41809","41809","41809","1","1","1"
"1836","42218","42218","42218","0.8","0.8","0.8","42155","42155","42155","0.8","0.8","0.8","41968","41968","41968","1","1","1"
"1837","42220","42220","42220","1","1","1","42157","42157","42157","1","1","1","41970","41970","41970","1","1","1"
"1838","42222","42222","42222","1","1","1","42159","42159","42159","1","1","1","41972","41972","41972","1","1","1"
"1839","42224","42224","42224","1","1","1","42161","42161","42161","1","1","1","41974","41974","41974","1","1","1"
"1840","42226","42226","42226","1","1","1","42163","42163","42163","1","1","1","41976","41976","41976","1","1","1"
"1841","42228","42228","42228","1","1","1","42165","42165","42165","1","1","1","41978","41978","41978","1","1","1"
"1842","42230","42230","42230","1","1","1","42167","42167","42167","1","1","1","41980","41980","41980","1","1","1"
"1843","42232","42232","42232","1","1","1","42169","42169","42169","1","1","1","41982","41982","41982","1","1","1"
"1844","42234","42234","42234","1","1","1","42171","42171","42171","1","1","1","41984","41984","41984","1","1","1"
"1845","42403","42403","42403","0.8","0.8","0.8","42335","42335","42335","0.8","0.8","0.8","42146","42146","42146","1","1","1"
"1846","42405","42405","42405","1","1","1","42337","42337","42337","1","1","1","42148","42148","42148","1","1","1"
"1847","42407","42407","42407","1","1","1","42339","42339","42339","0.8","0.8","0.8","42150","42150","42150","1","1","1"
"1848","42409","42409","42409","1","1","1","42341","42341","42341","1","1","1","42152","42152","42152","1","1","1"
"1849","42411","42411","42411","1","1","1","42343","42343","42343","1","1","1","42154","42154","42154","1","1","1"
"1850","42413","42413","42413","1","1","1","42345","42345","42345","1","1","1","42156","42156","42156","1","1","1"
"1851","42415","42415","42415","1","1","1","42347","42347","42347","1","1","1","42158","42158","42158","1","1","1"
"1852","42417","42417","42417","1","1","1","42349","42349","42349","1","1","1","42160","42160","42160","1","1","1"
"1853","42419","42419","42419","0.8","0.8","0.8","42351","42351","42351","1","1","1","42162","42162","42162","1","1","1"
"1854","42585","42585","42585","1","1","1","42512","42512","42512","1","1","1","42319","42319","42319","1","1","1"
"1855","42587","42587","42587","1","1","1","42514","42514","42514","1","1","1","42321","42321","42321","1","1","1"
"1856","42589","42589","42589","1","1","1","42516","42516","42516","1","1","1","42323","42323","42323","1","1","1"
"1857","42591","42591","42591","1","1","1","42518","42518","42518","1","1","1","42325","42325","42325","1","1","1"
"1858","42593","42593","42593","1","1","1","42520","42520","42520","1","1","1","42327","42327","42327","1","1","1"
"1859","42595","42595","42595","1","1","1","42522","42522","42522","1","1","1","42329","42329","42329","1","1","1"
"1860","42597","42597","42597","1","1","1","42524","42524","42524","1","1","1","42331","42331","42331","1","1","1"
"1861","42599","42599","42599","1","1","1","42526","42526","42526","1","1","1","42333","42333","42333","1","1","1"
"1862","42601","42601","42601","1","1","1","42528","42528","42528","1","1","1","42335","42335","42335","1","1","1"
"1863","42765","42765","42765","1","1","1","42691","42691","42691","0.8","0.8","0.8","42495","42495","42495","1","1","1"
"1864","42767","42767","42767","1","1","1","42693","42693","42693","1","1","1","42497","42497","42497","1","1","1"
"1865","42769","42769","42769","1","1","1","42695","42695","42695","0.8","0.8","0.8","42499","42499","42499","1","1","1"
"1866","42771","42771","42771","1","1","1","42697","42697","42697","1","1","1","42501","42501","42501","1","1","1"
"1867","42773","42773","42773","1","1","1","42699","42699","42699","1","1","1","42503","42503","42503","1","1","1"
"1868","42775","42775","42775","1","1","1","42701","42701","42701","1","1","1","42505","42505","42505","1","1","1"
"1869","42777","42777","42777","1","1","1","42703","42703","42703","1","1","1","42507","42507","42507","1","1","1"
"1870","42779","42779","42779","1","1","1","42705","42705","42705","1","1","1","42509","42509","42509","1","1","1"
"1871","42781","42781","42781","1","1","1","42707","42707","42707","1","1","1","42511","42511","42511","1","1","1"
"1872","42944","42944","42944","0.8","0.8","0.8","42870","42870","42870","1","1","1","","","","","",""
"1873","42946","42946","42946","1","1","1","42872","42872","42872","1","1","1","","","","","",""
"1874","42948","42948","42948","1","1","1","42874","42874","42874","1","1","1","","","","","",""
"1875","42950","42950","42950","1","1","1","42876","42876","42876","1","1","1","","","","","",""
"1876","42952","42952","42952","1","1","1","42878","42878","42878","1","1","1","","","","","",""
"1877","42954","42954","42954","1","1","1","42880","42880","42880","1","1","1","","","","","",""
"1878","42956","42956","42956","1","1","1","42882","42882","42882","1","1","1","","","","","",""
"1879","42958","42958","42958","1","1","1","42884","42884","42884","1","1","1","","","","","",""
"1880","42960","42960","42960","1","1","1","42886","42886","42886","1","1","1","","","","","",""
"1881","43120","43120","43120","0.8","0.8","0.8","","","","","","","","","","","",""
"1882","43122","43122","43122","1","1","1","","","","","","","","","","","",""
"1883","43124","43124","43124","0.8","0.8","0.8","","","","","","","","","","","",""
"1884","43126","43126","43126","1","1","1","","","","","","","","","","","",""
"1885","43128","43128","43128","1","1","1","","","","","","","","","","","",""
"1886","43130","43130","43130","1","1","1","","","","","","","","","","","",""
"1887","43132","43132","43132","1","1","1","","","","","","","","","","","",""
"1888","43134","43134","43134","1","1","1","","","","","","","","","","","",""
"1889","43136","43136","43136","1","1","1","","","","","","","","","","","",""