"Evaluate/step_episode","ppo_discrete_2025-05-21_16-02-29 - _step","ppo_discrete_2025-05-21_16-02-29 - _step__MIN","ppo_discrete_2025-05-21_16-02-29 - _step__MAX","ppo_discrete_2025-05-21_16-02-29 - Evaluate/EpEnvLen","ppo_discrete_2025-05-21_16-02-29 - Evaluate/EpEnvLen__MIN","ppo_discrete_2025-05-21_16-02-29 - Evaluate/EpEnvLen__MAX","edqn_2024-12-11_13-29-49 - _step","edqn_2024-12-11_13-29-49 - _step__MIN","edqn_2024-12-11_13-29-49 - _step__MAX","edqn_2024-12-11_13-29-49 - Evaluate/EpEnvLen","edqn_2024-12-11_13-29-49 - Evaluate/EpEnvLen__MIN","edqn_2024-12-11_13-29-49 - Evaluate/EpEnvLen__MAX","no_dueling_2024-12-10_13-06-23 - _step","no_dueling_2024-12-10_13-06-23 - _step__MIN","no_dueling_2024-12-10_13-06-23 - _step__MAX","no_dueling_2024-12-10_13-06-23 - Evaluate/EpEnvLen","no_dueling_2024-12-10_13-06-23 - Evaluate/EpEnvLen__MIN","no_dueling_2024-12-10_13-06-23 - Evaluate/EpEnvLen__MAX","epsilon_nosiy_FactoryTaskAllocationMiC_2024-12-09_14-31-02 - _step","epsilon_nosiy_FactoryTaskAllocationMiC_2024-12-09_14-31-02 - _step__MIN","epsilon_nosiy_FactoryTaskAllocationMiC_2024-12-09_14-31-02 - _step__MAX","epsilon_nosiy_FactoryTaskAllocationMiC_2024-12-09_14-31-02 - Evaluate/EpEnvLen","epsilon_nosiy_FactoryTaskAllocationMiC_2024-12-09_14-31-02 - Evaluate/EpEnvLen__MIN","epsilon_nosiy_FactoryTaskAllocationMiC_2024-12-09_14-31-02 - Evaluate/EpEnvLen__MAX","epsilon_FactoryTaskAllocationMiC_2024-12-08_17-36-58 - _step","epsilon_FactoryTaskAllocationMiC_2024-12-08_17-36-58 - _step__MIN","epsilon_FactoryTaskAllocationMiC_2024-12-08_17-36-58 - _step__MAX","epsilon_FactoryTaskAllocationMiC_2024-12-08_17-36-58 - Evaluate/EpEnvLen","epsilon_FactoryTaskAllocationMiC_2024-12-08_17-36-58 - Evaluate/EpEnvLen__MIN","epsilon_FactoryTaskAllocationMiC_2024-12-08_17-36-58 - Evaluate/EpEnvLen__MAX","FactoryTaskAllocationMiC_2024-12-08_15-44-10 - _step","FactoryTaskAllocationMiC_2024-12-08_15-44-10 - _step__MIN","FactoryTaskAllocationMiC_2024-12-08_15-44-10 - _step__MAX","FactoryTaskAllocationMiC_2024-12-08_15-44-10 - Evaluate/EpEnvLen","FactoryTaskAllocationMiC_2024-12-08_15-44-10 - Evaluate/EpEnvLen__MIN","FactoryTaskAllocationMiC_2024-12-08_15-44-10 - Evaluate/EpEnvLen__MAX"
"0","315","315","315","1249","1249","1249","5587","5587","5587","1249","1249","1249","5587","5587","5587","1249","1249","1249","5899","5899","5899","1249","1249","1249","5899","5899","5899","1249","1249","1249","5899","5899","5899","1249","1249","1249"
"1","317","317","317","1096","1096","1096","5589","5589","5589","1096","1096","1096","5589","5589","5589","927","927","927","5901","5901","5901","1104","1104","1104","5901","5901","5901","1094","1094","1094","5901","5901","5901","1084","1084","1084"
"2","319","319","319","1249","1249","1249","5591","5591","5591","1100","1100","1100","5591","5591","5591","922","922","922","5903","5903","5903","1085","1085","1085","5903","5903","5903","1085","1085","1085","5903","5903","5903","1087","1087","1087"
"3","321","321","321","755","755","755","5593","5593","5593","999","999","999","5593","5593","5593","999","999","999","5905","5905","5905","999","999","999","5905","5905","5905","999","999","999","5905","5905","5905","999","999","999"
"4","323","323","323","883","883","883","5595","5595","5595","999","999","999","5595","5595","5595","772","772","772","5907","5907","5907","967","967","967","5907","5907","5907","943","943","943","5907","5907","5907","956","956","956"
"5","325","325","325","749","749","749","5597","5597","5597","999","999","999","5597","5597","5597","999","999","999","5909","5909","5909","920","920","920","5909","5909","5909","911","911","911","5909","5909","5909","919","919","919"
"6","327","327","327","807","807","807","5599","5599","5599","801","801","801","5599","5599","5599","999","999","999","5911","5911","5911","999","999","999","5911","5911","5911","999","999","999","5911","5911","5911","999","999","999"
"7","329","329","329","833","833","833","5601","5601","5601","761","761","761","5601","5601","5601","872","872","872","5913","5913","5913","924","924","924","5913","5913","5913","928","928","928","5913","5913","5913","938","938","938"
"8","331","331","331","771","771","771","5603","5603","5603","679","679","679","5603","5603","5603","693","693","693","5915","5915","5915","695","695","695","5915","5915","5915","834","834","834","5915","5915","5915","841","841","841"
"9","485","485","485","1249","1249","1249","5767","5767","5767","1249","1249","1249","5772","5772","5772","1249","1249","1249","6083","6083","6083","1249","1249","1249","6079","6079","6079","1048","1048","1048","6087","6087","6087","1249","1249","1249"
"10","487","487","487","1046","1046","1046","5769","5769","5769","1037","1037","1037","5774","5774","5774","1249","1249","1249","6085","6085","6085","1040","1040","1040","6081","6081","6081","1045","1045","1045","6089","6089","6089","1033","1033","1033"
"11","489","489","489","1249","1249","1249","5771","5771","5771","1070","1070","1070","5776","5776","5776","1249","1249","1249","6087","6087","6087","1051","1051","1051","6083","6083","6083","1045","1045","1045","6091","6091","6091","1023","1023","1023"
"12","491","491","491","836","836","836","5773","5773","5773","999","999","999","5778","5778","5778","999","999","999","6089","6089","6089","999","999","999","6085","6085","6085","758","758","758","6093","6093","6093","999","999","999"
"13","493","493","493","761","761","761","5775","5775","5775","909","909","909","5780","5780","5780","915","915","915","6091","6091","6091","906","906","906","6087","6087","6087","897","897","897","6095","6095","6095","900","900","900"
"14","495","495","495","862","862","862","5777","5777","5777","899","899","899","5782","5782","5782","730","730","730","6093","6093","6093","905","905","905","6089","6089","6089","746","746","746","6097","6097","6097","900","900","900"
"15","497","497","497","843","843","843","5779","5779","5779","904","904","904","5784","5784","5784","999","999","999","6095","6095","6095","911","911","911","6091","6091","6091","742","742","742","6099","6099","6099","909","909","909"
"16","499","499","499","871","871","871","5781","5781","5781","671","671","671","5786","5786","5786","719","719","719","6097","6097","6097","852","852","852","6093","6093","6093","696","696","696","6101","6101","6101","707","707","707"
"17","501","501","501","864","864","864","5783","5783","5783","769","769","769","5788","5788","5788","678","678","678","6099","6099","6099","855","855","855","6095","6095","6095","693","693","693","6103","6103","6103","855","855","855"
"18","659","659","659","1249","1249","1249","5947","5947","5947","1249","1249","1249","5958","5958","5958","1249","1249","1249","6261","6261","6261","1249","1249","1249","6260","6260","6260","1249","1249","1249","6267","6267","6267","1249","1249","1249"
"19","661","661","661","1052","1052","1052","5949","5949","5949","1010","1010","1010","5960","5960","5960","1068","1068","1068","6263","6263","6263","1072","1072","1072","6262","6262","6262","1053","1053","1053","6269","6269","6269","1056","1056","1056"
"20","663","663","663","981","981","981","5951","5951","5951","1066","1066","1066","5962","5962","5962","974","974","974","6265","6265","6265","1078","1078","1078","6264","6264","6264","1083","1083","1083","6271","6271","6271","1106","1106","1106"
"21","665","665","665","759","759","759","5953","5953","5953","999","999","999","5964","5964","5964","999","999","999","6267","6267","6267","875","875","875","6266","6266","6266","999","999","999","6273","6273","6273","902","902","902"
"22","667","667","667","849","849","849","5955","5955","5955","917","917","917","5966","5966","5966","853","853","853","6269","6269","6269","829","829","829","6268","6268","6268","849","849","849","6275","6275","6275","929","929","929"
"23","669","669","669","921","921","921","5957","5957","5957","902","902","902","5968","5968","5968","837","837","837","6271","6271","6271","936","936","936","6270","6270","6270","904","904","904","6277","6277","6277","922","922","922"
"24","671","671","671","770","770","770","5959","5959","5959","999","999","999","5970","5970","5970","882","882","882","6273","6273","6273","878","878","878","6272","6272","6272","738","738","738","6279","6279","6279","872","872","872"
"25","673","673","673","758","758","758","5961","5961","5961","703","703","703","5972","5972","5972","851","851","851","6275","6275","6275","872","872","872","6274","6274","6274","856","856","856","6281","6281","6281","926","926","926"
"26","675","675","675","777","777","777","5963","5963","5963","846","846","846","5974","5974","5974","853","853","853","6277","6277","6277","713","713","713","6276","6276","6276","999","999","999","6283","6283","6283","708","708","708"
"27","823","823","823","1249","1249","1249","6128","6128","6128","1249","1249","1249","6142","6142","6142","1249","1249","1249","6445","6445","6445","1249","1249","1249","6440","6440","6440","1249","1249","1249","6450","6450","6450","1249","1249","1249"
"28","825","825","825","1050","1050","1050","6130","6130","6130","1082","1082","1082","6144","6144","6144","1034","1034","1034","6447","6447","6447","1079","1079","1079","6442","6442","6442","1044","1044","1044","6452","6452","6452","1060","1060","1060"
"29","827","827","827","1082","1082","1082","6132","6132","6132","996","996","996","6146","6146","6146","1042","1042","1042","6449","6449","6449","1249","1249","1249","6444","6444","6444","1071","1071","1071","6454","6454","6454","1073","1073","1073"
"30","829","829","829","755","755","755","6134","6134","6134","840","840","840","6148","6148","6148","999","999","999","6451","6451","6451","875","875","875","6446","6446","6446","999","999","999","6456","6456","6456","899","899","899"
"31","831","831","831","827","827","827","6136","6136","6136","818","818","818","6150","6150","6150","999","999","999","6453","6453","6453","803","803","803","6448","6448","6448","831","831","831","6458","6458","6458","842","842","842"
"32","833","833","833","908","908","908","6138","6138","6138","890","890","890","6152","6152","6152","999","999","999","6455","6455","6455","999","999","999","6450","6450","6450","893","893","893","6460","6460","6460","938","938","938"
"33","835","835","835","747","747","747","6140","6140","6140","772","772","772","6154","6154","6154","742","742","742","6457","6457","6457","866","866","866","6452","6452","6452","796","796","796","6462","6462","6462","875","875","875"
"34","837","837","837","708","708","708","6142","6142","6142","942","942","942","6156","6156","6156","856","856","856","6459","6459","6459","756","756","756","6454","6454","6454","867","867","867","6464","6464","6464","853","853","853"
"35","839","839","839","776","776","776","6144","6144","6144","780","780","780","6158","6158","6158","712","712","712","6461","6461","6461","703","703","703","6456","6456","6456","999","999","999","6466","6466","6466","853","853","853"
"36","997","997","997","1249","1249","1249","6308","6308","6308","1249","1249","1249","6319","6319","6319","1249","1249","1249","6627","6627","6627","1249","1249","1249","6624","6624","6624","1249","1249","1249","6626","6626","6626","1249","1249","1249"
"37","999","999","999","1249","1249","1249","6310","6310","6310","950","950","950","6321","6321","6321","1099","1099","1099","6629","6629","6629","1036","1036","1036","6626","6626","6626","1038","1038","1038","6628","6628","6628","1104","1104","1104"
"38","1001","1001","1001","1188","1188","1188","6312","6312","6312","900","900","900","6323","6323","6323","1249","1249","1249","6631","6631","6631","1047","1047","1047","6628","6628","6628","1099","1099","1099","6630","6630","6630","1249","1249","1249"
"39","1003","1003","1003","749","749","749","6314","6314","6314","999","999","999","6325","6325","6325","999","999","999","6633","6633","6633","880","880","880","6630","6630","6630","999","999","999","6632","6632","6632","999","999","999"
"40","1005","1005","1005","981","981","981","6316","6316","6316","999","999","999","6327","6327","6327","999","999","999","6635","6635","6635","815","815","815","6632","6632","6632","999","999","999","6634","6634","6634","820","820","820"
"41","1007","1007","1007","735","735","735","6318","6318","6318","999","999","999","6329","6329","6329","738","738","738","6637","6637","6637","999","999","999","6634","6634","6634","911","911","911","6636","6636","6636","999","999","999"
"42","1009","1009","1009","774","774","774","6320","6320","6320","912","912","912","6331","6331","6331","904","904","904","6639","6639","6639","788","788","788","6636","6636","6636","866","866","866","6638","6638","6638","908","908","908"
"43","1011","1011","1011","928","928","928","6322","6322","6322","680","680","680","6333","6333","6333","693","693","693","6641","6641","6641","838","838","838","6638","6638","6638","677","677","677","6640","6640","6640","780","780","780"
"44","1013","1013","1013","772","772","772","6324","6324","6324","703","703","703","6335","6335","6335","691","691","691","6643","6643","6643","855","855","855","6640","6640","6640","678","678","678","6642","6642","6642","999","999","999"
"45","1159","1159","1159","1249","1249","1249","6486","6486","6486","1249","1249","1249","6495","6495","6495","1249","1249","1249","6808","6808","6808","1249","1249","1249","6805","6805","6805","1249","1249","1249","6802","6802","6802","1249","1249","1249"
"46","1161","1161","1161","1249","1249","1249","6488","6488","6488","1054","1054","1054","6497","6497","6497","1031","1031","1031","6810","6810","6810","1085","1085","1085","6807","6807","6807","1018","1018","1018","6804","6804","6804","925","925","925"
"47","1163","1163","1163","1170","1170","1170","6490","6490","6490","955","955","955","6499","6499","6499","971","971","971","6812","6812","6812","980","980","980","6809","6809","6809","985","985","985","6806","6806","6806","933","933","933"
"48","1165","1165","1165","752","752","752","6492","6492","6492","828","828","828","6501","6501","6501","815","815","815","6814","6814","6814","859","859","859","6811","6811","6811","999","999","999","6808","6808","6808","811","811","811"
"49","1167","1167","1167","979","979","979","6494","6494","6494","805","805","805","6503","6503","6503","999","999","999","6816","6816","6816","999","999","999","6813","6813","6813","791","791","791","6810","6810","6810","736","736","736"
"50","1169","1169","1169","757","757","757","6496","6496","6496","809","809","809","6505","6505","6505","809","809","809","6818","6818","6818","983","983","983","6815","6815","6815","976","976","976","6812","6812","6812","999","999","999"
"51","1171","1171","1171","742","742","742","6498","6498","6498","882","882","882","6507","6507","6507","736","736","736","6820","6820","6820","801","801","801","6817","6817","6817","929","929","929","6814","6814","6814","959","959","959"
"52","1173","1173","1173","785","785","785","6500","6500","6500","931","931","931","6509","6509","6509","696","696","696","6822","6822","6822","676","676","676","6819","6819","6819","671","671","671","6816","6816","6816","695","695","695"
"53","1175","1175","1175","878","878","878","6502","6502","6502","682","682","682","6511","6511","6511","758","758","758","6824","6824","6824","779","779","779","6821","6821","6821","679","679","679","6818","6818","6818","695","695","695"
"54","1339","1339","1339","1249","1249","1249","6665","6665","6665","987","987","987","6672","6672","6672","1249","1249","1249","6988","6988","6988","1249","1249","1249","6994","6994","6994","1249","1249","1249","6985","6985","6985","1249","1249","1249"
"55","1341","1341","1341","1249","1249","1249","6667","6667","6667","1219","1219","1219","6674","6674","6674","963","963","963","6990","6990","6990","979","979","979","6996","6996","6996","958","958","958","6987","6987","6987","1114","1114","1114"
"56","1343","1343","1343","1249","1249","1249","6669","6669","6669","956","956","956","6676","6676","6676","974","974","974","6992","6992","6992","906","906","906","6998","6998","6998","960","960","960","6989","6989","6989","1118","1118","1118"
"57","1345","1345","1345","821","821","821","6671","6671","6671","764","764","764","6678","6678","6678","999","999","999","6994","6994","6994","999","999","999","7000","7000","7000","802","802","802","6991","6991","6991","872","872","872"
"58","1347","1347","1347","914","914","914","6673","6673","6673","999","999","999","6680","6680","6680","815","815","815","6996","6996","6996","744","744","744","7002","7002","7002","999","999","999","6993","6993","6993","803","803","803"
"59","1349","1349","1349","985","985","985","6675","6675","6675","999","999","999","6682","6682","6682","751","751","751","6998","6998","6998","721","721","721","7004","7004","7004","734","734","734","6995","6995","6995","999","999","999"
"60","1351","1351","1351","806","806","806","6677","6677","6677","745","745","745","6684","6684","6684","731","731","731","7000","7000","7000","912","912","912","7006","7006","7006","748","748","748","6997","6997","6997","863","863","863"
"61","1353","1353","1353","856","856","856","6679","6679","6679","845","845","845","6686","6686","6686","682","682","682","7002","7002","7002","698","698","698","7008","7008","7008","709","709","709","6999","6999","6999","693","693","693"
"62","1355","1355","1355","912","912","912","6681","6681","6681","707","707","707","6688","6688","6688","720","720","720","7004","7004","7004","695","695","695","7010","7010","7010","680","680","680","7001","7001","7001","853","853","853"
"63","1517","1517","1517","1249","1249","1249","6837","6837","6837","995","995","995","6866","6866","6866","1249","1249","1249","7170","7170","7170","1249","1249","1249","7170","7170","7170","1001","1001","1001","7169","7169","7169","1249","1249","1249"
"64","1519","1519","1519","1035","1035","1035","6839","6839","6839","1111","1111","1111","6868","6868","6868","1065","1065","1065","7172","7172","7172","977","977","977","7172","7172","7172","1035","1035","1035","7171","7171","7171","1038","1038","1038"
"65","1521","1521","1521","1111","1111","1111","6841","6841","6841","1142","1142","1142","6870","6870","6870","1069","1069","1069","7174","7174","7174","974","974","974","7174","7174","7174","966","966","966","7173","7173","7173","1114","1114","1114"
"66","1523","1523","1523","751","751","751","6843","6843","6843","741","741","741","6872","6872","6872","999","999","999","7176","7176","7176","898","898","898","7176","7176","7176","750","750","750","7175","7175","7175","800","800","800"
"67","1525","1525","1525","989","989","989","6845","6845","6845","821","821","821","6874","6874","6874","895","895","895","7178","7178","7178","821","821","821","7178","7178","7178","989","989","989","7177","7177","7177","999","999","999"
"68","1527","1527","1527","833","833","833","6847","6847","6847","999","999","999","6876","6876","6876","886","886","886","7180","7180","7180","967","967","967","7180","7180","7180","827","827","827","7179","7179","7179","999","999","999"
"69","1529","1529","1529","909","909","909","6849","6849","6849","747","747","747","6878","6878","6878","999","999","999","7182","7182","7182","898","898","898","7182","7182","7182","750","750","750","7181","7181","7181","881","881","881"
"70","1531","1531","1531","870","870","870","6851","6851","6851","869","869","869","6880","6880","6880","693","693","693","7184","7184","7184","779","779","779","7184","7184","7184","947","947","947","7183","7183","7183","693","693","693"
"71","1533","1533","1533","704","704","704","6853","6853","6853","695","695","695","6882","6882","6882","714","714","714","7186","7186","7186","698","698","698","7186","7186","7186","703","703","703","7185","7185","7185","698","698","698"
"72","1679","1679","1679","1249","1249","1249","7015","7015","7015","988","988","988","7040","7040","7040","1060","1060","1060","7353","7353","7353","1055","1055","1055","7351","7351","7351","1249","1249","1249","7350","7350","7350","1249","1249","1249"
"73","1681","1681","1681","1033","1033","1033","7017","7017","7017","1027","1027","1027","7042","7042","7042","1008","1008","1008","7355","7355","7355","1014","1014","1014","7353","7353","7353","924","924","924","7352","7352","7352","998","998","998"
"74","1683","1683","1683","1052","1052","1052","7019","7019","7019","1031","1031","1031","7044","7044","7044","974","974","974","7357","7357","7357","982","982","982","7355","7355","7355","927","927","927","7354","7354","7354","995","995","995"
"75","1685","1685","1685","743","743","743","7021","7021","7021","754","754","754","7046","7046","7046","762","762","762","7359","7359","7359","762","762","762","7357","7357","7357","808","808","808","7356","7356","7356","999","999","999"
"76","1687","1687","1687","759","759","759","7023","7023","7023","734","734","734","7048","7048","7048","999","999","999","7361","7361","7361","972","972","972","7359","7359","7359","999","999","999","7358","7358","7358","751","751","751"
"77","1689","1689","1689","731","731","731","7025","7025","7025","738","738","738","7050","7050","7050","742","742","742","7363","7363","7363","757","757","757","7361","7361","7361","745","745","745","7360","7360","7360","751","751","751"
"78","1691","1691","1691","814","814","814","7027","7027","7027","748","748","748","7052","7052","7052","747","747","747","7365","7365","7365","749","749","749","7363","7363","7363","950","950","950","7362","7362","7362","749","749","749"
"79","1693","1693","1693","719","719","719","7029","7029","7029","790","790","790","7054","7054","7054","709","709","709","7367","7367","7367","680","680","680","7365","7365","7365","691","691","691","7364","7364","7364","696","696","696"
"80","1695","1695","1695","708","708","708","7031","7031","7031","760","760","760","7056","7056","7056","715","715","715","7369","7369","7369","680","680","680","7367","7367","7367","676","676","676","7366","7366","7366","758","758","758"
"81","1851","1851","1851","1056","1056","1056","7189","7189","7189","1081","1081","1081","7218","7218","7218","933","933","933","7528","7528","7528","991","991","991","7525","7525","7525","1012","1012","1012","7532","7532","7532","1249","1249","1249"
"82","1853","1853","1853","1143","1143","1143","7191","7191","7191","1003","1003","1003","7220","7220","7220","960","960","960","7530","7530","7530","1115","1115","1115","7527","7527","7527","1249","1249","1249","7534","7534","7534","1217","1217","1217"
"83","1855","1855","1855","1154","1154","1154","7193","7193","7193","983","983","983","7222","7222","7222","960","960","960","7532","7532","7532","1033","1033","1033","7529","7529","7529","1249","1249","1249","7536","7536","7536","1249","1249","1249"
"84","1857","1857","1857","745","745","745","7195","7195","7195","759","759","759","7224","7224","7224","828","828","828","7534","7534","7534","753","753","753","7531","7531","7531","824","824","824","7538","7538","7538","826","826","826"
"85","1859","1859","1859","824","824","824","7197","7197","7197","734","734","734","7226","7226","7226","999","999","999","7536","7536","7536","963","963","963","7533","7533","7533","760","760","760","7540","7540","7540","999","999","999"
"86","1861","1861","1861","736","736","736","7199","7199","7199","741","741","741","7228","7228","7228","734","734","734","7538","7538","7538","902","902","902","7535","7535","7535","723","723","723","7542","7542","7542","755","755","755"
"87","1863","1863","1863","749","749","749","7201","7201","7201","742","742","742","7230","7230","7230","766","766","766","7540","7540","7540","900","900","900","7537","7537","7537","747","747","747","7544","7544","7544","883","883","883"
"88","1865","1865","1865","689","689","689","7203","7203","7203","763","763","763","7232","7232","7232","713","713","713","7542","7542","7542","760","760","760","7539","7539","7539","763","763","763","7546","7546","7546","716","716","716"
"89","1867","1867","1867","867","867","867","7205","7205","7205","676","676","676","7234","7234","7234","764","764","764","7544","7544","7544","870","870","870","7541","7541","7541","681","681","681","7548","7548","7548","697","697","697"
"90","2010","2010","2010","1056","1056","1056","7364","7364","7364","1132","1132","1132","7392","7392","7392","998","998","998","7707","7707","7707","1122","1122","1122","7699","7699","7699","1162","1162","1162","7713","7713","7713","1249","1249","1249"
"91","2012","2012","2012","1117","1117","1117","7366","7366","7366","972","972","972","7394","7394","7394","1039","1039","1039","7709","7709","7709","1011","1011","1011","7701","7701","7701","1063","1063","1063","7715","7715","7715","968","968","968"
"92","2014","2014","2014","1155","1155","1155","7368","7368","7368","897","897","897","7396","7396","7396","975","975","975","7711","7711","7711","1011","1011","1011","7703","7703","7703","1134","1134","1134","7717","7717","7717","960","960","960"
"93","2016","2016","2016","754","754","754","7370","7370","7370","744","744","744","7398","7398","7398","836","836","836","7713","7713","7713","793","793","793","7705","7705","7705","925","925","925","7719","7719","7719","999","999","999"
"94","2018","2018","2018","814","814","814","7372","7372","7372","722","722","722","7400","7400","7400","748","748","748","7715","7715","7715","721","721","721","7707","7707","7707","935","935","935","7721","7721","7721","902","902","902"
"95","2020","2020","2020","912","912","912","7374","7374","7374","732","732","732","7402","7402","7402","706","706","706","7717","7717","7717","722","722","722","7709","7709","7709","999","999","999","7723","7723","7723","727","727","727"
"96","2022","2022","2022","744","744","744","7376","7376","7376","795","795","795","7404","7404","7404","823","823","823","7719","7719","7719","740","740","740","7711","7711","7711","906","906","906","7725","7725","7725","952","952","952"
"97","2024","2024","2024","800","800","800","7378","7378","7378","680","680","680","7406","7406","7406","774","774","774","7721","7721","7721","677","677","677","7713","7713","7713","774","774","774","7727","7727","7727","698","698","698"
"98","2026","2026","2026","692","692","692","7380","7380","7380","678","678","678","7408","7408","7408","695","695","695","7723","7723","7723","763","763","763","7715","7715","7715","696","696","696","7729","7729","7729","753","753","753"
"99","2181","2181","2181","1249","1249","1249","7537","7537","7537","1081","1081","1081","7571","7571","7571","1005","1005","1005","7884","7884","7884","1104","1104","1104","7873","7873","7873","1107","1107","1107","7891","7891","7891","998","998","998"
"100","2183","2183","2183","1004","1004","1004","7539","7539","7539","971","971","971","7573","7573","7573","967","967","967","7886","7886","7886","1071","1071","1071","7875","7875","7875","957","957","957","7893","7893","7893","956","956","956"
"101","2185","2185","2185","1040","1040","1040","7541","7541","7541","931","931","931","7575","7575","7575","983","983","983","7888","7888","7888","1092","1092","1092","7877","7877","7877","925","925","925","7895","7895","7895","1003","1003","1003"
"102","2187","2187","2187","755","755","755","7543","7543","7543","758","758","758","7577","7577","7577","809","809","809","7890","7890","7890","759","759","759","7879","7879","7879","771","771","771","7897","7897","7897","741","741","741"
"103","2189","2189","2189","972","972","972","7545","7545","7545","734","734","734","7579","7579","7579","813","813","813","7892","7892","7892","730","730","730","7881","7881","7881","715","715","715","7899","7899","7899","999","999","999"
"104","2191","2191","2191","999","999","999","7547","7547","7547","733","733","733","7581","7581","7581","814","814","814","7894","7894","7894","754","754","754","7883","7883","7883","738","738","738","7901","7901","7901","748","748","748"
"105","2193","2193","2193","770","770","770","7549","7549","7549","743","743","743","7583","7583","7583","824","824","824","7896","7896","7896","763","763","763","7885","7885","7885","876","876","876","7903","7903","7903","799","799","799"
"106","2195","2195","2195","851","851","851","7551","7551","7551","771","771","771","7585","7585","7585","999","999","999","7898","7898","7898","694","694","694","7887","7887","7887","696","696","696","7905","7905","7905","686","686","686"
"107","2197","2197","2197","779","779","779","7553","7553","7553","695","695","695","7587","7587","7587","762","762","762","7900","7900","7900","692","692","692","7889","7889","7889","696","696","696","7907","7907","7907","673","673","673"
"108","2351","2351","2351","1249","1249","1249","7711","7711","7711","1141","1141","1141","7747","7747","7747","970","970","970","8061","8061","8061","1118","1118","1118","8050","8050","8050","1249","1249","1249","8073","8073","8073","1249","1249","1249"
"109","2353","2353","2353","1036","1036","1036","7713","7713","7713","969","969","969","7749","7749","7749","984","984","984","8063","8063","8063","1122","1122","1122","8052","8052","8052","926","926","926","8075","8075","8075","969","969","969"
"110","2355","2355","2355","1249","1249","1249","7715","7715","7715","952","952","952","7751","7751","7751","971","971","971","8065","8065","8065","1125","1125","1125","8054","8054","8054","958","958","958","8077","8077","8077","973","973","973"
"111","2357","2357","2357","755","755","755","7717","7717","7717","748","748","748","7753","7753","7753","829","829","829","8067","8067","8067","757","757","757","8056","8056","8056","875","875","875","8079","8079","8079","881","881","881"
"112","2359","2359","2359","908","908","908","7719","7719","7719","731","731","731","7755","7755","7755","735","735","735","8069","8069","8069","999","999","999","8058","8058","8058","868","868","868","8081","8081","8081","964","964","964"
"113","2361","2361","2361","976","976","976","7721","7721","7721","745","745","745","7757","7757","7757","999","999","999","8071","8071","8071","925","925","925","8060","8060","8060","727","727","727","8083","8083","8083","974","974","974"
"114","2363","2363","2363","731","731","731","7723","7723","7723","742","742","742","7759","7759","7759","816","816","816","8073","8073","8073","771","771","771","8062","8062","8062","875","875","875","8085","8085","8085","943","943","943"
"115","2365","2365","2365","863","863","863","7725","7725","7725","680","680","680","7761","7761","7761","680","680","680","8075","8075","8075","696","696","696","8064","8064","8064","857","857","857","8087","8087","8087","758","758","758"
"116","2367","2367","2367","692","692","692","7727","7727","7727","861","861","861","7763","7763","7763","700","700","700","8077","8077","8077","856","856","856","8066","8066","8066","687","687","687","8089","8089","8089","703","703","703"
"117","2535","2535","2535","1249","1249","1249","7890","7890","7890","1249","1249","1249","7919","7919","7919","1142","1142","1142","8242","8242","8242","1249","1249","1249","8224","8224","8224","1055","1055","1055","8251","8251","8251","1135","1135","1135"
"118","2537","2537","2537","1249","1249","1249","7892","7892","7892","1014","1014","1014","7921","7921","7921","939","939","939","8244","8244","8244","978","978","978","8226","8226","8226","1081","1081","1081","8253","8253","8253","1222","1222","1222"
"119","2539","2539","2539","1249","1249","1249","7894","7894","7894","996","996","996","7923","7923","7923","1004","1004","1004","8246","8246","8246","978","978","978","8228","8228","8228","961","961","961","8255","8255","8255","1249","1249","1249"
"120","2541","2541","2541","777","777","777","7896","7896","7896","750","750","750","7925","7925","7925","818","818","818","8248","8248","8248","999","999","999","8230","8230","8230","938","938","938","8257","8257","8257","827","827","827"
"121","2543","2543","2543","722","722","722","7898","7898","7898","744","744","744","7927","7927","7927","912","912","912","8250","8250","8250","783","783","783","8232","8232","8232","810","810","810","8259","8259","8259","734","734","734"
"122","2545","2545","2545","904","904","904","7900","7900","7900","722","722","722","7929","7929","7929","736","736","736","8252","8252","8252","719","719","719","8234","8234","8234","826","826","826","8261","8261","8261","722","722","722"
"123","2547","2547","2547","896","896","896","7902","7902","7902","750","750","750","7931","7931","7931","806","806","806","8254","8254","8254","999","999","999","8236","8236","8236","930","930","930","8263","8263","8263","807","807","807"
"124","2549","2549","2549","877","877","877","7904","7904","7904","725","725","725","7933","7933","7933","719","719","719","8256","8256","8256","767","767","767","8238","8238","8238","855","855","855","8265","8265","8265","697","697","697"
"125","2551","2551","2551","761","761","761","7906","7906","7906","681","681","681","7935","7935","7935","999","999","999","8258","8258","8258","693","693","693","8240","8240","8240","774","774","774","8267","8267","8267","695","695","695"
"126","2717","2717","2717","1249","1249","1249","8068","8068","8068","1082","1082","1082","8092","8092","8092","961","961","961","8422","8422","8422","1099","1099","1099","8402","8402","8402","1046","1046","1046","8425","8425","8425","1038","1038","1038"
"127","2719","2719","2719","1249","1249","1249","8070","8070","8070","989","989","989","8094","8094","8094","985","985","985","8424","8424","8424","978","978","978","8404","8404","8404","1029","1029","1029","8427","8427","8427","1149","1149","1149"
"128","2721","2721","2721","1249","1249","1249","8072","8072","8072","948","948","948","8096","8096","8096","953","953","953","8426","8426","8426","988","988","988","8406","8406","8406","1020","1020","1020","8429","8429","8429","938","938","938"
"129","2723","2723","2723","751","751","751","8074","8074","8074","781","781","781","8098","8098","8098","834","834","834","8428","8428","8428","828","828","828","8408","8408","8408","836","836","836","8431","8431","8431","812","812","812"
"130","2725","2725","2725","752","752","752","8076","8076","8076","999","999","999","8100","8100","8100","756","756","756","8430","8430","8430","735","735","735","8410","8410","8410","903","903","903","8433","8433","8433","745","745","745"
"131","2727","2727","2727","981","981","981","8078","8078","8078","999","999","999","8102","8102","8102","999","999","999","8432","8432","8432","999","999","999","8412","8412","8412","875","875","875","8435","8435","8435","749","749","749"
"132","2729","2729","2729","748","748","748","8080","8080","8080","749","749","749","8104","8104","8104","822","822","822","8434","8434","8434","825","825","825","8414","8414","8414","792","792","792","8437","8437","8437","798","798","798"
"133","2731","2731","2731","880","880","880","8082","8082","8082","683","683","683","8106","8106","8106","753","753","753","8436","8436","8436","691","691","691","8416","8416","8416","872","872","872","8439","8439","8439","724","724","724"
"134","2733","2733","2733","772","772","772","8084","8084","8084","672","672","672","8108","8108","8108","692","692","692","8438","8438","8438","687","687","687","8418","8418","8418","709","709","709","8441","8441","8441","676","676","676"
"135","2891","2891","2891","1249","1249","1249","8245","8245","8245","1249","1249","1249","8270","8270","8270","951","951","951","8603","8603","8603","986","986","986","8579","8579","8579","1249","1249","1249","8603","8603","8603","1037","1037","1037"
"136","2893","2893","2893","1249","1249","1249","8247","8247","8247","972","972","972","8272","8272","8272","1001","1001","1001","8605","8605","8605","986","986","986","8581","8581","8581","983","983","983","8605","8605","8605","1117","1117","1117"
"137","2895","2895","2895","1249","1249","1249","8249","8249","8249","990","990","990","8274","8274","8274","958","958","958","8607","8607","8607","1249","1249","1249","8583","8583","8583","979","979","979","8607","8607","8607","977","977","977"
"138","2897","2897","2897","755","755","755","8251","8251","8251","833","833","833","8276","8276","8276","845","845","845","8609","8609","8609","821","821","821","8585","8585","8585","953","953","953","8609","8609","8609","802","802","802"
"139","2899","2899","2899","730","730","730","8253","8253","8253","732","732","732","8278","8278","8278","747","747","747","8611","8611","8611","718","718","718","8587","8587","8587","869","869","869","8611","8611","8611","999","999","999"
"140","2901","2901","2901","806","806","806","8255","8255","8255","999","999","999","8280","8280","8280","999","999","999","8613","8613","8613","739","739","739","8589","8589","8589","739","739","739","8613","8613","8613","999","999","999"
"141","2903","2903","2903","846","846","846","8257","8257","8257","821","821","821","8282","8282","8282","881","881","881","8615","8615","8615","825","825","825","8591","8591","8591","890","890","890","8615","8615","8615","788","788","788"
"142","2905","2905","2905","780","780","780","8259","8259","8259","701","701","701","8284","8284","8284","726","726","726","8617","8617","8617","859","859","859","8593","8593","8593","865","865","865","8617","8617","8617","676","676","676"
"143","2907","2907","2907","783","783","783","8261","8261","8261","713","713","713","8286","8286","8286","705","705","705","8619","8619","8619","774","774","774","8595","8595","8595","696","696","696","8619","8619","8619","693","693","693"
"144","3073","3073","3073","1249","1249","1249","8423","8423","8423","1081","1081","1081","8445","8445","8445","960","960","960","8783","8783","8783","1249","1249","1249","8759","8759","8759","1249","1249","1249","8781","8781","8781","1249","1249","1249"
"145","3075","3075","3075","1249","1249","1249","8425","8425","8425","951","951","951","8447","8447","8447","1156","1156","1156","8785","8785","8785","999","999","999","8761","8761","8761","1015","1015","1015","8783","8783","8783","974","974","974"
"146","3077","3077","3077","1249","1249","1249","8427","8427","8427","948","948","948","8449","8449","8449","1018","1018","1018","8787","8787","8787","1249","1249","1249","8763","8763","8763","938","938","938","8785","8785","8785","1018","1018","1018"
"147","3079","3079","3079","752","752","752","8429","8429","8429","753","753","753","8451","8451","8451","821","821","821","8789","8789","8789","999","999","999","8765","8765","8765","999","999","999","8787","8787","8787","900","900","900"
"148","3081","3081","3081","924","924","924","8431","8431","8431","758","758","758","8453","8453","8453","748","748","748","8791","8791","8791","732","732","732","8767","8767","8767","719","719","719","8789","8789","8789","771","771","771"
"149","3083","3083","3083","758","758","758","8433","8433","8433","999","999","999","8455","8455","8455","722","722","722","8793","8793","8793","733","733","733","8769","8769","8769","734","734","734","8791","8791","8791","734","734","734"
"150","3085","3085","3085","748","748","748","8435","8435","8435","780","780","780","8457","8457","8457","821","821","821","8795","8795","8795","846","846","846","8771","8771","8771","855","855","855","8793","8793","8793","898","898","898"
"151","3087","3087","3087","708","708","708","8437","8437","8437","724","724","724","8459","8459","8459","731","731","731","8797","8797","8797","760","760","760","8773","8773","8773","746","746","746","8795","8795","8795","856","856","856"
"152","3089","3089","3089","771","771","771","8439","8439","8439","677","677","677","8461","8461","8461","774","774","774","8799","8799","8799","693","693","693","8775","8775","8775","697","697","697","8797","8797","8797","864","864","864"
"153","3243","3243","3243","1249","1249","1249","8598","8598","8598","1249","1249","1249","8624","8624","8624","1130","1130","1130","8963","8963","8963","1118","1118","1118","8939","8939","8939","1060","1060","1060","8959","8959","8959","1249","1249","1249"
"154","3245","3245","3245","1249","1249","1249","8600","8600","8600","1039","1039","1039","8626","8626","8626","1063","1063","1063","8965","8965","8965","1008","1008","1008","8941","8941","8941","1077","1077","1077","8961","8961","8961","975","975","975"
"155","3247","3247","3247","1249","1249","1249","8602","8602","8602","955","955","955","8628","8628","8628","929","929","929","8967","8967","8967","986","986","986","8943","8943","8943","975","975","975","8963","8963","8963","954","954","954"
"156","3249","3249","3249","763","763","763","8604","8604","8604","755","755","755","8630","8630","8630","846","846","846","8969","8969","8969","882","882","882","8945","8945","8945","870","870","870","8965","8965","8965","895","895","895"
"157","3251","3251","3251","846","846","846","8606","8606","8606","825","825","825","8632","8632","8632","999","999","999","8971","8971","8971","713","713","713","8947","8947","8947","743","743","743","8967","8967","8967","788","788","788"
"158","3253","3253","3253","752","752","752","8608","8608","8608","747","747","747","8634","8634","8634","717","717","717","8973","8973","8973","737","737","737","8949","8949","8949","734","734","734","8969","8969","8969","999","999","999"
"159","3255","3255","3255","717","717","717","8610","8610","8610","747","747","747","8636","8636","8636","835","835","835","8975","8975","8975","898","898","898","8951","8951","8951","860","860","860","8971","8971","8971","873","873","873"
"160","3257","3257","3257","849","849","849","8612","8612","8612","724","724","724","8638","8638","8638","898","898","898","8977","8977","8977","731","731","731","8953","8953","8953","698","698","698","8973","8973","8973","706","706","706"
"161","3259","3259","3259","764","764","764","8614","8614","8614","779","779","779","8640","8640","8640","774","774","774","8979","8979","8979","761","761","761","8955","8955","8955","774","774","774","8975","8975","8975","681","681","681"
"162","3425","3425","3425","1249","1249","1249","8770","8770","8770","1089","1089","1089","8801","8801","8801","943","943","943","9139","9139","9139","1249","1249","1249","9113","9113","9113","1249","1249","1249","9140","9140","9140","1249","1249","1249"
"163","3427","3427","3427","1249","1249","1249","8772","8772","8772","1249","1249","1249","8803","8803","8803","1062","1062","1062","9141","9141","9141","987","987","987","9115","9115","9115","979","979","979","9142","9142","9142","1003","1003","1003"
"164","3429","3429","3429","1249","1249","1249","8774","8774","8774","965","965","965","8805","8805","8805","946","946","946","9143","9143","9143","1001","1001","1001","9117","9117","9117","924","924","924","9144","9144","9144","941","941","941"
"165","3431","3431","3431","772","772","772","8776","8776","8776","822","822","822","8807","8807","8807","834","834","834","9145","9145","9145","813","813","813","9119","9119","9119","812","812","812","9146","9146","9146","909","909","909"
"166","3433","3433","3433","909","909","909","8778","8778","8778","749","749","749","8809","8809","8809","885","885","885","9147","9147","9147","720","720","720","9121","9121","9121","727","727","727","9148","9148","9148","713","713","713"
"167","3435","3435","3435","918","918","918","8780","8780","8780","721","721","721","8811","8811","8811","813","813","813","9149","9149","9149","751","751","751","9123","9123","9123","753","753","753","9150","9150","9150","754","754","754"
"168","3437","3437","3437","907","907","907","8782","8782","8782","825","825","825","8813","8813","8813","819","819","819","9151","9151","9151","845","845","845","9125","9125","9125","828","828","828","9152","9152","9152","875","875","875"
"169","3439","3439","3439","694","694","694","8784","8784","8784","690","690","690","8815","8815","8815","882","882","882","9153","9153","9153","731","731","731","9127","9127","9127","721","721","721","9154","9154","9154","677","677","677"
"170","3441","3441","3441","676","676","676","8786","8786","8786","774","774","774","8817","8817","8817","679","679","679","9155","9155","9155","761","761","761","9129","9129","9129","758","758","758","9156","9156","9156","758","758","758"
"171","3599","3599","3599","1249","1249","1249","8943","8943","8943","1249","1249","1249","8978","8978","8978","1249","1249","1249","9315","9315","9315","946","946","946","9293","9293","9293","1249","1249","1249","9320","9320","9320","1249","1249","1249"
"172","3601","3601","3601","1249","1249","1249","8945","8945","8945","1056","1056","1056","8980","8980","8980","1047","1047","1047","9317","9317","9317","986","986","986","9295","9295","9295","985","985","985","9322","9322","9322","969","969","969"
"173","3603","3603","3603","1249","1249","1249","8947","8947","8947","937","937","937","8982","8982","8982","947","947","947","9319","9319","9319","1001","1001","1001","9297","9297","9297","1249","1249","1249","9324","9324","9324","995","995","995"
"174","3605","3605","3605","750","750","750","8949","8949","8949","817","817","817","8984","8984","8984","809","809","809","9321","9321","9321","999","999","999","9299","9299","9299","999","999","999","9326","9326","9326","913","913","913"
"175","3607","3607","3607","742","742","742","8951","8951","8951","728","728","728","8986","8986","8986","811","811","811","9323","9323","9323","749","749","749","9301","9301","9301","736","736","736","9328","9328","9328","749","749","749"
"176","3609","3609","3609","734","734","734","8953","8953","8953","730","730","730","8988","8988","8988","739","739","739","9325","9325","9325","737","737","737","9303","9303","9303","749","749","749","9330","9330","9330","750","750","750"
"177","3611","3611","3611","752","752","752","8955","8955","8955","798","798","798","8990","8990","8990","933","933","933","9327","9327","9327","822","822","822","9305","9305","9305","889","889","889","9332","9332","9332","880","880","880"
"178","3613","3613","3613","774","774","774","8957","8957","8957","737","737","737","8992","8992","8992","736","736","736","9329","9329","9329","947","947","947","9307","9307","9307","712","712","712","9334","9334","9334","699","699","699"
"179","3615","3615","3615","705","705","705","8959","8959","8959","692","692","692","8994","8994","8994","768","768","768","9331","9331","9331","678","678","678","9309","9309","9309","695","695","695","9336","9336","9336","684","684","684"
"180","3777","3777","3777","1249","1249","1249","9117","9117","9117","1249","1249","1249","9167","9167","9167","1249","1249","1249","9490","9490","9490","956","956","956","9472","9472","9472","1249","1249","1249","9498","9498","9498","1249","1249","1249"
"181","3779","3779","3779","1249","1249","1249","9119","9119","9119","981","981","981","9169","9169","9169","1178","1178","1178","9492","9492","9492","1180","1180","1180","9474","9474","9474","1063","1063","1063","9500","9500","9500","1053","1053","1053"
"182","3781","3781","3781","1249","1249","1249","9121","9121","9121","1091","1091","1091","9171","9171","9171","998","998","998","9494","9494","9494","942","942","942","9476","9476","9476","974","974","974","9502","9502","9502","908","908","908"
"183","3783","3783","3783","761","761","761","9123","9123","9123","822","822","822","9173","9173","9173","999","999","999","9496","9496","9496","842","842","842","9478","9478","9478","817","817","817","9504","9504","9504","892","892","892"
"184","3785","3785","3785","914","914","914","9125","9125","9125","723","723","723","9175","9175","9175","860","860","860","9498","9498","9498","999","999","999","9480","9480","9480","804","804","804","9506","9506","9506","999","999","999"
"185","3787","3787","3787","840","840","840","9127","9127","9127","812","812","812","9177","9177","9177","999","999","999","9500","9500","9500","722","722","722","9482","9482","9482","748","748","748","9508","9508","9508","735","735","735"
"186","3789","3789","3789","745","745","745","9129","9129","9129","831","831","831","9179","9179","9179","824","824","824","9502","9502","9502","826","826","826","9484","9484","9484","823","823","823","9510","9510","9510","999","999","999"
"187","3791","3791","3791","773","773","773","9131","9131","9131","778","778","778","9181","9181","9181","696","696","696","9504","9504","9504","683","683","683","9486","9486","9486","710","710","710","9512","9512","9512","680","680","680"
"188","3793","3793","3793","867","867","867","9133","9133","9133","760","760","760","9183","9183","9183","678","678","678","9506","9506","9506","676","676","676","9488","9488","9488","753","753","753","9514","9514","9514","678","678","678"
"189","3959","3959","3959","1249","1249","1249","9300","9300","9300","1249","1249","1249","9343","9343","9343","1249","1249","1249","9666","9666","9666","1249","1249","1249","9646","9646","9646","1109","1109","1109","9685","9685","9685","1249","1249","1249"
"190","3961","3961","3961","1249","1249","1249","9302","9302","9302","987","987","987","9345","9345","9345","1058","1058","1058","9668","9668","9668","962","962","962","9648","9648","9648","1028","1028","1028","9687","9687","9687","1038","1038","1038"
"191","3963","3963","3963","1249","1249","1249","9304","9304","9304","976","976","976","9347","9347","9347","1030","1030","1030","9670","9670","9670","970","970","970","9650","9650","9650","948","948","948","9689","9689","9689","973","973","973"
"192","3965","3965","3965","767","767","767","9306","9306","9306","748","748","748","9349","9349","9349","942","942","942","9672","9672","9672","836","836","836","9652","9652","9652","827","827","827","9691","9691","9691","868","868","868"
"193","3967","3967","3967","916","916","916","9308","9308","9308","817","817","817","9351","9351","9351","751","751","751","9674","9674","9674","804","804","804","9654","9654","9654","733","733","733","9693","9693","9693","812","812","812"
"194","3969","3969","3969","719","719","719","9310","9310","9310","733","733","733","9353","9353","9353","748","748","748","9676","9676","9676","753","753","753","9656","9656","9656","722","722","722","9695","9695","9695","755","755","755"
"195","3971","3971","3971","735","735","735","9312","9312","9312","742","742","742","9355","9355","9355","930","930","930","9678","9678","9678","846","846","846","9658","9658","9658","815","815","815","9697","9697","9697","828","828","828"
"196","3973","3973","3973","868","868","868","9314","9314","9314","865","865","865","9357","9357","9357","693","693","693","9680","9680","9680","718","718","718","9660","9660","9660","729","729","729","9699","9699","9699","769","769","769"
"197","3975","3975","3975","879","879","879","9316","9316","9316","677","677","677","9359","9359","9359","691","691","691","9682","9682","9682","999","999","999","9662","9662","9662","676","676","676","9701","9701","9701","780","780","780"
"198","4131","4131","4131","1249","1249","1249","9476","9476","9476","1087","1087","1087","9520","9520","9520","1249","1249","1249","9843","9843","9843","982","982","982","9822","9822","9822","1249","1249","1249","9863","9863","9863","1083","1083","1083"
"199","4133","4133","4133","1249","1249","1249","9478","9478","9478","942","942","942","9522","9522","9522","1000","1000","1000","9845","9845","9845","1012","1012","1012","9824","9824","9824","1010","1010","1010","9865","9865","9865","945","945","945"
"200","4135","4135","4135","1249","1249","1249","9480","9480","9480","1249","1249","1249","9524","9524","9524","943","943","943","9847","9847","9847","952","952","952","9826","9826","9826","1010","1010","1010","9867","9867","9867","943","943","943"
"201","4137","4137","4137","825","825","825","9482","9482","9482","841","841","841","9526","9526","9526","837","837","837","9849","9849","9849","892","892","892","9828","9828","9828","822","822","822","9869","9869","9869","835","835","835"
"202","4139","4139","4139","970","970","970","9484","9484","9484","749","749","749","9528","9528","9528","721","721","721","9851","9851","9851","737","737","737","9830","9830","9830","743","743","743","9871","9871","9871","719","719","719"
"203","4141","4141","4141","838","838","838","9486","9486","9486","735","735","735","9530","9530","9530","761","761","761","9853","9853","9853","722","722","722","9832","9832","9832","742","742","742","9873","9873","9873","734","734","734"
"204","4143","4143","4143","753","753","753","9488","9488","9488","808","808","808","9532","9532","9532","839","839","839","9855","9855","9855","818","818","818","9834","9834","9834","823","823","823","9875","9875","9875","825","825","825"
"205","4145","4145","4145","689","689","689","9490","9490","9490","729","729","729","9534","9534","9534","696","696","696","9857","9857","9857","696","696","696","9836","9836","9836","999","999","999","9877","9877","9877","691","691","691"
"206","4147","4147","4147","917","917","917","9492","9492","9492","691","691","691","9536","9536","9536","676","676","676","9859","9859","9859","695","695","695","9838","9838","9838","772","772","772","9879","9879","9879","695","695","695"
"207","4315","4315","4315","1249","1249","1249","9653","9653","9653","1249","1249","1249","9704","9704","9704","1249","1249","1249","10016","10016","10016","1249","1249","1249","9998","9998","9998","963","963","963","10043","10043","10043","1249","1249","1249"
"208","4317","4317","4317","1249","1249","1249","9655","9655","9655","945","945","945","9706","9706","9706","1020","1020","1020","10018","10018","10018","993","993","993","10000","10000","10000","950","950","950","10045","10045","10045","988","988","988"
"209","4319","4319","4319","1249","1249","1249","9657","9657","9657","992","992","992","9708","9708","9708","1001","1001","1001","10020","10020","10020","947","947","947","10002","10002","10002","934","934","934","10047","10047","10047","1000","1000","1000"
"210","4321","4321","4321","757","757","757","9659","9659","9659","835","835","835","9710","9710","9710","806","806","806","10022","10022","10022","829","829","829","10004","10004","10004","844","844","844","10049","10049","10049","815","815","815"
"211","4323","4323","4323","840","840","840","9661","9661","9661","738","738","738","9712","9712","9712","733","733","733","10024","10024","10024","882","882","882","10006","10006","10006","862","862","862","10051","10051","10051","751","751","751"
"212","4325","4325","4325","824","824","824","9663","9663","9663","754","754","754","9714","9714","9714","723","723","723","10026","10026","10026","751","751","751","10008","10008","10008","724","724","724","10053","10053","10053","738","738","738"
"213","4327","4327","4327","736","736","736","9665","9665","9665","837","837","837","9716","9716","9716","836","836","836","10028","10028","10028","819","819","819","10010","10010","10010","830","830","830","10055","10055","10055","801","801","801"
"214","4329","4329","4329","762","762","762","9667","9667","9667","737","737","737","9718","9718","9718","691","691","691","10030","10030","10030","900","900","900","10012","10012","10012","728","728","728","10057","10057","10057","712","712","712"
"215","4331","4331","4331","685","685","685","9669","9669","9669","695","695","695","9720","9720","9720","763","763","763","10032","10032","10032","678","678","678","10014","10014","10014","696","696","696","10059","10059","10059","697","697","697"
"216","4493","4493","4493","1249","1249","1249","9829","9829","9829","1249","1249","1249","9884","9884","9884","1249","1249","1249","10193","10193","10193","968","968","968","10174","10174","10174","1023","1023","1023","10223","10223","10223","1249","1249","1249"
"217","4495","4495","4495","1249","1249","1249","9831","9831","9831","1056","1056","1056","9886","9886","9886","996","996","996","10195","10195","10195","1043","1043","1043","10176","10176","10176","1092","1092","1092","10225","10225","10225","953","953","953"
"218","4497","4497","4497","1249","1249","1249","9833","9833","9833","965","965","965","9888","9888","9888","975","975","975","10197","10197","10197","926","926","926","10178","10178","10178","969","969","969","10227","10227","10227","1249","1249","1249"
"219","4499","4499","4499","756","756","756","9835","9835","9835","754","754","754","9890","9890","9890","999","999","999","10199","10199","10199","842","842","842","10180","10180","10180","828","828","828","10229","10229","10229","863","863","863"
"220","4501","4501","4501","822","822","822","9837","9837","9837","825","825","825","9892","9892","9892","744","744","744","10201","10201","10201","860","860","860","10182","10182","10182","999","999","999","10231","10231","10231","737","737","737"
"221","4503","4503","4503","999","999","999","9839","9839","9839","730","730","730","9894","9894","9894","758","758","758","10203","10203","10203","746","746","746","10184","10184","10184","740","740","740","10233","10233","10233","745","745","745"
"222","4505","4505","4505","882","882","882","9841","9841","9841","764","764","764","9896","9896","9896","999","999","999","10205","10205","10205","817","817","817","10186","10186","10186","824","824","824","10235","10235","10235","885","885","885"
"223","4507","4507","4507","864","864","864","9843","9843","9843","726","726","726","9898","9898","9898","862","862","862","10207","10207","10207","717","717","717","10188","10188","10188","710","710","710","10237","10237","10237","900","900","900"
"224","4509","4509","4509","793","793","793","9845","9845","9845","688","688","688","9900","9900","9900","691","691","691","10209","10209","10209","676","676","676","10190","10190","10190","698","698","698","10239","10239","10239","692","692","692"
"225","4677","4677","4677","1249","1249","1249","10009","10009","10009","1249","1249","1249","10063","10063","10063","1249","1249","1249","10370","10370","10370","966","966","966","10352","10352","10352","950","950","950","10402","10402","10402","1103","1103","1103"
"226","4679","4679","4679","1249","1249","1249","10011","10011","10011","996","996","996","10065","10065","10065","1013","1013","1013","10372","10372","10372","1018","1018","1018","10354","10354","10354","1043","1043","1043","10404","10404","10404","1024","1024","1024"
"227","4681","4681","4681","1006","1006","1006","10013","10013","10013","975","975","975","10067","10067","10067","992","992","992","10374","10374","10374","935","935","935","10356","10356","10356","936","936","936","10406","10406","10406","1249","1249","1249"
"228","4683","4683","4683","754","754","754","10015","10015","10015","999","999","999","10069","10069","10069","923","923","923","10376","10376","10376","818","818","818","10358","10358","10358","834","834","834","10408","10408","10408","813","813","813"
"229","4685","4685","4685","822","822","822","10017","10017","10017","720","720","720","10071","10071","10071","811","811","811","10378","10378","10378","728","728","728","10360","10360","10360","999","999","999","10410","10410","10410","736","736","736"
"230","4687","4687","4687","971","971","971","10019","10019","10019","752","752","752","10073","10073","10073","760","760","760","10380","10380","10380","733","733","733","10362","10362","10362","817","817","817","10412","10412","10412","999","999","999"
"231","4689","4689","4689","759","759","759","10021","10021","10021","814","814","814","10075","10075","10075","999","999","999","10382","10382","10382","826","826","826","10364","10364","10364","850","850","850","10414","10414","10414","813","813","813"
"232","4691","4691","4691","865","865","865","10023","10023","10023","695","695","695","10077","10077","10077","726","726","726","10384","10384","10384","883","883","883","10366","10366","10366","686","686","686","10416","10416","10416","721","721","721"
"233","4693","4693","4693","881","881","881","10025","10025","10025","717","717","717","10079","10079","10079","677","677","677","10386","10386","10386","712","712","712","10368","10368","10368","999","999","999","10418","10418","10418","701","701","701"
"234","4853","4853","4853","1249","1249","1249","10184","10184","10184","995","995","995","10245","10245","10245","1249","1249","1249","10548","10548","10548","1034","1034","1034","10529","10529","10529","985","985","985","10582","10582","10582","957","957","957"
"235","4855","4855","4855","1249","1249","1249","10186","10186","10186","1037","1037","1037","10247","10247","10247","1022","1022","1022","10550","10550","10550","941","941","941","10531","10531","10531","1061","1061","1061","10584","10584","10584","992","992","992"
"236","4857","4857","4857","1249","1249","1249","10188","10188","10188","1024","1024","1024","10249","10249","10249","935","935","935","10552","10552","10552","964","964","964","10533","10533","10533","955","955","955","10586","10586","10586","1011","1011","1011"
"237","4859","4859","4859","755","755","755","10190","10190","10190","835","835","835","10251","10251","10251","948","948","948","10554","10554","10554","842","842","842","10535","10535","10535","999","999","999","10588","10588","10588","808","808","808"
"238","4861","4861","4861","904","904","904","10192","10192","10192","723","723","723","10253","10253","10253","811","811","811","10556","10556","10556","734","734","734","10537","10537","10537","728","728","728","10590","10590","10590","818","818","818"
"239","4863","4863","4863","729","729","729","10194","10194","10194","759","759","759","10255","10255","10255","739","739","739","10558","10558","10558","829","829","829","10539","10539","10539","733","733","733","10592","10592","10592","749","749","749"
"240","4865","4865","4865","923","923","923","10196","10196","10196","852","852","852","10257","10257","10257","965","965","965","10560","10560","10560","846","846","846","10541","10541","10541","827","827","827","10594","10594","10594","879","879","879"
"241","4867","4867","4867","711","711","711","10198","10198","10198","685","685","685","10259","10259","10259","724","724","724","10562","10562","10562","694","694","694","10543","10543","10543","999","999","999","10596","10596","10596","712","712","712"
"242","4869","4869","4869","775","775","775","10200","10200","10200","697","697","697","10261","10261","10261","692","692","692","10564","10564","10564","769","769","769","10545","10545","10545","777","777","777","10598","10598","10598","773","773","773"
"243","5033","5033","5033","1249","1249","1249","10363","10363","10363","1249","1249","1249","10422","10422","10422","1249","1249","1249","10725","10725","10725","967","967","967","10705","10705","10705","1007","1007","1007","10758","10758","10758","1249","1249","1249"
"244","5035","5035","5035","1249","1249","1249","10365","10365","10365","1069","1069","1069","10424","10424","10424","1049","1049","1049","10727","10727","10727","1002","1002","1002","10707","10707","10707","1002","1002","1002","10760","10760","10760","992","992","992"
"245","5037","5037","5037","1249","1249","1249","10367","10367","10367","927","927","927","10426","10426","10426","1017","1017","1017","10729","10729","10729","985","985","985","10709","10709","10709","1249","1249","1249","10762","10762","10762","927","927","927"
"246","5039","5039","5039","761","761","761","10369","10369","10369","835","835","835","10428","10428","10428","954","954","954","10731","10731","10731","856","856","856","10711","10711","10711","845","845","845","10764","10764","10764","846","846","846"
"247","5041","5041","5041","749","749","749","10371","10371","10371","749","749","749","10430","10430","10430","774","774","774","10733","10733","10733","719","719","719","10713","10713","10713","711","711","711","10766","10766","10766","729","729","729"
"248","5043","5043","5043","975","975","975","10373","10373","10373","737","737","737","10432","10432","10432","751","751","751","10735","10735","10735","721","721","721","10715","10715","10715","729","729","729","10768","10768","10768","810","810","810"
"249","5045","5045","5045","797","797","797","10375","10375","10375","842","842","842","10434","10434","10434","923","923","923","10737","10737","10737","821","821","821","10717","10717","10717","933","933","933","10770","10770","10770","890","890","890"
"250","5047","5047","5047","879","879","879","10377","10377","10377","696","696","696","10436","10436","10436","870","870","870","10739","10739","10739","999","999","999","10719","10719","10719","695","695","695","10772","10772","10772","694","694","694"
"251","5049","5049","5049","769","769","769","10379","10379","10379","696","696","696","10438","10438","10438","688","688","688","10741","10741","10741","697","697","697","10721","10721","10721","695","695","695","10774","10774","10774","870","870","870"
"252","5201","5201","5201","1249","1249","1249","10536","10536","10536","1125","1125","1125","10596","10596","10596","1249","1249","1249","10898","10898","10898","961","961","961","10882","10882","10882","1249","1249","1249","10934","10934","10934","1126","1126","1126"
"253","5203","5203","5203","1249","1249","1249","10538","10538","10538","1015","1015","1015","10598","10598","10598","968","968","968","10900","10900","10900","1028","1028","1028","10884","10884","10884","1054","1054","1054","10936","10936","10936","1047","1047","1047"
"254","5205","5205","5205","1249","1249","1249","10540","10540","10540","951","951","951","10600","10600","10600","963","963","963","10902","10902","10902","983","983","983","10886","10886","10886","1249","1249","1249","10938","10938","10938","1249","1249","1249"
"255","5207","5207","5207","749","749","749","10542","10542","10542","835","835","835","10602","10602","10602","956","956","956","10904","10904","10904","842","842","842","10888","10888","10888","849","849","849","10940","10940","10940","889","889","889"
"256","5209","5209","5209","733","733","733","10544","10544","10544","747","747","747","10604","10604","10604","907","907","907","10906","10906","10906","768","768","768","10890","10890","10890","741","741","741","10942","10942","10942","750","750","750"
"257","5211","5211","5211","759","759","759","10546","10546","10546","759","759","759","10606","10606","10606","716","716","716","10908","10908","10908","744","744","744","10892","10892","10892","748","748","748","10944","10944","10944","750","750","750"
"258","5213","5213","5213","777","777","777","10548","10548","10548","816","816","816","10608","10608","10608","938","938","938","10910","10910","10910","853","853","853","10894","10894","10894","831","831","831","10946","10946","10946","910","910","910"
"259","5215","5215","5215","783","783","783","10550","10550","10550","726","726","726","10610","10610","10610","856","856","856","10912","10912","10912","763","763","763","10896","10896","10896","691","691","691","10948","10948","10948","761","761","761"
"260","5217","5217","5217","765","765","765","10552","10552","10552","695","695","695","10612","10612","10612","867","867","867","10914","10914","10914","695","695","695","10898","10898","10898","697","697","697","10950","10950","10950","691","691","691"
"261","5377","5377","5377","1249","1249","1249","10715","10715","10715","1249","1249","1249","10775","10775","10775","1249","1249","1249","11075","11075","11075","968","968","968","11056","11056","11056","1154","1154","1154","11112","11112","11112","1249","1249","1249"
"262","5379","5379","5379","1249","1249","1249","10717","10717","10717","1032","1032","1032","10777","10777","10777","1046","1046","1046","11077","11077","11077","1032","1032","1032","11058","11058","11058","976","976","976","11114","11114","11114","991","991","991"
"263","5381","5381","5381","1249","1249","1249","10719","10719","10719","951","951","951","10779","10779","10779","976","976","976","11079","11079","11079","933","933","933","11060","11060","11060","973","973","973","11116","11116","11116","971","971","971"
"264","5383","5383","5383","830","830","830","10721","10721","10721","837","837","837","10781","10781","10781","999","999","999","11081","11081","11081","798","798","798","11062","11062","11062","828","828","828","11118","11118","11118","881","881","881"
"265","5385","5385","5385","999","999","999","10723","10723","10723","829","829","829","10783","10783","10783","743","743","743","11083","11083","11083","739","739","739","11064","11064","11064","788","788","788","11120","11120","11120","737","737","737"
"266","5387","5387","5387","969","969","969","10725","10725","10725","738","738","738","10785","10785","10785","749","749","749","11085","11085","11085","734","734","734","11066","11066","11066","757","757","757","11122","11122","11122","739","739","739"
"267","5389","5389","5389","745","745","745","10727","10727","10727","820","820","820","10787","10787","10787","999","999","999","11087","11087","11087","802","802","802","11068","11068","11068","831","831","831","11124","11124","11124","890","890","890"
"268","5391","5391","5391","758","758","758","10729","10729","10729","728","728","728","10789","10789","10789","725","725","725","11089","11089","11089","721","721","721","11070","11070","11070","875","875","875","11126","11126","11126","774","774","774"
"269","5393","5393","5393","770","770","770","10731","10731","10731","771","771","771","10791","10791","10791","758","758","758","11091","11091","11091","676","676","676","11072","11072","11072","696","696","696","11128","11128","11128","758","758","758"
"270","5561","5561","5561","1249","1249","1249","10888","10888","10888","1249","1249","1249","10955","10955","10955","938","938","938","11251","11251","11251","971","971","971","11232","11232","11232","1136","1136","1136","11289","11289","11289","1249","1249","1249"
"271","5563","5563","5563","1249","1249","1249","10890","10890","10890","1003","1003","1003","10957","10957","10957","1015","1015","1015","11253","11253","11253","1040","1040","1040","11234","11234","11234","936","936","936","11291","11291","11291","982","982","982"
"272","5565","5565","5565","1249","1249","1249","10892","10892","10892","982","982","982","10959","10959","10959","1039","1039","1039","11255","11255","11255","943","943","943","11236","11236","11236","1249","1249","1249","11293","11293","11293","1249","1249","1249"
"273","5567","5567","5567","765","765","765","10894","10894","10894","828","828","828","10961","10961","10961","819","819","819","11257","11257","11257","812","812","812","11238","11238","11238","831","831","831","11295","11295","11295","840","840","840"
"274","5569","5569","5569","840","840","840","10896","10896","10896","746","746","746","10963","10963","10963","734","734","734","11259","11259","11259","746","746","746","11240","11240","11240","739","739","739","11297","11297","11297","750","750","750"
"275","5571","5571","5571","732","732","732","10898","10898","10898","735","735","735","10965","10965","10965","751","751","751","11261","11261","11261","722","722","722","11242","11242","11242","756","756","756","11299","11299","11299","761","761","761"
"276","5573","5573","5573","897","897","897","10900","10900","10900","807","807","807","10967","10967","10967","831","831","831","11263","11263","11263","812","812","812","11244","11244","11244","799","799","799","11301","11301","11301","820","820","820"
"277","5575","5575","5575","892","892","892","10902","10902","10902","720","720","720","10969","10969","10969","694","694","694","11265","11265","11265","694","694","694","11246","11246","11246","728","728","728","11303","11303","11303","769","769","769"
"278","5577","5577","5577","765","765","765","10904","10904","10904","695","695","695","10971","10971","10971","677","677","677","11267","11267","11267","693","693","693","11248","11248","11248","707","707","707","11305","11305","11305","704","704","704"
"279","5729","5729","5729","1249","1249","1249","11062","11062","11062","1087","1087","1087","11137","11137","11137","1016","1016","1016","11426","11426","11426","953","953","953","11406","11406","11406","1086","1086","1086","11461","11461","11461","1249","1249","1249"
"280","5731","5731","5731","1249","1249","1249","11064","11064","11064","1166","1166","1166","11139","11139","11139","978","978","978","11428","11428","11428","1066","1066","1066","11408","11408","11408","1000","1000","1000","11463","11463","11463","1011","1011","1011"
"281","5733","5733","5733","1249","1249","1249","11066","11066","11066","947","947","947","11141","11141","11141","994","994","994","11430","11430","11430","1038","1038","1038","11410","11410","11410","940","940","940","11465","11465","11465","1249","1249","1249"
"282","5735","5735","5735","758","758","758","11068","11068","11068","846","846","846","11143","11143","11143","999","999","999","11432","11432","11432","842","842","842","11412","11412","11412","752","752","752","11467","11467","11467","836","836","836"
"283","5737","5737","5737","999","999","999","11070","11070","11070","736","736","736","11145","11145","11145","724","724","724","11434","11434","11434","752","752","752","11414","11414","11414","730","730","730","11469","11469","11469","999","999","999"
"284","5739","5739","5739","743","743","743","11072","11072","11072","750","750","750","11147","11147","11147","718","718","718","11436","11436","11436","770","770","770","11416","11416","11416","727","727","727","11471","11471","11471","737","737","737"
"285","5741","5741","5741","821","821","821","11074","11074","11074","821","821","821","11149","11149","11149","831","831","831","11438","11438","11438","826","826","826","11418","11418","11418","744","744","744","11473","11473","11473","923","923","923"
"286","5743","5743","5743","687","687","687","11076","11076","11076","691","691","691","11151","11151","11151","680","680","680","11440","11440","11440","691","691","691","11420","11420","11420","691","691","691","11475","11475","11475","694","694","694"
"287","5745","5745","5745","759","759","759","11078","11078","11078","693","693","693","11153","11153","11153","681","681","681","11442","11442","11442","681","681","681","11422","11422","11422","695","695","695","11477","11477","11477","696","696","696"
"288","5911","5911","5911","1249","1249","1249","11238","11238","11238","1249","1249","1249","11321","11321","11321","1249","1249","1249","11600","11600","11600","970","970","970","11586","11586","11586","1034","1034","1034","11640","11640","11640","1249","1249","1249"
"289","5913","5913","5913","1249","1249","1249","11240","11240","11240","1038","1038","1038","11323","11323","11323","1025","1025","1025","11602","11602","11602","1026","1026","1026","11588","11588","11588","1022","1022","1022","11642","11642","11642","1040","1040","1040"
"290","5915","5915","5915","1249","1249","1249","11242","11242","11242","1249","1249","1249","11325","11325","11325","998","998","998","11604","11604","11604","942","942","942","11590","11590","11590","1003","1003","1003","11644","11644","11644","1249","1249","1249"
"291","5917","5917","5917","762","762","762","11244","11244","11244","808","808","808","11327","11327","11327","999","999","999","11606","11606","11606","847","847","847","11592","11592","11592","873","873","873","11646","11646","11646","825","825","825"
"292","5919","5919","5919","731","731","731","11246","11246","11246","770","770","770","11329","11329","11329","728","728","728","11608","11608","11608","747","747","747","11594","11594","11594","734","734","734","11648","11648","11648","772","772","772"
"293","5921","5921","5921","983","983","983","11248","11248","11248","734","734","734","11331","11331","11331","735","735","735","11610","11610","11610","738","738","738","11596","11596","11596","804","804","804","11650","11650","11650","746","746","746"
"294","5923","5923","5923","912","912","912","11250","11250","11250","802","802","802","11333","11333","11333","999","999","999","11612","11612","11612","831","831","831","11598","11598","11598","999","999","999","11652","11652","11652","853","853","853"
"295","5925","5925","5925","842","842","842","11252","11252","11252","683","683","683","11335","11335","11335","871","871","871","11614","11614","11614","746","746","746","11600","11600","11600","700","700","700","11654","11654","11654","694","694","694"
"296","5927","5927","5927","857","857","857","11254","11254","11254","671","671","671","11337","11337","11337","698","698","698","11616","11616","11616","698","698","698","11602","11602","11602","677","677","677","11656","11656","11656","672","672","672"
"297","6085","6085","6085","1249","1249","1249","11412","11412","11412","1249","1249","1249","11505","11505","11505","1249","1249","1249","11785","11785","11785","1249","1249","1249","11758","11758","11758","965","965","965","11814","11814","11814","1249","1249","1249"
"298","6087","6087","6087","1249","1249","1249","11414","11414","11414","961","961","961","11507","11507","11507","1008","1008","1008","11787","11787","11787","955","955","955","11760","11760","11760","1029","1029","1029","11816","11816","11816","1070","1070","1070"
"299","6089","6089","6089","1249","1249","1249","11416","11416","11416","947","947","947","11509","11509","11509","998","998","998","11789","11789","11789","984","984","984","11762","11762","11762","968","968","968","11818","11818","11818","1249","1249","1249"
"300","6091","6091","6091","762","762","762","11418","11418","11418","852","852","852","11511","11511","11511","999","999","999","11791","11791","11791","813","813","813","11764","11764","11764","849","849","849","11820","11820","11820","840","840","840"
"301","6093","6093","6093","931","931","931","11420","11420","11420","728","728","728","11513","11513","11513","744","744","744","11793","11793","11793","718","718","718","11766","11766","11766","910","910","910","11822","11822","11822","781","781","781"
"302","6095","6095","6095","913","913","913","11422","11422","11422","734","734","734","11515","11515","11515","751","751","751","11795","11795","11795","749","749","749","11768","11768","11768","737","737","737","11824","11824","11824","763","763","763"
"303","6097","6097","6097","770","770","770","11424","11424","11424","847","847","847","11517","11517","11517","999","999","999","11797","11797","11797","824","824","824","11770","11770","11770","831","831","831","11826","11826","11826","822","822","822"
"304","6099","6099","6099","880","880","880","11426","11426","11426","753","753","753","11519","11519","11519","679","679","679","11799","11799","11799","763","763","763","11772","11772","11772","724","724","724","11828","11828","11828","711","711","711"
"305","6101","6101","6101","863","863","863","11428","11428","11428","692","692","692","11521","11521","11521","694","694","694","11801","11801","11801","694","694","694","11774","11774","11774","697","697","697","11830","11830","11830","696","696","696"
"306","6261","6261","6261","1249","1249","1249","11589","11589","11589","1249","1249","1249","11682","11682","11682","1084","1084","1084","11962","11962","11962","960","960","960","11933","11933","11933","1015","1015","1015","11995","11995","11995","1249","1249","1249"
"307","6263","6263","6263","1009","1009","1009","11591","11591","11591","941","941","941","11684","11684","11684","1054","1054","1054","11964","11964","11964","951","951","951","11935","11935","11935","941","941","941","11997","11997","11997","1052","1052","1052"
"308","6265","6265","6265","1036","1036","1036","11593","11593","11593","934","934","934","11686","11686","11686","1048","1048","1048","11966","11966","11966","950","950","950","11937","11937","11937","958","958","958","11999","11999","11999","996","996","996"
"309","6267","6267","6267","750","750","750","11595","11595","11595","847","847","847","11688","11688","11688","820","820","820","11968","11968","11968","845","845","845","11939","11939","11939","999","999","999","12001","12001","12001","867","867","867"
"310","6269","6269","6269","820","820","820","11597","11597","11597","737","737","737","11690","11690","11690","749","749","749","11970","11970","11970","742","742","742","11941","11941","11941","736","736","736","12003","12003","12003","749","749","749"
"311","6271","6271","6271","942","942","942","11599","11599","11599","749","749","749","11692","11692","11692","750","750","750","11972","11972","11972","727","727","727","11943","11943","11943","999","999","999","12005","12005","12005","748","748","748"
"312","6273","6273","6273","911","911","911","11601","11601","11601","846","846","846","11694","11694","11694","820","820","820","11974","11974","11974","849","849","849","11945","11945","11945","835","835","835","12007","12007","12007","831","831","831"
"313","6275","6275","6275","755","755","755","11603","11603","11603","711","711","711","11696","11696","11696","673","673","673","11976","11976","11976","731","731","731","11947","11947","11947","763","763","763","12009","12009","12009","706","706","706"
"314","6277","6277","6277","725","725","725","11605","11605","11605","688","688","688","11698","11698","11698","688","688","688","11978","11978","11978","671","671","671","11949","11949","11949","692","692","692","12011","12011","12011","693","693","693"
"315","6427","6427","6427","1249","1249","1249","11761","11761","11761","1249","1249","1249","11859","11859","11859","1103","1103","1103","12139","12139","12139","995","995","995","12112","12112","12112","983","983","983","12167","12167","12167","1138","1138","1138"
"316","6429","6429","6429","1066","1066","1066","11763","11763","11763","961","961","961","11861","11861","11861","1006","1006","1006","12141","12141","12141","1119","1119","1119","12114","12114","12114","1040","1040","1040","12169","12169","12169","1027","1027","1027"
"317","6431","6431","6431","1029","1029","1029","11765","11765","11765","956","956","956","11863","11863","11863","1005","1005","1005","12143","12143","12143","1065","1065","1065","12116","12116","12116","916","916","916","12171","12171","12171","942","942","942"
"318","6433","6433","6433","840","840","840","11767","11767","11767","829","829","829","11865","11865","11865","829","829","829","12145","12145","12145","822","822","822","12118","12118","12118","854","854","854","12173","12173","12173","868","868","868"
"319","6435","6435","6435","808","808","808","11769","11769","11769","835","835","835","11867","11867","11867","740","740","740","12147","12147","12147","768","768","768","12120","12120","12120","761","761","761","12175","12175","12175","788","788","788"
"320","6437","6437","6437","989","989","989","11771","11771","11771","749","749","749","11869","11869","11869","739","739","739","12149","12149","12149","740","740","740","12122","12122","12122","750","750","750","12177","12177","12177","733","733","733"
"321","6439","6439","6439","757","757","757","11773","11773","11773","747","747","747","11871","11871","11871","820","820","820","12151","12151","12151","815","815","815","12124","12124","12124","830","830","830","12179","12179","12179","890","890","890"
"322","6441","6441","6441","879","879","879","11775","11775","11775","753","753","753","11873","11873","11873","695","695","695","12153","12153","12153","702","702","702","12126","12126","12126","725","725","725","12181","12181","12181","691","691","691"
"323","6443","6443","6443","687","687","687","11777","11777","11777","696","696","696","11875","11875","11875","760","760","760","12155","12155","12155","691","691","691","12128","12128","12128","723","723","723","12183","12183","12183","709","709","709"
"324","6605","6605","6605","1249","1249","1249","11936","11936","11936","1249","1249","1249","12035","12035","12035","1080","1080","1080","12317","12317","12317","988","988","988","12287","12287","12287","1023","1023","1023","12349","12349","12349","1249","1249","1249"
"325","6607","6607","6607","1121","1121","1121","11938","11938","11938","951","951","951","12037","12037","12037","967","967","967","12319","12319","12319","944","944","944","12289","12289","12289","929","929","929","12351","12351","12351","969","969","969"
"326","6609","6609","6609","1036","1036","1036","11940","11940","11940","943","943","943","12039","12039","12039","1249","1249","1249","12321","12321","12321","955","955","955","12291","12291","12291","941","941","941","12353","12353","12353","946","946","946"
"327","6611","6611","6611","801","801","801","11942","11942","11942","750","750","750","12041","12041","12041","836","836","836","12323","12323","12323","823","823","823","12293","12293","12293","807","807","807","12355","12355","12355","814","814","814"
"328","6613","6613","6613","815","815","815","11944","11944","11944","741","741","741","12043","12043","12043","773","773","773","12325","12325","12325","747","747","747","12295","12295","12295","984","984","984","12357","12357","12357","999","999","999"
"329","6615","6615","6615","761","761","761","11946","11946","11946","736","736","736","12045","12045","12045","734","734","734","12327","12327","12327","754","754","754","12297","12297","12297","759","759","759","12359","12359","12359","739","739","739"
"330","6617","6617","6617","878","878","878","11948","11948","11948","744","744","744","12047","12047","12047","811","811","811","12329","12329","12329","819","819","819","12299","12299","12299","814","814","814","12361","12361","12361","800","800","800"
"331","6619","6619","6619","865","865","865","11950","11950","11950","883","883","883","12049","12049","12049","686","686","686","12331","12331","12331","726","726","726","12301","12301","12301","860","860","860","12363","12363","12363","693","693","693"
"332","6621","6621","6621","681","681","681","11952","11952","11952","691","691","691","12051","12051","12051","698","698","698","12333","12333","12333","692","692","692","12303","12303","12303","691","691","691","12365","12365","12365","769","769","769"
"333","6783","6783","6783","1249","1249","1249","12108","12108","12108","1103","1103","1103","12211","12211","12211","1249","1249","1249","12500","12500","12500","990","990","990","12463","12463","12463","1249","1249","1249","12529","12529","12529","1249","1249","1249"
"334","6785","6785","6785","1249","1249","1249","12110","12110","12110","1057","1057","1057","12213","12213","12213","957","957","957","12502","12502","12502","963","963","963","12465","12465","12465","986","986","986","12531","12531","12531","1051","1051","1051"
"335","6787","6787","6787","1249","1249","1249","12112","12112","12112","954","954","954","12215","12215","12215","948","948","948","12504","12504","12504","943","943","943","12467","12467","12467","943","943","943","12533","12533","12533","958","958","958"
"336","6789","6789","6789","802","802","802","12114","12114","12114","749","749","749","12217","12217","12217","834","834","834","12506","12506","12506","847","847","847","12469","12469","12469","813","813","813","12535","12535","12535","803","803","803"
"337","6791","6791","6791","742","742","742","12116","12116","12116","736","736","736","12219","12219","12219","739","739","739","12508","12508","12508","898","898","898","12471","12471","12471","728","728","728","12537","12537","12537","741","741","741"
"338","6793","6793","6793","999","999","999","12118","12118","12118","747","747","747","12221","12221","12221","730","730","730","12510","12510","12510","999","999","999","12473","12473","12473","752","752","752","12539","12539","12539","737","737","737"
"339","6795","6795","6795","815","815","815","12120","12120","12120","754","754","754","12223","12223","12223","826","826","826","12512","12512","12512","840","840","840","12475","12475","12475","828","828","828","12541","12541","12541","799","799","799"
"340","6797","6797","6797","681","681","681","12122","12122","12122","691","691","691","12225","12225","12225","695","695","695","12514","12514","12514","900","900","900","12477","12477","12477","713","713","713","12543","12543","12543","726","726","726"
"341","6799","6799","6799","690","690","690","12124","12124","12124","698","698","698","12227","12227","12227","696","696","696","12516","12516","12516","671","671","671","12479","12479","12479","697","697","697","12545","12545","12545","860","860","860"
"342","6953","6953","6953","1249","1249","1249","12286","12286","12286","1004","1004","1004","12384","12384","12384","1128","1128","1128","12675","12675","12675","978","978","978","12641","12641","12641","1249","1249","1249","12702","12702","12702","1249","1249","1249"
"343","6955","6955","6955","1249","1249","1249","12288","12288","12288","1037","1037","1037","12386","12386","12386","949","949","949","12677","12677","12677","1035","1035","1035","12643","12643","12643","1053","1053","1053","12704","12704","12704","959","959","959"
"344","6957","6957","6957","1249","1249","1249","12290","12290","12290","979","979","979","12388","12388","12388","985","985","985","12679","12679","12679","941","941","941","12645","12645","12645","997","997","997","12706","12706","12706","988","988","988"
"345","6959","6959","6959","819","819","819","12292","12292","12292","748","748","748","12390","12390","12390","745","745","745","12681","12681","12681","999","999","999","12647","12647","12647","999","999","999","12708","12708","12708","861","861","861"
"346","6961","6961","6961","827","827","827","12294","12294","12294","706","706","706","12392","12392","12392","724","724","724","12683","12683","12683","755","755","755","12649","12649","12649","907","907","907","12710","12710","12710","819","819","819"
"347","6963","6963","6963","736","736","736","12296","12296","12296","734","734","734","12394","12394","12394","750","750","750","12685","12685","12685","759","759","759","12651","12651","12651","748","748","748","12712","12712","12712","737","737","737"
"348","6965","6965","6965","880","880","880","12298","12298","12298","764","764","764","12396","12396","12396","738","738","738","12687","12687","12687","820","820","820","12653","12653","12653","835","835","835","12714","12714","12714","849","849","849"
"349","6967","6967","6967","672","672","672","12300","12300","12300","696","696","696","12398","12398","12398","691","691","691","12689","12689","12689","698","698","698","12655","12655","12655","699","699","699","12716","12716","12716","899","899","899"
"350","6969","6969","6969","871","871","871","12302","12302","12302","697","697","697","12400","12400","12400","698","698","698","12691","12691","12691","764","764","764","12657","12657","12657","763","763","763","12718","12718","12718","764","764","764"
"351","7131","7131","7131","1249","1249","1249","12461","12461","12461","1249","1249","1249","12557","12557","12557","1249","1249","1249","12849","12849","12849","976","976","976","12822","12822","12822","1249","1249","1249","12882","12882","12882","1156","1156","1156"
"352","7133","7133","7133","1091","1091","1091","12463","12463","12463","1033","1033","1033","12559","12559","12559","1042","1042","1042","12851","12851","12851","929","929","929","12824","12824","12824","1021","1021","1021","12884","12884","12884","982","982","982"
"353","7135","7135","7135","1095","1095","1095","12465","12465","12465","1013","1013","1013","12561","12561","12561","1021","1021","1021","12853","12853","12853","968","968","968","12826","12826","12826","1249","1249","1249","12886","12886","12886","1016","1016","1016"
"354","7137","7137","7137","836","836","836","12467","12467","12467","748","748","748","12563","12563","12563","741","741","741","12855","12855","12855","839","839","839","12828","12828","12828","842","842","842","12888","12888","12888","887","887","887"
"355","7139","7139","7139","814","814","814","12469","12469","12469","754","754","754","12565","12565","12565","999","999","999","12857","12857","12857","739","739","739","12830","12830","12830","745","745","745","12890","12890","12890","822","822","822"
"356","7141","7141","7141","825","825","825","12471","12471","12471","720","720","720","12567","12567","12567","999","999","999","12859","12859","12859","759","759","759","12832","12832","12832","736","736","736","12892","12892","12892","749","749","749"
"357","7143","7143","7143","745","745","745","12473","12473","12473","749","749","749","12569","12569","12569","820","820","820","12861","12861","12861","821","821","821","12834","12834","12834","815","815","815","12894","12894","12894","908","908","908"
"358","7145","7145","7145","691","691","691","12475","12475","12475","698","698","698","12571","12571","12571","691","691","691","12863","12863","12863","756","756","756","12836","12836","12836","696","696","696","12896","12896","12896","691","691","691"
"359","7147","7147","7147","679","679","679","12477","12477","12477","760","760","760","12573","12573","12573","693","693","693","12865","12865","12865","696","696","696","12838","12838","12838","678","678","678","12898","12898","12898","774","774","774"
"360","7295","7295","7295","1249","1249","1249","12636","12636","12636","1249","1249","1249","12732","12732","12732","929","929","929","13025","13025","13025","1034","1034","1034","13002","13002","13002","1249","1249","1249","13058","13058","13058","1249","1249","1249"
"361","7297","7297","7297","1078","1078","1078","12638","12638","12638","993","993","993","12734","12734","12734","962","962","962","13027","13027","13027","1028","1028","1028","13004","13004","13004","1011","1011","1011","13060","13060","13060","1049","1049","1049"
"362","7299","7299","7299","1035","1035","1035","12640","12640","12640","937","937","937","12736","12736","12736","1000","1000","1000","13029","13029","13029","954","954","954","13006","13006","13006","933","933","933","13062","13062","13062","951","951","951"
"363","7301","7301","7301","747","747","747","12642","12642","12642","833","833","833","12738","12738","12738","818","818","818","13031","13031","13031","779","779","779","13008","13008","13008","999","999","999","13064","13064","13064","840","840","840"
"364","7303","7303","7303","762","762","762","12644","12644","12644","730","730","730","12740","12740","12740","752","752","752","13033","13033","13033","815","815","815","13010","13010","13010","999","999","999","13066","13066","13066","795","795","795"
"365","7305","7305","7305","740","740","740","12646","12646","12646","733","733","733","12742","12742","12742","732","732","732","13035","13035","13035","751","751","751","13012","13012","13012","750","750","750","13068","13068","13068","750","750","750"
"366","7307","7307","7307","748","748","748","12648","12648","12648","754","754","754","12744","12744","12744","820","820","820","13037","13037","13037","747","747","747","13014","13014","13014","841","841","841","13070","13070","13070","827","827","827"
"367","7309","7309","7309","687","687","687","12650","12650","12650","673","673","673","12746","12746","12746","686","686","686","13039","13039","13039","699","699","699","13016","13016","13016","698","698","698","13072","13072","13072","758","758","758"
"368","7311","7311","7311","849","849","849","12652","12652","12652","693","693","693","12748","12748","12748","692","692","692","13041","13041","13041","677","677","677","13018","13018","13018","758","758","758","13074","13074","13074","697","697","697"
"369","7467","7467","7467","1249","1249","1249","12814","12814","12814","1087","1087","1087","12907","12907","12907","1238","1238","1238","13202","13202","13202","968","968","968","13183","13183","13183","1249","1249","1249","13236","13236","13236","1249","1249","1249"
"370","7469","7469","7469","1089","1089","1089","12816","12816","12816","974","974","974","12909","12909","12909","944","944","944","13204","13204","13204","957","957","957","13185","13185","13185","991","991","991","13238","13238","13238","1061","1061","1061"
"371","7471","7471","7471","1061","1061","1061","12818","12818","12818","929","929","929","12911","12911","12911","1001","1001","1001","13206","13206","13206","959","959","959","13187","13187","13187","1249","1249","1249","13240","13240","13240","1249","1249","1249"
"372","7473","7473","7473","752","752","752","12820","12820","12820","822","822","822","12913","12913","12913","822","822","822","13208","13208","13208","846","846","846","13189","13189","13189","999","999","999","13242","13242","13242","824","824","824"
"373","7475","7475","7475","898","898","898","12822","12822","12822","747","747","747","12915","12915","12915","724","724","724","13210","13210","13210","732","732","732","13191","13191","13191","809","809","809","13244","13244","13244","769","769","769"
"374","7477","7477","7477","752","752","752","12824","12824","12824","746","746","746","12917","12917","12917","733","733","733","13212","13212","13212","726","726","726","13193","13193","13193","749","749","749","13246","13246","13246","759","759","759"
"375","7479","7479","7479","820","820","820","12826","12826","12826","821","821","821","12919","12919","12919","846","846","846","13214","13214","13214","828","828","828","13195","13195","13195","836","836","836","13248","13248","13248","801","801","801"
"376","7481","7481","7481","773","773","773","12828","12828","12828","691","691","691","12921","12921","12921","715","715","715","13216","13216","13216","726","726","726","13197","13197","13197","710","710","710","13250","13250","13250","771","771","771"
"377","7483","7483","7483","753","753","753","12830","12830","12830","691","691","691","12923","12923","12923","677","677","677","13218","13218","13218","703","703","703","13199","13199","13199","771","771","771","13252","13252","13252","696","696","696"
"378","7629","7629","7629","1249","1249","1249","12988","12988","12988","1249","1249","1249","13085","13085","13085","1101","1101","1101","13379","13379","13379","987","987","987","13359","13359","13359","1119","1119","1119","13415","13415","13415","1020","1020","1020"
"379","7631","7631","7631","1016","1016","1016","12990","12990","12990","1037","1037","1037","13087","13087","13087","940","940","940","13381","13381","13381","1060","1060","1060","13361","13361","13361","1168","1168","1168","13417","13417","13417","983","983","983"
"380","7633","7633","7633","1038","1038","1038","12992","12992","12992","987","987","987","13089","13089","13089","975","975","975","13383","13383","13383","1078","1078","1078","13363","13363","13363","1249","1249","1249","13419","13419","13419","1249","1249","1249"
"381","7635","7635","7635","766","766","766","12994","12994","12994","803","803","803","13091","13091","13091","834","834","834","13385","13385","13385","833","833","833","13365","13365","13365","766","766","766","13421","13421","13421","806","806","806"
"382","7637","7637","7637","999","999","999","12996","12996","12996","726","726","726","13093","13093","13093","746","746","746","13387","13387","13387","769","769","769","13367","13367","13367","999","999","999","13423","13423","13423","736","736","736"
"383","7639","7639","7639","732","732","732","12998","12998","12998","757","757","757","13095","13095","13095","754","754","754","13389","13389","13389","756","756","756","13369","13369","13369","738","738","738","13425","13425","13425","733","733","733"
"384","7641","7641","7641","751","751","751","13000","13000","13000","812","812","812","13097","13097","13097","798","798","798","13391","13391","13391","819","819","819","13371","13371","13371","749","749","749","13427","13427","13427","798","798","798"
"385","7643","7643","7643","696","696","696","13002","13002","13002","691","691","691","13099","13099","13099","683","683","683","13393","13393","13393","697","697","697","13373","13373","13373","697","697","697","13429","13429","13429","694","694","694"
"386","7645","7645","7645","763","763","763","13004","13004","13004","677","677","677","13101","13101","13101","695","695","695","13395","13395","13395","681","681","681","13375","13375","13375","695","695","695","13431","13431","13431","695","695","695"
"387","7805","7805","7805","1249","1249","1249","13160","13160","13160","959","959","959","13260","13260","13260","1102","1102","1102","13555","13555","13555","978","978","978","13536","13536","13536","1249","1249","1249","13589","13589","13589","1249","1249","1249"
"388","7807","7807","7807","1042","1042","1042","13162","13162","13162","958","958","958","13262","13262","13262","969","969","969","13557","13557","13557","966","966","966","13538","13538","13538","1065","1065","1065","13591","13591","13591","1035","1035","1035"
"389","7809","7809","7809","1038","1038","1038","13164","13164","13164","957","957","957","13264","13264","13264","1002","1002","1002","13559","13559","13559","948","948","948","13540","13540","13540","997","997","997","13593","13593","13593","1000","1000","1000"
"390","7811","7811","7811","758","758","758","13166","13166","13166","816","816","816","13266","13266","13266","818","818","818","13561","13561","13561","833","833","833","13542","13542","13542","826","826","826","13595","13595","13595","806","806","806"
"391","7813","7813","7813","930","930","930","13168","13168","13168","734","734","734","13268","13268","13268","734","734","734","13563","13563","13563","999","999","999","13544","13544","13544","758","758","758","13597","13597","13597","911","911","911"
"392","7815","7815","7815","991","991","991","13170","13170","13170","738","738","738","13270","13270","13270","736","736","736","13565","13565","13565","733","733","733","13546","13546","13546","802","802","802","13599","13599","13599","722","722","722"
"393","7817","7817","7817","816","816","816","13172","13172","13172","800","800","800","13272","13272","13272","838","838","838","13567","13567","13567","833","833","833","13548","13548","13548","849","849","849","13601","13601","13601","811","811","811"
"394","7819","7819","7819","859","859","859","13174","13174","13174","731","731","731","13274","13274","13274","679","679","679","13569","13569","13569","686","686","686","13550","13550","13550","680","680","680","13603","13603","13603","726","726","726"
"395","7821","7821","7821","676","676","676","13176","13176","13176","697","697","697","13276","13276","13276","763","763","763","13571","13571","13571","681","681","681","13552","13552","13552","675","675","675","13605","13605","13605","771","771","771"
"396","7983","7983","7983","1249","1249","1249","13340","13340","13340","1094","1094","1094","13434","13434","13434","1122","1122","1122","13731","13731","13731","951","951","951","13708","13708","13708","1249","1249","1249","13766","13766","13766","1249","1249","1249"
"397","7985","7985","7985","1077","1077","1077","13342","13342","13342","978","978","978","13436","13436","13436","1029","1029","1029","13733","13733","13733","1022","1022","1022","13710","13710","13710","994","994","994","13768","13768","13768","1070","1070","1070"
"398","7987","7987","7987","1030","1030","1030","13344","13344","13344","957","957","957","13438","13438","13438","1003","1003","1003","13735","13735","13735","950","950","950","13712","13712","13712","980","980","980","13770","13770","13770","970","970","970"
"399","7989","7989","7989","751","751","751","13346","13346","13346","770","770","770","13440","13440","13440","808","808","808","13737","13737","13737","831","831","831","13714","13714","13714","838","838","838","13772","13772","13772","800","800","800"
"400","7991","7991","7991","999","999","999","13348","13348","13348","738","738","738","13442","13442","13442","728","728","728","13739","13739","13739","729","729","729","13716","13716","13716","735","735","735","13774","13774","13774","734","734","734"
"401","7993","7993","7993","906","906","906","13350","13350","13350","722","722","722","13444","13444","13444","715","715","715","13741","13741","13741","739","739","739","13718","13718","13718","752","752","752","13776","13776","13776","738","738","738"
"402","7995","7995","7995","747","747","747","13352","13352","13352","743","743","743","13446","13446","13446","742","742","742","13743","13743","13743","822","822","822","13720","13720","13720","829","829","829","13778","13778","13778","815","815","815"
"403","7997","7997","7997","768","768","768","13354","13354","13354","691","691","691","13448","13448","13448","694","694","694","13745","13745","13745","686","686","686","13722","13722","13722","764","764","764","13780","13780","13780","717","717","717"
"404","7999","7999","7999","861","861","861","13356","13356","13356","696","696","696","13450","13450","13450","696","696","696","13747","13747","13747","692","692","692","13724","13724","13724","691","691","691","13782","13782","13782","691","691","691"
"405","8145","8145","8145","1249","1249","1249","13515","13515","13515","1084","1084","1084","13609","13609","13609","1112","1112","1112","13905","13905","13905","1055","1055","1055","13887","13887","13887","1249","1249","1249","13942","13942","13942","1047","1047","1047"
"406","8147","8147","8147","1062","1062","1062","13517","13517","13517","975","975","975","13611","13611","13611","997","997","997","13907","13907","13907","1015","1015","1015","13889","13889","13889","1057","1057","1057","13944","13944","13944","996","996","996"
"407","8149","8149","8149","1023","1023","1023","13519","13519","13519","943","943","943","13613","13613","13613","1020","1020","1020","13909","13909","13909","940","940","940","13891","13891","13891","1249","1249","1249","13946","13946","13946","1249","1249","1249"
"408","8151","8151","8151","749","749","749","13521","13521","13521","747","747","747","13615","13615","13615","781","781","781","13911","13911","13911","813","813","813","13893","13893","13893","820","820","820","13948","13948","13948","821","821","821"
"409","8153","8153","8153","999","999","999","13523","13523","13523","773","773","773","13617","13617","13617","745","745","745","13913","13913","13913","723","723","723","13895","13895","13895","723","723","723","13950","13950","13950","739","739","739"
"410","8155","8155","8155","737","737","737","13525","13525","13525","728","728","728","13619","13619","13619","766","766","766","13915","13915","13915","733","733","733","13897","13897","13897","766","766","766","13952","13952","13952","745","745","745"
"411","8157","8157","8157","772","772","772","13527","13527","13527","752","752","752","13621","13621","13621","751","751","751","13917","13917","13917","809","809","809","13899","13899","13899","817","817","817","13954","13954","13954","811","811","811"
"412","8159","8159","8159","870","870","870","13529","13529","13529","678","678","678","13623","13623","13623","678","678","678","13919","13919","13919","708","708","708","13901","13901","13901","699","699","699","13956","13956","13956","698","698","698"
"413","8161","8161","8161","708","708","708","13531","13531","13531","685","685","685","13625","13625","13625","679","679","679","13921","13921","13921","771","771","771","13903","13903","13903","676","676","676","13958","13958","13958","861","861","861"
"414","8317","8317","8317","1249","1249","1249","13689","13689","13689","1249","1249","1249","13784","13784","13784","1249","1249","1249","14078","14078","14078","1249","1249","1249","14063","14063","14063","1087","1087","1087","14123","14123","14123","1249","1249","1249"
"415","8319","8319","8319","1089","1089","1089","13691","13691","13691","959","959","959","13786","13786","13786","1022","1022","1022","14080","14080","14080","1078","1078","1078","14065","14065","14065","950","950","950","14125","14125","14125","1183","1183","1183"
"416","8321","8321","8321","1075","1075","1075","13693","13693","13693","968","968","968","13788","13788","13788","966","966","966","14082","14082","14082","973","973","973","14067","14067","14067","975","975","975","14127","14127","14127","955","955","955"
"417","8323","8323","8323","793","793","793","13695","13695","13695","763","763","763","13790","13790","13790","834","834","834","14084","14084","14084","839","839","839","14069","14069","14069","806","806","806","14129","14129","14129","880","880","880"
"418","8325","8325","8325","820","820","820","13697","13697","13697","744","744","744","13792","13792","13792","762","762","762","14086","14086","14086","736","736","736","14071","14071","14071","740","740","740","14131","14131","14131","735","735","735"
"419","8327","8327","8327","917","917","917","13699","13699","13699","718","718","718","13794","13794","13794","741","741","741","14088","14088","14088","999","999","999","14073","14073","14073","731","731","731","14133","14133","14133","741","741","741"
"420","8329","8329","8329","865","865","865","13701","13701","13701","743","743","743","13796","13796","13796","796","796","796","14090","14090","14090","805","805","805","14075","14075","14075","846","846","846","14135","14135","14135","999","999","999"
"421","8331","8331","8331","723","723","723","13703","13703","13703","721","721","721","13798","13798","13798","672","672","672","14092","14092","14092","691","691","691","14077","14077","14077","730","730","730","14137","14137","14137","693","693","693"
"422","8333","8333","8333","690","690","690","13705","13705","13705","694","694","694","13800","13800","13800","686","686","686","14094","14094","14094","702","702","702","14079","14079","14079","692","692","692","14139","14139","14139","681","681","681"
"423","8481","8481","8481","1249","1249","1249","13867","13867","13867","1020","1020","1020","13965","13965","13965","1249","1249","1249","14257","14257","14257","959","959","959","14241","14241","14241","1249","1249","1249","14299","14299","14299","1249","1249","1249"
"424","8483","8483","8483","1072","1072","1072","13869","13869","13869","1249","1249","1249","13967","13967","13967","953","953","953","14259","14259","14259","976","976","976","14243","14243","14243","978","978","978","14301","14301","14301","1036","1036","1036"
"425","8485","8485","8485","1034","1034","1034","13871","13871","13871","945","945","945","13969","13969","13969","992","992","992","14261","14261","14261","937","937","937","14245","14245","14245","976","976","976","14303","14303","14303","1249","1249","1249"
"426","8487","8487","8487","803","803","803","13873","13873","13873","818","818","818","13971","13971","13971","825","825","825","14263","14263","14263","822","822","822","14247","14247","14247","887","887","887","14305","14305","14305","836","836","836"
"427","8489","8489","8489","803","803","803","13875","13875","13875","882","882","882","13973","13973","13973","734","734","734","14265","14265","14265","721","721","721","14249","14249","14249","734","734","734","14307","14307","14307","761","761","761"
"428","8491","8491","8491","830","830","830","13877","13877","13877","739","739","739","13975","13975","13975","734","734","734","14267","14267","14267","999","999","999","14251","14251","14251","751","751","751","14309","14309","14309","761","761","761"
"429","8493","8493","8493","812","812","812","13879","13879","13879","817","817","817","13977","13977","13977","825","825","825","14269","14269","14269","798","798","798","14253","14253","14253","822","822","822","14311","14311","14311","820","820","820"
"430","8495","8495","8495","863","863","863","13881","13881","13881","691","691","691","13979","13979","13979","729","729","729","14271","14271","14271","677","677","677","14255","14255","14255","694","694","694","14313","14313","14313","721","721","721"
"431","8497","8497","8497","868","868","868","13883","13883","13883","699","699","699","13981","13981","13981","695","695","695","14273","14273","14273","709","709","709","14257","14257","14257","785","785","785","14315","14315","14315","693","693","693"
"432","8653","8653","8653","1249","1249","1249","14042","14042","14042","1015","1015","1015","14141","14141","14141","1249","1249","1249","14431","14431","14431","959","959","959","14421","14421","14421","1099","1099","1099","14475","14475","14475","1249","1249","1249"
"433","8655","8655","8655","1033","1033","1033","14044","14044","14044","1042","1042","1042","14143","14143","14143","974","974","974","14433","14433","14433","1025","1025","1025","14423","14423","14423","1026","1026","1026","14477","14477","14477","1049","1049","1049"
"434","8657","8657","8657","1019","1019","1019","14046","14046","14046","959","959","959","14145","14145","14145","930","930","930","14435","14435","14435","1066","1066","1066","14425","14425","14425","1249","1249","1249","14479","14479","14479","1035","1035","1035"
"435","8659","8659","8659","759","759","759","14048","14048","14048","767","767","767","14147","14147","14147","851","851","851","14437","14437","14437","839","839","839","14427","14427","14427","821","821","821","14481","14481","14481","830","830","830"
"436","8661","8661","8661","824","824","824","14050","14050","14050","817","817","817","14149","14149","14149","743","743","743","14439","14439","14439","750","750","750","14429","14429","14429","730","730","730","14483","14483","14483","757","757","757"
"437","8663","8663","8663","824","824","824","14052","14052","14052","801","801","801","14151","14151","14151","749","749","749","14441","14441","14441","751","751","751","14431","14431","14431","750","750","750","14485","14485","14485","731","731","731"
"438","8665","8665","8665","726","726","726","14054","14054","14054","754","754","754","14153","14153","14153","843","843","843","14443","14443","14443","816","816","816","14433","14433","14433","825","825","825","14487","14487","14487","827","827","827"
"439","8667","8667","8667","701","701","701","14056","14056","14056","694","694","694","14155","14155","14155","677","677","677","14445","14445","14445","678","678","678","14435","14435","14435","694","694","694","14489","14489","14489","753","753","753"
"440","8669","8669","8669","884","884","884","14058","14058","14058","758","758","758","14157","14157","14157","692","692","692","14447","14447","14447","696","696","696","14437","14437","14437","698","698","698","14491","14491","14491","697","697","697"
"441","8815","8815","8815","1249","1249","1249","14223","14223","14223","1249","1249","1249","14320","14320","14320","1113","1113","1113","14607","14607","14607","994","994","994","14602","14602","14602","1249","1249","1249","14652","14652","14652","1249","1249","1249"
"442","8817","8817","8817","1046","1046","1046","14225","14225","14225","981","981","981","14322","14322","14322","971","971","971","14609","14609","14609","1051","1051","1051","14604","14604","14604","998","998","998","14654","14654","14654","998","998","998"
"443","8819","8819","8819","1106","1106","1106","14227","14227","14227","1007","1007","1007","14324","14324","14324","949","949","949","14611","14611","14611","928","928","928","14606","14606","14606","1249","1249","1249","14656","14656","14656","1249","1249","1249"
"444","8821","8821","8821","764","764","764","14229","14229","14229","761","761","761","14326","14326","14326","754","754","754","14613","14613","14613","841","841","841","14608","14608","14608","829","829","829","14658","14658","14658","822","822","822"
"445","8823","8823","8823","931","931","931","14231","14231","14231","771","771","771","14328","14328","14328","737","737","737","14615","14615","14615","744","744","744","14610","14610","14610","751","751","751","14660","14660","14660","753","753","753"
"446","8825","8825","8825","772","772","772","14233","14233","14233","749","749","749","14330","14330","14330","749","749","749","14617","14617","14617","721","721","721","14612","14612","14612","762","762","762","14662","14662","14662","735","735","735"
"447","8827","8827","8827","770","770","770","14235","14235","14235","733","733","733","14332","14332","14332","748","748","748","14619","14619","14619","777","777","777","14614","14614","14614","843","843","843","14664","14664","14664","802","802","802"
"448","8829","8829","8829","791","791","791","14237","14237","14237","698","698","698","14334","14334","14334","718","718","718","14621","14621","14621","706","706","706","14616","14616","14616","691","691","691","14666","14666","14666","880","880","880"
"449","8831","8831","8831","837","837","837","14239","14239","14239","691","691","691","14336","14336","14336","695","695","695","14623","14623","14623","688","688","688","14618","14618","14618","697","697","697","14668","14668","14668","694","694","694"
"450","8991","8991","8991","1249","1249","1249","14398","14398","14398","1032","1032","1032","14493","14493","14493","1249","1249","1249","14780","14780","14780","969","969","969","14780","14780","14780","1017","1017","1017","14830","14830","14830","1249","1249","1249"
"451","8993","8993","8993","1056","1056","1056","14400","14400","14400","1047","1047","1047","14495","14495","14495","972","972","972","14782","14782","14782","1053","1053","1053","14782","14782","14782","1012","1012","1012","14832","14832","14832","979","979","979"
"452","8995","8995","8995","1038","1038","1038","14402","14402","14402","976","976","976","14497","14497","14497","999","999","999","14784","14784","14784","974","974","974","14784","14784","14784","941","941","941","14834","14834","14834","1249","1249","1249"
"453","8997","8997","8997","752","752","752","14404","14404","14404","762","762","762","14499","14499","14499","825","825","825","14786","14786","14786","821","821","821","14786","14786","14786","812","812","812","14836","14836","14836","824","824","824"
"454","8999","8999","8999","772","772","772","14406","14406","14406","817","817","817","14501","14501","14501","747","747","747","14788","14788","14788","741","741","741","14788","14788","14788","728","728","728","14838","14838","14838","749","749","749"
"455","9001","9001","9001","972","972","972","14408","14408","14408","842","842","842","14503","14503","14503","750","750","750","14790","14790","14790","734","734","734","14790","14790","14790","720","720","720","14840","14840","14840","715","715","715"
"456","9003","9003","9003","747","747","747","14410","14410","14410","820","820","820","14505","14505","14505","820","820","820","14792","14792","14792","826","826","826","14792","14792","14792","817","817","817","14842","14842","14842","817","817","817"
"457","9005","9005","9005","853","853","853","14412","14412","14412","788","788","788","14507","14507","14507","730","730","730","14794","14794","14794","698","698","698","14794","14794","14794","764","764","764","14844","14844","14844","694","694","694"
"458","9007","9007","9007","706","706","706","14414","14414","14414","697","697","697","14509","14509","14509","716","716","716","14796","14796","14796","686","686","686","14796","14796","14796","679","679","679","14846","14846","14846","753","753","753"
"459","9163","9163","9163","1249","1249","1249","14573","14573","14573","1000","1000","1000","14670","14670","14670","1249","1249","1249","14954","14954","14954","965","965","965","14961","14961","14961","1249","1249","1249","15007","15007","15007","1249","1249","1249"
"460","9165","9165","9165","1056","1056","1056","14575","14575","14575","967","967","967","14672","14672","14672","1031","1031","1031","14956","14956","14956","948","948","948","14963","14963","14963","1044","1044","1044","15009","15009","15009","999","999","999"
"461","9167","9167","9167","1052","1052","1052","14577","14577","14577","937","937","937","14674","14674","14674","986","986","986","14958","14958","14958","939","939","939","14965","14965","14965","1249","1249","1249","15011","15011","15011","1249","1249","1249"
"462","9169","9169","9169","753","753","753","14579","14579","14579","762","762","762","14676","14676","14676","750","750","750","14960","14960","14960","828","828","828","14967","14967","14967","867","867","867","15013","15013","15013","841","841","841"
"463","9171","9171","9171","917","917","917","14581","14581","14581","744","744","744","14678","14678","14678","772","772","772","14962","14962","14962","901","901","901","14969","14969","14969","898","898","898","15015","15015","15015","760","760","760"
"464","9173","9173","9173","999","999","999","14583","14583","14583","734","734","734","14680","14680","14680","756","756","756","14964","14964","14964","720","720","720","14971","14971","14971","745","745","745","15017","15017","15017","762","762","762"
"465","9175","9175","9175","896","896","896","14585","14585","14585","758","758","758","14682","14682","14682","821","821","821","14966","14966","14966","820","820","820","14973","14973","14973","831","831","831","15019","15019","15019","836","836","836"
"466","9177","9177","9177","783","783","783","14587","14587","14587","680","680","680","14684","14684","14684","757","757","757","14968","14968","14968","886","886","886","14975","14975","14975","731","731","731","15021","15021","15021","764","764","764"
"467","9179","9179","9179","754","754","754","14589","14589","14589","709","709","709","14686","14686","14686","769","769","769","14970","14970","14970","693","693","693","14977","14977","14977","695","695","695","15023","15023","15023","672","672","672"
"468","9325","9325","9325","1249","1249","1249","14750","14750","14750","1249","1249","1249","14848","14848","14848","1249","1249","1249","15129","15129","15129","969","969","969","15138","15138","15138","1249","1249","1249","15181","15181","15181","1249","1249","1249"
"469","9327","9327","9327","1045","1045","1045","14752","14752","14752","938","938","938","14850","14850","14850","966","966","966","15131","15131","15131","963","963","963","15140","15140","15140","946","946","946","15183","15183","15183","1014","1014","1014"
"470","9329","9329","9329","1027","1027","1027","14754","14754","14754","949","949","949","14852","14852","14852","957","957","957","15133","15133","15133","965","965","965","15142","15142","15142","943","943","943","15185","15185","15185","947","947","947"
"471","9331","9331","9331","766","766","766","14756","14756","14756","829","829","829","14854","14854","14854","746","746","746","15135","15135","15135","815","815","815","15144","15144","15144","842","842","842","15187","15187","15187","822","822","822"
"472","9333","9333","9333","777","777","777","14758","14758","14758","719","719","719","14856","14856","14856","760","760","760","15137","15137","15137","895","895","895","15146","15146","15146","719","719","719","15189","15189","15189","733","733","733"
"473","9335","9335","9335","924","924","924","14760","14760","14760","729","729","729","14858","14858","14858","729","729","729","15139","15139","15139","719","719","719","15148","15148","15148","730","730","730","15191","15191","15191","734","734","734"
"474","9337","9337","9337","733","733","733","14762","14762","14762","813","813","813","14860","14860","14860","734","734","734","15141","15141","15141","815","815","815","15150","15150","15150","833","833","833","15193","15193","15193","798","798","798"
"475","9339","9339","9339","797","797","797","14764","14764","14764","712","712","712","14862","14862","14862","790","790","790","15143","15143","15143","686","686","686","15152","15152","15152","693","693","693","15195","15195","15195","758","758","758"
"476","9341","9341","9341","868","868","868","14766","14766","14766","676","676","676","14864","14864","14864","698","698","698","15145","15145","15145","694","694","694","15154","15154","15154","697","697","697","15197","15197","15197","711","711","711"
"477","9497","9497","9497","1249","1249","1249","14923","14923","14923","1249","1249","1249","15029","15029","15029","1249","1249","1249","15309","15309","15309","974","974","974","15316","15316","15316","1098","1098","1098","15356","15356","15356","1102","1102","1102"
"478","9499","9499","9499","1080","1080","1080","14925","14925","14925","955","955","955","15031","15031","15031","981","981","981","15311","15311","15311","929","929","929","15318","15318","15318","1046","1046","1046","15358","15358","15358","1180","1180","1180"
"479","9501","9501","9501","1076","1076","1076","14927","14927","14927","996","996","996","15033","15033","15033","979","979","979","15313","15313","15313","942","942","942","15320","15320","15320","1249","1249","1249","15360","15360","15360","1249","1249","1249"
"480","9503","9503","9503","764","764","764","14929","14929","14929","931","931","931","15035","15035","15035","833","833","833","15315","15315","15315","999","999","999","15322","15322","15322","846","846","846","15362","15362","15362","820","820","820"
"481","9505","9505","9505","924","924","924","14931","14931","14931","881","881","881","15037","15037","15037","750","750","750","15317","15317","15317","753","753","753","15324","15324","15324","764","764","764","15364","15364","15364","999","999","999"
"482","9507","9507","9507","929","929","929","14933","14933","14933","734","734","734","15039","15039","15039","744","744","744","15319","15319","15319","737","737","737","15326","15326","15326","734","734","734","15366","15366","15366","734","734","734"
"483","9509","9509","9509","758","758","758","14935","14935","14935","934","934","934","15041","15041","15041","842","842","842","15321","15321","15321","816","816","816","15328","15328","15328","833","833","833","15368","15368","15368","816","816","816"
"484","9511","9511","9511","862","862","862","14937","14937","14937","726","726","726","15043","15043","15043","691","691","691","15323","15323","15323","696","696","696","15330","15330","15330","999","999","999","15370","15370","15370","673","673","673"
"485","9513","9513","9513","870","870","870","14939","14939","14939","692","692","692","15045","15045","15045","674","674","674","15325","15325","15325","694","694","694","15332","15332","15332","678","678","678","15372","15372","15372","695","695","695"
"486","9659","9659","9659","1249","1249","1249","15103","15103","15103","1249","1249","1249","15201","15201","15201","1249","1249","1249","15481","15481","15481","986","986","986","15497","15497","15497","1249","1249","1249","15530","15530","15530","1041","1041","1041"
"487","9661","9661","9661","1091","1091","1091","15105","15105","15105","944","944","944","15203","15203","15203","975","975","975","15483","15483","15483","957","957","957","15499","15499","15499","952","952","952","15532","15532","15532","1056","1056","1056"
"488","9663","9663","9663","1013","1013","1013","15107","15107","15107","951","951","951","15205","15205","15205","991","991","991","15485","15485","15485","948","948","948","15501","15501","15501","938","938","938","15534","15534","15534","1249","1249","1249"
"489","9665","9665","9665","748","748","748","15109","15109","15109","802","802","802","15207","15207","15207","777","777","777","15487","15487","15487","846","846","846","15503","15503","15503","999","999","999","15536","15536","15536","841","841","841"
"490","9667","9667","9667","763","763","763","15111","15111","15111","737","737","737","15209","15209","15209","750","750","750","15489","15489","15489","901","901","901","15505","15505","15505","756","756","756","15538","15538","15538","999","999","999"
"491","9669","9669","9669","733","733","733","15113","15113","15113","730","730","730","15211","15211","15211","744","744","744","15491","15491","15491","734","734","734","15507","15507","15507","734","734","734","15540","15540","15540","999","999","999"
"492","9671","9671","9671","737","737","737","15115","15115","15115","751","751","751","15213","15213","15213","825","825","825","15493","15493","15493","841","841","841","15509","15509","15509","825","825","825","15542","15542","15542","779","779","779"
"493","9673","9673","9673","774","774","774","15117","15117","15117","680","680","680","15215","15215","15215","695","695","695","15495","15495","15495","898","898","898","15511","15511","15511","722","722","722","15544","15544","15544","691","691","691"
"494","9675","9675","9675","772","772","772","15119","15119","15119","695","695","695","15217","15217","15217","701","701","701","15497","15497","15497","692","692","692","15513","15513","15513","758","758","758","15546","15546","15546","696","696","696"
"495","9831","9831","9831","1249","1249","1249","15278","15278","15278","992","992","992","15376","15376","15376","1249","1249","1249","15655","15655","15655","1249","1249","1249","15671","15671","15671","1249","1249","1249","15709","15709","15709","1037","1037","1037"
"496","9833","9833","9833","1094","1094","1094","15280","15280","15280","1249","1249","1249","15378","15378","15378","995","995","995","15657","15657","15657","947","947","947","15673","15673","15673","1040","1040","1040","15711","15711","15711","1074","1074","1074"
"497","9835","9835","9835","1068","1068","1068","15282","15282","15282","942","942","942","15380","15380","15380","989","989","989","15659","15659","15659","955","955","955","15675","15675","15675","944","944","944","15713","15713","15713","1249","1249","1249"
"498","9837","9837","9837","763","763","763","15284","15284","15284","999","999","999","15382","15382","15382","780","780","780","15661","15661","15661","999","999","999","15677","15677","15677","820","820","820","15715","15715","15715","828","828","828"
"499","9839","9839","9839","750","750","750","15286","15286","15286","808","808","808","15384","15384","15384","744","744","744","15663","15663","15663","749","749","749","15679","15679","15679","736","736","736","15717","15717","15717","772","772","772"
"500","9841","9841","9841","806","806","806","15288","15288","15288","794","794","794","15386","15386","15386","733","733","733","15665","15665","15665","733","733","733","15681","15681","15681","762","762","762","15719","15719","15719","723","723","723"
"501","9843","9843","9843","747","747","747","15290","15290","15290","923","923","923","15388","15388","15388","809","809","809","15667","15667","15667","835","835","835","15683","15683","15683","817","817","817","15721","15721","15721","821","821","821"
"502","9845","9845","9845","760","760","760","15292","15292","15292","865","865","865","15390","15390","15390","724","724","724","15669","15669","15669","675","675","675","15685","15685","15685","678","678","678","15723","15723","15723","696","696","696"
"503","9847","9847","9847","784","784","784","15294","15294","15294","677","677","677","15392","15392","15392","696","696","696","15671","15671","15671","696","696","696","15687","15687","15687","692","692","692","15725","15725","15725","696","696","696"
"504","9993","9993","9993","1249","1249","1249","15456","15456","15456","1249","1249","1249","15550","15550","15550","1249","1249","1249","15835","15835","15835","962","962","962","15850","15850","15850","1082","1082","1082","15887","15887","15887","1249","1249","1249"
"505","9995","9995","9995","1034","1034","1034","15458","15458","15458","976","976","976","15552","15552","15552","1013","1013","1013","15837","15837","15837","961","961","961","15852","15852","15852","1037","1037","1037","15889","15889","15889","1249","1249","1249"
"506","9997","9997","9997","1067","1067","1067","15460","15460","15460","947","947","947","15554","15554","15554","1249","1249","1249","15839","15839","15839","943","943","943","15854","15854","15854","946","946","946","15891","15891","15891","1249","1249","1249"
"507","9999","9999","9999","759","759","759","15462","15462","15462","757","757","757","15556","15556","15556","821","821","821","15841","15841","15841","829","829","829","15856","15856","15856","818","818","818","15893","15893","15893","833","833","833"
"508","10001","10001","10001","901","901","901","15464","15464","15464","753","753","753","15558","15558","15558","825","825","825","15843","15843","15843","772","772","772","15858","15858","15858","734","734","734","15895","15895","15895","733","733","733"
"509","10003","10003","10003","829","829","829","15466","15466","15466","724","724","724","15560","15560","15560","749","749","749","15845","15845","15845","750","750","750","15860","15860","15860","749","749","749","15897","15897","15897","715","715","715"
"510","10005","10005","10005","804","804","804","15468","15468","15468","749","749","749","15562","15562","15562","779","779","779","15847","15847","15847","828","828","828","15862","15862","15862","824","824","824","15899","15899","15899","824","824","824"
"511","10007","10007","10007","870","870","870","15470","15470","15470","694","694","694","15564","15564","15564","854","854","854","15849","15849","15849","698","698","698","15864","15864","15864","696","696","696","15901","15901","15901","703","703","703"
"512","10009","10009","10009","856","856","856","15472","15472","15472","684","684","684","15566","15566","15566","698","698","698","15851","15851","15851","691","691","691","15866","15866","15866","676","676","676","15903","15903","15903","694","694","694"
"513","10163","10163","10163","1249","1249","1249","15631","15631","15631","1249","1249","1249","15727","15727","15727","1249","1249","1249","16008","16008","16008","966","966","966","16025","16025","16025","1249","1249","1249","16072","16072","16072","1249","1249","1249"
"514","10165","10165","10165","1095","1095","1095","15633","15633","15633","1051","1051","1051","15729","15729","15729","974","974","974","16010","16010","16010","962","962","962","16027","16027","16027","1029","1029","1029","16074","16074","16074","1040","1040","1040"
"515","10167","10167","10167","1099","1099","1099","15635","15635","15635","928","928","928","15731","15731","15731","990","990","990","16012","16012","16012","950","950","950","16029","16029","16029","953","953","953","16076","16076","16076","976","976","976"
"516","10169","10169","10169","760","760","760","15637","15637","15637","780","780","780","15733","15733","15733","834","834","834","16014","16014","16014","828","828","828","16031","16031","16031","829","829","829","16078","16078","16078","833","833","833"
"517","10171","10171","10171","738","738","738","15639","15639","15639","907","907","907","15735","15735","15735","737","737","737","16016","16016","16016","727","727","727","16033","16033","16033","825","825","825","16080","16080","16080","738","738","738"
"518","10173","10173","10173","734","734","734","15641","15641","15641","741","741","741","15737","15737","15737","744","744","744","16018","16018","16018","735","735","735","16035","16035","16035","730","730","730","16082","16082","16082","999","999","999"
"519","10175","10175","10175","915","915","915","15643","15643","15643","912","912","912","15739","15739","15739","798","798","798","16020","16020","16020","824","824","824","16037","16037","16037","825","825","825","16084","16084","16084","774","774","774"
"520","10177","10177","10177","673","673","673","15645","15645","15645","856","856","856","15741","15741","15741","694","694","694","16022","16022","16022","680","680","680","16039","16039","16039","710","710","710","16086","16086","16086","999","999","999"
"521","10179","10179","10179","709","709","709","15647","15647","15647","676","676","676","15743","15743","15743","677","677","677","16024","16024","16024","700","700","700","16041","16041","16041","767","767","767","16088","16088","16088","764","764","764"
"522","10335","10335","10335","1249","1249","1249","15805","15805","15805","1249","1249","1249","15909","15909","15909","1249","1249","1249","16184","16184","16184","961","961","961","16198","16198","16198","1249","1249","1249","16248","16248","16248","1249","1249","1249"
"523","10337","10337","10337","1077","1077","1077","15807","15807","15807","1049","1049","1049","15911","15911","15911","982","982","982","16186","16186","16186","945","945","945","16200","16200","16200","1001","1001","1001","16250","16250","16250","1174","1174","1174"
"524","10339","10339","10339","1014","1014","1014","15809","15809","15809","958","958","958","15913","15913","15913","903","903","903","16188","16188","16188","962","962","962","16202","16202","16202","942","942","942","16252","16252","16252","964","964","964"
"525","10341","10341","10341","820","820","820","15811","15811","15811","755","755","755","15915","15915","15915","834","834","834","16190","16190","16190","830","830","830","16204","16204","16204","771","771","771","16254","16254","16254","849","849","849"
"526","10343","10343","10343","917","917","917","15813","15813","15813","742","742","742","15917","15917","15917","731","731","731","16192","16192","16192","734","734","734","16206","16206","16206","742","742","742","16256","16256","16256","999","999","999"
"527","10345","10345","10345","745","745","745","15815","15815","15815","733","733","733","15919","15919","15919","752","752","752","16194","16194","16194","722","722","722","16208","16208","16208","767","767","767","16258","16258","16258","720","720","720"
"528","10347","10347","10347","755","755","755","15817","15817","15817","733","733","733","15921","15921","15921","813","813","813","16196","16196","16196","835","835","835","16210","16210","16210","822","822","822","16260","16260","16260","806","806","806"
"529","10349","10349","10349","740","740","740","15819","15819","15819","691","691","691","15923","15923","15923","886","886","886","16198","16198","16198","696","696","696","16212","16212","16212","686","686","686","16262","16262","16262","694","694","694"
"530","10351","10351","10351","785","785","785","15821","15821","15821","708","708","708","15925","15925","15925","771","771","771","16200","16200","16200","696","696","696","16214","16214","16214","678","678","678","16264","16264","16264","696","696","696"
"531","10499","10499","10499","1249","1249","1249","15982","15982","15982","1011","1011","1011","16088","16088","16088","1249","1249","1249","16363","16363","16363","952","952","952","16374","16374","16374","1249","1249","1249","16428","16428","16428","1249","1249","1249"
"532","10501","10501","10501","1092","1092","1092","15984","15984","15984","1034","1034","1034","16090","16090","16090","967","967","967","16365","16365","16365","948","948","948","16376","16376","16376","1062","1062","1062","16430","16430","16430","1015","1015","1015"
"533","10503","10503","10503","1071","1071","1071","15986","15986","15986","917","917","917","16092","16092","16092","1002","1002","1002","16367","16367","16367","951","951","951","16378","16378","16378","970","970","970","16432","16432","16432","969","969","969"
"534","10505","10505","10505","761","761","761","15988","15988","15988","839","839","839","16094","16094","16094","755","755","755","16369","16369","16369","840","840","840","16380","16380","16380","816","816","816","16434","16434","16434","831","831","831"
"535","10507","10507","10507","927","927","927","15990","15990","15990","733","733","733","16096","16096","16096","755","755","755","16371","16371","16371","719","719","719","16382","16382","16382","757","757","757","16436","16436","16436","733","733","733"
"536","10509","10509","10509","934","934","934","15992","15992","15992","722","722","722","16098","16098","16098","744","744","744","16373","16373","16373","813","813","813","16384","16384","16384","747","747","747","16438","16438","16438","722","722","722"
"537","10511","10511","10511","748","748","748","15994","15994","15994","933","933","933","16100","16100","16100","749","749","749","16375","16375","16375","822","822","822","16386","16386","16386","831","831","831","16440","16440","16440","822","822","822"
"538","10513","10513","10513","687","687","687","15996","15996","15996","946","946","946","16102","16102","16102","695","695","695","16377","16377","16377","999","999","999","16388","16388","16388","686","686","686","16442","16442","16442","680","680","680"
"539","10515","10515","10515","761","761","761","15998","15998","15998","716","716","716","16104","16104","16104","681","681","681","16379","16379","16379","692","692","692","16390","16390","16390","676","676","676","16444","16444","16444","785","785","785"
"540","10671","10671","10671","1249","1249","1249","16163","16163","16163","1249","1249","1249","16268","16268","16268","1120","1120","1120","16544","16544","16544","976","976","976","16551","16551","16551","1249","1249","1249","16607","16607","16607","1249","1249","1249"
"541","10673","10673","10673","1068","1068","1068","16165","16165","16165","1071","1071","1071","16270","16270","16270","1054","1054","1054","16546","16546","16546","950","950","950","16553","16553","16553","953","953","953","16609","16609","16609","1028","1028","1028"
"542","10675","10675","10675","1066","1066","1066","16167","16167","16167","996","996","996","16272","16272","16272","990","990","990","16548","16548","16548","970","970","970","16555","16555","16555","955","955","955","16611","16611","16611","1249","1249","1249"
"543","10677","10677","10677","752","752","752","16169","16169","16169","779","779","779","16274","16274","16274","841","841","841","16550","16550","16550","829","829","829","16557","16557","16557","999","999","999","16613","16613","16613","829","829","829"
"544","10679","10679","10679","752","752","752","16171","16171","16171","730","730","730","16276","16276","16276","893","893","893","16552","16552","16552","719","719","719","16559","16559","16559","746","746","746","16615","16615","16615","722","722","722"
"545","10681","10681","10681","926","926","926","16173","16173","16173","756","756","756","16278","16278","16278","752","752","752","16554","16554","16554","749","749","749","16561","16561","16561","734","734","734","16617","16617","16617","999","999","999"
"546","10683","10683","10683","757","757","757","16175","16175","16175","752","752","752","16280","16280","16280","833","833","833","16556","16556","16556","843","843","843","16563","16563","16563","831","831","831","16619","16619","16619","824","824","824"
"547","10685","10685","10685","704","704","704","16177","16177","16177","698","698","698","16282","16282","16282","686","686","686","16558","16558","16558","711","711","711","16565","16565","16565","721","721","721","16621","16621","16621","696","696","696"
"548","10687","10687","10687","856","856","856","16179","16179","16179","684","684","684","16284","16284","16284","711","711","711","16560","16560","16560","701","701","701","16567","16567","16567","678","678","678","16623","16623","16623","698","698","698"
"549","10833","10833","10833","1249","1249","1249","16338","16338","16338","1029","1029","1029","16448","16448","16448","1129","1129","1129","16723","16723","16723","974","974","974","16725","16725","16725","1249","1249","1249","16783","16783","16783","1004","1004","1004"
"550","10835","10835","10835","1052","1052","1052","16340","16340","16340","1094","1094","1094","16450","16450","16450","999","999","999","16725","16725","16725","955","955","955","16727","16727","16727","1015","1015","1015","16785","16785","16785","1158","1158","1158"
"551","10837","10837","10837","1029","1029","1029","16342","16342","16342","1003","1003","1003","16452","16452","16452","1024","1024","1024","16727","16727","16727","953","953","953","16729","16729","16729","938","938","938","16787","16787","16787","1249","1249","1249"
"552","10839","10839","10839","763","763","763","16344","16344","16344","748","748","748","16454","16454","16454","849","849","849","16729","16729","16729","815","815","815","16731","16731","16731","830","830","830","16789","16789","16789","833","833","833"
"553","10841","10841","10841","836","836","836","16346","16346","16346","754","754","754","16456","16456","16456","739","739","739","16731","16731","16731","730","730","730","16733","16733","16733","734","734","734","16791","16791","16791","728","728","728"
"554","10843","10843","10843","775","775","775","16348","16348","16348","763","763","763","16458","16458","16458","733","733","733","16733","16733","16733","719","719","719","16735","16735","16735","747","747","747","16793","16793","16793","728","728","728"
"555","10845","10845","10845","753","753","753","16350","16350","16350","747","747","747","16460","16460","16460","822","822","822","16735","16735","16735","822","822","822","16737","16737","16737","820","820","820","16795","16795","16795","850","850","850"
"556","10847","10847","10847","701","701","701","16352","16352","16352","696","696","696","16462","16462","16462","694","694","694","16737","16737","16737","697","697","697","16739","16739","16739","678","678","678","16797","16797","16797","711","711","711"
"557","10849","10849","10849","689","689","689","16354","16354","16354","692","692","692","16464","16464","16464","999","999","999","16739","16739","16739","695","695","695","16741","16741","16741","692","692","692","16799","16799","16799","763","763","763"
"558","11005","11005","11005","1249","1249","1249","16517","16517","16517","1006","1006","1006","16624","16624","16624","1249","1249","1249","16901","16901","16901","969","969","969","16900","16900","16900","1100","1100","1100","16964","16964","16964","1249","1249","1249"
"559","11007","11007","11007","1019","1019","1019","16519","16519","16519","981","981","981","16626","16626","16626","1030","1030","1030","16903","16903","16903","964","964","964","16902","16902","16902","1014","1014","1014","16966","16966","16966","1097","1097","1097"
"560","11009","11009","11009","1093","1093","1093","16521","16521","16521","957","957","957","16628","16628","16628","926","926","926","16905","16905","16905","949","949","949","16904","16904","16904","906","906","906","16968","16968","16968","1249","1249","1249"
"561","11011","11011","11011","772","772","772","16523","16523","16523","999","999","999","16630","16630","16630","757","757","757","16907","16907","16907","823","823","823","16906","16906","16906","785","785","785","16970","16970","16970","839","839","839"
"562","11013","11013","11013","927","927","927","16525","16525","16525","734","734","734","16632","16632","16632","809","809","809","16909","16909","16909","734","734","734","16908","16908","16908","728","728","728","16972","16972","16972","737","737","737"
"563","11015","11015","11015","764","764","764","16527","16527","16527","742","742","742","16634","16634","16634","724","724","724","16911","16911","16911","730","730","730","16910","16910","16910","717","717","717","16974","16974","16974","750","750","750"
"564","11017","11017","11017","762","762","762","16529","16529","16529","778","778","778","16636","16636","16636","744","744","744","16913","16913","16913","822","822","822","16912","16912","16912","824","824","824","16976","16976","16976","814","814","814"
"565","11019","11019","11019","702","702","702","16531","16531","16531","699","699","699","16638","16638","16638","769","769","769","16915","16915","16915","694","694","694","16914","16914","16914","683","683","683","16978","16978","16978","696","696","696"
"566","11021","11021","11021","690","690","690","16533","16533","16533","771","771","771","16640","16640","16640","771","771","771","16917","16917","16917","681","681","681","16916","16916","16916","712","712","712","16980","16980","16980","700","700","700"
"567","11171","11171","11171","1249","1249","1249","16693","16693","16693","1038","1038","1038","16801","16801","16801","1249","1249","1249","17078","17078","17078","969","969","969","17075","17075","17075","1099","1099","1099","17142","17142","17142","1249","1249","1249"
"568","11173","11173","11173","1079","1079","1079","16695","16695","16695","1249","1249","1249","16803","16803","16803","939","939","939","17080","17080","17080","964","964","964","17077","17077","17077","941","941","941","17144","17144","17144","948","948","948"
"569","11175","11175","11175","1053","1053","1053","16697","16697","16697","945","945","945","16805","16805","16805","980","980","980","17082","17082","17082","934","934","934","17079","17079","17079","1002","1002","1002","17146","17146","17146","1249","1249","1249"
"570","11177","11177","11177","766","766","766","16699","16699","16699","999","999","999","16807","16807","16807","841","841","841","17084","17084","17084","843","843","843","17081","17081","17081","830","830","830","17148","17148","17148","841","841","841"
"571","11179","11179","11179","919","919","919","16701","16701","16701","719","719","719","16809","16809","16809","898","898","898","17086","17086","17086","719","719","719","17083","17083","17083","765","765","765","17150","17150","17150","722","722","722"
"572","11181","11181","11181","746","746","746","16703","16703","16703","735","735","735","16811","16811","16811","719","719","719","17088","17088","17088","999","999","999","17085","17085","17085","769","769","769","17152","17152","17152","722","722","722"
"573","11183","11183","11183","753","753","753","16705","16705","16705","936","936","936","16813","16813","16813","748","748","748","17090","17090","17090","843","843","843","17087","17087","17087","777","777","777","17154","17154","17154","824","824","824"
"574","11185","11185","11185","890","890","890","16707","16707","16707","755","755","755","16815","16815","16815","691","691","691","17092","17092","17092","694","694","694","17089","17089","17089","694","694","694","17156","17156","17156","714","714","714"
"575","11187","11187","11187","719","719","719","16709","16709","16709","696","696","696","16817","16817","16817","697","697","697","17094","17094","17094","692","692","692","17091","17091","17091","698","698","698","17158","17158","17158","691","691","691"
"576","11343","11343","11343","1249","1249","1249","16870","16870","16870","991","991","991","16975","16975","16975","993","993","993","17253","17253","17253","934","934","934","17251","17251","17251","1249","1249","1249","17317","17317","17317","1020","1020","1020"
"577","11345","11345","11345","1066","1066","1066","16872","16872","16872","1065","1065","1065","16977","16977","16977","1013","1013","1013","17255","17255","17255","952","952","952","17253","17253","17253","1038","1038","1038","17319","17319","17319","1052","1052","1052"
"578","11347","11347","11347","1096","1096","1096","16874","16874","16874","935","935","935","16979","16979","16979","1005","1005","1005","17257","17257","17257","938","938","938","17255","17255","17255","976","976","976","17321","17321","17321","1036","1036","1036"
"579","11349","11349","11349","839","839","839","16876","16876","16876","748","748","748","16981","16981","16981","742","742","742","17259","17259","17259","836","836","836","17257","17257","17257","831","831","831","17323","17323","17323","748","748","748"
"580","11351","11351","11351","917","917","917","16878","16878","16878","751","751","751","16983","16983","16983","744","744","744","17261","17261","17261","735","735","735","17259","17259","17259","764","764","764","17325","17325","17325","726","726","726"
"581","11353","11353","11353","909","909","909","16880","16880","16880","750","750","750","16985","16985","16985","768","768","768","17263","17263","17263","739","739","739","17261","17261","17261","736","736","736","17327","17327","17327","755","755","755"
"582","11355","11355","11355","768","768","768","16882","16882","16882","738","738","738","16987","16987","16987","780","780","780","17265","17265","17265","836","836","836","17263","17263","17263","822","822","822","17329","17329","17329","838","838","838"
"583","11357","11357","11357","786","786","786","16884","16884","16884","678","678","678","16989","16989","16989","675","675","675","17267","17267","17267","695","695","695","17265","17265","17265","683","683","683","17331","17331","17331","694","694","694"
"584","11359","11359","11359","762","762","762","16886","16886","16886","700","700","700","16991","16991","16991","774","774","774","17269","17269","17269","676","676","676","17267","17267","17267","854","854","854","17333","17333","17333","774","774","774"
"585","11517","11517","11517","1249","1249","1249","17043","17043","17043","1030","1030","1030","17149","17149","17149","975","975","975","17426","17426","17426","965","965","965","17425","17425","17425","1249","1249","1249","17490","17490","17490","1249","1249","1249"
"586","11519","11519","11519","1063","1063","1063","17045","17045","17045","1064","1064","1064","17151","17151","17151","994","994","994","17428","17428","17428","939","939","939","17427","17427","17427","1060","1060","1060","17492","17492","17492","1154","1154","1154"
"587","11521","11521","11521","1098","1098","1098","17047","17047","17047","948","948","948","17153","17153","17153","964","964","964","17430","17430","17430","954","954","954","17429","17429","17429","940","940","940","17494","17494","17494","1249","1249","1249"
"588","11523","11523","11523","817","817","817","17049","17049","17049","756","756","756","17155","17155","17155","836","836","836","17432","17432","17432","835","835","835","17431","17431","17431","832","832","832","17496","17496","17496","836","836","836"
"589","11525","11525","11525","903","903","903","17051","17051","17051","820","820","820","17157","17157","17157","728","728","728","17434","17434","17434","722","722","722","17433","17433","17433","749","749","749","17498","17498","17498","736","736","736"
"590","11527","11527","11527","915","915","915","17053","17053","17053","733","733","733","17159","17159","17159","739","739","739","17436","17436","17436","999","999","999","17435","17435","17435","740","740","740","17500","17500","17500","999","999","999"
"591","11529","11529","11529","753","753","753","17055","17055","17055","765","765","765","17161","17161","17161","768","768","768","17438","17438","17438","827","827","827","17437","17437","17437","831","831","831","17502","17502","17502","843","843","843"
"592","11531","11531","11531","697","697","697","17057","17057","17057","675","675","675","17163","17163","17163","699","699","699","17440","17440","17440","707","707","707","17439","17439","17439","694","694","694","17504","17504","17504","769","769","769"
"593","11533","11533","11533","887","887","887","17059","17059","17059","999","999","999","17165","17165","17165","691","691","691","17442","17442","17442","696","696","696","17441","17441","17441","671","671","671","17506","17506","17506","999","999","999"
"594","11679","11679","11679","1249","1249","1249","17220","17220","17220","1010","1010","1010","17322","17322","17322","1249","1249","1249","17601","17601","17601","955","955","955","17598","17598","17598","1249","1249","1249","17669","17669","17669","1249","1249","1249"
"595","11681","11681","11681","1038","1038","1038","17222","17222","17222","968","968","968","17324","17324","17324","953","953","953","17603","17603","17603","957","957","957","17600","17600","17600","1051","1051","1051","17671","17671","17671","1074","1074","1074"
"596","11683","11683","11683","1054","1054","1054","17224","17224","17224","931","931","931","17326","17326","17326","944","944","944","17605","17605","17605","959","959","959","17602","17602","17602","936","936","936","17673","17673","17673","959","959","959"
"597","11685","11685","11685","748","748","748","17226","17226","17226","765","765","765","17328","17328","17328","755","755","755","17607","17607","17607","841","841","841","17604","17604","17604","750","750","750","17675","17675","17675","840","840","840"
"598","11687","11687","11687","912","912","912","17228","17228","17228","719","719","719","17330","17330","17330","896","896","896","17609","17609","17609","732","732","732","17606","17606","17606","748","748","748","17677","17677","17677","720","720","720"
"599","11689","11689","11689","763","763","763","17230","17230","17230","750","750","750","17332","17332","17332","721","721","721","17611","17611","17611","733","733","733","17608","17608","17608","769","769","769","17679","17679","17679","758","758","758"
"600","11691","11691","11691","747","747","747","17232","17232","17232","763","763","763","17334","17334","17334","742","742","742","17613","17613","17613","843","843","843","17610","17610","17610","848","848","848","17681","17681","17681","841","841","841"
"601","11693","11693","11693","688","688","688","17234","17234","17234","699","699","699","17336","17336","17336","721","721","721","17615","17615","17615","999","999","999","17612","17612","17612","711","711","711","17683","17683","17683","774","774","774"
"602","11695","11695","11695","673","673","673","17236","17236","17236","693","693","693","17338","17338","17338","681","681","681","17617","17617","17617","676","676","676","17614","17614","17614","710","710","710","17685","17685","17685","682","682","682"
"603","11851","11851","11851","1249","1249","1249","17397","17397","17397","999","999","999","17502","17502","17502","1249","1249","1249","17777","17777","17777","963","963","963","17772","17772","17772","1099","1099","1099","17845","17845","17845","1249","1249","1249"
"604","11853","11853","11853","1052","1052","1052","17399","17399","17399","963","963","963","17504","17504","17504","1004","1004","1004","17779","17779","17779","950","950","950","17774","17774","17774","995","995","995","17847","17847","17847","1013","1013","1013"
"605","11855","11855","11855","1022","1022","1022","17401","17401","17401","949","949","949","17506","17506","17506","931","931","931","17781","17781","17781","953","953","953","17776","17776","17776","932","932","932","17849","17849","17849","946","946","946"
"606","11857","11857","11857","746","746","746","17403","17403","17403","780","780","780","17508","17508","17508","820","820","820","17783","17783","17783","836","836","836","17778","17778","17778","827","827","827","17851","17851","17851","820","820","820"
"607","11859","11859","11859","744","744","744","17405","17405","17405","728","728","728","17510","17510","17510","733","733","733","17785","17785","17785","722","722","722","17780","17780","17780","711","711","711","17853","17853","17853","999","999","999"
"608","11861","11861","11861","833","833","833","17407","17407","17407","725","725","725","17512","17512","17512","724","724","724","17787","17787","17787","716","716","716","17782","17782","17782","729","729","729","17855","17855","17855","753","753","753"
"609","11863","11863","11863","907","907","907","17409","17409","17409","758","758","758","17514","17514","17514","820","820","820","17789","17789","17789","835","835","835","17784","17784","17784","835","835","835","17857","17857","17857","830","830","830"
"610","11865","11865","11865","772","772","772","17411","17411","17411","678","678","678","17516","17516","17516","705","705","705","17791","17791","17791","694","694","694","17786","17786","17786","673","673","673","17859","17859","17859","999","999","999"
"611","11867","11867","11867","857","857","857","17413","17413","17413","692","692","692","17518","17518","17518","999","999","999","17793","17793","17793","681","681","681","17788","17788","17788","680","680","680","17861","17861","17861","774","774","774"
"612","12015","12015","12015","1249","1249","1249","17571","17571","17571","1000","1000","1000","17677","17677","17677","1091","1091","1091","17953","17953","17953","1249","1249","1249","17952","17952","17952","1249","1249","1249","18022","18022","18022","1169","1169","1169"
"613","12017","12017","12017","1034","1034","1034","17573","17573","17573","1077","1077","1077","17679","17679","17679","948","948","948","17955","17955","17955","947","947","947","17954","17954","17954","938","938","938","18024","18024","18024","950","950","950"
"614","12019","12019","12019","1101","1101","1101","17575","17575","17575","1021","1021","1021","17681","17681","17681","949","949","949","17957","17957","17957","965","965","965","17956","17956","17956","949","949","949","18026","18026","18026","1249","1249","1249"
"615","12021","12021","12021","749","749","749","17577","17577","17577","759","759","759","17683","17683","17683","755","755","755","17959","17959","17959","834","834","834","17958","17958","17958","821","821","821","18028","18028","18028","822","822","822"
"616","12023","12023","12023","738","738","738","17579","17579","17579","769","769","769","17685","17685","17685","728","728","728","17961","17961","17961","729","729","729","17960","17960","17960","718","718","718","18030","18030","18030","999","999","999"
"617","12025","12025","12025","902","902","902","17581","17581","17581","737","737","737","17687","17687","17687","761","761","761","17963","17963","17963","738","738","738","17962","17962","17962","723","723","723","18032","18032","18032","733","733","733"
"618","12027","12027","12027","735","735","735","17583","17583","17583","739","739","739","17689","17689","17689","757","757","757","17965","17965","17965","852","852","852","17964","17964","17964","837","837","837","18034","18034","18034","836","836","836"
"619","12029","12029","12029","723","723","723","17585","17585","17585","697","697","697","17691","17691","17691","682","682","682","17967","17967","17967","699","699","699","17966","17966","17966","835","835","835","18036","18036","18036","697","697","697"
"620","12031","12031","12031","869","869","869","17587","17587","17587","720","720","720","17693","17693","17693","697","697","697","17969","17969","17969","671","671","671","17968","17968","17968","698","698","698","18038","18038","18038","771","771","771"
"621","12189","12189","12189","1249","1249","1249","17744","17744","17744","991","991","991","17852","17852","17852","1065","1065","1065","18127","18127","18127","977","977","977","18130","18130","18130","954","954","954","18202","18202","18202","1249","1249","1249"
"622","12191","12191","12191","1046","1046","1046","17746","17746","17746","972","972","972","17854","17854","17854","993","993","993","18129","18129","18129","965","965","965","18132","18132","18132","946","946","946","18204","18204","18204","1032","1032","1032"
"623","12193","12193","12193","1087","1087","1087","17748","17748","17748","941","941","941","17856","17856","17856","922","922","922","18131","18131","18131","967","967","967","18134","18134","18134","948","948","948","18206","18206","18206","1249","1249","1249"
"624","12195","12195","12195","753","753","753","17750","17750","17750","815","815","815","17858","17858","17858","749","749","749","18133","18133","18133","829","829","829","18136","18136","18136","823","823","823","18208","18208","18208","833","833","833"
"625","12197","12197","12197","773","773","773","17752","17752","17752","732","732","732","17860","17860","17860","748","748","748","18135","18135","18135","741","741","741","18138","18138","18138","746","746","746","18210","18210","18210","746","746","746"
"626","12199","12199","12199","923","923","923","17754","17754","17754","798","798","798","17862","17862","17862","765","765","765","18137","18137","18137","728","728","728","18140","18140","18140","732","732","732","18212","18212","18212","762","762","762"
"627","12201","12201","12201","753","753","753","17756","17756","17756","751","751","751","17864","17864","17864","747","747","747","18139","18139","18139","841","841","841","18142","18142","18142","824","824","824","18214","18214","18214","820","820","820"
"628","12203","12203","12203","957","957","957","17758","17758","17758","695","695","695","17866","17866","17866","694","694","694","18141","18141","18141","710","710","710","18144","18144","18144","693","693","693","18216","18216","18216","761","761","761"
"629","12205","12205","12205","772","772","772","17760","17760","17760","931","931","931","17868","17868","17868","684","684","684","18143","18143","18143","675","675","675","18146","18146","18146","678","678","678","18218","18218","18218","777","777","777"
"630","12359","12359","12359","1249","1249","1249","17918","17918","17918","1249","1249","1249","18028","18028","18028","1065","1065","1065","18307","18307","18307","965","965","965","18306","18306","18306","1086","1086","1086","18377","18377","18377","1249","1249","1249"
"631","12361","12361","12361","1081","1081","1081","17920","17920","17920","989","989","989","18030","18030","18030","981","981","981","18309","18309","18309","971","971","971","18308","18308","18308","966","966","966","18379","18379","18379","1155","1155","1155"
"632","12363","12363","12363","1098","1098","1098","17922","17922","17922","1249","1249","1249","18032","18032","18032","994","994","994","18311","18311","18311","954","954","954","18310","18310","18310","906","906","906","18381","18381","18381","1004","1004","1004"
"633","12365","12365","12365","748","748","748","17924","17924","17924","815","815","815","18034","18034","18034","759","759","759","18313","18313","18313","829","829","829","18312","18312","18312","821","821","821","18383","18383","18383","759","759","759"
"634","12367","12367","12367","740","740","740","17926","17926","17926","723","723","723","18036","18036","18036","731","731","731","18315","18315","18315","739","739","739","18314","18314","18314","722","722","722","18385","18385","18385","999","999","999"
"635","12369","12369","12369","831","831","831","17928","17928","17928","730","730","730","18038","18038","18038","740","740","740","18317","18317","18317","730","730","730","18316","18316","18316","734","734","734","18387","18387","18387","999","999","999"
"636","12371","12371","12371","772","772","772","17930","17930","17930","770","770","770","18040","18040","18040","753","753","753","18319","18319","18319","818","818","818","18318","18318","18318","779","779","779","18389","18389","18389","751","751","751"
"637","12373","12373","12373","720","720","720","17932","17932","17932","726","726","726","18042","18042","18042","696","696","696","18321","18321","18321","757","757","757","18320","18320","18320","694","694","694","18391","18391","18391","695","695","695"
"638","12375","12375","12375","835","835","835","17934","17934","17934","677","677","677","18044","18044","18044","681","681","681","18323","18323","18323","691","691","691","18322","18322","18322","679","679","679","18393","18393","18393","697","697","697"
"639","12523","12523","12523","1249","1249","1249","18092","18092","18092","1008","1008","1008","18203","18203","18203","961","961","961","18482","18482","18482","980","980","980","18483","18483","18483","982","982","982","18551","18551","18551","1249","1249","1249"
"640","12525","12525","12525","1065","1065","1065","18094","18094","18094","1062","1062","1062","18205","18205","18205","966","966","966","18484","18484","18484","1064","1064","1064","18485","18485","18485","940","940","940","18553","18553","18553","1029","1029","1029"
"641","12527","12527","12527","1048","1048","1048","18096","18096","18096","927","927","927","18207","18207","18207","1003","1003","1003","18486","18486","18486","937","937","937","18487","18487","18487","938","938","938","18555","18555","18555","997","997","997"
"642","12529","12529","12529","753","753","753","18098","18098","18098","759","759","759","18209","18209","18209","820","820","820","18488","18488","18488","817","817","817","18489","18489","18489","829","829","829","18557","18557","18557","767","767","767"
"643","12531","12531","12531","757","757","757","18100","18100","18100","895","895","895","18211","18211","18211","748","748","748","18490","18490","18490","744","744","744","18491","18491","18491","725","725","725","18559","18559","18559","716","716","716"
"644","12533","12533","12533","911","911","911","18102","18102","18102","747","747","747","18213","18213","18213","773","773","773","18492","18492","18492","720","720","720","18493","18493","18493","723","723","723","18561","18561","18561","715","715","715"
"645","12535","12535","12535","895","895","895","18104","18104","18104","820","820","820","18215","18215","18215","752","752","752","18494","18494","18494","820","820","820","18495","18495","18495","810","810","810","18563","18563","18563","839","839","839"
"646","12537","12537","12537","709","709","709","18106","18106","18106","698","698","698","18217","18217","18217","727","727","727","18496","18496","18496","678","678","678","18497","18497","18497","680","680","680","18565","18565","18565","699","699","699"
"647","12539","12539","12539","772","772","772","18108","18108","18108","693","693","693","18219","18219","18219","692","692","692","18498","18498","18498","676","676","676","18499","18499","18499","694","694","694","18567","18567","18567","692","692","692"
"648","12693","12693","12693","1249","1249","1249","18269","18269","18269","992","992","992","18385","18385","18385","1249","1249","1249","18662","18662","18662","970","970","970","18661","18661","18661","1249","1249","1249","18728","18728","18728","1249","1249","1249"
"649","12695","12695","12695","1079","1079","1079","18271","18271","18271","1029","1029","1029","18387","18387","18387","960","960","960","18664","18664","18664","944","944","944","18663","18663","18663","962","962","962","18730","18730","18730","1078","1078","1078"
"650","12697","12697","12697","1093","1093","1093","18273","18273","18273","977","977","977","18389","18389","18389","985","985","985","18666","18666","18666","950","950","950","18665","18665","18665","940","940","940","18732","18732","18732","940","940","940"
"651","12699","12699","12699","745","745","745","18275","18275","18275","815","815","815","18391","18391","18391","836","836","836","18668","18668","18668","836","836","836","18667","18667","18667","837","837","837","18734","18734","18734","765","765","765"
"652","12701","12701","12701","762","762","762","18277","18277","18277","754","754","754","18393","18393","18393","809","809","809","18670","18670","18670","999","999","999","18669","18669","18669","733","733","733","18736","18736","18736","749","749","749"
"653","12703","12703","12703","828","828","828","18279","18279","18279","734","734","734","18395","18395","18395","736","736","736","18672","18672","18672","720","720","720","18671","18671","18671","747","747","747","18738","18738","18738","738","738","738"
"654","12705","12705","12705","748","748","748","18281","18281","18281","914","914","914","18397","18397","18397","780","780","780","18674","18674","18674","824","824","824","18673","18673","18673","838","838","838","18740","18740","18740","819","819","819"
"655","12707","12707","12707","697","697","697","18283","18283","18283","871","871","871","18399","18399","18399","699","699","699","18676","18676","18676","710","710","710","18675","18675","18675","696","696","696","18742","18742","18742","760","760","760"
"656","12709","12709","12709","768","768","768","18285","18285","18285","695","695","695","18401","18401","18401","680","680","680","18678","18678","18678","696","696","696","18677","18677","18677","678","678","678","18744","18744","18744","695","695","695"
"657","12859","12859","12859","1249","1249","1249","18443","18443","18443","975","975","975","18563","18563","18563","1249","1249","1249","18840","18840","18840","917","917","917","18839","18839","18839","959","959","959","18902","18902","18902","968","968","968"
"658","12861","12861","12861","1091","1091","1091","18445","18445","18445","970","970","970","18565","18565","18565","967","967","967","18842","18842","18842","953","953","953","18841","18841","18841","1054","1054","1054","18904","18904","18904","1028","1028","1028"
"659","12863","12863","12863","1093","1093","1093","18447","18447","18447","989","989","989","18567","18567","18567","938","938","938","18844","18844","18844","943","943","943","18843","18843","18843","998","998","998","18906","18906","18906","928","928","928"
"660","12865","12865","12865","755","755","755","18449","18449","18449","766","766","766","18569","18569","18569","840","840","840","18846","18846","18846","821","821","821","18845","18845","18845","832","832","832","18908","18908","18908","822","822","822"
"661","12867","12867","12867","905","905","905","18451","18451","18451","749","749","749","18571","18571","18571","893","893","893","18848","18848","18848","737","737","737","18847","18847","18847","732","732","732","18910","18910","18910","749","749","749"
"662","12869","12869","12869","772","772","772","18453","18453","18453","727","727","727","18573","18573","18573","768","768","768","18850","18850","18850","720","720","720","18849","18849","18849","749","749","749","18912","18912","18912","727","727","727"
"663","12871","12871","12871","907","907","907","18455","18455","18455","751","751","751","18575","18575","18575","850","850","850","18852","18852","18852","834","834","834","18851","18851","18851","825","825","825","18914","18914","18914","831","831","831"
"664","12873","12873","12873","697","697","697","18457","18457","18457","694","694","694","18577","18577","18577","728","728","728","18854","18854","18854","694","694","694","18853","18853","18853","694","694","694","18916","18916","18916","999","999","999"
"665","12875","12875","12875","933","933","933","18459","18459","18459","673","673","673","18579","18579","18579","700","700","700","18856","18856","18856","695","695","695","18855","18855","18855","681","681","681","18918","18918","18918","758","758","758"
"666","13029","13029","13029","1249","1249","1249","18622","18622","18622","992","992","992","18744","18744","18744","984","984","984","19016","19016","19016","1249","1249","1249","19017","19017","19017","1249","1249","1249","19076","19076","19076","1120","1120","1120"
"667","13031","13031","13031","1069","1069","1069","18624","18624","18624","1017","1017","1017","18746","18746","18746","1012","1012","1012","19018","19018","19018","952","952","952","19019","19019","19019","952","952","952","19078","19078","19078","1160","1160","1160"
"668","13033","13033","13033","1007","1007","1007","18626","18626","18626","979","979","979","18748","18748","18748","945","945","945","19020","19020","19020","948","948","948","19021","19021","19021","1022","1022","1022","19080","19080","19080","986","986","986"
"669","13035","13035","13035","755","755","755","18628","18628","18628","761","761","761","18750","18750","18750","741","741","741","19022","19022","19022","834","834","834","19023","19023","19023","932","932","932","19082","19082","19082","817","817","817"
"670","13037","13037","13037","733","733","733","18630","18630","18630","749","749","749","18752","18752","18752","806","806","806","19024","19024","19024","749","749","749","19025","19025","19025","716","716","716","19084","19084","19084","999","999","999"
"671","13039","13039","13039","999","999","999","18632","18632","18632","735","735","735","18754","18754","18754","717","717","717","19026","19026","19026","792","792","792","19027","19027","19027","733","733","733","19086","19086","19086","741","741","741"
"672","13041","13041","13041","896","896","896","18634","18634","18634","773","773","773","18756","18756","18756","748","748","748","19028","19028","19028","822","822","822","19029","19029","19029","931","931","931","19088","19088","19088","853","853","853"
"673","13043","13043","13043","781","781","781","18636","18636","18636","673","673","673","18758","18758","18758","884","884","884","19030","19030","19030","695","695","695","19031","19031","19031","686","686","686","19090","19090","19090","686","686","686"
"674","13045","13045","13045","688","688","688","18638","18638","18638","695","695","695","18760","18760","18760","696","696","696","19032","19032","19032","702","702","702","19033","19033","19033","704","704","704","19092","19092","19092","696","696","696"
"675","13191","13191","13191","1249","1249","1249","18798","18798","18798","977","977","977","18921","18921","18921","938","938","938","19194","19194","19194","987","987","987","19191","19191","19191","1249","1249","1249","19253","19253","19253","977","977","977"
"676","13193","13193","13193","1039","1039","1039","18800","18800","18800","1059","1059","1059","18923","18923","18923","968","968","968","19196","19196","19196","947","947","947","19193","19193","19193","1081","1081","1081","19255","19255","19255","1030","1030","1030"
"677","13195","13195","13195","1024","1024","1024","18802","18802","18802","1000","1000","1000","18925","18925","18925","936","936","936","19198","19198","19198","948","948","948","19195","19195","19195","952","952","952","19257","19257","19257","934","934","934"
"678","13197","13197","13197","845","845","845","18804","18804","18804","746","746","746","18927","18927","18927","778","778","778","19200","19200","19200","829","829","829","19197","19197","19197","935","935","935","19259","19259","19259","828","828","828"
"679","13199","13199","13199","821","821","821","18806","18806","18806","721","721","721","18929","18929","18929","745","745","745","19202","19202","19202","999","999","999","19199","19199","19199","733","733","733","19261","19261","19261","907","907","907"
"680","13201","13201","13201","924","924","924","18808","18808","18808","722","722","722","18931","18931","18931","764","764","764","19204","19204","19204","731","731","731","19201","19201","19201","736","736","736","19263","19263","19263","735","735","735"
"681","13203","13203","13203","759","759","759","18810","18810","18810","736","736","736","18933","18933","18933","727","727","727","19206","19206","19206","836","836","836","19203","19203","19203","923","923","923","19265","19265","19265","827","827","827"
"682","13205","13205","13205","866","866","866","18812","18812","18812","683","683","683","18935","18935","18935","697","697","697","19208","19208","19208","691","691","691","19205","19205","19205","683","683","683","19267","19267","19267","725","725","725"
"683","13207","13207","13207","691","691","691","18814","18814","18814","696","696","696","18937","18937","18937","693","693","693","19210","19210","19210","695","695","695","19207","19207","19207","692","692","692","19269","19269","19269","691","691","691"
"684","13365","13365","13365","1249","1249","1249","18973","18973","18973","1249","1249","1249","19097","19097","19097","943","943","943","19368","19368","19368","918","918","918","19366","19366","19366","1249","1249","1249","19432","19432","19432","1097","1097","1097"
"685","13367","13367","13367","1023","1023","1023","18975","18975","18975","1006","1006","1006","19099","19099","19099","1028","1028","1028","19370","19370","19370","981","981","981","19368","19368","19368","941","941","941","19434","19434","19434","981","981","981"
"686","13369","13369","13369","1043","1043","1043","18977","18977","18977","956","956","956","19101","19101","19101","994","994","994","19372","19372","19372","962","962","962","19370","19370","19370","941","941","941","19436","19436","19436","938","938","938"
"687","13371","13371","13371","765","765","765","18979","18979","18979","823","823","823","19103","19103","19103","760","760","760","19374","19374","19374","817","817","817","19372","19372","19372","838","838","838","19438","19438","19438","825","825","825"
"688","13373","13373","13373","929","929","929","18981","18981","18981","749","749","749","19105","19105","19105","740","740","740","19376","19376","19376","719","719","719","19374","19374","19374","719","719","719","19440","19440","19440","814","814","814"
"689","13375","13375","13375","836","836","836","18983","18983","18983","749","749","749","19107","19107","19107","754","754","754","19378","19378","19378","733","733","733","19376","19376","19376","742","742","742","19442","19442","19442","732","732","732"
"690","13377","13377","13377","778","778","778","18985","18985","18985","916","916","916","19109","19109","19109","726","726","726","19380","19380","19380","809","809","809","19378","19378","19378","852","852","852","19444","19444","19444","806","806","806"
"691","13379","13379","13379","763","763","763","18987","18987","18987","691","691","691","19111","19111","19111","704","704","704","19382","19382","19382","678","678","678","19380","19380","19380","680","680","680","19446","19446","19446","899","899","899"
"692","13381","13381","13381","772","772","772","18989","18989","18989","682","682","682","19113","19113","19113","678","678","678","19384","19384","19384","857","857","857","19382","19382","19382","680","680","680","19448","19448","19448","712","712","712"
"693","13537","13537","13537","1249","1249","1249","19152","19152","19152","1016","1016","1016","19274","19274","19274","970","970","970","19542","19542","19542","950","950","950","19542","19542","19542","1249","1249","1249","19612","19612","19612","1160","1160","1160"
"694","13539","13539","13539","1041","1041","1041","19154","19154","19154","1057","1057","1057","19276","19276","19276","980","980","980","19544","19544","19544","948","948","948","19544","19544","19544","971","971","971","19614","19614","19614","957","957","957"
"695","13541","13541","13541","1030","1030","1030","19156","19156","19156","992","992","992","19278","19278","19278","914","914","914","19546","19546","19546","937","937","937","19546","19546","19546","1014","1014","1014","19616","19616","19616","1249","1249","1249"
"696","13543","13543","13543","767","767","767","19158","19158","19158","748","748","748","19280","19280","19280","760","760","760","19548","19548","19548","839","839","839","19548","19548","19548","833","833","833","19618","19618","19618","824","824","824"
"697","13545","13545","13545","760","760","760","19160","19160","19160","749","749","749","19282","19282","19282","722","722","722","19550","19550","19550","733","733","733","19550","19550","19550","737","737","737","19620","19620","19620","749","749","749"
"698","13547","13547","13547","915","915","915","19162","19162","19162","763","763","763","19284","19284","19284","716","716","716","19552","19552","19552","734","734","734","19552","19552","19552","757","757","757","19622","19622","19622","733","733","733"
"699","13549","13549","13549","817","817","817","19164","19164","19164","776","776","776","19286","19286","19286","752","752","752","19554","19554","19554","829","829","829","19554","19554","19554","827","827","827","19624","19624","19624","835","835","835"
"700","13551","13551","13551","784","784","784","19166","19166","19166","683","683","683","19288","19288","19288","694","694","694","19556","19556","19556","691","691","691","19556","19556","19556","678","678","678","19626","19626","19626","867","867","867"
"701","13553","13553","13553","931","931","931","19168","19168","19168","682","682","682","19290","19290","19290","755","755","755","19558","19558","19558","692","692","692","19558","19558","19558","695","695","695","19628","19628","19628","771","771","771"
"702","13697","13697","13697","1249","1249","1249","19331","19331","19331","980","980","980","19448","19448","19448","950","950","950","19715","19715","19715","968","968","968","19719","19719","19719","1249","1249","1249","19786","19786","19786","974","974","974"
"703","13699","13699","13699","1066","1066","1066","19333","19333","19333","972","972","972","19450","19450","19450","974","974","974","19717","19717","19717","979","979","979","19721","19721","19721","1032","1032","1032","19788","19788","19788","936","936","936"
"704","13701","13701","13701","1026","1026","1026","19335","19335","19335","943","943","943","19452","19452","19452","947","947","947","19719","19719","19719","967","967","967","19723","19723","19723","934","934","934","19790","19790","19790","938","938","938"
"705","13703","13703","13703","761","761","761","19337","19337","19337","820","820","820","19454","19454","19454","760","760","760","19721","19721","19721","820","820","820","19725","19725","19725","766","766","766","19792","19792","19792","830","830","830"
"706","13705","13705","13705","999","999","999","19339","19339","19339","725","725","725","19456","19456","19456","730","730","730","19723","19723","19723","739","739","739","19727","19727","19727","731","731","731","19794","19794","19794","999","999","999"
"707","13707","13707","13707","823","823","823","19341","19341","19341","744","744","744","19458","19458","19458","740","740","740","19725","19725","19725","734","734","734","19729","19729","19729","725","725","725","19796","19796","19796","736","736","736"
"708","13709","13709","13709","737","737","737","19343","19343","19343","765","765","765","19460","19460","19460","765","765","765","19727","19727","19727","826","826","826","19731","19731","19731","740","740","740","19798","19798","19798","827","827","827"
"709","13711","13711","13711","867","867","867","19345","19345","19345","865","865","865","19462","19462","19462","694","694","694","19729","19729","19729","712","712","712","19733","19733","19733","702","702","702","19800","19800","19800","693","693","693"
"710","13713","13713","13713","772","772","772","19347","19347","19347","678","678","678","19464","19464","19464","693","693","693","19731","19731","19731","698","698","698","19735","19735","19735","676","676","676","19802","19802","19802","771","771","771"
"711","13869","13869","13869","1249","1249","1249","19509","19509","19509","1249","1249","1249","19627","19627","19627","950","950","950","19895","19895","19895","934","934","934","19893","19893","19893","1249","1249","1249","19961","19961","19961","1097","1097","1097"
"712","13871","13871","13871","1066","1066","1066","19511","19511","19511","958","958","958","19629","19629","19629","952","952","952","19897","19897","19897","990","990","990","19895","19895","19895","936","936","936","19963","19963","19963","962","962","962"
"713","13873","13873","13873","1094","1094","1094","19513","19513","19513","978","978","978","19631","19631","19631","948","948","948","19899","19899","19899","973","973","973","19897","19897","19897","959","959","959","19965","19965","19965","933","933","933"
"714","13875","13875","13875","772","772","772","19515","19515","19515","755","755","755","19633","19633","19633","767","767","767","19901","19901","19901","821","821","821","19899","19899","19899","837","837","837","19967","19967","19967","822","822","822"
"715","13877","13877","13877","915","915","915","19517","19517","19517","733","733","733","19635","19635","19635","898","898","898","19903","19903","19903","719","719","719","19901","19901","19901","720","720","720","19969","19969","19969","757","757","757"
"716","13879","13879","13879","936","936","936","19519","19519","19519","712","712","712","19637","19637","19637","736","736","736","19905","19905","19905","719","719","719","19903","19903","19903","739","739","739","19971","19971","19971","733","733","733"
"717","13881","13881","13881","747","747","747","19521","19521","19521","749","749","749","19639","19639","19639","758","758","758","19907","19907","19907","820","820","820","19905","19905","19905","832","832","832","19973","19973","19973","854","854","854"
"718","13883","13883","13883","707","707","707","19523","19523","19523","715","715","715","19641","19641","19641","897","897","897","19909","19909","19909","678","678","678","19907","19907","19907","736","736","736","19975","19975","19975","700","700","700"
"719","13885","13885","13885","716","716","716","19525","19525","19525","695","695","695","19643","19643","19643","711","711","711","19911","19911","19911","698","698","698","19909","19909","19909","696","696","696","19977","19977","19977","692","692","692"
"720","14031","14031","14031","1249","1249","1249","19685","19685","19685","977","977","977","19804","19804","19804","1249","1249","1249","20070","20070","20070","966","966","966","20071","20071","20071","1249","1249","1249","20136","20136","20136","1018","1018","1018"
"721","14033","14033","14033","1095","1095","1095","19687","19687","19687","974","974","974","19806","19806","19806","956","956","956","20072","20072","20072","958","958","958","20073","20073","20073","1069","1069","1069","20138","20138","20138","1249","1249","1249"
"722","14035","14035","14035","1082","1082","1082","19689","19689","19689","950","950","950","19808","19808","19808","953","953","953","20074","20074","20074","965","965","965","20075","20075","20075","939","939","939","20140","20140","20140","986","986","986"
"723","14037","14037","14037","766","766","766","19691","19691","19691","762","762","762","19810","19810","19810","745","745","745","20076","20076","20076","829","829","829","20077","20077","20077","949","949","949","20142","20142","20142","762","762","762"
"724","14039","14039","14039","767","767","767","19693","19693","19693","766","766","766","19812","19812","19812","744","744","744","20078","20078","20078","999","999","999","20079","20079","20079","746","746","746","20144","20144","20144","798","798","798"
"725","14041","14041","14041","756","756","756","19695","19695","19695","750","750","750","19814","19814","19814","720","720","720","20080","20080","20080","999","999","999","20081","20081","20081","726","726","726","20146","20146","20146","749","749","749"
"726","14043","14043","14043","823","823","823","19697","19697","19697","757","757","757","19816","19816","19816","722","722","722","20082","20082","20082","827","827","827","20083","20083","20083","816","816","816","20148","20148","20148","853","853","853"
"727","14045","14045","14045","690","690","690","19699","19699","19699","719","719","719","19818","19818","19818","726","726","726","20084","20084","20084","999","999","999","20085","20085","20085","702","702","702","20150","20150","20150","675","675","675"
"728","14047","14047","14047","786","786","786","19701","19701","19701","695","695","695","19820","19820","19820","696","696","696","20086","20086","20086","678","678","678","20087","20087","20087","703","703","703","20152","20152","20152","695","695","695"
"729","14205","14205","14205","1249","1249","1249","19861","19861","19861","964","964","964","19981","19981","19981","1249","1249","1249","20247","20247","20247","934","934","934","20250","20250","20250","1249","1249","1249","20315","20315","20315","1097","1097","1097"
"730","14207","14207","14207","1022","1022","1022","19863","19863","19863","964","964","964","19983","19983","19983","910","910","910","20249","20249","20249","965","965","965","20252","20252","20252","1067","1067","1067","20317","20317","20317","937","937","937"
"731","14209","14209","14209","1052","1052","1052","19865","19865","19865","935","935","935","19985","19985","19985","913","913","913","20251","20251","20251","934","934","934","20254","20254","20254","959","959","959","20319","20319","20319","1249","1249","1249"
"732","14211","14211","14211","755","755","755","19867","19867","19867","809","809","809","19987","19987","19987","746","746","746","20253","20253","20253","831","831","831","20256","20256","20256","822","822","822","20321","20321","20321","832","832","832"
"733","14213","14213","14213","757","757","757","19869","19869","19869","735","735","735","19989","19989","19989","830","830","830","20255","20255","20255","736","736","736","20258","20258","20258","747","747","747","20323","20323","20323","907","907","907"
"734","14215","14215","14215","733","733","733","19871","19871","19871","720","720","720","19991","19991","19991","746","746","746","20257","20257","20257","722","722","722","20260","20260","20260","730","730","730","20325","20325","20325","999","999","999"
"735","14217","14217","14217","819","819","819","19873","19873","19873","768","768","768","19993","19993","19993","748","748","748","20259","20259","20259","832","832","832","20262","20262","20262","817","817","817","20327","20327","20327","822","822","822"
"736","14219","14219","14219","777","777","777","19875","19875","19875","694","694","694","19995","19995","19995","769","769","769","20261","20261","20261","696","696","696","20264","20264","20264","769","769","769","20329","20329","20329","758","758","758"
"737","14221","14221","14221","723","723","723","19877","19877","19877","694","694","694","19997","19997","19997","696","696","696","20263","20263","20263","837","837","837","20266","20266","20266","695","695","695","20331","20331","20331","695","695","695"
"738","14369","14369","14369","1249","1249","1249","20036","20036","20036","980","980","980","20159","20159","20159","984","984","984","20422","20422","20422","978","978","978","20424","20424","20424","1249","1249","1249","20489","20489","20489","956","956","956"
"739","14371","14371","14371","1114","1114","1114","20038","20038","20038","1020","1020","1020","20161","20161","20161","965","965","965","20424","20424","20424","949","949","949","20426","20426","20426","1073","1073","1073","20491","20491","20491","928","928","928"
"740","14373","14373","14373","1078","1078","1078","20040","20040","20040","1001","1001","1001","20163","20163","20163","1043","1043","1043","20426","20426","20426","965","965","965","20428","20428","20428","951","951","951","20493","20493","20493","936","936","936"
"741","14375","14375","14375","762","762","762","20042","20042","20042","755","755","755","20165","20165","20165","755","755","755","20428","20428","20428","845","845","845","20430","20430","20430","753","753","753","20495","20495","20495","822","822","822"
"742","14377","14377","14377","843","843","843","20044","20044","20044","734","734","734","20167","20167","20167","834","834","834","20430","20430","20430","722","722","722","20432","20432","20432","747","747","747","20497","20497","20497","735","735","735"
"743","14379","14379","14379","906","906","906","20046","20046","20046","744","744","744","20169","20169","20169","745","745","745","20432","20432","20432","733","733","733","20434","20434","20434","729","729","729","20499","20499","20499","734","734","734"
"744","14381","14381","14381","789","789","789","20048","20048","20048","779","779","779","20171","20171","20171","724","724","724","20434","20434","20434","822","822","822","20436","20436","20436","812","812","812","20501","20501","20501","842","842","842"
"745","14383","14383","14383","789","789","789","20050","20050","20050","696","696","696","20173","20173","20173","726","726","726","20436","20436","20436","675","675","675","20438","20438","20438","685","685","685","20503","20503","20503","897","897","897"
"746","14385","14385","14385","878","878","878","20052","20052","20052","712","712","712","20175","20175","20175","697","697","697","20438","20438","20438","700","700","700","20440","20440","20440","712","712","712","20505","20505","20505","679","679","679"
"747","14541","14541","14541","1249","1249","1249","20214","20214","20214","981","981","981","20337","20337","20337","925","925","925","20600","20600","20600","979","979","979","20601","20601","20601","1249","1249","1249","20663","20663","20663","968","968","968"
"748","14543","14543","14543","1069","1069","1069","20216","20216","20216","974","974","974","20339","20339","20339","1249","1249","1249","20602","20602","20602","948","948","948","20603","20603","20603","946","946","946","20665","20665","20665","946","946","946"
"749","14545","14545","14545","1033","1033","1033","20218","20218","20218","999","999","999","20341","20341","20341","984","984","984","20604","20604","20604","953","953","953","20605","20605","20605","1013","1013","1013","20667","20667","20667","1249","1249","1249"
"750","14547","14547","14547","757","757","757","20220","20220","20220","750","750","750","20343","20343","20343","830","830","830","20606","20606","20606","809","809","809","20607","20607","20607","837","837","837","20669","20669","20669","825","825","825"
"751","14549","14549","14549","831","831","831","20222","20222","20222","768","768","768","20345","20345","20345","744","744","744","20608","20608","20608","733","733","733","20609","20609","20609","723","723","723","20671","20671","20671","999","999","999"
"752","14551","14551","14551","831","831","831","20224","20224","20224","740","740","740","20347","20347","20347","714","714","714","20610","20610","20610","734","734","734","20611","20611","20611","769","769","769","20673","20673","20673","728","728","728"
"753","14553","14553","14553","762","762","762","20226","20226","20226","747","747","747","20349","20349","20349","747","747","747","20612","20612","20612","831","831","831","20613","20613","20613","822","822","822","20675","20675","20675","803","803","803"
"754","14555","14555","14555","715","715","715","20228","20228","20228","678","678","678","20351","20351","20351","725","725","725","20614","20614","20614","699","699","699","20615","20615","20615","697","697","697","20677","20677","20677","774","774","774"
"755","14557","14557","14557","853","853","853","20230","20230","20230","692","692","692","20353","20353","20353","777","777","777","20616","20616","20616","692","692","692","20617","20617","20617","694","694","694","20679","20679","20679","758","758","758"
"756","14717","14717","14717","1249","1249","1249","20389","20389","20389","974","974","974","20513","20513","20513","1249","1249","1249","20779","20779","20779","994","994","994","20777","20777","20777","1249","1249","1249","20837","20837","20837","1021","1021","1021"
"757","14719","14719","14719","1086","1086","1086","20391","20391","20391","1010","1010","1010","20515","20515","20515","955","955","955","20781","20781","20781","969","969","969","20779","20779","20779","952","952","952","20839","20839","20839","983","983","983"
"758","14721","14721","14721","1026","1026","1026","20393","20393","20393","941","941","941","20517","20517","20517","903","903","903","20783","20783","20783","931","931","931","20781","20781","20781","969","969","969","20841","20841","20841","910","910","910"
"759","14723","14723","14723","767","767","767","20395","20395","20395","779","779","779","20519","20519","20519","790","790","790","20785","20785","20785","819","819","819","20783","20783","20783","760","760","760","20843","20843","20843","838","838","838"
"760","14725","14725","14725","747","747","747","20397","20397","20397","757","757","757","20521","20521","20521","749","749","749","20787","20787","20787","722","722","722","20785","20785","20785","720","720","720","20845","20845","20845","736","736","736"
"761","14727","14727","14727","726","726","726","20399","20399","20399","745","745","745","20523","20523","20523","735","735","735","20789","20789","20789","744","744","744","20787","20787","20787","768","768","768","20847","20847","20847","733","733","733"
"762","14729","14729","14729","755","755","755","20401","20401","20401","733","733","733","20525","20525","20525","755","755","755","20791","20791","20791","814","814","814","20789","20789","20789","769","769","769","20849","20849","20849","810","810","810"
"763","14731","14731","14731","769","769","769","20403","20403","20403","678","678","678","20527","20527","20527","897","897","897","20793","20793","20793","694","694","694","20791","20791","20791","694","694","694","20851","20851","20851","677","677","677"
"764","14733","14733","14733","693","693","693","20405","20405","20405","693","693","693","20529","20529","20529","693","693","693","20795","20795","20795","676","676","676","20793","20793","20793","692","692","692","20853","20853","20853","999","999","999"
"765","14881","14881","14881","1249","1249","1249","20564","20564","20564","980","980","980","20690","20690","20690","1249","1249","1249","20953","20953","20953","1249","1249","1249","20950","20950","20950","966","966","966","21012","21012","21012","999","999","999"
"766","14883","14883","14883","1083","1083","1083","20566","20566","20566","1053","1053","1053","20692","20692","20692","1073","1073","1073","20955","20955","20955","955","955","955","20952","20952","20952","969","969","969","21014","21014","21014","985","985","985"
"767","14885","14885","14885","1026","1026","1026","20568","20568","20568","928","928","928","20694","20694","20694","982","982","982","20957","20957","20957","948","948","948","20954","20954","20954","970","970","970","21016","21016","21016","1249","1249","1249"
"768","14887","14887","14887","845","845","845","20570","20570","20570","754","754","754","20696","20696","20696","759","759","759","20959","20959","20959","840","840","840","20956","20956","20956","830","830","830","21018","21018","21018","741","741","741"
"769","14889","14889","14889","920","920","920","20572","20572","20572","748","748","748","20698","20698","20698","754","754","754","20961","20961","20961","999","999","999","20958","20958","20958","738","738","738","21020","21020","21020","754","754","754"
"770","14891","14891","14891","818","818","818","20574","20574","20574","744","744","744","20700","20700","20700","744","744","744","20963","20963","20963","726","726","726","20960","20960","20960","735","735","735","21022","21022","21022","734","734","734"
"771","14893","14893","14893","816","816","816","20576","20576","20576","758","758","758","20702","20702","20702","724","724","724","20965","20965","20965","806","806","806","20962","20962","20962","824","824","824","21024","21024","21024","853","853","853"
"772","14895","14895","14895","772","772","772","20578","20578","20578","680","680","680","20704","20704","20704","696","696","696","20967","20967","20967","696","696","696","20964","20964","20964","697","697","697","21026","21026","21026","691","691","691"
"773","14897","14897","14897","757","757","757","20580","20580","20580","695","695","695","20706","20706","20706","698","698","698","20969","20969","20969","697","697","697","20966","20966","20966","697","697","697","21028","21028","21028","761","761","761"
"774","15053","15053","15053","1249","1249","1249","20738","20738","20738","1000","1000","1000","20864","20864","20864","940","940","940","21125","21125","21125","969","969","969","21131","21131","21131","1019","1019","1019","21188","21188","21188","1011","1011","1011"
"775","15055","15055","15055","1036","1036","1036","20740","20740","20740","968","968","968","20866","20866","20866","972","972","972","21127","21127","21127","953","953","953","21133","21133","21133","1050","1050","1050","21190","21190","21190","1063","1063","1063"
"776","15057","15057","15057","1029","1029","1029","20742","20742","20742","997","997","997","20868","20868","20868","944","944","944","21129","21129","21129","951","951","951","21135","21135","21135","962","962","962","21192","21192","21192","1249","1249","1249"
"777","15059","15059","15059","755","755","755","20744","20744","20744","750","750","750","20870","20870","20870","760","760","760","21131","21131","21131","831","831","831","21137","21137","21137","771","771","771","21194","21194","21194","836","836","836"
"778","15061","15061","15061","915","915","915","20746","20746","20746","730","730","730","20872","20872","20872","733","733","733","21133","21133","21133","999","999","999","21139","21139","21139","739","739","739","21196","21196","21196","811","811","811"
"779","15063","15063","15063","897","897","897","20748","20748","20748","729","729","729","20874","20874","20874","749","749","749","21135","21135","21135","999","999","999","21141","21141","21141","731","731","731","21198","21198","21198","816","816","816"
"780","15065","15065","15065","752","752","752","20750","20750","20750","729","729","729","20876","20876","20876","750","750","750","21137","21137","21137","852","852","852","21143","21143","21143","822","822","822","21200","21200","21200","822","822","822"
"781","15067","15067","15067","871","871","871","20752","20752","20752","701","701","701","20878","20878","20878","758","758","758","21139","21139","21139","678","678","678","21145","21145","21145","680","680","680","21202","21202","21202","709","709","709"
"782","15069","15069","15069","685","685","685","20754","20754","20754","695","695","695","20880","20880","20880","769","769","769","21141","21141","21141","695","695","695","21147","21147","21147","709","709","709","21204","21204","21204","697","697","697"
"783","15215","15215","15215","1249","1249","1249","20913","20913","20913","965","965","965","21041","21041","21041","978","978","978","21302","21302","21302","917","917","917","21305","21305","21305","1088","1088","1088","21366","21366","21366","974","974","974"
"784","15217","15217","15217","1056","1056","1056","20915","20915","20915","959","959","959","21043","21043","21043","1032","1032","1032","21304","21304","21304","953","953","953","21307","21307","21307","958","958","958","21368","21368","21368","1094","1094","1094"
"785","15219","15219","15219","1032","1032","1032","20917","20917","20917","992","992","992","21045","21045","21045","1249","1249","1249","21306","21306","21306","948","948","948","21309","21309","21309","950","950","950","21370","21370","21370","928","928","928"
"786","15221","15221","15221","828","828","828","20919","20919","20919","759","759","759","21047","21047","21047","755","755","755","21308","21308","21308","820","820","820","21311","21311","21311","843","843","843","21372","21372","21372","837","837","837"
"787","15223","15223","15223","928","928","928","20921","20921","20921","728","728","728","21049","21049","21049","799","799","799","21310","21310","21310","808","808","808","21313","21313","21313","732","732","732","21374","21374","21374","750","750","750"
"788","15225","15225","15225","754","754","754","20923","20923","20923","732","732","732","21051","21051","21051","736","736","736","21312","21312","21312","729","729","729","21315","21315","21315","729","729","729","21376","21376","21376","732","732","732"
"789","15227","15227","15227","927","927","927","20925","20925","20925","772","772","772","21053","21053","21053","752","752","752","21314","21314","21314","827","827","827","21317","21317","21317","817","817","817","21378","21378","21378","824","824","824"
"790","15229","15229","15229","694","694","694","20927","20927","20927","683","683","683","21055","21055","21055","694","694","694","21316","21316","21316","681","681","681","21319","21319","21319","696","696","696","21380","21380","21380","683","683","683"
"791","15231","15231","15231","676","676","676","20929","20929","20929","712","712","712","21057","21057","21057","761","761","761","21318","21318","21318","694","694","694","21321","21321","21321","697","697","697","21382","21382","21382","758","758","758"
"792","15387","15387","15387","1249","1249","1249","21091","21091","21091","967","967","967","21216","21216","21216","1249","1249","1249","21479","21479","21479","949","949","949","21480","21480","21480","1076","1076","1076","21542","21542","21542","935","935","935"
"793","15389","15389","15389","1022","1022","1022","21093","21093","21093","996","996","996","21218","21218","21218","953","953","953","21481","21481","21481","959","959","959","21482","21482","21482","947","947","947","21544","21544","21544","933","933","933"
"794","15391","15391","15391","1040","1040","1040","21095","21095","21095","985","985","985","21220","21220","21220","959","959","959","21483","21483","21483","1249","1249","1249","21484","21484","21484","937","937","937","21546","21546","21546","923","923","923"
"795","15393","15393","15393","756","756","756","21097","21097","21097","741","741","741","21222","21222","21222","829","829","829","21485","21485","21485","999","999","999","21486","21486","21486","823","823","823","21548","21548","21548","834","834","834"
"796","15395","15395","15395","928","928","928","21099","21099","21099","739","739","739","21224","21224","21224","817","817","817","21487","21487","21487","742","742","742","21488","21488","21488","768","768","768","21550","21550","21550","751","751","751"
"797","15397","15397","15397","745","745","745","21101","21101","21101","750","750","750","21226","21226","21226","734","734","734","21489","21489","21489","734","734","734","21490","21490","21490","735","735","735","21552","21552","21552","717","717","717"
"798","15399","15399","15399","740","740","740","21103","21103","21103","737","737","737","21228","21228","21228","748","748","748","21491","21491","21491","825","825","825","21492","21492","21492","824","824","824","21554","21554","21554","822","822","822"
"799","15401","15401","15401","773","773","773","21105","21105","21105","678","678","678","21230","21230","21230","715","715","715","21493","21493","21493","677","677","677","21494","21494","21494","747","747","747","21556","21556","21556","896","896","896"
"800","15403","15403","15403","715","715","715","21107","21107","21107","695","695","695","21232","21232","21232","753","753","753","21495","21495","21495","695","695","695","21496","21496","21496","856","856","856","21558","21558","21558","760","760","760"
"801","15549","15549","15549","1249","1249","1249","21266","21266","21266","995","995","995","21390","21390","21390","1249","1249","1249","21654","21654","21654","969","969","969","21658","21658","21658","1240","1240","1240","21715","21715","21715","1016","1016","1016"
"802","15551","15551","15551","1089","1089","1089","21268","21268","21268","1055","1055","1055","21392","21392","21392","950","950","950","21656","21656","21656","1054","1054","1054","21660","21660","21660","956","956","956","21717","21717","21717","1004","1004","1004"
"803","15553","15553","15553","1088","1088","1088","21270","21270","21270","968","968","968","21394","21394","21394","987","987","987","21658","21658","21658","963","963","963","21662","21662","21662","937","937","937","21719","21719","21719","950","950","950"
"804","15555","15555","15555","836","836","836","21272","21272","21272","746","746","746","21396","21396","21396","745","745","745","21660","21660","21660","901","901","901","21664","21664","21664","815","815","815","21721","21721","21721","741","741","741"
"805","15557","15557","15557","902","902","902","21274","21274","21274","744","744","744","21398","21398","21398","749","749","749","21662","21662","21662","722","722","722","21666","21666","21666","726","726","726","21723","21723","21723","798","798","798"
"806","15559","15559","15559","917","917","917","21276","21276","21276","738","738","738","21400","21400","21400","734","734","734","21664","21664","21664","999","999","999","21668","21668","21668","718","718","718","21725","21725","21725","735","735","735"
"807","15561","15561","15561","747","747","747","21278","21278","21278","747","747","747","21402","21402","21402","772","772","772","21666","21666","21666","833","833","833","21670","21670","21670","850","850","850","21727","21727","21727","825","825","825"
"808","15563","15563","15563","701","701","701","21280","21280","21280","681","681","681","21404","21404","21404","880","880","880","21668","21668","21668","696","696","696","21672","21672","21672","694","694","694","21729","21729","21729","769","769","769"
"809","15565","15565","15565","869","869","869","21282","21282","21282","681","681","681","21406","21406","21406","678","678","678","21670","21670","21670","695","695","695","21674","21674","21674","681","681","681","21731","21731","21731","691","691","691"
"810","15725","15725","15725","1249","1249","1249","21446","21446","21446","1021","1021","1021","21569","21569","21569","928","928","928","21828","21828","21828","964","964","964","21837","21837","21837","1056","1056","1056","21893","21893","21893","975","975","975"
"811","15727","15727","15727","1073","1073","1073","21448","21448","21448","955","955","955","21571","21571","21571","963","963","963","21830","21830","21830","953","953","953","21839","21839","21839","1050","1050","1050","21895","21895","21895","1037","1037","1037"
"812","15729","15729","15729","1105","1105","1105","21450","21450","21450","946","946","946","21573","21573","21573","1001","1001","1001","21832","21832","21832","949","949","949","21841","21841","21841","913","913","913","21897","21897","21897","955","955","955"
"813","15731","15731","15731","840","840","840","21452","21452","21452","758","758","758","21575","21575","21575","754","754","754","21834","21834","21834","835","835","835","21843","21843","21843","760","760","760","21899","21899","21899","815","815","815"
"814","15733","15733","15733","737","737","737","21454","21454","21454","744","744","744","21577","21577","21577","999","999","999","21836","21836","21836","714","714","714","21845","21845","21845","750","750","750","21901","21901","21901","912","912","912"
"815","15735","15735","15735","762","762","762","21456","21456","21456","774","774","774","21579","21579","21579","733","733","733","21838","21838","21838","718","718","718","21847","21847","21847","735","735","735","21903","21903","21903","735","735","735"
"816","15737","15737","15737","755","755","755","21458","21458","21458","777","777","777","21581","21581","21581","750","750","750","21840","21840","21840","824","824","824","21849","21849","21849","733","733","733","21905","21905","21905","822","822","822"
"817","15739","15739","15739","717","717","717","21460","21460","21460","680","680","680","21583","21583","21583","693","693","693","21842","21842","21842","696","696","696","21851","21851","21851","680","680","680","21907","21907","21907","999","999","999"
"818","15741","15741","15741","886","886","886","21462","21462","21462","719","719","719","21585","21585","21585","678","678","678","21844","21844","21844","692","692","692","21853","21853","21853","692","692","692","21909","21909","21909","679","679","679"
"819","15897","15897","15897","1249","1249","1249","21621","21621","21621","996","996","996","21741","21741","21741","979","979","979","22010","22010","22010","977","977","977","22015","22015","22015","1088","1088","1088","22067","22067","22067","951","951","951"
"820","15899","15899","15899","1082","1082","1082","21623","21623","21623","977","977","977","21743","21743","21743","987","987","987","22012","22012","22012","958","958","958","22017","22017","22017","948","948","948","22069","22069","22069","951","951","951"
"821","15901","15901","15901","1024","1024","1024","21625","21625","21625","951","951","951","21745","21745","21745","994","994","994","22014","22014","22014","940","940","940","22019","22019","22019","948","948","948","22071","22071","22071","922","922","922"
"822","15903","15903","15903","762","762","762","21627","21627","21627","762","762","762","21747","21747","21747","761","761","761","22016","22016","22016","824","824","824","22021","22021","22021","758","758","758","22073","22073","22073","840","840","840"
"823","15905","15905","15905","913","913","913","21629","21629","21629","896","896","896","21749","21749","21749","725","725","725","22018","22018","22018","999","999","999","22023","22023","22023","757","757","757","22075","22075","22075","749","749","749"
"824","15907","15907","15907","918","918","918","21631","21631","21631","712","712","712","21751","21751","21751","729","729","729","22020","22020","22020","745","745","745","22025","22025","22025","999","999","999","22077","22077","22077","738","738","738"
"825","15909","15909","15909","749","749","749","21633","21633","21633","751","751","751","21753","21753","21753","747","747","747","22022","22022","22022","820","820","820","22027","22027","22027","760","760","760","22079","22079","22079","822","822","822"
"826","15911","15911","15911","688","688","688","21635","21635","21635","683","683","683","21755","21755","21755","683","683","683","22024","22024","22024","686","686","686","22029","22029","22029","691","691","691","22081","22081","22081","677","677","677"
"827","15913","15913","15913","776","776","776","21637","21637","21637","676","676","676","21757","21757","21757","697","697","697","22026","22026","22026","691","691","691","22031","22031","22031","680","680","680","22083","22083","22083","679","679","679"
"828","16065","16065","16065","1249","1249","1249","21798","21798","21798","979","979","979","21919","21919","21919","1249","1249","1249","22186","22186","22186","969","969","969","22189","22189","22189","1249","1249","1249","22247","22247","22247","1249","1249","1249"
"829","16067","16067","16067","1060","1060","1060","21800","21800","21800","967","967","967","21921","21921","21921","943","943","943","22188","22188","22188","940","940","940","22191","22191","22191","1057","1057","1057","22249","22249","22249","980","980","980"
"830","16069","16069","16069","1043","1043","1043","21802","21802","21802","927","927","927","21923","21923","21923","916","916","916","22190","22190","22190","956","956","956","22193","22193","22193","954","954","954","22251","22251","22251","933","933","933"
"831","16071","16071","16071","836","836","836","21804","21804","21804","746","746","746","21925","21925","21925","756","756","756","22192","22192","22192","842","842","842","22195","22195","22195","747","747","747","22253","22253","22253","748","748","748"
"832","16073","16073","16073","765","765","765","21806","21806","21806","723","723","723","21927","21927","21927","716","716","716","22194","22194","22194","720","720","720","22197","22197","22197","738","738","738","22255","22255","22255","749","749","749"
"833","16075","16075","16075","927","927","927","21808","21808","21808","737","737","737","21929","21929","21929","722","722","722","22196","22196","22196","745","745","745","22199","22199","22199","734","734","734","22257","22257","22257","746","746","746"
"834","16077","16077","16077","742","742","742","21810","21810","21810","734","734","734","21931","21931","21931","748","748","748","22198","22198","22198","803","803","803","22201","22201","22201","769","769","769","22259","22259","22259","824","824","824"
"835","16079","16079","16079","792","792","792","21812","21812","21812","706","706","706","21933","21933","21933","683","683","683","22200","22200","22200","696","696","696","22203","22203","22203","691","691","691","22261","22261","22261","691","691","691"
"836","16081","16081","16081","758","758","758","21814","21814","21814","712","712","712","21935","21935","21935","678","678","678","22202","22202","22202","696","696","696","22205","22205","22205","694","694","694","22263","22263","22263","678","678","678"
"837","16239","16239","16239","1249","1249","1249","21976","21976","21976","1024","1024","1024","22093","22093","22093","1249","1249","1249","22362","22362","22362","951","951","951","22366","22366","22366","1056","1056","1056","22421","22421","22421","1004","1004","1004"
"838","16241","16241","16241","1035","1035","1035","21978","21978","21978","1040","1040","1040","22095","22095","22095","951","951","951","22364","22364","22364","999","999","999","22368","22368","22368","957","957","957","22423","22423","22423","1011","1011","1011"
"839","16243","16243","16243","1078","1078","1078","21980","21980","21980","1045","1045","1045","22097","22097","22097","991","991","991","22366","22366","22366","949","949","949","22370","22370","22370","970","970","970","22425","22425","22425","973","973","973"
"840","16245","16245","16245","850","850","850","21982","21982","21982","745","745","745","22099","22099","22099","783","783","783","22368","22368","22368","827","827","827","22372","22372","22372","760","760","760","22427","22427","22427","822","822","822"
"841","16247","16247","16247","827","827","827","21984","21984","21984","751","751","751","22101","22101","22101","747","747","747","22370","22370","22370","736","736","736","22374","22374","22374","733","733","733","22429","22429","22429","774","774","774"
"842","16249","16249","16249","762","762","762","21986","21986","21986","772","772","772","22103","22103","22103","741","741","741","22372","22372","22372","733","733","733","22376","22376","22376","749","749","749","22431","22431","22431","721","721","721"
"843","16251","16251","16251","763","763","763","21988","21988","21988","747","747","747","22105","22105","22105","761","761","761","22374","22374","22374","821","821","821","22378","22378","22378","776","776","776","22433","22433","22433","824","824","824"
"844","16253","16253","16253","763","763","763","21990","21990","21990","704","704","704","22107","22107","22107","675","675","675","22376","22376","22376","697","697","697","22380","22380","22380","678","678","678","22435","22435","22435","680","680","680"
"845","16255","16255","16255","695","695","695","21992","21992","21992","695","695","695","22109","22109","22109","678","678","678","22378","22378","22378","698","698","698","22382","22382","22382","678","678","678","22437","22437","22437","753","753","753"
"846","16401","16401","16401","1249","1249","1249","22153","22153","22153","977","977","977","22270","22270","22270","954","954","954","22539","22539","22539","1249","1249","1249","22541","22541","22541","1078","1078","1078","22594","22594","22594","975","975","975"
"847","16403","16403","16403","1027","1027","1027","22155","22155","22155","970","970","970","22272","22272","22272","980","980","980","22541","22541","22541","986","986","986","22543","22543","22543","979","979","979","22596","22596","22596","962","962","962"
"848","16405","16405","16405","1007","1007","1007","22157","22157","22157","968","968","968","22274","22274","22274","943","943","943","22543","22543","22543","962","962","962","22545","22545","22545","1001","1001","1001","22598","22598","22598","925","925","925"
"849","16407","16407","16407","769","769","769","22159","22159","22159","757","757","757","22276","22276","22276","740","740","740","22545","22545","22545","999","999","999","22547","22547","22547","748","748","748","22600","22600","22600","820","820","820"
"850","16409","16409","16409","915","915","915","22161","22161","22161","744","744","744","22278","22278","22278","743","743","743","22547","22547","22547","722","722","722","22549","22549","22549","725","725","725","22602","22602","22602","853","853","853"
"851","16411","16411","16411","862","862","862","22163","22163","22163","735","735","735","22280","22280","22280","750","750","750","22549","22549","22549","768","768","768","22551","22551","22551","999","999","999","22604","22604","22604","733","733","733"
"852","16413","16413","16413","816","816","816","22165","22165","22165","774","774","774","22282","22282","22282","750","750","750","22551","22551","22551","817","817","817","22553","22553","22553","746","746","746","22606","22606","22606","841","841","841"
"853","16415","16415","16415","719","719","719","22167","22167","22167","714","714","714","22284","22284","22284","753","753","753","22553","22553","22553","700","700","700","22555","22555","22555","707","707","707","22608","22608","22608","726","726","726"
"854","16417","16417","16417","788","788","788","22169","22169","22169","693","693","693","22286","22286","22286","692","692","692","22555","22555","22555","774","774","774","22557","22557","22557","676","676","676","22610","22610","22610","697","697","697"
"855","16575","16575","16575","1249","1249","1249","22331","22331","22331","958","958","958","22449","22449","22449","978","978","978","22718","22718","22718","964","964","964","22716","22716","22716","1022","1022","1022","22770","22770","22770","983","983","983"
"856","16577","16577","16577","1061","1061","1061","22333","22333","22333","934","934","934","22451","22451","22451","937","937","937","22720","22720","22720","948","948","948","22718","22718","22718","958","958","958","22772","22772","22772","954","954","954"
"857","16579","16579","16579","1055","1055","1055","22335","22335","22335","943","943","943","22453","22453","22453","1249","1249","1249","22722","22722","22722","951","951","951","22720","22720","22720","948","948","948","22774","22774","22774","949","949","949"
"858","16581","16581","16581","754","754","754","22337","22337","22337","755","755","755","22455","22455","22455","766","766","766","22724","22724","22724","806","806","806","22722","22722","22722","762","762","762","22776","22776","22776","766","766","766"
"859","16583","16583","16583","906","906","906","22339","22339","22339","912","912","912","22457","22457","22457","714","714","714","22726","22726","22726","999","999","999","22724","22724","22724","747","747","747","22778","22778","22778","719","719","719"
"860","16585","16585","16585","729","729","729","22341","22341","22341","747","747","747","22459","22459","22459","744","744","744","22728","22728","22728","731","731","731","22726","22726","22726","734","734","734","22780","22780","22780","732","732","732"
"861","16587","16587","16587","907","907","907","22343","22343","22343","753","753","753","22461","22461","22461","771","771","771","22730","22730","22730","836","836","836","22728","22728","22728","835","835","835","22782","22782","22782","757","757","757"
"862","16589","16589","16589","791","791","791","22345","22345","22345","680","680","680","22463","22463","22463","751","751","751","22732","22732","22732","699","699","699","22730","22730","22730","680","680","680","22784","22784","22784","683","683","683"
"863","16591","16591","16591","693","693","693","22347","22347","22347","680","680","680","22465","22465","22465","779","779","779","22734","22734","22734","691","691","691","22732","22732","22732","999","999","999","22786","22786","22786","693","693","693"
"864","16735","16735","16735","1249","1249","1249","22504","22504","22504","979","979","979","22626","22626","22626","934","934","934","22900","22900","22900","934","934","934","22890","22890","22890","1249","1249","1249","22949","22949","22949","989","989","989"
"865","16737","16737","16737","1075","1075","1075","22506","22506","22506","960","960","960","22628","22628","22628","952","952","952","22902","22902","22902","936","936","936","22892","22892","22892","969","969","969","22951","22951","22951","996","996","996"
"866","16739","16739","16739","1111","1111","1111","22508","22508","22508","979","979","979","22630","22630","22630","980","980","980","22904","22904","22904","931","931","931","22894","22894","22894","944","944","944","22953","22953","22953","914","914","914"
"867","16741","16741","16741","751","751","751","22510","22510","22510","752","752","752","22632","22632","22632","749","749","749","22906","22906","22906","822","822","822","22896","22896","22896","747","747","747","22955","22955","22955","822","822","822"
"868","16743","16743","16743","918","918","918","22512","22512","22512","759","759","759","22634","22634","22634","737","737","737","22908","22908","22908","718","718","718","22898","22898","22898","756","756","756","22957","22957","22957","735","735","735"
"869","16745","16745","16745","840","840","840","22514","22514","22514","764","764","764","22636","22636","22636","734","734","734","22910","22910","22910","734","734","734","22900","22900","22900","999","999","999","22959","22959","22959","745","745","745"
"870","16747","16747","16747","770","770","770","22516","22516","22516","730","730","730","22638","22638","22638","749","749","749","22912","22912","22912","818","818","818","22902","22902","22902","759","759","759","22961","22961","22961","824","824","824"
"871","16749","16749","16749","878","878","878","22518","22518","22518","711","711","711","22640","22640","22640","704","704","704","22914","22914","22914","680","680","680","22904","22904","22904","673","673","673","22963","22963","22963","696","696","696"
"872","16751","16751","16751","760","760","760","22520","22520","22520","691","691","691","22642","22642","22642","671","671","671","22916","22916","22916","680","680","680","22906","22906","22906","696","696","696","22965","22965","22965","691","691","691"
"873","16907","16907","16907","1249","1249","1249","22680","22680","22680","1249","1249","1249","22803","22803","22803","948","948","948","23081","23081","23081","1249","1249","1249","23063","23063","23063","1249","1249","1249","23127","23127","23127","944","944","944"
"874","16909","16909","16909","1065","1065","1065","22682","22682","22682","1015","1015","1015","22805","22805","22805","991","991","991","23083","23083","23083","975","975","975","23065","23065","23065","960","960","960","23129","23129","23129","933","933","933"
"875","16911","16911","16911","1056","1056","1056","22684","22684","22684","950","950","950","22807","22807","22807","967","967","967","23085","23085","23085","958","958","958","23067","23067","23067","961","961","961","23131","23131","23131","925","925","925"
"876","16913","16913","16913","754","754","754","22686","22686","22686","762","762","762","22809","22809","22809","761","761","761","23087","23087","23087","762","762","762","23069","23069","23069","759","759","759","23133","23133","23133","817","817","817"
"877","16915","16915","16915","915","915","915","22688","22688","22688","744","744","744","22811","22811","22811","749","749","749","23089","23089","23089","738","738","738","23071","23071","23071","731","731","731","23135","23135","23135","739","739","739"
"878","16917","16917","16917","921","921","921","22690","22690","22690","752","752","752","22813","22813","22813","747","747","747","23091","23091","23091","734","734","734","23073","23073","23073","732","732","732","23137","23137","23137","722","722","722"
"879","16919","16919","16919","742","742","742","22692","22692","22692","747","747","747","22815","22815","22815","747","747","747","23093","23093","23093","826","826","826","23075","23075","23075","749","749","749","23139","23139","23139","796","796","796"
"880","16921","16921","16921","678","678","678","22694","22694","22694","686","686","686","22817","22817","22817","691","691","691","23095","23095","23095","691","691","691","23077","23077","23077","699","699","699","23141","23141","23141","726","726","726"
"881","16923","16923","16923","958","958","958","22696","22696","22696","692","692","692","22819","22819","22819","676","676","676","23097","23097","23097","758","758","758","23079","23079","23079","696","696","696","23143","23143","23143","695","695","695"
"882","17079","17079","17079","1249","1249","1249","22854","22854","22854","1026","1026","1026","22978","22978","22978","1249","1249","1249","23256","23256","23256","983","983","983","23239","23239","23239","979","979","979","23304","23304","23304","946","946","946"
"883","17081","17081","17081","1050","1050","1050","22856","22856","22856","953","953","953","22980","22980","22980","991","991","991","23258","23258","23258","1034","1034","1034","23241","23241","23241","1033","1033","1033","23306","23306","23306","968","968","968"
"884","17083","17083","17083","1042","1042","1042","22858","22858","22858","946","946","946","22982","22982","22982","935","935","935","23260","23260","23260","964","964","964","23243","23243","23243","939","939","939","23308","23308","23308","918","918","918"
"885","17085","17085","17085","754","754","754","22860","22860","22860","748","748","748","22984","22984","22984","840","840","840","23262","23262","23262","780","780","780","23245","23245","23245","760","760","760","23310","23310","23310","820","820","820"
"886","17087","17087","17087","836","836","836","22862","22862","22862","752","752","752","22986","22986","22986","835","835","835","23264","23264","23264","736","736","736","23247","23247","23247","726","726","726","23312","23312","23312","741","741","741"
"887","17089","17089","17089","829","829","829","22864","22864","22864","745","745","745","22988","22988","22988","742","742","742","23266","23266","23266","999","999","999","23249","23249","23249","733","733","733","23314","23314","23314","719","719","719"
"888","17091","17091","17091","773","773","773","22866","22866","22866","763","763","763","22990","22990","22990","831","831","831","23268","23268","23268","751","751","751","23251","23251","23251","750","750","750","23316","23316","23316","825","825","825"
"889","17093","17093","17093","765","765","765","22868","22868","22868","694","694","694","22992","22992","22992","764","764","764","23270","23270","23270","999","999","999","23253","23253","23253","702","702","702","23318","23318","23318","695","695","695"
"890","17095","17095","17095","881","881","881","22870","22870","22870","695","695","695","22994","22994","22994","681","681","681","23272","23272","23272","712","712","712","23255","23255","23255","999","999","999","23320","23320","23320","697","697","697"
"891","17241","17241","17241","1249","1249","1249","23034","23034","23034","976","976","976","23155","23155","23155","988","988","988","23428","23428","23428","1249","1249","1249","23416","23416","23416","1022","1022","1022","23484","23484","23484","949","949","949"
"892","17243","17243","17243","1038","1038","1038","23036","23036","23036","986","986","986","23157","23157","23157","1249","1249","1249","23430","23430","23430","973","973","973","23418","23418","23418","1007","1007","1007","23486","23486","23486","996","996","996"
"893","17245","17245","17245","1096","1096","1096","23038","23038","23038","939","939","939","23159","23159","23159","945","945","945","23432","23432","23432","948","948","948","23420","23420","23420","1013","1013","1013","23488","23488","23488","1249","1249","1249"
"894","17247","17247","17247","762","762","762","23040","23040","23040","741","741","741","23161","23161","23161","834","834","834","23434","23434","23434","849","849","849","23422","23422","23422","767","767","767","23490","23490","23490","825","825","825"
"895","17249","17249","17249","809","809","809","23042","23042","23042","758","758","758","23163","23163","23163","739","739","739","23436","23436","23436","831","831","831","23424","23424","23424","821","821","821","23492","23492","23492","804","804","804"
"896","17251","17251","17251","825","825","825","23044","23044","23044","735","735","735","23165","23165","23165","725","725","725","23438","23438","23438","999","999","999","23426","23426","23426","751","751","751","23494","23494","23494","750","750","750"
"897","17253","17253","17253","817","817","817","23046","23046","23046","770","770","770","23167","23167","23167","751","751","751","23440","23440","23440","842","842","842","23428","23428","23428","763","763","763","23496","23496","23496","817","817","817"
"898","17255","17255","17255","681","681","681","23048","23048","23048","678","678","678","23169","23169","23169","790","790","790","23442","23442","23442","691","691","691","23430","23430","23430","723","723","723","23498","23498","23498","758","758","758"
"899","17257","17257","17257","721","721","721","23050","23050","23050","680","680","680","23171","23171","23171","771","771","771","23444","23444","23444","712","712","712","23432","23432","23432","759","759","759","23500","23500","23500","670","670","670"
"900","17413","17413","17413","1249","1249","1249","23211","23211","23211","1249","1249","1249","23329","23329","23329","1249","1249","1249","23603","23603","23603","974","974","974","23593","23593","23593","1007","1007","1007","23658","23658","23658","946","946","946"
"901","17415","17415","17415","1087","1087","1087","23213","23213","23213","992","992","992","23331","23331","23331","976","976","976","23605","23605","23605","949","949","949","23595","23595","23595","1001","1001","1001","23660","23660","23660","953","953","953"
"902","17417","17417","17417","1028","1028","1028","23215","23215","23215","935","935","935","23333","23333","23333","969","969","969","23607","23607","23607","950","950","950","23597","23597","23597","948","948","948","23662","23662","23662","922","922","922"
"903","17419","17419","17419","764","764","764","23217","23217","23217","746","746","746","23335","23335","23335","763","763","763","23609","23609","23609","834","834","834","23599","23599","23599","745","745","745","23664","23664","23664","841","841","841"
"904","17421","17421","17421","999","999","999","23219","23219","23219","730","730","730","23337","23337","23337","743","743","743","23611","23611","23611","744","744","744","23601","23601","23601","730","730","730","23666","23666","23666","730","730","730"
"905","17423","17423","17423","808","808","808","23221","23221","23221","724","724","724","23339","23339","23339","749","749","749","23613","23613","23613","737","737","737","23603","23603","23603","731","731","731","23668","23668","23668","735","735","735"
"906","17425","17425","17425","743","743","743","23223","23223","23223","752","752","752","23341","23341","23341","764","764","764","23615","23615","23615","836","836","836","23605","23605","23605","724","724","724","23670","23670","23670","819","819","819"
"907","17427","17427","17427","770","770","770","23225","23225","23225","695","695","695","23343","23343","23343","697","697","697","23617","23617","23617","696","696","696","23607","23607","23607","881","881","881","23672","23672","23672","699","699","699"
"908","17429","17429","17429","867","867","867","23227","23227","23227","693","693","693","23345","23345","23345","693","693","693","23619","23619","23619","678","678","678","23609","23609","23609","681","681","681","23674","23674","23674","692","692","692"
"909","17575","17575","17575","1249","1249","1249","23385","23385","23385","1249","1249","1249","23506","23506","23506","1249","1249","1249","23780","23780","23780","969","969","969","23767","23767","23767","1014","1014","1014","23835","23835","23835","999","999","999"
"910","17577","17577","17577","1089","1089","1089","23387","23387","23387","1018","1018","1018","23508","23508","23508","1249","1249","1249","23782","23782","23782","949","949","949","23769","23769","23769","961","961","961","23837","23837","23837","1040","1040","1040"
"911","17579","17579","17579","1048","1048","1048","23389","23389","23389","957","957","957","23510","23510","23510","914","914","914","23784","23784","23784","949","949","949","23771","23771","23771","940","940","940","23839","23839","23839","954","954","954"
"912","17581","17581","17581","825","825","825","23391","23391","23391","757","757","757","23512","23512","23512","760","760","760","23786","23786","23786","841","841","841","23773","23773","23773","760","760","760","23841","23841","23841","768","768","768"
"913","17583","17583","17583","913","913","913","23393","23393","23393","707","707","707","23514","23514","23514","753","753","753","23788","23788","23788","739","739","739","23775","23775","23775","732","732","732","23843","23843","23843","741","741","741"
"914","17585","17585","17585","766","766","766","23395","23395","23395","738","738","738","23516","23516","23516","735","735","735","23790","23790","23790","999","999","999","23777","23777","23777","735","735","735","23845","23845","23845","722","722","722"
"915","17587","17587","17587","758","758","758","23397","23397","23397","758","758","758","23518","23518","23518","736","736","736","23792","23792","23792","822","822","822","23779","23779","23779","747","747","747","23847","23847","23847","741","741","741"
"916","17589","17589","17589","883","883","883","23399","23399","23399","680","680","680","23520","23520","23520","697","697","697","23794","23794","23794","702","702","702","23781","23781","23781","699","699","699","23849","23849","23849","693","693","693"
"917","17591","17591","17591","779","779","779","23401","23401","23401","698","698","698","23522","23522","23522","696","696","696","23796","23796","23796","692","692","692","23783","23783","23783","705","705","705","23851","23851","23851","774","774","774"
"918","17749","17749","17749","1249","1249","1249","23560","23560","23560","1249","1249","1249","23682","23682","23682","926","926","926","23955","23955","23955","961","961","961","23942","23942","23942","1033","1033","1033","24011","24011","24011","954","954","954"
"919","17751","17751","17751","1062","1062","1062","23562","23562","23562","988","988","988","23684","23684","23684","973","973","973","23957","23957","23957","972","972","972","23944","23944","23944","996","996","996","24013","24013","24013","957","957","957"
"920","17753","17753","17753","1006","1006","1006","23564","23564","23564","946","946","946","23686","23686","23686","960","960","960","23959","23959","23959","931","931","931","23946","23946","23946","1035","1035","1035","24015","24015","24015","936","936","936"
"921","17755","17755","17755","817","817","817","23566","23566","23566","762","762","762","23688","23688","23688","818","818","818","23961","23961","23961","842","842","842","23948","23948","23948","754","754","754","24017","24017","24017","822","822","822"
"922","17757","17757","17757","932","932","932","23568","23568","23568","897","897","897","23690","23690","23690","744","744","744","23963","23963","23963","999","999","999","23950","23950","23950","728","728","728","24019","24019","24019","752","752","752"
"923","17759","17759","17759","915","915","915","23570","23570","23570","740","740","740","23692","23692","23692","743","743","743","23965","23965","23965","999","999","999","23952","23952","23952","757","757","757","24021","24021","24021","999","999","999"
"924","17761","17761","17761","752","752","752","23572","23572","23572","747","747","747","23694","23694","23694","749","749","749","23967","23967","23967","843","843","843","23954","23954","23954","748","748","748","24023","24023","24023","822","822","822"
"925","17763","17763","17763","999","999","999","23574","23574","23574","703","703","703","23696","23696","23696","931","931","931","23969","23969","23969","707","707","707","23956","23956","23956","696","696","696","24025","24025","24025","691","691","691"
"926","17765","17765","17765","704","704","704","23576","23576","23576","692","692","692","23698","23698","23698","691","691","691","23971","23971","23971","680","680","680","23958","23958","23958","695","695","695","24027","24027","24027","697","697","697"
"927","17911","17911","17911","1249","1249","1249","23738","23738","23738","995","995","995","23858","23858","23858","1249","1249","1249","24127","24127","24127","920","920","920","24122","24122","24122","979","979","979","24185","24185","24185","929","929","929"
"928","17913","17913","17913","1089","1089","1089","23740","23740","23740","936","936","936","23860","23860","23860","977","977","977","24129","24129","24129","974","974","974","24124","24124","24124","950","950","950","24187","24187","24187","943","943","943"
"929","17915","17915","17915","1017","1017","1017","23742","23742","23742","930","930","930","23862","23862","23862","1002","1002","1002","24131","24131","24131","954","954","954","24126","24126","24126","917","917","917","24189","24189","24189","933","933","933"
"930","17917","17917","17917","757","757","757","23744","23744","23744","750","750","750","23864","23864","23864","745","745","745","24133","24133","24133","837","837","837","24128","24128","24128","824","824","824","24191","24191","24191","841","841","841"
"931","17919","17919","17919","930","930","930","23746","23746","23746","740","740","740","23866","23866","23866","749","749","749","24135","24135","24135","734","734","734","24130","24130","24130","732","732","732","24193","24193","24193","733","733","733"
"932","17921","17921","17921","929","929","929","23748","23748","23748","732","732","732","23868","23868","23868","734","734","734","24137","24137","24137","737","737","737","24132","24132","24132","730","730","730","24195","24195","24195","725","725","725"
"933","17923","17923","17923","735","735","735","23750","23750","23750","779","779","779","23870","23870","23870","749","749","749","24139","24139","24139","822","822","822","24134","24134","24134","725","725","725","24197","24197","24197","820","820","820"
"934","17925","17925","17925","753","753","753","23752","23752","23752","678","678","678","23872","23872","23872","702","702","702","24141","24141","24141","691","691","691","24136","24136","24136","763","763","763","24199","24199","24199","681","681","681"
"935","17927","17927","17927","722","722","722","23754","23754","23754","858","858","858","23874","23874","23874","678","678","678","24143","24143","24143","693","693","693","24138","24138","24138","692","692","692","24201","24201","24201","764","764","764"
"936","18083","18083","18083","1249","1249","1249","23916","23916","23916","983","983","983","24034","24034","24034","1249","1249","1249","24305","24305","24305","935","935","935","24295","24295","24295","1033","1033","1033","24361","24361","24361","1249","1249","1249"
"937","18085","18085","18085","1087","1087","1087","23918","23918","23918","953","953","953","24036","24036","24036","1021","1021","1021","24307","24307","24307","965","965","965","24297","24297","24297","924","924","924","24363","24363","24363","970","970","970"
"938","18087","18087","18087","1081","1081","1081","23920","23920","23920","1001","1001","1001","24038","24038","24038","938","938","938","24309","24309","24309","986","986","986","24299","24299","24299","905","905","905","24365","24365","24365","1249","1249","1249"
"939","18089","18089","18089","752","752","752","23922","23922","23922","762","762","762","24040","24040","24040","754","754","754","24311","24311","24311","836","836","836","24301","24301","24301","748","748","748","24367","24367","24367","825","825","825"
"940","18091","18091","18091","915","915","915","23924","23924","23924","721","721","721","24042","24042","24042","734","734","734","24313","24313","24313","719","719","719","24303","24303","24303","747","747","747","24369","24369","24369","759","759","759"
"941","18093","18093","18093","819","819","819","23926","23926","23926","733","733","733","24044","24044","24044","747","747","747","24315","24315","24315","721","721","721","24305","24305","24305","731","731","731","24371","24371","24371","737","737","737"
"942","18095","18095","18095","913","913","913","23928","23928","23928","752","752","752","24046","24046","24046","749","749","749","24317","24317","24317","822","822","822","24307","24307","24307","741","741","741","24373","24373","24373","821","821","821"
"943","18097","18097","18097","711","711","711","23930","23930","23930","695","695","695","24048","24048","24048","695","695","695","24319","24319","24319","694","694","694","24309","24309","24309","726","726","726","24375","24375","24375","699","699","699"
"944","18099","18099","18099","723","723","723","23932","23932","23932","692","692","692","24050","24050","24050","696","696","696","24321","24321","24321","695","695","695","24311","24311","24311","695","695","695","24377","24377","24377","680","680","680"
"945","18255","18255","18255","1249","1249","1249","24093","24093","24093","970","970","970","24209","24209","24209","945","945","945","24482","24482","24482","1249","1249","1249","24471","24471","24471","1031","1031","1031","24537","24537","24537","948","948","948"
"946","18257","18257","18257","1074","1074","1074","24095","24095","24095","967","967","967","24211","24211","24211","1249","1249","1249","24484","24484","24484","975","975","975","24473","24473","24473","1080","1080","1080","24539","24539","24539","961","961","961"
"947","18259","18259","18259","1070","1070","1070","24097","24097","24097","928","928","928","24213","24213","24213","927","927","927","24486","24486","24486","938","938","938","24475","24475","24475","997","997","997","24541","24541","24541","934","934","934"
"948","18261","18261","18261","760","760","760","24099","24099","24099","757","757","757","24215","24215","24215","753","753","753","24488","24488","24488","834","834","834","24477","24477","24477","758","758","758","24543","24543","24543","833","833","833"
"949","18263","18263","18263","754","754","754","24101","24101","24101","883","883","883","24217","24217","24217","719","719","719","24490","24490","24490","733","733","733","24479","24479","24479","750","750","750","24545","24545","24545","718","718","718"
"950","18265","18265","18265","983","983","983","24103","24103","24103","764","764","764","24219","24219","24219","720","720","720","24492","24492","24492","735","735","735","24481","24481","24481","999","999","999","24547","24547","24547","716","716","716"
"951","18267","18267","18267","803","803","803","24105","24105","24105","755","755","755","24221","24221","24221","754","754","754","24494","24494","24494","817","817","817","24483","24483","24483","753","753","753","24549","24549","24549","820","820","820"
"952","18269","18269","18269","709","709","709","24107","24107","24107","678","678","678","24223","24223","24223","696","696","696","24496","24496","24496","694","694","694","24485","24485","24485","857","857","857","24551","24551","24551","695","695","695"
"953","18271","18271","18271","713","713","713","24109","24109","24109","999","999","999","24225","24225","24225","696","696","696","24498","24498","24498","696","696","696","24487","24487","24487","696","696","696","24553","24553","24553","771","771","771"
"954","18415","18415","18415","1249","1249","1249","24266","24266","24266","978","978","978","24383","24383","24383","1249","1249","1249","24663","24663","24663","931","931","931","24647","24647","24647","1249","1249","1249","24713","24713","24713","963","963","963"
"955","18417","18417","18417","1044","1044","1044","24268","24268","24268","1003","1003","1003","24385","24385","24385","935","935","935","24665","24665","24665","940","940","940","24649","24649","24649","994","994","994","24715","24715","24715","981","981","981"
"956","18419","18419","18419","1068","1068","1068","24270","24270","24270","942","942","942","24387","24387","24387","951","951","951","24667","24667","24667","937","937","937","24651","24651","24651","938","938","938","24717","24717","24717","1249","1249","1249"
"957","18421","18421","18421","754","754","754","24272","24272","24272","742","742","742","24389","24389","24389","759","759","759","24669","24669","24669","830","830","830","24653","24653","24653","760","760","760","24719","24719","24719","822","822","822"
"958","18423","18423","18423","822","822","822","24274","24274","24274","740","740","740","24391","24391","24391","912","912","912","24671","24671","24671","719","719","719","24655","24655","24655","746","746","746","24721","24721","24721","743","743","743"
"959","18425","18425","18425","906","906","906","24276","24276","24276","738","738","738","24393","24393","24393","738","738","738","24673","24673","24673","721","721","721","24657","24657","24657","751","751","751","24723","24723","24723","742","742","742"
"960","18427","18427","18427","747","747","747","24278","24278","24278","750","750","750","24395","24395","24395","760","760","760","24675","24675","24675","749","749","749","24659","24659","24659","760","760","760","24725","24725","24725","835","835","835"
"961","18429","18429","18429","689","689","689","24280","24280","24280","678","678","678","24397","24397","24397","696","696","696","24677","24677","24677","703","703","703","24661","24661","24661","890","890","890","24727","24727","24727","699","699","699"
"962","18431","18431","18431","782","782","782","24282","24282","24282","691","691","691","24399","24399","24399","671","671","671","24679","24679","24679","694","694","694","24663","24663","24663","695","695","695","24729","24729","24729","769","769","769"
"963","18589","18589","18589","1249","1249","1249","24439","24439","24439","1026","1026","1026","24558","24558","24558","1249","1249","1249","24836","24836","24836","930","930","930","24820","24820","24820","1056","1056","1056","24891","24891","24891","971","971","971"
"964","18591","18591","18591","1063","1063","1063","24441","24441","24441","905","905","905","24560","24560","24560","935","935","935","24838","24838","24838","953","953","953","24822","24822","24822","937","937","937","24893","24893","24893","996","996","996"
"965","18593","18593","18593","1046","1046","1046","24443","24443","24443","922","922","922","24562","24562","24562","935","935","935","24840","24840","24840","964","964","964","24824","24824","24824","939","939","939","24895","24895","24895","924","924","924"
"966","18595","18595","18595","758","758","758","24445","24445","24445","820","820","820","24564","24564","24564","764","764","764","24842","24842","24842","765","765","765","24826","24826","24826","774","774","774","24897","24897","24897","822","822","822"
"967","18597","18597","18597","928","928","928","24447","24447","24447","713","713","713","24566","24566","24566","727","727","727","24844","24844","24844","733","733","733","24828","24828","24828","743","743","743","24899","24899","24899","736","736","736"
"968","18599","18599","18599","840","840","840","24449","24449","24449","732","732","732","24568","24568","24568","746","746","746","24846","24846","24846","721","721","721","24830","24830","24830","720","720","720","24901","24901","24901","720","720","720"
"969","18601","18601","18601","907","907","907","24451","24451","24451","741","741","741","24570","24570","24570","770","770","770","24848","24848","24848","743","743","743","24832","24832","24832","747","747","747","24903","24903","24903","813","813","813"
"970","18603","18603","18603","710","710","710","24453","24453","24453","773","773","773","24572","24572","24572","683","683","683","24850","24850","24850","771","771","771","24834","24834","24834","686","686","686","24905","24905","24905","693","693","693"
"971","18605","18605","18605","882","882","882","24455","24455","24455","999","999","999","24574","24574","24574","676","676","676","24852","24852","24852","694","694","694","24836","24836","24836","691","691","691","24907","24907","24907","697","697","697"
"972","18749","18749","18749","1249","1249","1249","24612","24612","24612","966","966","966","24734","24734","24734","1249","1249","1249","25010","25010","25010","963","963","963","24995","24995","24995","1031","1031","1031","25064","25064","25064","969","969","969"
"973","18751","18751","18751","1046","1046","1046","24614","24614","24614","983","983","983","24736","24736","24736","978","978","978","25012","25012","25012","1098","1098","1098","24997","24997","24997","1059","1059","1059","25066","25066","25066","957","957","957"
"974","18753","18753","18753","1042","1042","1042","24616","24616","24616","991","991","991","24738","24738","24738","941","941","941","25014","25014","25014","1014","1014","1014","24999","24999","24999","963","963","963","25068","25068","25068","911","911","911"
"975","18755","18755","18755","755","755","755","24618","24618","24618","759","759","759","24740","24740","24740","747","747","747","25016","25016","25016","823","823","823","25001","25001","25001","822","822","822","25070","25070","25070","822","822","822"
"976","18757","18757","18757","917","917","917","24620","24620","24620","716","716","716","24742","24742","24742","907","907","907","25018","25018","25018","722","722","722","25003","25003","25003","750","750","750","25072","25072","25072","737","737","737"
"977","18759","18759","18759","838","838","838","24622","24622","24622","733","733","733","24744","24744","24744","745","745","745","25020","25020","25020","999","999","999","25005","25005","25005","750","750","750","25074","25074","25074","723","723","723"
"978","18761","18761","18761","762","762","762","24624","24624","24624","763","763","763","24746","24746","24746","749","749","749","25022","25022","25022","744","744","744","25007","25007","25007","825","825","825","25076","25076","25076","826","826","826"
"979","18763","18763","18763","712","712","712","24626","24626","24626","699","699","699","24748","24748","24748","693","693","693","25024","25024","25024","779","779","779","25009","25009","25009","693","693","693","25078","25078","25078","769","769","769"
"980","18765","18765","18765","693","693","693","24628","24628","24628","678","678","678","24750","24750","24750","676","676","676","25026","25026","25026","679","679","679","25011","25011","25011","681","681","681","25080","25080","25080","698","698","698"
"981","18925","18925","18925","1249","1249","1249","24787","24787","24787","1249","1249","1249","24909","24909","24909","946","946","946","25184","25184","25184","990","990","990","25170","25170","25170","1249","1249","1249","25240","25240","25240","974","974","974"
"982","18927","18927","18927","1065","1065","1065","24789","24789","24789","1020","1020","1020","24911","24911","24911","1026","1026","1026","25186","25186","25186","980","980","980","25172","25172","25172","972","972","972","25242","25242","25242","1025","1025","1025"
"983","18929","18929","18929","1056","1056","1056","24791","24791","24791","946","946","946","24913","24913","24913","958","958","958","25188","25188","25188","935","935","935","25174","25174","25174","948","948","948","25244","25244","25244","961","961","961"
"984","18931","18931","18931","753","753","753","24793","24793","24793","751","751","751","24915","24915","24915","749","749","749","25190","25190","25190","836","836","836","25176","25176","25176","750","750","750","25246","25246","25246","841","841","841"
"985","18933","18933","18933","757","757","757","24795","24795","24795","773","773","773","24917","24917","24917","750","750","750","25192","25192","25192","734","734","734","25178","25178","25178","744","744","744","25248","25248","25248","743","743","743"
"986","18935","18935","18935","920","920","920","24797","24797","24797","764","764","764","24919","24919","24919","741","741","741","25194","25194","25194","726","726","726","25180","25180","25180","721","721","721","25250","25250","25250","770","770","770"
"987","18937","18937","18937","759","759","759","24799","24799","24799","774","774","774","24921","24921","24921","770","770","770","25196","25196","25196","822","822","822","25182","25182","25182","751","751","751","25252","25252","25252","819","819","819"
"988","18939","18939","18939","763","763","763","24801","24801","24801","691","691","691","24923","24923","24923","694","694","694","25198","25198","25198","707","707","707","25184","25184","25184","683","683","683","25254","25254","25254","696","696","696"
"989","18941","18941","18941","781","781","781","24803","24803","24803","678","678","678","24925","24925","24925","688","688","688","25200","25200","25200","713","713","713","25186","25186","25186","693","693","693","25256","25256","25256","692","692","692"
"990","19087","19087","19087","1249","1249","1249","24961","24961","24961","971","971","971","25088","25088","25088","1249","1249","1249","25360","25360","25360","989","989","989","25345","25345","25345","1249","1249","1249","25415","25415","25415","936","936","936"
"991","19089","19089","19089","1064","1064","1064","24963","24963","24963","968","968","968","25090","25090","25090","975","975","975","25362","25362","25362","974","974","974","25347","25347","25347","950","950","950","25417","25417","25417","995","995","995"
"992","19091","19091","19091","1087","1087","1087","24965","24965","24965","968","968","968","25092","25092","25092","925","925","925","25364","25364","25364","1249","1249","1249","25349","25349","25349","957","957","957","25419","25419","25419","934","934","934"
"993","19093","19093","19093","829","829","829","24967","24967","24967","765","765","765","25094","25094","25094","759","759","759","25366","25366","25366","839","839","839","25351","25351","25351","756","756","756","25421","25421","25421","838","838","838"
"994","19095","19095","19095","999","999","999","24969","24969","24969","751","751","751","25096","25096","25096","737","737","737","25368","25368","25368","722","722","722","25353","25353","25353","742","742","742","25423","25423","25423","720","720","720"
"995","19097","19097","19097","915","915","915","24971","24971","24971","749","749","749","25098","25098","25098","745","745","745","25370","25370","25370","720","720","720","25355","25355","25355","739","739","739","25425","25425","25425","722","722","722"
"996","19099","19099","19099","750","750","750","24973","24973","24973","751","751","751","25100","25100","25100","779","779","779","25372","25372","25372","763","763","763","25357","25357","25357","753","753","753","25427","25427","25427","850","850","850"
"997","19101","19101","19101","678","678","678","24975","24975","24975","696","696","696","25102","25102","25102","680","680","680","25374","25374","25374","695","695","695","25359","25359","25359","728","728","728","25429","25429","25429","696","696","696"
"998","19103","19103","19103","676","676","676","24977","24977","24977","684","684","684","25104","25104","25104","695","695","695","25376","25376","25376","697","697","697","25361","25361","25361","695","695","695","25431","25431","25431","691","691","691"
"999","19259","19259","19259","1249","1249","1249","25139","25139","25139","1249","1249","1249","25261","25261","25261","932","932","932","25532","25532","25532","975","975","975","25517","25517","25517","1000","1000","1000","25595","25595","25595","926","926","926"
"1000","19261","19261","19261","1085","1085","1085","25141","25141","25141","998","998","998","25263","25263","25263","947","947","947","25534","25534","25534","1003","1003","1003","25519","25519","25519","1249","1249","1249","25597","25597","25597","981","981","981"
"1001","19263","19263","19263","1090","1090","1090","25143","25143","25143","990","990","990","25265","25265","25265","974","974","974","25536","25536","25536","922","922","922","25521","25521","25521","923","923","923","25599","25599","25599","1249","1249","1249"
"1002","19265","19265","19265","753","753","753","25145","25145","25145","746","746","746","25267","25267","25267","742","742","742","25538","25538","25538","748","748","748","25523","25523","25523","771","771","771","25601","25601","25601","820","820","820"
"1003","19267","19267","19267","999","999","999","25147","25147","25147","725","725","725","25269","25269","25269","733","733","733","25540","25540","25540","719","719","719","25525","25525","25525","713","713","713","25603","25603","25603","751","751","751"
"1004","19269","19269","19269","717","717","717","25149","25149","25149","758","758","758","25271","25271","25271","739","739","739","25542","25542","25542","733","733","733","25527","25527","25527","739","739","739","25605","25605","25605","727","727","727"
"1005","19271","19271","19271","913","913","913","25151","25151","25151","722","722","722","25273","25273","25273","722","722","722","25544","25544","25544","777","777","777","25529","25529","25529","732","732","732","25607","25607","25607","801","801","801"
"1006","19273","19273","19273","794","794","794","25153","25153","25153","678","678","678","25275","25275","25275","673","673","673","25546","25546","25546","753","753","753","25531","25531","25531","722","722","722","25609","25609","25609","694","694","694"
"1007","19275","19275","19275","793","793","793","25155","25155","25155","696","696","696","25277","25277","25277","685","685","685","25548","25548","25548","692","692","692","25533","25533","25533","712","712","712","25611","25611","25611","697","697","697"
"1008","19429","19429","19429","1249","1249","1249","25313","25313","25313","1249","1249","1249","25436","25436","25436","966","966","966","25710","25710","25710","971","971","971","25692","25692","25692","942","942","942","25773","25773","25773","1037","1037","1037"
"1009","19431","19431","19431","1071","1071","1071","25315","25315","25315","979","979","979","25438","25438","25438","979","979","979","25712","25712","25712","947","947","947","25694","25694","25694","1048","1048","1048","25775","25775","25775","962","962","962"
"1010","19433","19433","19433","1075","1075","1075","25317","25317","25317","910","910","910","25440","25440","25440","910","910","910","25714","25714","25714","956","956","956","25696","25696","25696","994","994","994","25777","25777","25777","915","915","915"
"1011","19435","19435","19435","830","830","830","25319","25319","25319","777","777","777","25442","25442","25442","747","747","747","25716","25716","25716","831","831","831","25698","25698","25698","746","746","746","25779","25779","25779","822","822","822"
"1012","19437","19437","19437","991","991","991","25321","25321","25321","740","740","740","25444","25444","25444","728","728","728","25718","25718","25718","999","999","999","25700","25700","25700","752","752","752","25781","25781","25781","741","741","741"
"1013","19439","19439","19439","734","734","734","25323","25323","25323","756","756","756","25446","25446","25446","740","740","740","25720","25720","25720","722","722","722","25702","25702","25702","774","774","774","25783","25783","25783","725","725","725"
"1014","19441","19441","19441","748","748","748","25325","25325","25325","747","747","747","25448","25448","25448","732","732","732","25722","25722","25722","831","831","831","25704","25704","25704","742","742","742","25785","25785","25785","822","822","822"
"1015","19443","19443","19443","945","945","945","25327","25327","25327","681","681","681","25450","25450","25450","696","696","696","25724","25724","25724","706","706","706","25706","25706","25706","696","696","696","25787","25787","25787","719","719","719"
"1016","19445","19445","19445","783","783","783","25329","25329","25329","678","678","678","25452","25452","25452","678","678","678","25726","25726","25726","693","693","693","25708","25708","25708","693","693","693","25789","25789","25789","694","694","694"
"1017","19593","19593","19593","1249","1249","1249","25490","25490","25490","1249","1249","1249","25611","25611","25611","1249","1249","1249","25890","25890","25890","1003","1003","1003","25865","25865","25865","1249","1249","1249","25947","25947","25947","983","983","983"
"1018","19595","19595","19595","1063","1063","1063","25492","25492","25492","994","994","994","25613","25613","25613","949","949","949","25892","25892","25892","1073","1073","1073","25867","25867","25867","963","963","963","25949","25949","25949","995","995","995"
"1019","19597","19597","19597","1085","1085","1085","25494","25494","25494","927","927","927","25615","25615","25615","915","915","915","25894","25894","25894","964","964","964","25869","25869","25869","956","956","956","25951","25951","25951","1249","1249","1249"
"1020","19599","19599","19599","748","748","748","25496","25496","25496","766","766","766","25617","25617","25617","749","749","749","25896","25896","25896","766","766","766","25871","25871","25871","761","761","761","25953","25953","25953","829","829","829"
"1021","19601","19601","19601","999","999","999","25498","25498","25498","754","754","754","25619","25619","25619","789","789","789","25898","25898","25898","734","734","734","25873","25873","25873","717","717","717","25955","25955","25955","743","743","743"
"1022","19603","19603","19603","844","844","844","25500","25500","25500","756","756","756","25621","25621","25621","721","721","721","25900","25900","25900","749","749","749","25875","25875","25875","740","740","740","25957","25957","25957","740","740","740"
"1023","19605","19605","19605","734","734","734","25502","25502","25502","752","752","752","25623","25623","25623","748","748","748","25902","25902","25902","754","754","754","25877","25877","25877","749","749","749","25959","25959","25959","825","825","825"
"1024","19607","19607","19607","708","708","708","25504","25504","25504","696","696","696","25625","25625","25625","698","698","698","25904","25904","25904","677","677","677","25879","25879","25879","680","680","680","25961","25961","25961","699","699","699"
"1025","19609","19609","19609","718","718","718","25506","25506","25506","695","695","695","25627","25627","25627","696","696","696","25906","25906","25906","760","760","760","25881","25881","25881","774","774","774","25963","25963","25963","760","760","760"
"1026","19763","19763","19763","1249","1249","1249","25664","25664","25664","1249","1249","1249","25788","25788","25788","934","934","934","26068","26068","26068","947","947","947","26044","26044","26044","1036","1036","1036","26127","26127","26127","1006","1006","1006"
"1027","19765","19765","19765","1019","1019","1019","25666","25666","25666","1249","1249","1249","25790","25790","25790","919","919","919","26070","26070","26070","980","980","980","26046","26046","26046","1050","1050","1050","26129","26129","26129","946","946","946"
"1028","19767","19767","19767","1010","1010","1010","25668","25668","25668","952","952","952","25792","25792","25792","940","940","940","26072","26072","26072","1249","1249","1249","26048","26048","26048","994","994","994","26131","26131","26131","935","935","935"
"1029","19769","19769","19769","836","836","836","25670","25670","25670","762","762","762","25794","25794","25794","747","747","747","26074","26074","26074","837","837","837","26050","26050","26050","756","756","756","26133","26133","26133","836","836","836"
"1030","19771","19771","19771","904","904","904","25672","25672","25672","754","754","754","25796","25796","25796","999","999","999","26076","26076","26076","737","737","737","26052","26052","26052","742","742","742","26135","26135","26135","736","736","736"
"1031","19773","19773","19773","763","763","763","25674","25674","25674","746","746","746","25798","25798","25798","738","738","738","26078","26078","26078","730","730","730","26054","26054","26054","772","772","772","26137","26137","26137","741","741","741"
"1032","19775","19775","19775","807","807","807","25676","25676","25676","752","752","752","25800","25800","25800","729","729","729","26080","26080","26080","752","752","752","26056","26056","26056","761","761","761","26139","26139","26139","841","841","841"
"1033","19777","19777","19777","712","712","712","25678","25678","25678","686","686","686","25802","25802","25802","695","695","695","26082","26082","26082","693","693","693","26058","26058","26058","678","678","678","26141","26141","26141","763","763","763"
"1034","19779","19779","19779","840","840","840","25680","25680","25680","695","695","695","25804","25804","25804","679","679","679","26084","26084","26084","697","697","697","26060","26060","26060","695","695","695","26143","26143","26143","698","698","698"
"1035","19927","19927","19927","1249","1249","1249","25843","25843","25843","1249","1249","1249","25960","25960","25960","967","967","967","26244","26244","26244","932","932","932","26219","26219","26219","1033","1033","1033","26302","26302","26302","929","929","929"
"1036","19929","19929","19929","1084","1084","1084","25845","25845","25845","1004","1004","1004","25962","25962","25962","961","961","961","26246","26246","26246","948","948","948","26221","26221","26221","924","924","924","26304","26304","26304","1054","1054","1054"
"1037","19931","19931","19931","1070","1070","1070","25847","25847","25847","988","988","988","25964","25964","25964","928","928","928","26248","26248","26248","954","954","954","26223","26223","26223","960","960","960","26306","26306","26306","1249","1249","1249"
"1038","19933","19933","19933","822","822","822","25849","25849","25849","746","746","746","25966","25966","25966","766","766","766","26250","26250","26250","747","747","747","26225","26225","26225","999","999","999","26308","26308","26308","756","756","756"
"1039","19935","19935","19935","835","835","835","25851","25851","25851","737","737","737","25968","25968","25968","742","742","742","26252","26252","26252","734","734","734","26227","26227","26227","999","999","999","26310","26310","26310","729","729","729"
"1040","19937","19937","19937","761","761","761","25853","25853","25853","999","999","999","25970","25970","25970","752","752","752","26254","26254","26254","722","722","722","26229","26229","26229","722","722","722","26312","26312","26312","752","752","752"
"1041","19939","19939","19939","817","817","817","25855","25855","25855","749","749","749","25972","25972","25972","763","763","763","26256","26256","26256","781","781","781","26231","26231","26231","759","759","759","26314","26314","26314","777","777","777"
"1042","19941","19941","19941","770","770","770","25857","25857","25857","678","678","678","25974","25974","25974","694","694","694","26258","26258","26258","677","677","677","26233","26233","26233","691","691","691","26316","26316","26316","696","696","696"
"1043","19943","19943","19943","770","770","770","25859","25859","25859","695","695","695","25976","25976","25976","695","695","695","26260","26260","26260","682","682","682","26235","26235","26235","695","695","695","26318","26318","26318","777","777","777"
"1044","20099","20099","20099","1249","1249","1249","26017","26017","26017","1249","1249","1249","26142","26142","26142","1249","1249","1249","26418","26418","26418","1249","1249","1249","26396","26396","26396","980","980","980","26481","26481","26481","959","959","959"
"1045","20101","20101","20101","1088","1088","1088","26019","26019","26019","924","924","924","26144","26144","26144","980","980","980","26420","26420","26420","982","982","982","26398","26398","26398","977","977","977","26483","26483","26483","978","978","978"
"1046","20103","20103","20103","1082","1082","1082","26021","26021","26021","922","922","922","26146","26146","26146","900","900","900","26422","26422","26422","1019","1019","1019","26400","26400","26400","940","940","940","26485","26485","26485","928","928","928"
"1047","20105","20105","20105","746","746","746","26023","26023","26023","766","766","766","26148","26148","26148","779","779","779","26424","26424","26424","999","999","999","26402","26402","26402","767","767","767","26487","26487","26487","828","828","828"
"1048","20107","20107","20107","913","913","913","26025","26025","26025","723","723","723","26150","26150","26150","717","717","717","26426","26426","26426","729","729","729","26404","26404","26404","740","740","740","26489","26489","26489","749","749","749"
"1049","20109","20109","20109","762","762","762","26027","26027","26027","732","732","732","26152","26152","26152","732","732","732","26428","26428","26428","726","726","726","26406","26406","26406","764","764","764","26491","26491","26491","726","726","726"
"1050","20111","20111","20111","907","907","907","26029","26029","26029","750","750","750","26154","26154","26154","725","725","725","26430","26430","26430","816","816","816","26408","26408","26408","761","761","761","26493","26493","26493","805","805","805"
"1051","20113","20113","20113","775","775","775","26031","26031","26031","696","696","696","26156","26156","26156","860","860","860","26432","26432","26432","680","680","680","26410","26410","26410","691","691","691","26495","26495","26495","686","686","686"
"1052","20115","20115","20115","867","867","867","26033","26033","26033","676","676","676","26158","26158","26158","678","678","678","26434","26434","26434","712","712","712","26412","26412","26412","696","696","696","26497","26497","26497","697","697","697"
"1053","20261","20261","20261","1249","1249","1249","26189","26189","26189","969","969","969","26318","26318","26318","945","945","945","26596","26596","26596","932","932","932","26575","26575","26575","971","971","971","26658","26658","26658","968","968","968"
"1054","20263","20263","20263","1083","1083","1083","26191","26191","26191","983","983","983","26320","26320","26320","971","971","971","26598","26598","26598","974","974","974","26577","26577","26577","972","972","972","26660","26660","26660","1030","1030","1030"
"1055","20265","20265","20265","1065","1065","1065","26193","26193","26193","987","987","987","26322","26322","26322","936","936","936","26600","26600","26600","952","952","952","26579","26579","26579","950","950","950","26662","26662","26662","974","974","974"
"1056","20267","20267","20267","767","767","767","26195","26195","26195","747","747","747","26324","26324","26324","740","740","740","26602","26602","26602","821","821","821","26581","26581","26581","748","748","748","26664","26664","26664","820","820","820"
"1057","20269","20269","20269","767","767","767","26197","26197","26197","720","720","720","26326","26326","26326","736","736","736","26604","26604","26604","733","733","733","26583","26583","26583","717","717","717","26666","26666","26666","730","730","730"
"1058","20271","20271","20271","844","844","844","26199","26199","26199","721","721","721","26328","26328","26328","715","715","715","26606","26606","26606","999","999","999","26585","26585","26585","737","737","737","26668","26668","26668","749","749","749"
"1059","20273","20273","20273","753","753","753","26201","26201","26201","730","730","730","26330","26330","26330","752","752","752","26608","26608","26608","764","764","764","26587","26587","26587","766","766","766","26670","26670","26670","842","842","842"
"1060","20275","20275","20275","695","695","695","26203","26203","26203","696","696","696","26332","26332","26332","673","673","673","26610","26610","26610","696","696","696","26589","26589","26589","702","702","702","26672","26672","26672","691","691","691"
"1061","20277","20277","20277","839","839","839","26205","26205","26205","695","695","695","26334","26334","26334","696","696","696","26612","26612","26612","758","758","758","26591","26591","26591","696","696","696","26674","26674","26674","771","771","771"
"1062","20433","20433","20433","1249","1249","1249","26365","26365","26365","998","998","998","26496","26496","26496","969","969","969","26769","26769","26769","960","960","960","26753","26753","26753","1249","1249","1249","26838","26838","26838","979","979","979"
"1063","20435","20435","20435","1043","1043","1043","26367","26367","26367","1023","1023","1023","26498","26498","26498","944","944","944","26771","26771","26771","944","944","944","26755","26755","26755","932","932","932","26840","26840","26840","973","973","973"
"1064","20437","20437","20437","1046","1046","1046","26369","26369","26369","983","983","983","26500","26500","26500","947","947","947","26773","26773","26773","940","940","940","26757","26757","26757","1014","1014","1014","26842","26842","26842","1249","1249","1249"
"1065","20439","20439","20439","776","776","776","26371","26371","26371","757","757","757","26502","26502","26502","770","770","770","26775","26775","26775","834","834","834","26759","26759","26759","831","831","831","26844","26844","26844","762","762","762"
"1066","20441","20441","20441","760","760","760","26373","26373","26373","721","721","721","26504","26504","26504","999","999","999","26777","26777","26777","721","721","721","26761","26761","26761","738","738","738","26846","26846","26846","724","724","724"
"1067","20443","20443","20443","915","915","915","26375","26375","26375","722","722","722","26506","26506","26506","724","724","724","26779","26779","26779","719","719","719","26763","26763","26763","999","999","999","26848","26848","26848","749","749","749"
"1068","20445","20445","20445","746","746","746","26377","26377","26377","753","753","753","26508","26508","26508","744","744","744","26781","26781","26781","778","778","778","26765","26765","26765","744","744","744","26850","26850","26850","751","751","751"
"1069","20447","20447","20447","714","714","714","26379","26379","26379","698","698","698","26510","26510","26510","697","697","697","26783","26783","26783","681","681","681","26767","26767","26767","696","696","696","26852","26852","26852","694","694","694"
"1070","20449","20449","20449","758","758","758","26381","26381","26381","764","764","764","26512","26512","26512","712","712","712","26785","26785","26785","691","691","691","26769","26769","26769","681","681","681","26854","26854","26854","771","771","771"
"1071","20605","20605","20605","1249","1249","1249","26540","26540","26540","1249","1249","1249","26672","26672","26672","942","942","942","26944","26944","26944","918","918","918","26925","26925","26925","930","930","930","27012","27012","27012","1249","1249","1249"
"1072","20607","20607","20607","1029","1029","1029","26542","26542","26542","939","939","939","26674","26674","26674","939","939","939","26946","26946","26946","956","956","956","26927","26927","26927","1051","1051","1051","27014","27014","27014","985","985","985"
"1073","20609","20609","20609","1027","1027","1027","26544","26544","26544","929","929","929","26676","26676","26676","949","949","949","26948","26948","26948","962","962","962","26929","26929","26929","967","967","967","27016","27016","27016","1249","1249","1249"
"1074","20611","20611","20611","758","758","758","26546","26546","26546","759","759","759","26678","26678","26678","760","760","760","26950","26950","26950","749","749","749","26931","26931","26931","749","749","749","27018","27018","27018","825","825","825"
"1075","20613","20613","20613","924","924","924","26548","26548","26548","715","715","715","26680","26680","26680","745","745","745","26952","26952","26952","718","718","718","26933","26933","26933","716","716","716","27020","27020","27020","818","818","818"
"1076","20615","20615","20615","934","934","934","26550","26550","26550","720","720","720","26682","26682","26682","719","719","719","26954","26954","26954","734","734","734","26935","26935","26935","719","719","719","27022","27022","27022","735","735","735"
"1077","20617","20617","20617","762","762","762","26552","26552","26552","738","738","738","26684","26684","26684","747","747","747","26956","26956","26956","751","751","751","26937","26937","26937","754","754","754","27024","27024","27024","807","807","807"
"1078","20619","20619","20619","862","862","862","26554","26554","26554","691","691","691","26686","26686","26686","694","694","694","26958","26958","26958","691","691","691","26939","26939","26939","683","683","683","27026","27026","27026","861","861","861"
"1079","20621","20621","20621","768","768","768","26556","26556","26556","681","681","681","26688","26688","26688","692","692","692","26960","26960","26960","695","695","695","26941","26941","26941","691","691","691","27028","27028","27028","672","672","672"
"1080","20767","20767","20767","1249","1249","1249","26717","26717","26717","1249","1249","1249","26852","26852","26852","948","948","948","27121","27121","27121","921","921","921","27099","27099","27099","1031","1031","1031","27189","27189","27189","930","930","930"
"1081","20769","20769","20769","1099","1099","1099","26719","26719","26719","958","958","958","26854","26854","26854","916","916","916","27123","27123","27123","947","947","947","27101","27101","27101","1059","1059","1059","27191","27191","27191","952","952","952"
"1082","20771","20771","20771","1101","1101","1101","26721","26721","26721","903","903","903","26856","26856","26856","918","918","918","27125","27125","27125","937","937","937","27103","27103","27103","1024","1024","1024","27193","27193","27193","1249","1249","1249"
"1083","20773","20773","20773","845","845","845","26723","26723","26723","748","748","748","26858","26858","26858","757","757","757","27127","27127","27127","761","761","761","27105","27105","27105","766","766","766","27195","27195","27195","839","839","839"
"1084","20775","20775","20775","979","979","979","26725","26725","26725","754","754","754","26860","26860","26860","747","747","747","27129","27129","27129","725","725","725","27107","27107","27107","740","740","740","27197","27197","27197","721","721","721"
"1085","20777","20777","20777","745","745","745","26727","26727","26727","719","719","719","26862","26862","26862","715","715","715","27131","27131","27131","731","731","731","27109","27109","27109","744","744","744","27199","27199","27199","716","716","716"
"1086","20779","20779","20779","740","740","740","26729","26729","26729","747","747","747","26864","26864","26864","755","755","755","27133","27133","27133","759","759","759","27111","27111","27111","769","769","769","27201","27201","27201","820","820","820"
"1087","20781","20781","20781","786","786","786","26731","26731","26731","694","694","694","26866","26866","26866","699","699","699","27135","27135","27135","702","702","702","27113","27113","27113","673","673","673","27203","27203","27203","708","708","708"
"1088","20783","20783","20783","772","772","772","26733","26733","26733","716","716","716","26868","26868","26868","692","692","692","27137","27137","27137","712","712","712","27115","27115","27115","692","692","692","27205","27205","27205","763","763","763"
"1089","20939","20939","20939","1249","1249","1249","26889","26889","26889","1249","1249","1249","27029","27029","27029","1249","1249","1249","27299","27299","27299","933","933","933","27274","27274","27274","929","929","929","27363","27363","27363","945","945","945"
"1090","20941","20941","20941","1082","1082","1082","26891","26891","26891","972","972","972","27031","27031","27031","978","978","978","27301","27301","27301","948","948","948","27276","27276","27276","1015","1015","1015","27365","27365","27365","1003","1003","1003"
"1091","20943","20943","20943","1071","1071","1071","26893","26893","26893","925","925","925","27033","27033","27033","996","996","996","27303","27303","27303","970","970","970","27278","27278","27278","938","938","938","27367","27367","27367","1249","1249","1249"
"1092","20945","20945","20945","851","851","851","26895","26895","26895","785","785","785","27035","27035","27035","747","747","747","27305","27305","27305","759","759","759","27280","27280","27280","742","742","742","27369","27369","27369","833","833","833"
"1093","20947","20947","20947","988","988","988","26897","26897","26897","751","751","751","27037","27037","27037","733","733","733","27307","27307","27307","734","734","734","27282","27282","27282","747","747","747","27371","27371","27371","718","718","718"
"1094","20949","20949","20949","759","759","759","26899","26899","26899","739","739","739","27039","27039","27039","999","999","999","27309","27309","27309","999","999","999","27284","27284","27284","725","725","725","27373","27373","27373","729","729","729"
"1095","20951","20951","20951","730","730","730","26901","26901","26901","767","767","767","27041","27041","27041","747","747","747","27311","27311","27311","744","744","744","27286","27286","27286","763","763","763","27375","27375","27375","834","834","834"
"1096","20953","20953","20953","882","882","882","26903","26903","26903","696","696","696","27043","27043","27043","691","691","691","27313","27313","27313","692","692","692","27288","27288","27288","711","711","711","27377","27377","27377","675","675","675"
"1097","20955","20955","20955","866","866","866","26905","26905","26905","694","694","694","27045","27045","27045","999","999","999","27315","27315","27315","678","678","678","27290","27290","27290","695","695","695","27379","27379","27379","677","677","677"
"1098","21103","21103","21103","1249","1249","1249","27064","27064","27064","977","977","977","27203","27203","27203","934","934","934","27471","27471","27471","962","962","962","27452","27452","27452","1249","1249","1249","27536","27536","27536","932","932","932"
"1099","21105","21105","21105","1069","1069","1069","27066","27066","27066","975","975","975","27205","27205","27205","930","930","930","27473","27473","27473","936","936","936","27454","27454","27454","956","956","956","27538","27538","27538","1249","1249","1249"
"1100","21107","21107","21107","1109","1109","1109","27068","27068","27068","934","934","934","27207","27207","27207","925","925","925","27475","27475","27475","939","939","939","27456","27456","27456","953","953","953","27540","27540","27540","914","914","914"
"1101","21109","21109","21109","752","752","752","27070","27070","27070","750","750","750","27209","27209","27209","765","765","765","27477","27477","27477","748","748","748","27458","27458","27458","747","747","747","27542","27542","27542","746","746","746"
"1102","21111","21111","21111","748","748","748","27072","27072","27072","897","897","897","27211","27211","27211","740","740","740","27479","27479","27479","733","733","733","27460","27460","27460","734","734","734","27544","27544","27544","830","830","830"
"1103","21113","21113","21113","718","718","718","27074","27074","27074","745","745","745","27213","27213","27213","758","758","758","27481","27481","27481","728","728","728","27462","27462","27462","734","734","734","27546","27546","27546","729","729","729"
"1104","21115","21115","21115","754","754","754","27076","27076","27076","752","752","752","27215","27215","27215","752","752","752","27483","27483","27483","751","751","751","27464","27464","27464","770","770","770","27548","27548","27548","827","827","827"
"1105","21117","21117","21117","867","867","867","27078","27078","27078","680","680","680","27217","27217","27217","686","686","686","27485","27485","27485","694","694","694","27466","27466","27466","695","695","695","27550","27550","27550","694","694","694"
"1106","21119","21119","21119","872","872","872","27080","27080","27080","693","693","693","27219","27219","27219","696","696","696","27487","27487","27487","696","696","696","27468","27468","27468","694","694","694","27552","27552","27552","753","753","753"
"1107","21273","21273","21273","1249","1249","1249","27239","27239","27239","1249","1249","1249","27379","27379","27379","947","947","947","27645","27645","27645","972","972","972","27626","27626","27626","1249","1249","1249","27710","27710","27710","926","926","926"
"1108","21275","21275","21275","1049","1049","1049","27241","27241","27241","970","970","970","27381","27381","27381","984","984","984","27647","27647","27647","949","949","949","27628","27628","27628","982","982","982","27712","27712","27712","960","960","960"
"1109","21277","21277","21277","1029","1029","1029","27243","27243","27243","939","939","939","27383","27383","27383","988","988","988","27649","27649","27649","934","934","934","27630","27630","27630","997","997","997","27714","27714","27714","922","922","922"
"1110","21279","21279","21279","750","750","750","27245","27245","27245","745","745","745","27385","27385","27385","762","762","762","27651","27651","27651","829","829","829","27632","27632","27632","745","745","745","27716","27716","27716","816","816","816"
"1111","21281","21281","21281","742","742","742","27247","27247","27247","750","750","750","27387","27387","27387","731","731","731","27653","27653","27653","738","738","738","27634","27634","27634","722","722","722","27718","27718","27718","818","818","818"
"1112","21283","21283","21283","927","927","927","27249","27249","27249","718","718","718","27389","27389","27389","745","745","745","27655","27655","27655","999","999","999","27636","27636","27636","739","739","739","27720","27720","27720","728","728","728"
"1113","21285","21285","21285","771","771","771","27251","27251","27251","743","743","743","27391","27391","27391","728","728","728","27657","27657","27657","813","813","813","27638","27638","27638","769","769","769","27722","27722","27722","803","803","803"
"1114","21287","21287","21287","922","922","922","27253","27253","27253","712","712","712","27393","27393","27393","697","697","697","27659","27659","27659","697","697","697","27640","27640","27640","686","686","686","27724","27724","27724","725","725","725"
"1115","21289","21289","21289","714","714","714","27255","27255","27255","698","698","698","27395","27395","27395","678","678","678","27661","27661","27661","695","695","695","27642","27642","27642","679","679","679","27726","27726","27726","779","779","779"
"1116","21449","21449","21449","1249","1249","1249","27411","27411","27411","1074","1074","1074","27558","27558","27558","946","946","946","27819","27819","27819","964","964","964","27803","27803","27803","996","996","996","27889","27889","27889","971","971","971"
"1117","21451","21451","21451","1029","1029","1029","27413","27413","27413","1003","1003","1003","27560","27560","27560","942","942","942","27821","27821","27821","965","965","965","27805","27805","27805","986","986","986","27891","27891","27891","945","945","945"
"1118","21453","21453","21453","1070","1070","1070","27415","27415","27415","985","985","985","27562","27562","27562","932","932","932","27823","27823","27823","958","958","958","27807","27807","27807","999","999","999","27893","27893","27893","1249","1249","1249"
"1119","21455","21455","21455","767","767","767","27417","27417","27417","740","740","740","27564","27564","27564","754","754","754","27825","27825","27825","741","741","741","27809","27809","27809","841","841","841","27895","27895","27895","773","773","773"
"1120","21457","21457","21457","745","745","745","27419","27419","27419","999","999","999","27566","27566","27566","721","721","721","27827","27827","27827","999","999","999","27811","27811","27811","724","724","724","27897","27897","27897","818","818","818"
"1121","21459","21459","21459","725","725","725","27421","27421","27421","716","716","716","27568","27568","27568","734","734","734","27829","27829","27829","720","720","720","27813","27813","27813","735","735","735","27899","27899","27899","999","999","999"
"1122","21461","21461","21461","739","739","739","27423","27423","27423","770","770","770","27570","27570","27570","747","747","747","27831","27831","27831","752","752","752","27815","27815","27815","760","760","760","27901","27901","27901","763","763","763"
"1123","21463","21463","21463","790","790","790","27425","27425","27425","680","680","680","27572","27572","27572","696","696","696","27833","27833","27833","699","699","699","27817","27817","27817","693","693","693","27903","27903","27903","680","680","680"
"1124","21465","21465","21465","707","707","707","27427","27427","27427","696","696","696","27574","27574","27574","692","692","692","27835","27835","27835","695","695","695","27819","27819","27819","758","758","758","27905","27905","27905","769","769","769"
"1125","21613","21613","21613","1249","1249","1249","27586","27586","27586","1249","1249","1249","27734","27734","27734","938","938","938","27994","27994","27994","933","933","933","27978","27978","27978","1012","1012","1012","28070","28070","28070","1002","1002","1002"
"1126","21615","21615","21615","1042","1042","1042","27588","27588","27588","950","950","950","27736","27736","27736","928","928","928","27996","27996","27996","974","974","974","27980","27980","27980","957","957","957","28072","28072","28072","1249","1249","1249"
"1127","21617","21617","21617","1098","1098","1098","27590","27590","27590","988","988","988","27738","27738","27738","962","962","962","27998","27998","27998","1008","1008","1008","27982","27982","27982","965","965","965","28074","28074","28074","1249","1249","1249"
"1128","21619","21619","21619","818","818","818","27592","27592","27592","754","754","754","27740","27740","27740","754","754","754","28000","28000","28000","747","747","747","27984","27984","27984","762","762","762","28076","28076","28076","758","758","758"
"1129","21621","21621","21621","906","906","906","27594","27594","27594","770","770","770","27742","27742","27742","737","737","737","28002","28002","28002","716","716","716","27986","27986","27986","734","734","734","28078","28078","28078","733","733","733"
"1130","21623","21623","21623","930","930","930","27596","27596","27596","733","733","733","27744","27744","27744","759","759","759","28004","28004","28004","718","718","718","27988","27988","27988","721","721","721","28080","28080","28080","735","735","735"
"1131","21625","21625","21625","747","747","747","27598","27598","27598","752","752","752","27746","27746","27746","745","745","745","28006","28006","28006","760","760","760","27990","27990","27990","755","755","755","28082","28082","28082","749","749","749"
"1132","21627","21627","21627","849","849","849","27600","27600","27600","698","698","698","27748","27748","27748","680","680","680","28008","28008","28008","691","691","691","27992","27992","27992","693","693","693","28084","28084","28084","760","760","760"
"1133","21629","21629","21629","780","780","780","27602","27602","27602","697","697","697","27750","27750","27750","688","688","688","28010","28010","28010","678","678","678","27994","27994","27994","695","695","695","28086","28086","28086","774","774","774"
"1134","21783","21783","21783","1249","1249","1249","27762","27762","27762","963","963","963","27911","27911","27911","926","926","926","28175","28175","28175","970","970","970","28152","28152","28152","1033","1033","1033","28246","28246","28246","945","945","945"
"1135","21785","21785","21785","1025","1025","1025","27764","27764","27764","987","987","987","27913","27913","27913","995","995","995","28177","28177","28177","1017","1017","1017","28154","28154","28154","910","910","910","28248","28248","28248","993","993","993"
"1136","21787","21787","21787","1081","1081","1081","27766","27766","27766","970","970","970","27915","27915","27915","937","937","937","28179","28179","28179","982","982","982","28156","28156","28156","1000","1000","1000","28250","28250","28250","1249","1249","1249"
"1137","21789","21789","21789","755","755","755","27768","27768","27768","759","759","759","27917","27917","27917","754","754","754","28181","28181","28181","849","849","849","28158","28158","28158","749","749","749","28252","28252","28252","829","829","829"
"1138","21791","21791","21791","768","768","768","27770","27770","27770","750","750","750","27919","27919","27919","999","999","999","28183","28183","28183","714","714","714","28160","28160","28160","731","731","731","28254","28254","28254","749","749","749"
"1139","21793","21793","21793","737","737","737","27772","27772","27772","765","765","765","27921","27921","27921","733","733","733","28185","28185","28185","730","730","730","28162","28162","28162","724","724","724","28256","28256","28256","733","733","733"
"1140","21795","21795","21795","896","896","896","27774","27774","27774","759","759","759","27923","27923","27923","747","747","747","28187","28187","28187","749","749","749","28164","28164","28164","749","749","749","28258","28258","28258","838","838","838"
"1141","21797","21797","21797","784","784","784","27776","27776","27776","694","694","694","27925","27925","27925","675","675","675","28189","28189","28189","677","677","677","28166","28166","28166","691","691","691","28260","28260","28260","680","680","680"
"1142","21799","21799","21799","879","879","879","27778","27778","27778","696","696","696","27927","27927","27927","673","673","673","28191","28191","28191","681","681","681","28168","28168","28168","679","679","679","28262","28262","28262","753","753","753"
"1143","21945","21945","21945","1249","1249","1249","27940","27940","27940","1249","1249","1249","28088","28088","28088","943","943","943","28353","28353","28353","998","998","998","28325","28325","28325","1054","1054","1054","28423","28423","28423","966","966","966"
"1144","21947","21947","21947","1024","1024","1024","27942","27942","27942","973","973","973","28090","28090","28090","988","988","988","28355","28355","28355","951","951","951","28327","28327","28327","952","952","952","28425","28425","28425","1027","1027","1027"
"1145","21949","21949","21949","1014","1014","1014","27944","27944","27944","998","998","998","28092","28092","28092","962","962","962","28357","28357","28357","950","950","950","28329","28329","28329","960","960","960","28427","28427","28427","921","921","921"
"1146","21951","21951","21951","751","751","751","27946","27946","27946","756","756","756","28094","28094","28094","759","759","759","28359","28359","28359","762","762","762","28331","28331","28331","766","766","766","28429","28429","28429","766","766","766"
"1147","21953","21953","21953","791","791","791","27948","27948","27948","745","745","745","28096","28096","28096","891","891","891","28361","28361","28361","718","718","718","28333","28333","28333","747","747","747","28431","28431","28431","737","737","737"
"1148","21955","21955","21955","999","999","999","27950","27950","27950","732","732","732","28098","28098","28098","754","754","754","28363","28363","28363","718","718","718","28335","28335","28335","745","745","745","28433","28433","28433","717","717","717"
"1149","21957","21957","21957","764","764","764","27952","27952","27952","770","770","770","28100","28100","28100","784","784","784","28365","28365","28365","748","748","748","28337","28337","28337","749","749","749","28435","28435","28435","749","749","749"
"1150","21959","21959","21959","787","787","787","27954","27954","27954","699","699","699","28102","28102","28102","680","680","680","28367","28367","28367","696","696","696","28339","28339","28339","856","856","856","28437","28437","28437","678","678","678"
"1151","21961","21961","21961","756","756","756","27956","27956","27956","688","688","688","28104","28104","28104","680","680","680","28369","28369","28369","696","696","696","28341","28341","28341","696","696","696","28439","28439","28439","671","671","671"
"1152","22119","22119","22119","1249","1249","1249","28112","28112","28112","1249","1249","1249","28261","28261","28261","939","939","939","28530","28530","28530","959","959","959","28500","28500","28500","976","976","976","28598","28598","28598","944","944","944"
"1153","22121","22121","22121","1040","1040","1040","28114","28114","28114","1000","1000","1000","28263","28263","28263","927","927","927","28532","28532","28532","947","947","947","28502","28502","28502","985","985","985","28600","28600","28600","1249","1249","1249"
"1154","22123","22123","22123","1069","1069","1069","28116","28116","28116","996","996","996","28265","28265","28265","943","943","943","28534","28534","28534","940","940","940","28504","28504","28504","948","948","948","28602","28602","28602","1249","1249","1249"
"1155","22125","22125","22125","755","755","755","28118","28118","28118","754","754","754","28267","28267","28267","741","741","741","28536","28536","28536","839","839","839","28506","28506","28506","743","743","743","28604","28604","28604","829","829","829"
"1156","22127","22127","22127","762","762","762","28120","28120","28120","999","999","999","28269","28269","28269","744","744","744","28538","28538","28538","749","749","749","28508","28508","28508","745","745","745","28606","28606","28606","750","750","750"
"1157","22129","22129","22129","915","915","915","28122","28122","28122","721","721","721","28271","28271","28271","746","746","746","28540","28540","28540","735","735","735","28510","28510","28510","733","733","733","28608","28608","28608","725","725","725"
"1158","22131","22131","22131","736","736","736","28124","28124","28124","762","762","762","28273","28273","28273","769","769","769","28542","28542","28542","776","776","776","28512","28512","28512","738","738","738","28610","28610","28610","822","822","822"
"1159","22133","22133","22133","693","693","693","28126","28126","28126","691","691","691","28275","28275","28275","680","680","680","28544","28544","28544","698","698","698","28514","28514","28514","693","693","693","28612","28612","28612","675","675","675"
"1160","22135","22135","22135","783","783","783","28128","28128","28128","712","712","712","28277","28277","28277","698","698","698","28546","28546","28546","695","695","695","28516","28516","28516","681","681","681","28614","28614","28614","706","706","706"
"1161","22281","22281","22281","1249","1249","1249","28287","28287","28287","1249","1249","1249","28436","28436","28436","938","938","938","28708","28708","28708","937","937","937","28676","28676","28676","1008","1008","1008","28777","28777","28777","929","929","929"
"1162","22283","22283","22283","1076","1076","1076","28289","28289","28289","969","969","969","28438","28438","28438","953","953","953","28710","28710","28710","933","933","933","28678","28678","28678","906","906","906","28779","28779","28779","967","967","967"
"1163","22285","22285","22285","1052","1052","1052","28291","28291","28291","974","974","974","28440","28440","28440","1028","1028","1028","28712","28712","28712","937","937","937","28680","28680","28680","970","970","970","28781","28781","28781","1249","1249","1249"
"1164","22287","22287","22287","754","754","754","28293","28293","28293","760","760","760","28442","28442","28442","759","759","759","28714","28714","28714","853","853","853","28682","28682","28682","815","815","815","28783","28783","28783","764","764","764"
"1165","22289","22289","22289","917","917","917","28295","28295","28295","750","750","750","28444","28444","28444","718","718","718","28716","28716","28716","723","723","723","28684","28684","28684","753","753","753","28785","28785","28785","723","723","723"
"1166","22291","22291","22291","921","921","921","28297","28297","28297","755","755","755","28446","28446","28446","718","718","718","28718","28718","28718","729","729","729","28686","28686","28686","773","773","773","28787","28787","28787","999","999","999"
"1167","22293","22293","22293","734","734","734","28299","28299","28299","755","755","755","28448","28448","28448","740","740","740","28720","28720","28720","749","749","749","28688","28688","28688","768","768","768","28789","28789","28789","749","749","749"
"1168","22295","22295","22295","863","863","863","28301","28301","28301","678","678","678","28450","28450","28450","679","679","679","28722","28722","28722","696","696","696","28690","28690","28690","673","673","673","28791","28791","28791","695","695","695"
"1169","22297","22297","22297","835","835","835","28303","28303","28303","691","691","691","28452","28452","28452","680","680","680","28724","28724","28724","678","678","678","28692","28692","28692","692","692","692","28793","28793","28793","694","694","694"
"1170","22453","22453","22453","1249","1249","1249","28467","28467","28467","1249","1249","1249","28616","28616","28616","950","950","950","28883","28883","28883","924","924","924","28851","28851","28851","966","966","966","28953","28953","28953","987","987","987"
"1171","22455","22455","22455","1107","1107","1107","28469","28469","28469","956","956","956","28618","28618","28618","957","957","957","28885","28885","28885","986","986","986","28853","28853","28853","952","952","952","28955","28955","28955","1249","1249","1249"
"1172","22457","22457","22457","1060","1060","1060","28471","28471","28471","953","953","953","28620","28620","28620","965","965","965","28887","28887","28887","956","956","956","28855","28855","28855","932","932","932","28957","28957","28957","1249","1249","1249"
"1173","22459","22459","22459","828","828","828","28473","28473","28473","755","755","755","28622","28622","28622","754","754","754","28889","28889","28889","761","761","761","28857","28857","28857","766","766","766","28959","28959","28959","780","780","780"
"1174","22461","22461","22461","851","851","851","28475","28475","28475","733","733","733","28624","28624","28624","730","730","730","28891","28891","28891","718","718","718","28859","28859","28859","736","736","736","28961","28961","28961","713","713","713"
"1175","22463","22463","22463","836","836","836","28477","28477","28477","744","744","744","28626","28626","28626","999","999","999","28893","28893","28893","739","739","739","28861","28861","28861","740","740","740","28963","28963","28963","733","733","733"
"1176","22465","22465","22465","821","821","821","28479","28479","28479","741","741","741","28628","28628","28628","748","748","748","28895","28895","28895","764","764","764","28863","28863","28863","747","747","747","28965","28965","28965","747","747","747"
"1177","22467","22467","22467","791","791","791","28481","28481","28481","680","680","680","28630","28630","28630","695","695","695","28897","28897","28897","683","683","683","28865","28865","28865","698","698","698","28967","28967","28967","868","868","868"
"1178","22469","22469","22469","783","783","783","28483","28483","28483","678","678","678","28632","28632","28632","678","678","678","28899","28899","28899","850","850","850","28867","28867","28867","695","695","695","28969","28969","28969","686","686","686"
"1179","22625","22625","22625","1249","1249","1249","28644","28644","28644","1249","1249","1249","28794","28794","28794","934","934","934","29063","29063","29063","1000","1000","1000","29025","29025","29025","1010","1010","1010","29129","29129","29129","994","994","994"
"1180","22627","22627","22627","1081","1081","1081","28646","28646","28646","970","970","970","28796","28796","28796","947","947","947","29065","29065","29065","941","941","941","29027","29027","29027","1043","1043","1043","29131","29131","29131","1249","1249","1249"
"1181","22629","22629","22629","1011","1011","1011","28648","28648","28648","916","916","916","28798","28798","28798","975","975","975","29067","29067","29067","994","994","994","29029","29029","29029","966","966","966","29133","29133","29133","1249","1249","1249"
"1182","22631","22631","22631","833","833","833","28650","28650","28650","750","750","750","28800","28800","28800","750","750","750","29069","29069","29069","945","945","945","29031","29031","29031","770","770","770","29135","29135","29135","822","822","822"
"1183","22633","22633","22633","929","929","929","28652","28652","28652","736","736","736","28802","28802","28802","737","737","737","29071","29071","29071","739","739","739","29033","29033","29033","772","772","772","29137","29137","29137","825","825","825"
"1184","22635","22635","22635","833","833","833","28654","28654","28654","739","739","739","28804","28804","28804","739","739","739","29073","29073","29073","724","724","724","29035","29035","29035","733","733","733","29139","29139","29139","734","734","734"
"1185","22637","22637","22637","936","936","936","28656","28656","28656","752","752","752","28806","28806","28806","749","749","749","29075","29075","29075","827","827","827","29037","29037","29037","770","770","770","29141","29141","29141","732","732","732"
"1186","22639","22639","22639","708","708","708","28658","28658","28658","710","710","710","28808","28808","28808","696","696","696","29077","29077","29077","712","712","712","29039","29039","29039","680","680","680","29143","29143","29143","705","705","705"
"1187","22641","22641","22641","770","770","770","28660","28660","28660","697","697","697","28810","28810","28810","692","692","692","29079","29079","29079","684","684","684","29041","29041","29041","691","691","691","29145","29145","29145","763","763","763"
"1188","22789","22789","22789","1249","1249","1249","28820","28820","28820","1249","1249","1249","28974","28974","28974","942","942","942","29242","29242","29242","1249","1249","1249","29200","29200","29200","925","925","925","29310","29310","29310","1054","1054","1054"
"1189","22791","22791","22791","1059","1059","1059","28822","28822","28822","966","966","966","28976","28976","28976","931","931","931","29244","29244","29244","982","982","982","29202","29202","29202","952","952","952","29312","29312","29312","986","986","986"
"1190","22793","22793","22793","1065","1065","1065","28824","28824","28824","926","926","926","28978","28978","28978","935","935","935","29246","29246","29246","980","980","980","29204","29204","29204","922","922","922","29314","29314","29314","1249","1249","1249"
"1191","22795","22795","22795","757","757","757","28826","28826","28826","740","740","740","28980","28980","28980","761","761","761","29248","29248","29248","746","746","746","29206","29206","29206","767","767","767","29316","29316","29316","750","750","750"
"1192","22797","22797","22797","761","761","761","28828","28828","28828","751","751","751","28982","28982","28982","746","746","746","29250","29250","29250","799","799","799","29208","29208","29208","730","730","730","29318","29318","29318","999","999","999"
"1193","22799","22799","22799","823","823","823","28830","28830","28830","730","730","730","28984","28984","28984","747","747","747","29252","29252","29252","732","732","732","29210","29210","29210","720","720","720","29320","29320","29320","999","999","999"
"1194","22801","22801","22801","743","743","743","28832","28832","28832","752","752","752","28986","28986","28986","753","753","753","29254","29254","29254","758","758","758","29212","29212","29212","748","748","748","29322","29322","29322","742","742","742"
"1195","22803","22803","22803","662","662","662","28834","28834","28834","677","677","677","28988","28988","28988","702","702","702","29256","29256","29256","758","758","758","29214","29214","29214","707","707","707","29324","29324","29324","678","678","678"
"1196","22805","22805","22805","680","680","680","28836","28836","28836","693","693","693","28990","28990","28990","692","692","692","29258","29258","29258","763","763","763","29216","29216","29216","697","697","697","29326","29326","29326","682","682","682"
"1197","22961","22961","22961","1249","1249","1249","28994","28994","28994","1249","1249","1249","29151","29151","29151","935","935","935","29415","29415","29415","975","975","975","29376","29376","29376","1086","1086","1086","29484","29484","29484","943","943","943"
"1198","22963","22963","22963","1049","1049","1049","28996","28996","28996","1041","1041","1041","29153","29153","29153","910","910","910","29417","29417","29417","958","958","958","29378","29378","29378","969","969","969","29486","29486","29486","1249","1249","1249"
"1199","22965","22965","22965","1049","1049","1049","28998","28998","28998","964","964","964","29155","29155","29155","925","925","925","29419","29419","29419","960","960","960","29380","29380","29380","937","937","937","29488","29488","29488","1249","1249","1249"
"1200","22967","22967","22967","752","752","752","29000","29000","29000","753","753","753","29157","29157","29157","758","758","758","29421","29421","29421","764","764","764","29382","29382","29382","785","785","785","29490","29490","29490","822","822","822"
"1201","22969","22969","22969","751","751","751","29002","29002","29002","759","759","759","29159","29159","29159","759","759","759","29423","29423","29423","738","738","738","29384","29384","29384","728","728","728","29492","29492","29492","710","710","710"
"1202","22971","22971","22971","921","921","921","29004","29004","29004","753","753","753","29161","29161","29161","749","749","749","29425","29425","29425","745","745","745","29386","29386","29386","722","722","722","29494","29494","29494","734","734","734"
"1203","22973","22973","22973","764","764","764","29006","29006","29006","748","748","748","29163","29163","29163","780","780","780","29427","29427","29427","751","751","751","29388","29388","29388","747","747","747","29496","29496","29496","824","824","824"
"1204","22975","22975","22975","683","683","683","29008","29008","29008","760","760","760","29165","29165","29165","678","678","678","29429","29429","29429","694","694","694","29390","29390","29390","680","680","680","29498","29498","29498","755","755","755"
"1205","22977","22977","22977","772","772","772","29010","29010","29010","758","758","758","29167","29167","29167","697","697","697","29431","29431","29431","697","697","697","29392","29392","29392","698","698","698","29500","29500","29500","760","760","760"
"1206","23127","23127","23127","1249","1249","1249","29169","29169","29169","1249","1249","1249","29328","29328","29328","933","933","933","29588","29588","29588","998","998","998","29549","29549","29549","1249","1249","1249","29667","29667","29667","998","998","998"
"1207","23129","23129","23129","1002","1002","1002","29171","29171","29171","962","962","962","29330","29330","29330","938","938","938","29590","29590","29590","929","929","929","29551","29551","29551","987","987","987","29669","29669","29669","1249","1249","1249"
"1208","23131","23131","23131","1049","1049","1049","29173","29173","29173","963","963","963","29332","29332","29332","958","958","958","29592","29592","29592","931","931","931","29553","29553","29553","921","921","921","29671","29671","29671","904","904","904"
"1209","23133","23133","23133","836","836","836","29175","29175","29175","742","742","742","29334","29334","29334","785","785","785","29594","29594","29594","765","765","765","29555","29555","29555","765","765","765","29673","29673","29673","831","831","831"
"1210","23135","23135","23135","921","921","921","29177","29177","29177","747","747","747","29336","29336","29336","733","733","733","29596","29596","29596","724","724","724","29557","29557","29557","734","734","734","29675","29675","29675","753","753","753"
"1211","23137","23137","23137","762","762","762","29179","29179","29179","738","738","738","29338","29338","29338","745","745","745","29598","29598","29598","745","745","745","29559","29559","29559","728","728","728","29677","29677","29677","730","730","730"
"1212","23139","23139","23139","816","816","816","29181","29181","29181","771","771","771","29340","29340","29340","779","779","779","29600","29600","29600","758","758","758","29561","29561","29561","758","758","758","29679","29679","29679","771","771","771"
"1213","23141","23141","23141","888","888","888","29183","29183","29183","673","673","673","29342","29342","29342","696","696","696","29602","29602","29602","696","696","696","29563","29563","29563","698","698","698","29681","29681","29681","697","697","697"
"1214","23143","23143","23143","869","869","869","29185","29185","29185","700","700","700","29344","29344","29344","680","680","680","29604","29604","29604","696","696","696","29565","29565","29565","693","693","693","29683","29683","29683","696","696","696"
"1215","23301","23301","23301","1249","1249","1249","29347","29347","29347","1249","1249","1249","29508","29508","29508","942","942","942","29766","29766","29766","978","978","978","29726","29726","29726","1249","1249","1249","29845","29845","29845","1024","1024","1024"
"1216","23303","23303","23303","1037","1037","1037","29349","29349","29349","1022","1022","1022","29510","29510","29510","956","956","956","29768","29768","29768","983","983","983","29728","29728","29728","1027","1027","1027","29847","29847","29847","1249","1249","1249"
"1217","23305","23305","23305","1073","1073","1073","29351","29351","29351","1004","1004","1004","29512","29512","29512","925","925","925","29770","29770","29770","955","955","955","29730","29730","29730","996","996","996","29849","29849","29849","914","914","914"
"1218","23307","23307","23307","749","749","749","29353","29353","29353","840","840","840","29514","29514","29514","790","790","790","29772","29772","29772","762","762","762","29732","29732","29732","762","762","762","29851","29851","29851","830","830","830"
"1219","23309","23309","23309","740","740","740","29355","29355","29355","739","739","739","29516","29516","29516","734","734","734","29774","29774","29774","999","999","999","29734","29734","29734","734","734","734","29853","29853","29853","747","747","747"
"1220","23311","23311","23311","836","836","836","29357","29357","29357","722","722","722","29518","29518","29518","713","713","713","29776","29776","29776","735","735","735","29736","29736","29736","731","731","731","29855","29855","29855","999","999","999"
"1221","23313","23313","23313","752","752","752","29359","29359","29359","739","739","739","29520","29520","29520","760","760","760","29778","29778","29778","749","749","749","29738","29738","29738","752","752","752","29857","29857","29857","822","822","822"
"1222","23315","23315","23315","770","770","770","29361","29361","29361","694","694","694","29522","29522","29522","691","691","691","29780","29780","29780","691","691","691","29740","29740","29740","695","695","695","29859","29859","29859","721","721","721"
"1223","23317","23317","23317","772","772","772","29363","29363","29363","771","771","771","29524","29524","29524","709","709","709","29782","29782","29782","691","691","691","29742","29742","29742","694","694","694","29861","29861","29861","999","999","999"
"1224","23465","23465","23465","1249","1249","1249","29522","29522","29522","1249","1249","1249","29685","29685","29685","931","931","931","29942","29942","29942","953","953","953","29902","29902","29902","966","966","966","30022","30022","30022","945","945","945"
"1225","23467","23467","23467","1034","1034","1034","29524","29524","29524","1005","1005","1005","29687","29687","29687","974","974","974","29944","29944","29944","969","969","969","29904","29904","29904","940","940","940","30024","30024","30024","958","958","958"
"1226","23469","23469","23469","1025","1025","1025","29526","29526","29526","1007","1007","1007","29689","29689","29689","972","972","972","29946","29946","29946","968","968","968","29906","29906","29906","942","942","942","30026","30026","30026","1249","1249","1249"
"1227","23471","23471","23471","748","748","748","29528","29528","29528","779","779","779","29691","29691","29691","780","780","780","29948","29948","29948","837","837","837","29908","29908","29908","784","784","784","30028","30028","30028","840","840","840"
"1228","23473","23473","23473","917","917","917","29530","29530","29530","741","741","741","29693","29693","29693","746","746","746","29950","29950","29950","726","726","726","29910","29910","29910","748","748","748","30030","30030","30030","748","748","748"
"1229","23475","23475","23475","812","812","812","29532","29532","29532","748","748","748","29695","29695","29695","712","712","712","29952","29952","29952","999","999","999","29912","29912","29912","739","739","739","30032","30032","30032","749","749","749"
"1230","23477","23477","23477","885","885","885","29534","29534","29534","769","769","769","29697","29697","29697","749","749","749","29954","29954","29954","763","763","763","29914","29914","29914","769","769","769","30034","30034","30034","743","743","743"
"1231","23479","23479","23479","783","783","783","29536","29536","29536","707","707","707","29699","29699","29699","678","678","678","29956","29956","29956","696","696","696","29916","29916","29916","696","696","696","30036","30036","30036","691","691","691"
"1232","23481","23481","23481","877","877","877","29538","29538","29538","694","694","694","29701","29701","29701","696","696","696","29958","29958","29958","695","695","695","29918","29918","29918","676","676","676","30038","30038","30038","681","681","681"
"1233","23637","23637","23637","1249","1249","1249","29698","29698","29698","1249","1249","1249","29863","29863","29863","968","968","968","30119","30119","30119","1249","1249","1249","30078","30078","30078","1027","1027","1027","30196","30196","30196","987","987","987"
"1234","23639","23639","23639","1011","1011","1011","29700","29700","29700","948","948","948","29865","29865","29865","903","903","903","30121","30121","30121","999","999","999","30080","30080","30080","1026","1026","1026","30198","30198","30198","954","954","954"
"1235","23641","23641","23641","1032","1032","1032","29702","29702","29702","928","928","928","29867","29867","29867","940","940","940","30123","30123","30123","1009","1009","1009","30082","30082","30082","967","967","967","30200","30200","30200","1249","1249","1249"
"1236","23643","23643","23643","841","841","841","29704","29704","29704","754","754","754","29869","29869","29869","747","747","747","30125","30125","30125","999","999","999","30084","30084","30084","746","746","746","30202","30202","30202","819","819","819"
"1237","23645","23645","23645","918","918","918","29706","29706","29706","912","912","912","29871","29871","29871","731","731","731","30127","30127","30127","729","729","729","30086","30086","30086","736","736","736","30204","30204","30204","722","722","722"
"1238","23647","23647","23647","767","767","767","29708","29708","29708","730","730","730","29873","29873","29873","751","751","751","30129","30129","30129","725","725","725","30088","30088","30088","764","764","764","30206","30206","30206","751","751","751"
"1239","23649","23649","23649","756","756","756","29710","29710","29710","744","744","744","29875","29875","29875","748","748","748","30131","30131","30131","749","749","749","30090","30090","30090","748","748","748","30208","30208","30208","780","780","780"
"1240","23651","23651","23651","708","708","708","29712","29712","29712","691","691","691","29877","29877","29877","691","691","691","30133","30133","30133","694","694","694","30092","30092","30092","696","696","696","30210","30210","30210","703","703","703"
"1241","23653","23653","23653","859","859","859","29714","29714","29714","760","760","760","29879","29879","29879","678","678","678","30135","30135","30135","701","701","701","30094","30094","30094","676","676","676","30212","30212","30212","695","695","695"
"1242","23809","23809","23809","1249","1249","1249","29875","29875","29875","1249","1249","1249","30036","30036","30036","983","983","983","30293","30293","30293","963","963","963","30255","30255","30255","971","971","971","30368","30368","30368","967","967","967"
"1243","23811","23811","23811","1024","1024","1024","29877","29877","29877","943","943","943","30038","30038","30038","952","952","952","30295","30295","30295","981","981","981","30257","30257","30257","1001","1001","1001","30370","30370","30370","954","954","954"
"1244","23813","23813","23813","1097","1097","1097","29879","29879","29879","915","915","915","30040","30040","30040","923","923","923","30297","30297","30297","924","924","924","30259","30259","30259","956","956","956","30372","30372","30372","1249","1249","1249"
"1245","23815","23815","23815","749","749","749","29881","29881","29881","756","756","756","30042","30042","30042","741","741","741","30299","30299","30299","756","756","756","30261","30261","30261","748","748","748","30374","30374","30374","847","847","847"
"1246","23817","23817","23817","751","751","751","29883","29883","29883","751","751","751","30044","30044","30044","755","755","755","30301","30301","30301","733","733","733","30263","30263","30263","725","725","725","30376","30376","30376","826","826","826"
"1247","23819","23819","23819","740","740","740","29885","29885","29885","723","723","723","30046","30046","30046","772","772","772","30303","30303","30303","750","750","750","30265","30265","30265","733","733","733","30378","30378","30378","750","750","750"
"1248","23821","23821","23821","746","746","746","29887","29887","29887","747","747","747","30048","30048","30048","769","769","769","30305","30305","30305","747","747","747","30267","30267","30267","733","733","733","30380","30380","30380","763","763","763"
"1249","23823","23823","23823","877","877","877","29889","29889","29889","695","695","695","30050","30050","30050","677","677","677","30307","30307","30307","693","693","693","30269","30269","30269","699","699","699","30382","30382","30382","726","726","726"
"1250","23825","23825","23825","881","881","881","29891","29891","29891","681","681","681","30052","30052","30052","693","693","693","30309","30309","30309","695","695","695","30271","30271","30271","695","695","695","30384","30384","30384","760","760","760"
"1251","23971","23971","23971","1249","1249","1249","30051","30051","30051","980","980","980","30211","30211","30211","979","979","979","30473","30473","30473","922","922","922","30431","30431","30431","1049","1049","1049","30545","30545","30545","992","992","992"
"1252","23973","23973","23973","1037","1037","1037","30053","30053","30053","976","976","976","30213","30213","30213","921","921","921","30475","30475","30475","955","955","955","30433","30433","30433","927","927","927","30547","30547","30547","952","952","952"
"1253","23975","23975","23975","1066","1066","1066","30055","30055","30055","925","925","925","30215","30215","30215","911","911","911","30477","30477","30477","940","940","940","30435","30435","30435","945","945","945","30549","30549","30549","922","922","922"
"1254","23977","23977","23977","748","748","748","30057","30057","30057","747","747","747","30217","30217","30217","835","835","835","30479","30479","30479","836","836","836","30437","30437","30437","748","748","748","30551","30551","30551","766","766","766"
"1255","23979","23979","23979","755","755","755","30059","30059","30059","772","772","772","30219","30219","30219","742","742","742","30481","30481","30481","722","722","722","30439","30439","30439","746","746","746","30553","30553","30553","720","720","720"
"1256","23981","23981","23981","756","756","756","30061","30061","30061","737","737","737","30221","30221","30221","729","729","729","30483","30483","30483","734","734","734","30441","30441","30441","755","755","755","30555","30555","30555","721","721","721"
"1257","23983","23983","23983","747","747","747","30063","30063","30063","752","752","752","30223","30223","30223","737","737","737","30485","30485","30485","759","759","759","30443","30443","30443","770","770","770","30557","30557","30557","745","745","745"
"1258","23985","23985","23985","703","703","703","30065","30065","30065","693","693","693","30225","30225","30225","703","703","703","30487","30487","30487","680","680","680","30445","30445","30445","699","699","699","30559","30559","30559","678","678","678"
"1259","23987","23987","23987","879","879","879","30067","30067","30067","753","753","753","30227","30227","30227","765","765","765","30489","30489","30489","671","671","671","30447","30447","30447","753","753","753","30561","30561","30561","693","693","693"
"1260","24147","24147","24147","1249","1249","1249","30225","30225","30225","981","981","981","30387","30387","30387","946","946","946","30652","30652","30652","966","966","966","30608","30608","30608","1033","1033","1033","30722","30722","30722","944","944","944"
"1261","24149","24149","24149","1076","1076","1076","30227","30227","30227","998","998","998","30389","30389","30389","977","977","977","30654","30654","30654","969","969","969","30610","30610","30610","944","944","944","30724","30724","30724","973","973","973"
"1262","24151","24151","24151","1054","1054","1054","30229","30229","30229","1000","1000","1000","30391","30391","30391","945","945","945","30656","30656","30656","931","931","931","30612","30612","30612","922","922","922","30726","30726","30726","1249","1249","1249"
"1263","24153","24153","24153","762","762","762","30231","30231","30231","761","761","761","30393","30393","30393","766","766","766","30658","30658","30658","848","848","848","30614","30614","30614","762","762","762","30728","30728","30728","766","766","766"
"1264","24155","24155","24155","938","938","938","30233","30233","30233","732","732","732","30395","30395","30395","725","725","725","30660","30660","30660","722","722","722","30616","30616","30616","734","734","734","30730","30730","30730","744","744","744"
"1265","24157","24157","24157","999","999","999","30235","30235","30235","999","999","999","30397","30397","30397","733","733","733","30662","30662","30662","734","734","734","30618","30618","30618","750","750","750","30732","30732","30732","722","722","722"
"1266","24159","24159","24159","756","756","756","30237","30237","30237","752","752","752","30399","30399","30399","744","744","744","30664","30664","30664","779","779","779","30620","30620","30620","742","742","742","30734","30734","30734","744","744","744"
"1267","24161","24161","24161","781","781","781","30239","30239","30239","693","693","693","30401","30401","30401","691","691","691","30666","30666","30666","697","697","697","30622","30622","30622","693","693","693","30736","30736","30736","728","728","728"
"1268","24163","24163","24163","786","786","786","30241","30241","30241","699","699","699","30403","30403","30403","693","693","693","30668","30668","30668","680","680","680","30624","30624","30624","696","696","696","30738","30738","30738","697","697","697"
"1269","24309","24309","24309","1249","1249","1249","30401","30401","30401","1249","1249","1249","30564","30564","30564","952","952","952","30826","30826","30826","974","974","974","30786","30786","30786","1033","1033","1033","30897","30897","30897","942","942","942"
"1270","24311","24311","24311","1006","1006","1006","30403","30403","30403","965","965","965","30566","30566","30566","898","898","898","30828","30828","30828","972","972","972","30788","30788","30788","930","930","930","30899","30899","30899","1003","1003","1003"
"1271","24313","24313","24313","1061","1061","1061","30405","30405","30405","922","922","922","30568","30568","30568","915","915","915","30830","30830","30830","953","953","953","30790","30790","30790","940","940","940","30901","30901","30901","962","962","962"
"1272","24315","24315","24315","841","841","841","30407","30407","30407","743","743","743","30570","30570","30570","759","759","759","30832","30832","30832","757","757","757","30792","30792","30792","786","786","786","30903","30903","30903","754","754","754"
"1273","24317","24317","24317","769","769","769","30409","30409","30409","752","752","752","30572","30572","30572","728","728","728","30834","30834","30834","728","728","728","30794","30794","30794","753","753","753","30905","30905","30905","724","724","724"
"1274","24319","24319","24319","832","832","832","30411","30411","30411","736","736","736","30574","30574","30574","999","999","999","30836","30836","30836","721","721","721","30796","30796","30796","748","748","748","30907","30907","30907","717","717","717"
"1275","24321","24321","24321","907","907","907","30413","30413","30413","751","751","751","30576","30576","30576","752","752","752","30838","30838","30838","776","776","776","30798","30798","30798","752","752","752","30909","30909","30909","751","751","751"
"1276","24323","24323","24323","752","752","752","30415","30415","30415","691","691","691","30578","30578","30578","707","707","707","30840","30840","30840","699","699","699","30800","30800","30800","701","701","701","30911","30911","30911","680","680","680"
"1277","24325","24325","24325","772","772","772","30417","30417","30417","692","692","692","30580","30580","30580","712","712","712","30842","30842","30842","694","694","694","30802","30802","30802","676","676","676","30913","30913","30913","676","676","676"
"1278","24483","24483","24483","1249","1249","1249","30577","30577","30577","966","966","966","30741","30741","30741","1249","1249","1249","30999","30999","30999","921","921","921","30963","30963","30963","1050","1050","1050","31072","31072","31072","943","943","943"
"1279","24485","24485","24485","1073","1073","1073","30579","30579","30579","1005","1005","1005","30743","30743","30743","947","947","947","31001","31001","31001","947","947","947","30965","30965","30965","951","951","951","31074","31074","31074","970","970","970"
"1280","24487","24487","24487","1012","1012","1012","30581","30581","30581","974","974","974","30745","30745","30745","977","977","977","31003","31003","31003","951","951","951","30967","30967","30967","922","922","922","31076","31076","31076","1249","1249","1249"
"1281","24489","24489","24489","766","766","766","30583","30583","30583","779","779","779","30747","30747","30747","740","740","740","31005","31005","31005","750","750","750","30969","30969","30969","747","747","747","31078","31078","31078","766","766","766"
"1282","24491","24491","24491","763","763","763","30585","30585","30585","750","750","750","30749","30749","30749","738","738","738","31007","31007","31007","802","802","802","30971","30971","30971","749","749","749","31080","31080","31080","724","724","724"
"1283","24493","24493","24493","916","916","916","30587","30587","30587","758","758","758","30751","30751","30751","723","723","723","31009","31009","31009","733","733","733","30973","30973","30973","735","735","735","31082","31082","31082","727","727","727"
"1284","24495","24495","24495","735","735","735","30589","30589","30589","748","748","748","30753","30753","30753","749","749","749","31011","31011","31011","751","751","751","30975","30975","30975","749","749","749","31084","31084","31084","754","754","754"
"1285","24497","24497","24497","709","709","709","30591","30591","30591","683","683","683","30755","30755","30755","683","683","683","31013","31013","31013","694","694","694","30977","30977","30977","678","678","678","31086","31086","31086","696","696","696"
"1286","24499","24499","24499","942","942","942","30593","30593","30593","673","673","673","30757","30757","30757","678","678","678","31015","31015","31015","676","676","676","30979","30979","30979","691","691","691","31088","31088","31088","693","693","693"
"1287","24645","24645","24645","1249","1249","1249","30753","30753","30753","1249","1249","1249","30919","30919","30919","1249","1249","1249","31176","31176","31176","927","927","927","31143","31143","31143","1002","1002","1002","31248","31248","31248","949","949","949"
"1288","24647","24647","24647","1034","1034","1034","30755","30755","30755","978","978","978","30921","30921","30921","920","920","920","31178","31178","31178","972","972","972","31145","31145","31145","969","969","969","31250","31250","31250","949","949","949"
"1289","24649","24649","24649","1061","1061","1061","30757","30757","30757","943","943","943","30923","30923","30923","917","917","917","31180","31180","31180","931","931","931","31147","31147","31147","924","924","924","31252","31252","31252","927","927","927"
"1290","24651","24651","24651","759","759","759","30759","30759","30759","750","750","750","30925","30925","30925","750","750","750","31182","31182","31182","746","746","746","31149","31149","31149","767","767","767","31254","31254","31254","753","753","753"
"1291","24653","24653","24653","835","835","835","30761","30761","30761","912","912","912","30927","30927","30927","860","860","860","31184","31184","31184","721","721","721","31151","31151","31151","744","744","744","31256","31256","31256","739","739","739"
"1292","24655","24655","24655","999","999","999","30763","30763","30763","724","724","724","30929","30929","30929","732","732","732","31186","31186","31186","750","750","750","31153","31153","31153","721","721","721","31258","31258","31258","734","734","734"
"1293","24657","24657","24657","915","915","915","30765","30765","30765","751","751","751","30931","30931","30931","774","774","774","31188","31188","31188","732","732","732","31155","31155","31155","752","752","752","31260","31260","31260","747","747","747"
"1294","24659","24659","24659","683","683","683","30767","30767","30767","678","678","678","30933","30933","30933","712","712","712","31190","31190","31190","696","696","696","31157","31157","31157","673","673","673","31262","31262","31262","999","999","999"
"1295","24661","24661","24661","791","791","791","30769","30769","30769","697","697","697","30935","30935","30935","696","696","696","31192","31192","31192","692","692","692","31159","31159","31159","695","695","695","31264","31264","31264","678","678","678"
"1296","24817","24817","24817","1249","1249","1249","30925","30925","30925","966","966","966","31094","31094","31094","1249","1249","1249","31352","31352","31352","1107","1107","1107","31320","31320","31320","1249","1249","1249","31425","31425","31425","965","965","965"
"1297","24819","24819","24819","1072","1072","1072","30927","30927","30927","977","977","977","31096","31096","31096","961","961","961","31354","31354","31354","952","952","952","31322","31322","31322","1028","1028","1028","31427","31427","31427","940","940","940"
"1298","24821","24821","24821","1064","1064","1064","30929","30929","30929","932","932","932","31098","31098","31098","957","957","957","31356","31356","31356","953","953","953","31324","31324","31324","975","975","975","31429","31429","31429","962","962","962"
"1299","24823","24823","24823","755","755","755","30931","30931","30931","790","790","790","31100","31100","31100","762","762","762","31358","31358","31358","766","766","766","31326","31326","31326","778","778","778","31431","31431","31431","832","832","832"
"1300","24825","24825","24825","745","745","745","30933","30933","30933","761","761","761","31102","31102","31102","737","737","737","31360","31360","31360","716","716","716","31328","31328","31328","736","736","736","31433","31433","31433","830","830","830"
"1301","24827","24827","24827","744","744","744","30935","30935","30935","761","761","761","31104","31104","31104","750","750","750","31362","31362","31362","999","999","999","31330","31330","31330","745","745","745","31435","31435","31435","804","804","804"
"1302","24829","24829","24829","738","738","738","30937","30937","30937","748","748","748","31106","31106","31106","749","749","749","31364","31364","31364","752","752","752","31332","31332","31332","752","752","752","31437","31437","31437","745","745","745"
"1303","24831","24831","24831","958","958","958","30939","30939","30939","717","717","717","31108","31108","31108","696","696","696","31366","31366","31366","696","696","696","31334","31334","31334","698","698","698","31439","31439","31439","696","696","696"
"1304","24833","24833","24833","774","774","774","30941","30941","30941","688","688","688","31110","31110","31110","695","695","695","31368","31368","31368","673","673","673","31336","31336","31336","999","999","999","31441","31441","31441","769","769","769"
"1305","24991","24991","24991","1249","1249","1249","31101","31101","31101","978","978","978","31270","31270","31270","982","982","982","31526","31526","31526","1249","1249","1249","31493","31493","31493","965","965","965","31602","31602","31602","972","972","972"
"1306","24993","24993","24993","1085","1085","1085","31103","31103","31103","930","930","930","31272","31272","31272","927","927","927","31528","31528","31528","964","964","964","31495","31495","31495","968","968","968","31604","31604","31604","998","998","998"
"1307","24995","24995","24995","1100","1100","1100","31105","31105","31105","918","918","918","31274","31274","31274","944","944","944","31530","31530","31530","940","940","940","31497","31497","31497","971","971","971","31606","31606","31606","922","922","922"
"1308","24997","24997","24997","824","824","824","31107","31107","31107","782","782","782","31276","31276","31276","745","745","745","31532","31532","31532","999","999","999","31499","31499","31499","740","740","740","31608","31608","31608","747","747","747"
"1309","24999","24999","24999","905","905","905","31109","31109","31109","750","750","750","31278","31278","31278","735","735","735","31534","31534","31534","721","721","721","31501","31501","31501","719","719","719","31610","31610","31610","713","713","713"
"1310","25001","25001","25001","835","835","835","31111","31111","31111","731","731","731","31280","31280","31280","720","720","720","31536","31536","31536","730","730","730","31503","31503","31503","750","750","750","31612","31612","31612","760","760","760"
"1311","25003","25003","25003","735","735","735","31113","31113","31113","749","749","749","31282","31282","31282","756","756","756","31538","31538","31538","780","780","780","31505","31505","31505","755","755","755","31614","31614","31614","740","740","740"
"1312","25005","25005","25005","781","781","781","31115","31115","31115","691","691","691","31284","31284","31284","694","694","694","31540","31540","31540","675","675","675","31507","31507","31507","694","694","694","31616","31616","31616","691","691","691"
"1313","25007","25007","25007","776","776","776","31117","31117","31117","697","697","697","31286","31286","31286","699","699","699","31542","31542","31542","710","710","710","31509","31509","31509","692","692","692","31618","31618","31618","697","697","697"
"1314","25153","25153","25153","1249","1249","1249","31274","31274","31274","980","980","980","31446","31446","31446","1249","1249","1249","31707","31707","31707","955","955","955","31668","31668","31668","981","981","981","31778","31778","31778","967","967","967"
"1315","25155","25155","25155","1058","1058","1058","31276","31276","31276","953","953","953","31448","31448","31448","921","921","921","31709","31709","31709","956","956","956","31670","31670","31670","1026","1026","1026","31780","31780","31780","1056","1056","1056"
"1316","25157","25157","25157","1033","1033","1033","31278","31278","31278","918","918","918","31450","31450","31450","908","908","908","31711","31711","31711","962","962","962","31672","31672","31672","933","933","933","31782","31782","31782","1249","1249","1249"
"1317","25159","25159","25159","820","820","820","31280","31280","31280","750","750","750","31452","31452","31452","779","779","779","31713","31713","31713","750","750","750","31674","31674","31674","785","785","785","31784","31784","31784","755","755","755"
"1318","25161","25161","25161","746","746","746","31282","31282","31282","733","733","733","31454","31454","31454","733","733","733","31715","31715","31715","722","722","722","31676","31676","31676","731","731","731","31786","31786","31786","805","805","805"
"1319","25163","25163","25163","973","973","973","31284","31284","31284","718","718","718","31456","31456","31456","742","742","742","31717","31717","31717","728","728","728","31678","31678","31678","722","722","722","31788","31788","31788","757","757","757"
"1320","25165","25165","25165","751","751","751","31286","31286","31286","769","769","769","31458","31458","31458","742","742","742","31719","31719","31719","736","736","736","31680","31680","31680","747","747","747","31790","31790","31790","744","744","744"
"1321","25167","25167","25167","789","789","789","31288","31288","31288","691","691","691","31460","31460","31460","680","680","680","31721","31721","31721","680","680","680","31682","31682","31682","707","707","707","31792","31792","31792","680","680","680"
"1322","25169","25169","25169","954","954","954","31290","31290","31290","717","717","717","31462","31462","31462","678","678","678","31723","31723","31723","695","695","695","31684","31684","31684","719","719","719","31794","31794","31794","694","694","694"
"1323","25327","25327","25327","1249","1249","1249","31447","31447","31447","1249","1249","1249","31620","31620","31620","1008","1008","1008","31880","31880","31880","919","919","919","31845","31845","31845","1249","1249","1249","31952","31952","31952","928","928","928"
"1324","25329","25329","25329","1052","1052","1052","31449","31449","31449","927","927","927","31622","31622","31622","1002","1002","1002","31882","31882","31882","952","952","952","31847","31847","31847","948","948","948","31954","31954","31954","962","962","962"
"1325","25331","25331","25331","1030","1030","1030","31451","31451","31451","912","912","912","31624","31624","31624","932","932","932","31884","31884","31884","956","956","956","31849","31849","31849","984","984","984","31956","31956","31956","924","924","924"
"1326","25333","25333","25333","761","761","761","31453","31453","31453","764","764","764","31626","31626","31626","763","763","763","31886","31886","31886","754","754","754","31851","31851","31851","747","747","747","31958","31958","31958","754","754","754"
"1327","25335","25335","25335","927","927","927","31455","31455","31455","744","744","744","31628","31628","31628","748","748","748","31888","31888","31888","733","733","733","31853","31853","31853","737","737","737","31960","31960","31960","748","748","748"
"1328","25337","25337","25337","852","852","852","31457","31457","31457","750","750","750","31630","31630","31630","723","723","723","31890","31890","31890","774","774","774","31855","31855","31855","767","767","767","31962","31962","31962","774","774","774"
"1329","25339","25339","25339","760","760","760","31459","31459","31459","758","758","758","31632","31632","31632","770","770","770","31892","31892","31892","751","751","751","31857","31857","31857","774","774","774","31964","31964","31964","780","780","780"
"1330","25341","25341","25341","675","675","675","31461","31461","31461","699","699","699","31634","31634","31634","734","734","734","31894","31894","31894","697","697","697","31859","31859","31859","696","696","696","31966","31966","31966","693","693","693"
"1331","25343","25343","25343","723","723","723","31463","31463","31463","692","692","692","31636","31636","31636","691","691","691","31896","31896","31896","696","696","696","31861","31861","31861","691","691","691","31968","31968","31968","678","678","678"
"1332","25491","25491","25491","1249","1249","1249","31622","31622","31622","1249","1249","1249","31798","31798","31798","929","929","929","32056","32056","32056","1249","1249","1249","32018","32018","32018","942","942","942","32132","32132","32132","963","963","963"
"1333","25493","25493","25493","1021","1021","1021","31624","31624","31624","929","929","929","31800","31800","31800","952","952","952","32058","32058","32058","964","964","964","32020","32020","32020","927","927","927","32134","32134","32134","971","971","971"
"1334","25495","25495","25495","1026","1026","1026","31626","31626","31626","910","910","910","31802","31802","31802","960","960","960","32060","32060","32060","940","940","940","32022","32022","32022","958","958","958","32136","32136","32136","922","922","922"
"1335","25497","25497","25497","750","750","750","31628","31628","31628","759","759","759","31804","31804","31804","761","761","761","32062","32062","32062","762","762","762","32024","32024","32024","765","765","765","32138","32138","32138","741","741","741"
"1336","25499","25499","25499","844","844","844","31630","31630","31630","719","719","719","31806","31806","31806","886","886","886","32064","32064","32064","734","734","734","32026","32026","32026","752","752","752","32140","32140","32140","733","733","733"
"1337","25501","25501","25501","827","827","827","31632","31632","31632","999","999","999","31808","31808","31808","740","740","740","32066","32066","32066","725","725","725","32028","32028","32028","728","728","728","32142","32142","32142","717","717","717"
"1338","25503","25503","25503","937","937","937","31634","31634","31634","774","774","774","31810","31810","31810","748","748","748","32068","32068","32068","770","770","770","32030","32030","32030","748","748","748","32144","32144","32144","755","755","755"
"1339","25505","25505","25505","710","710","710","31636","31636","31636","693","693","693","31812","31812","31812","691","691","691","32070","32070","32070","678","678","678","32032","32032","32032","696","696","696","32146","32146","32146","694","694","694"
"1340","25507","25507","25507","765","765","765","31638","31638","31638","693","693","693","31814","31814","31814","678","678","678","32072","32072","32072","697","697","697","32034","32034","32034","692","692","692","32148","32148","32148","676","676","676"
"1341","25663","25663","25663","1249","1249","1249","31796","31796","31796","1249","1249","1249","31975","31975","31975","999","999","999","32230","32230","32230","955","955","955","32195","32195","32195","980","980","980","32305","32305","32305","1014","1014","1014"
"1342","25665","25665","25665","1081","1081","1081","31798","31798","31798","952","952","952","31977","31977","31977","926","926","926","32232","32232","32232","936","936","936","32197","32197","32197","936","936","936","32307","32307","32307","945","945","945"
"1343","25667","25667","25667","1079","1079","1079","31800","31800","31800","960","960","960","31979","31979","31979","1005","1005","1005","32234","32234","32234","954","954","954","32199","32199","32199","923","923","923","32309","32309","32309","906","906","906"
"1344","25669","25669","25669","831","831","831","31802","31802","31802","758","758","758","31981","31981","31981","777","777","777","32236","32236","32236","759","759","759","32201","32201","32201","759","759","759","32311","32311","32311","747","747","747"
"1345","25671","25671","25671","848","848","848","31804","31804","31804","720","720","720","31983","31983","31983","910","910","910","32238","32238","32238","730","730","730","32203","32203","32203","731","731","731","32313","32313","32313","809","809","809"
"1346","25673","25673","25673","861","861","861","31806","31806","31806","723","723","723","31985","31985","31985","745","745","745","32240","32240","32240","745","745","745","32205","32205","32205","719","719","719","32315","32315","32315","736","736","736"
"1347","25675","25675","25675","744","744","744","31808","31808","31808","765","765","765","31987","31987","31987","751","751","751","32242","32242","32242","749","749","749","32207","32207","32207","775","775","775","32317","32317","32317","762","762","762"
"1348","25677","25677","25677","705","705","705","31810","31810","31810","694","694","694","31989","31989","31989","721","721","721","32244","32244","32244","696","696","696","32209","32209","32209","706","706","706","32319","32319","32319","693","693","693"
"1349","25679","25679","25679","776","776","776","31812","31812","31812","692","692","692","31991","31991","31991","696","696","696","32246","32246","32246","679","679","679","32211","32211","32211","692","692","692","32321","32321","32321","671","671","671"
"1350","25825","25825","25825","1249","1249","1249","31969","31969","31969","1249","1249","1249","32148","32148","32148","1007","1007","1007","32404","32404","32404","956","956","956","32373","32373","32373","973","973","973","32484","32484","32484","1009","1009","1009"
"1351","25827","25827","25827","1066","1066","1066","31971","31971","31971","910","910","910","32150","32150","32150","948","948","948","32406","32406","32406","930","930","930","32375","32375","32375","1051","1051","1051","32486","32486","32486","980","980","980"
"1352","25829","25829","25829","1033","1033","1033","31973","31973","31973","924","924","924","32152","32152","32152","951","951","951","32408","32408","32408","951","951","951","32377","32377","32377","932","932","932","32488","32488","32488","944","944","944"
"1353","25831","25831","25831","839","839","839","31975","31975","31975","754","754","754","32154","32154","32154","757","757","757","32410","32410","32410","839","839","839","32379","32379","32379","764","764","764","32490","32490","32490","741","741","741"
"1354","25833","25833","25833","738","738","738","31977","31977","31977","769","769","769","32156","32156","32156","748","748","748","32412","32412","32412","737","737","737","32381","32381","32381","744","744","744","32492","32492","32492","725","725","725"
"1355","25835","25835","25835","838","838","838","31979","31979","31979","728","728","728","32158","32158","32158","717","717","717","32414","32414","32414","734","734","734","32383","32383","32383","760","760","760","32494","32494","32494","723","723","723"
"1356","25837","25837","25837","765","765","765","31981","31981","31981","747","747","747","32160","32160","32160","778","778","778","32416","32416","32416","771","771","771","32385","32385","32385","772","772","772","32496","32496","32496","740","740","740"
"1357","25839","25839","25839","876","876","876","31983","31983","31983","694","694","694","32162","32162","32162","726","726","726","32418","32418","32418","696","696","696","32387","32387","32387","683","683","683","32498","32498","32498","696","696","696"
"1358","25841","25841","25841","778","778","778","31985","31985","31985","680","680","680","32164","32164","32164","692","692","692","32420","32420","32420","676","676","676","32389","32389","32389","692","692","692","32500","32500","32500","788","788","788"
"1359","25997","25997","25997","1249","1249","1249","32149","32149","32149","1249","1249","1249","32328","32328","32328","992","992","992","32579","32579","32579","932","932","932","32546","32546","32546","1249","1249","1249","32660","32660","32660","1004","1004","1004"
"1360","25999","25999","25999","1033","1033","1033","32151","32151","32151","969","969","969","32330","32330","32330","971","971","971","32581","32581","32581","989","989","989","32548","32548","32548","969","969","969","32662","32662","32662","956","956","956"
"1361","26001","26001","26001","1041","1041","1041","32153","32153","32153","987","987","987","32332","32332","32332","927","927","927","32583","32583","32583","952","952","952","32550","32550","32550","950","950","950","32664","32664","32664","947","947","947"
"1362","26003","26003","26003","762","762","762","32155","32155","32155","745","745","745","32334","32334","32334","766","766","766","32585","32585","32585","754","754","754","32552","32552","32552","757","757","757","32666","32666","32666","767","767","767"
"1363","26005","26005","26005","770","770","770","32157","32157","32157","749","749","749","32336","32336","32336","735","735","735","32587","32587","32587","999","999","999","32554","32554","32554","751","751","751","32668","32668","32668","817","817","817"
"1364","26007","26007","26007","759","759","759","32159","32159","32159","744","744","744","32338","32338","32338","733","733","733","32589","32589","32589","999","999","999","32556","32556","32556","745","745","745","32670","32670","32670","768","768","768"
"1365","26009","26009","26009","749","749","749","32161","32161","32161","748","748","748","32340","32340","32340","751","751","751","32591","32591","32591","774","774","774","32558","32558","32558","735","735","735","32672","32672","32672","762","762","762"
"1366","26011","26011","26011","769","769","769","32163","32163","32163","699","699","699","32342","32342","32342","683","683","683","32593","32593","32593","680","680","680","32560","32560","32560","856","856","856","32674","32674","32674","688","688","688"
"1367","26013","26013","26013","771","771","771","32165","32165","32165","691","691","691","32344","32344","32344","680","680","680","32595","32595","32595","676","676","676","32562","32562","32562","694","694","694","32676","32676","32676","760","760","760"
"1368","26171","26171","26171","1249","1249","1249","32324","32324","32324","994","994","994","32503","32503","32503","1010","1010","1010","32752","32752","32752","921","921","921","32725","32725","32725","1003","1003","1003","32837","32837","32837","943","943","943"
"1369","26173","26173","26173","1055","1055","1055","32326","32326","32326","932","932","932","32505","32505","32505","898","898","898","32754","32754","32754","957","957","957","32727","32727","32727","928","928","928","32839","32839","32839","943","943","943"
"1370","26175","26175","26175","1027","1027","1027","32328","32328","32328","942","942","942","32507","32507","32507","917","917","917","32756","32756","32756","970","970","970","32729","32729","32729","940","940","940","32841","32841","32841","910","910","910"
"1371","26177","26177","26177","771","771","771","32330","32330","32330","760","760","760","32509","32509","32509","747","747","747","32758","32758","32758","763","763","763","32731","32731","32731","740","740","740","32843","32843","32843","774","774","774"
"1372","26179","26179","26179","914","914","914","32332","32332","32332","716","716","716","32511","32511","32511","740","740","740","32760","32760","32760","741","741","741","32733","32733","32733","734","734","734","32845","32845","32845","714","714","714"
"1373","26181","26181","26181","831","831","831","32334","32334","32334","999","999","999","32513","32513","32513","749","749","749","32762","32762","32762","719","719","719","32735","32735","32735","736","736","736","32847","32847","32847","999","999","999"
"1374","26183","26183","26183","753","753","753","32336","32336","32336","746","746","746","32515","32515","32515","747","747","747","32764","32764","32764","749","749","749","32737","32737","32737","758","758","758","32849","32849","32849","749","749","749"
"1375","26185","26185","26185","867","867","867","32338","32338","32338","696","696","696","32517","32517","32517","691","691","691","32766","32766","32766","999","999","999","32739","32739","32739","696","696","696","32851","32851","32851","673","673","673"
"1376","26187","26187","26187","927","927","927","32340","32340","32340","695","695","695","32519","32519","32519","693","693","693","32768","32768","32768","694","694","694","32741","32741","32741","999","999","999","32853","32853","32853","708","708","708"
"1377","26333","26333","26333","1249","1249","1249","32502","32502","32502","975","975","975","32679","32679","32679","987","987","987","32924","32924","32924","937","937","937","32897","32897","32897","975","975","975","33012","33012","33012","939","939","939"
"1378","26335","26335","26335","1053","1053","1053","32504","32504","32504","929","929","929","32681","32681","32681","923","923","923","32926","32926","32926","969","969","969","32899","32899","32899","1007","1007","1007","33014","33014","33014","959","959","959"
"1379","26337","26337","26337","1049","1049","1049","32506","32506","32506","906","906","906","32683","32683","32683","964","964","964","32928","32928","32928","978","978","978","32901","32901","32901","970","970","970","33016","33016","33016","1249","1249","1249"
"1380","26339","26339","26339","747","747","747","32508","32508","32508","759","759","759","32685","32685","32685","765","765","765","32930","32930","32930","840","840","840","32903","32903","32903","766","766","766","33018","33018","33018","760","760","760"
"1381","26341","26341","26341","731","731","731","32510","32510","32510","733","733","733","32687","32687","32687","744","744","744","32932","32932","32932","719","719","719","32905","32905","32905","716","716","716","33020","33020","33020","804","804","804"
"1382","26343","26343","26343","817","817","817","32512","32512","32512","999","999","999","32689","32689","32689","734","734","734","32934","32934","32934","999","999","999","32907","32907","32907","749","749","749","33022","33022","33022","732","732","732"
"1383","26345","26345","26345","903","903","903","32514","32514","32514","748","748","748","32691","32691","32691","752","752","752","32936","32936","32936","751","751","751","32909","32909","32909","752","752","752","33024","33024","33024","748","748","748"
"1384","26347","26347","26347","720","720","720","32516","32516","32516","697","697","697","32693","32693","32693","696","696","696","32938","32938","32938","699","699","699","32911","32911","32911","716","716","716","33026","33026","33026","678","678","678"
"1385","26349","26349","26349","875","875","875","32518","32518","32518","691","691","691","32695","32695","32695","695","695","695","32940","32940","32940","700","700","700","32913","32913","32913","696","696","696","33028","33028","33028","682","682","682"
"1386","26505","26505","26505","1249","1249","1249","32676","32676","32676","1249","1249","1249","32858","32858","32858","978","978","978","33097","33097","33097","918","918","918","33073","33073","33073","1249","1249","1249","33184","33184","33184","929","929","929"
"1387","26507","26507","26507","1090","1090","1090","32678","32678","32678","990","990","990","32860","32860","32860","903","903","903","33099","33099","33099","957","957","957","33075","33075","33075","996","996","996","33186","33186","33186","969","969","969"
"1388","26509","26509","26509","1034","1034","1034","32680","32680","32680","962","962","962","32862","32862","32862","952","952","952","33101","33101","33101","947","947","947","33077","33077","33077","928","928","928","33188","33188","33188","914","914","914"
"1389","26511","26511","26511","758","758","758","32682","32682","32682","759","759","759","32864","32864","32864","755","755","755","33103","33103","33103","784","784","784","33079","33079","33079","761","761","761","33190","33190","33190","740","740","740"
"1390","26513","26513","26513","763","763","763","32684","32684","32684","750","750","750","32866","32866","32866","734","734","734","33105","33105","33105","733","733","733","33081","33081","33081","730","730","730","33192","33192","33192","804","804","804"
"1391","26515","26515","26515","849","849","849","32686","32686","32686","739","739","739","32868","32868","32868","741","741","741","33107","33107","33107","729","729","729","33083","33083","33083","748","748","748","33194","33194","33194","730","730","730"
"1392","26517","26517","26517","902","902","902","32688","32688","32688","742","742","742","32870","32870","32870","769","769","769","33109","33109","33109","770","770","770","33085","33085","33085","748","748","748","33196","33196","33196","730","730","730"
"1393","26519","26519","26519","710","710","710","32690","32690","32690","694","694","694","32872","32872","32872","691","691","691","33111","33111","33111","694","694","694","33087","33087","33087","699","699","699","33198","33198","33198","758","758","758"
"1394","26521","26521","26521","672","672","672","32692","32692","32692","694","694","694","32874","32874","32874","681","681","681","33113","33113","33113","692","692","692","33089","33089","33089","695","695","695","33200","33200","33200","692","692","692"
"1395","26669","26669","26669","1249","1249","1249","32851","32851","32851","966","966","966","33032","33032","33032","978","978","978","33272","33272","33272","955","955","955","33249","33249","33249","988","988","988","33365","33365","33365","917","917","917"
"1396","26671","26671","26671","1044","1044","1044","32853","32853","32853","989","989","989","33034","33034","33034","914","914","914","33274","33274","33274","962","962","962","33251","33251","33251","1005","1005","1005","33367","33367","33367","994","994","994"
"1397","26673","26673","26673","1084","1084","1084","32855","32855","32855","952","952","952","33036","33036","33036","920","920","920","33276","33276","33276","951","951","951","33253","33253","33253","905","905","905","33369","33369","33369","936","936","936"
"1398","26675","26675","26675","760","760","760","32857","32857","32857","761","761","761","33038","33038","33038","762","762","762","33278","33278","33278","757","757","757","33255","33255","33255","761","761","761","33371","33371","33371","766","766","766"
"1399","26677","26677","26677","827","827","827","32859","32859","32859","747","747","747","33040","33040","33040","750","750","750","33280","33280","33280","718","718","718","33257","33257","33257","732","732","732","33373","33373","33373","757","757","757"
"1400","26679","26679","26679","847","847","847","32861","32861","32861","750","750","750","33042","33042","33042","754","754","754","33282","33282","33282","724","724","724","33259","33259","33259","728","728","728","33375","33375","33375","722","722","722"
"1401","26681","26681","26681","725","725","725","32863","32863","32863","750","750","750","33044","33044","33044","736","736","736","33284","33284","33284","763","763","763","33261","33261","33261","763","763","763","33377","33377","33377","769","769","769"
"1402","26683","26683","26683","772","772","772","32865","32865","32865","699","699","699","33046","33046","33046","691","691","691","33286","33286","33286","693","693","693","33263","33263","33263","678","678","678","33379","33379","33379","710","710","710"
"1403","26685","26685","26685","851","851","851","32867","32867","32867","696","696","696","33048","33048","33048","696","696","696","33288","33288","33288","691","691","691","33265","33265","33265","696","696","696","33381","33381","33381","999","999","999"
"1404","26841","26841","26841","1249","1249","1249","33028","33028","33028","965","965","965","33211","33211","33211","960","960","960","33447","33447","33447","917","917","917","33427","33427","33427","1249","1249","1249","33540","33540","33540","1014","1014","1014"
"1405","26843","26843","26843","1029","1029","1029","33030","33030","33030","1000","1000","1000","33213","33213","33213","969","969","969","33449","33449","33449","971","971","971","33429","33429","33429","973","973","973","33542","33542","33542","961","961","961"
"1406","26845","26845","26845","1090","1090","1090","33032","33032","33032","998","998","998","33215","33215","33215","949","949","949","33451","33451","33451","953","953","953","33431","33431","33431","972","972","972","33544","33544","33544","922","922","922"
"1407","26847","26847","26847","759","759","759","33034","33034","33034","759","759","759","33217","33217","33217","743","743","743","33453","33453","33453","750","750","750","33433","33433","33433","747","747","747","33546","33546","33546","831","831","831"
"1408","26849","26849","26849","768","768","768","33036","33036","33036","716","716","716","33219","33219","33219","736","736","736","33455","33455","33455","999","999","999","33435","33435","33435","755","755","755","33548","33548","33548","758","758","758"
"1409","26851","26851","26851","743","743","743","33038","33038","33038","999","999","999","33221","33221","33221","750","750","750","33457","33457","33457","722","722","722","33437","33437","33437","749","749","749","33550","33550","33550","739","739","739"
"1410","26853","26853","26853","823","823","823","33040","33040","33040","753","753","753","33223","33223","33223","764","764","764","33459","33459","33459","758","758","758","33439","33439","33439","749","749","749","33552","33552","33552","770","770","770"
"1411","26855","26855","26855","776","776","776","33042","33042","33042","678","678","678","33225","33225","33225","698","698","698","33461","33461","33461","698","698","698","33441","33441","33441","695","695","695","33554","33554","33554","763","763","763"
"1412","26857","26857","26857","872","872","872","33044","33044","33044","675","675","675","33227","33227","33227","681","681","681","33463","33463","33463","696","696","696","33443","33443","33443","676","676","676","33556","33556","33556","693","693","693"
"1413","27003","27003","27003","1249","1249","1249","33201","33201","33201","964","964","964","33387","33387","33387","965","965","965","33620","33620","33620","934","934","934","33599","33599","33599","965","965","965","33715","33715","33715","920","920","920"
"1414","27005","27005","27005","1059","1059","1059","33203","33203","33203","946","946","946","33389","33389","33389","967","967","967","33622","33622","33622","953","953","953","33601","33601","33601","972","972","972","33717","33717","33717","980","980","980"
"1415","27007","27007","27007","1051","1051","1051","33205","33205","33205","1168","1168","1168","33391","33391","33391","922","922","922","33624","33624","33624","966","966","966","33603","33603","33603","927","927","927","33719","33719","33719","1249","1249","1249"
"1416","27009","27009","27009","753","753","753","33207","33207","33207","745","745","745","33393","33393","33393","764","764","764","33626","33626","33626","755","755","755","33605","33605","33605","761","761","761","33721","33721","33721","755","755","755"
"1417","27011","27011","27011","999","999","999","33209","33209","33209","720","720","720","33395","33395","33395","746","746","746","33628","33628","33628","732","732","732","33607","33607","33607","752","752","752","33723","33723","33723","817","817","817"
"1418","27013","27013","27013","952","952","952","33211","33211","33211","733","733","733","33397","33397","33397","747","747","747","33630","33630","33630","999","999","999","33609","33609","33609","719","719","719","33725","33725","33725","750","750","750"
"1419","27015","27015","27015","907","907","907","33213","33213","33213","752","752","752","33399","33399","33399","752","752","752","33632","33632","33632","763","763","763","33611","33611","33611","747","747","747","33727","33727","33727","744","744","744"
"1420","27017","27017","27017","679","679","679","33215","33215","33215","697","697","697","33401","33401","33401","695","695","695","33634","33634","33634","860","860","860","33613","33613","33613","695","695","695","33729","33729","33729","680","680","680"
"1421","27019","27019","27019","769","769","769","33217","33217","33217","696","696","696","33403","33403","33403","692","692","692","33636","33636","33636","696","696","696","33615","33615","33615","696","696","696","33731","33731","33731","692","692","692"
"1422","27177","27177","27177","1249","1249","1249","33376","33376","33376","1249","1249","1249","33560","33560","33560","973","973","973","33792","33792","33792","933","933","933","33773","33773","33773","981","981","981","33894","33894","33894","935","935","935"
"1423","27179","27179","27179","1009","1009","1009","33378","33378","33378","945","945","945","33562","33562","33562","936","936","936","33794","33794","33794","966","966","966","33775","33775","33775","990","990","990","33896","33896","33896","955","955","955"
"1424","27181","27181","27181","1030","1030","1030","33380","33380","33380","921","921","921","33564","33564","33564","969","969","969","33796","33796","33796","965","965","965","33777","33777","33777","940","940","940","33898","33898","33898","928","928","928"
"1425","27183","27183","27183","758","758","758","33382","33382","33382","766","766","766","33566","33566","33566","749","749","749","33798","33798","33798","747","747","747","33779","33779","33779","746","746","746","33900","33900","33900","745","745","745"
"1426","27185","27185","27185","831","831","831","33384","33384","33384","742","742","742","33568","33568","33568","720","720","720","33800","33800","33800","723","723","723","33781","33781","33781","733","733","733","33902","33902","33902","723","723","723"
"1427","27187","27187","27187","802","802","802","33386","33386","33386","747","747","747","33570","33570","33570","723","723","723","33802","33802","33802","999","999","999","33783","33783","33783","749","749","749","33904","33904","33904","738","738","738"
"1428","27189","27189","27189","748","748","748","33388","33388","33388","779","779","779","33572","33572","33572","758","758","758","33804","33804","33804","749","749","749","33785","33785","33785","750","750","750","33906","33906","33906","749","749","749"
"1429","27191","27191","27191","734","734","734","33390","33390","33390","696","696","696","33574","33574","33574","694","694","694","33806","33806","33806","695","695","695","33787","33787","33787","680","680","680","33908","33908","33908","680","680","680"
"1430","27193","27193","27193","875","875","875","33392","33392","33392","678","678","678","33576","33576","33576","700","700","700","33808","33808","33808","698","698","698","33789","33789","33789","760","760","760","33910","33910","33910","696","696","696"
"1431","27347","27347","27347","1249","1249","1249","33555","33555","33555","949","949","949","33737","33737","33737","977","977","977","33967","33967","33967","958","958","958","33950","33950","33950","1001","1001","1001","34069","34069","34069","938","938","938"
"1432","27349","27349","27349","1010","1010","1010","33557","33557","33557","950","950","950","33739","33739","33739","939","939","939","33969","33969","33969","970","970","970","33952","33952","33952","958","958","958","34071","34071","34071","958","958","958"
"1433","27351","27351","27351","1075","1075","1075","33559","33559","33559","940","940","940","33741","33741","33741","910","910","910","33971","33971","33971","950","950","950","33954","33954","33954","953","953","953","34073","34073","34073","922","922","922"
"1434","27353","27353","27353","761","761","761","33561","33561","33561","764","764","764","33743","33743","33743","747","747","747","33973","33973","33973","748","748","748","33956","33956","33956","743","743","743","34075","34075","34075","839","839","839"
"1435","27355","27355","27355","927","927","927","33563","33563","33563","721","721","721","33745","33745","33745","745","745","745","33975","33975","33975","716","716","716","33958","33958","33958","732","732","732","34077","34077","34077","747","747","747"
"1436","27357","27357","27357","915","915","915","33565","33565","33565","734","734","734","33747","33747","33747","745","745","745","33977","33977","33977","738","738","738","33960","33960","33960","729","729","729","34079","34079","34079","734","734","734"
"1437","27359","27359","27359","931","931","931","33567","33567","33567","733","733","733","33749","33749","33749","749","749","749","33979","33979","33979","722","722","722","33962","33962","33962","736","736","736","34081","34081","34081","748","748","748"
"1438","27361","27361","27361","771","771","771","33569","33569","33569","678","678","678","33751","33751","33751","707","707","707","33981","33981","33981","691","691","691","33964","33964","33964","678","678","678","34083","34083","34083","696","696","696"
"1439","27363","27363","27363","867","867","867","33571","33571","33571","680","680","680","33753","33753","33753","697","697","697","33983","33983","33983","692","692","692","33966","33966","33966","695","695","695","34085","34085","34085","696","696","696"
"1440","27509","27509","27509","1249","1249","1249","33730","33730","33730","930","930","930","33915","33915","33915","1018","1018","1018","34144","34144","34144","916","916","916","34128","34128","34128","939","939","939","34246","34246","34246","1018","1018","1018"
"1441","27511","27511","27511","1092","1092","1092","33732","33732","33732","910","910","910","33917","33917","33917","947","947","947","34146","34146","34146","933","933","933","34130","34130","34130","1001","1001","1001","34248","34248","34248","942","942","942"
"1442","27513","27513","27513","1048","1048","1048","33734","33734","33734","925","925","925","33919","33919","33919","960","960","960","34148","34148","34148","951","951","951","34132","34132","34132","945","945","945","34250","34250","34250","911","911","911"
"1443","27515","27515","27515","767","767","767","33736","33736","33736","759","759","759","33921","33921","33921","748","748","748","34150","34150","34150","784","784","784","34134","34134","34134","766","766","766","34252","34252","34252","746","746","746"
"1444","27517","27517","27517","815","815","815","33738","33738","33738","751","751","751","33923","33923","33923","725","725","725","34152","34152","34152","719","719","719","34136","34136","34136","749","749","749","34254","34254","34254","809","809","809"
"1445","27519","27519","27519","955","955","955","33740","33740","33740","769","769","769","33925","33925","33925","999","999","999","34154","34154","34154","733","733","733","34138","34138","34138","737","737","737","34256","34256","34256","752","752","752"
"1446","27521","27521","27521","753","753","753","33742","33742","33742","752","752","752","33927","33927","33927","749","749","749","34156","34156","34156","751","751","751","34140","34140","34140","725","725","725","34258","34258","34258","739","739","739"
"1447","27523","27523","27523","778","778","778","33744","33744","33744","693","693","693","33929","33929","33929","678","678","678","34158","34158","34158","693","693","693","34142","34142","34142","693","693","693","34260","34260","34260","700","700","700"
"1448","27525","27525","27525","922","922","922","33746","33746","33746","676","676","676","33931","33931","33931","682","682","682","34160","34160","34160","678","678","678","34144","34144","34144","679","679","679","34262","34262","34262","761","761","761"
"1449","27681","27681","27681","1249","1249","1249","33904","33904","33904","999","999","999","34091","34091","34091","1249","1249","1249","34322","34322","34322","932","932","932","34301","34301","34301","934","934","934","34422","34422","34422","970","970","970"
"1450","27683","27683","27683","1103","1103","1103","33906","33906","33906","928","928","928","34093","34093","34093","983","983","983","34324","34324","34324","961","961","961","34303","34303","34303","971","971","971","34424","34424","34424","963","963","963"
"1451","27685","27685","27685","1026","1026","1026","33908","33908","33908","915","915","915","34095","34095","34095","965","965","965","34326","34326","34326","970","970","970","34305","34305","34305","972","972","972","34426","34426","34426","911","911","911"
"1452","27687","27687","27687","755","755","755","33910","33910","33910","745","745","745","34097","34097","34097","763","763","763","34328","34328","34328","761","761","761","34307","34307","34307","747","747","747","34428","34428","34428","750","750","750"
"1453","27689","27689","27689","911","911","911","33912","33912","33912","749","749","749","34099","34099","34099","811","811","811","34330","34330","34330","713","713","713","34309","34309","34309","733","733","733","34430","34430","34430","809","809","809"
"1454","27691","27691","27691","932","932","932","33914","33914","33914","715","715","715","34101","34101","34101","718","718","718","34332","34332","34332","734","734","734","34311","34311","34311","715","715","715","34432","34432","34432","762","762","762"
"1455","27693","27693","27693","750","750","750","33916","33916","33916","736","736","736","34103","34103","34103","744","744","744","34334","34334","34334","743","743","743","34313","34313","34313","743","743","743","34434","34434","34434","764","764","764"
"1456","27695","27695","27695","874","874","874","33918","33918","33918","694","694","694","34105","34105","34105","680","680","680","34336","34336","34336","678","678","678","34315","34315","34315","710","710","710","34436","34436","34436","691","691","691"
"1457","27697","27697","27697","856","856","856","33920","33920","33920","695","695","695","34107","34107","34107","692","692","692","34338","34338","34338","678","678","678","34317","34317","34317","693","693","693","34438","34438","34438","764","764","764"
"1458","27845","27845","27845","1249","1249","1249","34081","34081","34081","977","977","977","34268","34268","34268","1004","1004","1004","34497","34497","34497","1005","1005","1005","34479","34479","34479","1249","1249","1249","34597","34597","34597","922","922","922"
"1459","27847","27847","27847","1094","1094","1094","34083","34083","34083","926","926","926","34270","34270","34270","937","937","937","34499","34499","34499","938","938","938","34481","34481","34481","975","975","975","34599","34599","34599","941","941","941"
"1460","27849","27849","27849","1073","1073","1073","34085","34085","34085","936","936","936","34272","34272","34272","930","930","930","34501","34501","34501","947","947","947","34483","34483","34483","968","968","968","34601","34601","34601","908","908","908"
"1461","27851","27851","27851","761","761","761","34087","34087","34087","750","750","750","34274","34274","34274","748","748","748","34503","34503","34503","756","756","756","34485","34485","34485","745","745","745","34603","34603","34603","822","822","822"
"1462","27853","27853","27853","828","828","828","34089","34089","34089","738","738","738","34276","34276","34276","751","751","751","34505","34505","34505","764","764","764","34487","34487","34487","750","750","750","34605","34605","34605","744","744","744"
"1463","27855","27855","27855","809","809","809","34091","34091","34091","735","735","735","34278","34278","34278","727","727","727","34507","34507","34507","731","731","731","34489","34489","34489","731","731","731","34607","34607","34607","734","734","734"
"1464","27857","27857","27857","742","742","742","34093","34093","34093","729","729","729","34280","34280","34280","763","763","763","34509","34509","34509","749","749","749","34491","34491","34491","744","744","744","34609","34609","34609","751","751","751"
"1465","27859","27859","27859","870","870","870","34095","34095","34095","694","694","694","34282","34282","34282","703","703","703","34511","34511","34511","683","683","683","34493","34493","34493","678","678","678","34611","34611","34611","695","695","695"
"1466","27861","27861","27861","704","704","704","34097","34097","34097","676","676","676","34284","34284","34284","674","674","674","34513","34513","34513","688","688","688","34495","34495","34495","692","692","692","34613","34613","34613","697","697","697"
"1467","28015","28015","28015","1249","1249","1249","34257","34257","34257","938","938","938","34443","34443","34443","1024","1024","1024","34673","34673","34673","932","932","932","34659","34659","34659","976","976","976","34773","34773","34773","933","933","933"
"1468","28017","28017","28017","1085","1085","1085","34259","34259","34259","967","967","967","34445","34445","34445","960","960","960","34675","34675","34675","952","952","952","34661","34661","34661","954","954","954","34775","34775","34775","1013","1013","1013"
"1469","28019","28019","28019","1030","1030","1030","34261","34261","34261","905","905","905","34447","34447","34447","943","943","943","34677","34677","34677","1000","1000","1000","34663","34663","34663","935","935","935","34777","34777","34777","913","913","913"
"1470","28021","28021","28021","824","824","824","34263","34263","34263","790","790","790","34449","34449","34449","777","777","777","34679","34679","34679","754","754","754","34665","34665","34665","756","756","756","34779","34779","34779","763","763","763"
"1471","28023","28023","28023","999","999","999","34265","34265","34265","744","744","744","34451","34451","34451","767","767","767","34681","34681","34681","730","730","730","34667","34667","34667","748","748","748","34781","34781","34781","730","730","730"
"1472","28025","28025","28025","768","768","768","34267","34267","34267","732","732","732","34453","34453","34453","749","749","749","34683","34683","34683","733","733","733","34669","34669","34669","727","727","727","34783","34783","34783","725","725","725"
"1473","28027","28027","28027","772","772","772","34269","34269","34269","772","772","772","34455","34455","34455","766","766","766","34685","34685","34685","753","753","753","34671","34671","34671","737","737","737","34785","34785","34785","745","745","745"
"1474","28029","28029","28029","690","690","690","34271","34271","34271","694","694","694","34457","34457","34457","695","695","695","34687","34687","34687","680","680","680","34673","34673","34673","694","694","694","34787","34787","34787","694","694","694"
"1475","28031","28031","28031","704","704","704","34273","34273","34273","696","696","696","34459","34459","34459","679","679","679","34689","34689","34689","688","688","688","34675","34675","34675","691","691","691","34789","34789","34789","696","696","696"
"1476","28189","28189","28189","1249","1249","1249","34432","34432","34432","944","944","944","34623","34623","34623","976","976","976","34846","34846","34846","962","962","962","34834","34834","34834","1034","1034","1034","34948","34948","34948","938","938","938"
"1477","28191","28191","28191","1077","1077","1077","34434","34434","34434","1007","1007","1007","34625","34625","34625","916","916","916","34848","34848","34848","1003","1003","1003","34836","34836","34836","994","994","994","34950","34950","34950","971","971","971"
"1478","28193","28193","28193","1030","1030","1030","34436","34436","34436","964","964","964","34627","34627","34627","902","902","902","34850","34850","34850","940","940","940","34838","34838","34838","967","967","967","34952","34952","34952","924","924","924"
"1479","28195","28195","28195","764","764","764","34438","34438","34438","754","754","754","34629","34629","34629","750","750","750","34852","34852","34852","748","748","748","34840","34840","34840","762","762","762","34954","34954","34954","766","766","766"
"1480","28197","28197","28197","813","813","813","34440","34440","34440","733","733","733","34631","34631","34631","724","724","724","34854","34854","34854","748","748","748","34842","34842","34842","738","738","738","34956","34956","34956","737","737","737"
"1481","28199","28199","28199","999","999","999","34442","34442","34442","713","713","713","34633","34633","34633","749","749","749","34856","34856","34856","732","732","732","34844","34844","34844","738","738","738","34958","34958","34958","719","719","719"
"1482","28201","28201","28201","921","921","921","34444","34444","34444","752","752","752","34635","34635","34635","747","747","747","34858","34858","34858","769","769","769","34846","34846","34846","736","736","736","34960","34960","34960","749","749","749"
"1483","28203","28203","28203","775","775","775","34446","34446","34446","711","711","711","34637","34637","34637","680","680","680","34860","34860","34860","678","678","678","34848","34848","34848","696","696","696","34962","34962","34962","722","722","722"
"1484","28205","28205","28205","775","775","775","34448","34448","34448","680","680","680","34639","34639","34639","691","691","691","34862","34862","34862","681","681","681","34850","34850","34850","696","696","696","34964","34964","34964","692","692","692"
"1485","28351","28351","28351","1249","1249","1249","34607","34607","34607","982","982","982","34796","34796","34796","967","967","967","35020","35020","35020","957","957","957","35010","35010","35010","978","978","978","35126","35126","35126","998","998","998"
"1486","28353","28353","28353","1061","1061","1061","34609","34609","34609","952","952","952","34798","34798","34798","945","945","945","35022","35022","35022","995","995","995","35012","35012","35012","964","964","964","35128","35128","35128","954","954","954"
"1487","28355","28355","28355","1043","1043","1043","34611","34611","34611","920","920","920","34800","34800","34800","949","949","949","35024","35024","35024","956","956","956","35014","35014","35014","937","937","937","35130","35130","35130","926","926","926"
"1488","28357","28357","28357","758","758","758","34613","34613","34613","779","779","779","34802","34802","34802","749","749","749","35026","35026","35026","747","747","747","35016","35016","35016","749","749","749","35132","35132","35132","765","765","765"
"1489","28359","28359","28359","757","757","757","34615","34615","34615","748","748","748","34804","34804","34804","733","733","733","35028","35028","35028","735","735","735","35018","35018","35018","737","737","737","35134","35134","35134","811","811","811"
"1490","28361","28361","28361","824","824","824","34617","34617","34617","744","744","744","34806","34806","34806","718","718","718","35030","35030","35030","734","734","734","35020","35020","35020","748","748","748","35136","35136","35136","733","733","733"
"1491","28363","28363","28363","764","764","764","34619","34619","34619","747","747","747","34808","34808","34808","769","769","769","35032","35032","35032","780","780","780","35022","35022","35022","748","748","748","35138","35138","35138","754","754","754"
"1492","28365","28365","28365","875","875","875","34621","34621","34621","694","694","694","34810","34810","34810","694","694","694","35034","35034","35034","707","707","707","35024","35024","35024","695","695","695","35140","35140","35140","779","779","779"
"1493","28367","28367","28367","687","687","687","34623","34623","34623","695","695","695","34812","34812","34812","696","696","696","35036","35036","35036","712","712","712","35026","35026","35026","999","999","999","35142","35142","35142","760","760","760"
"1494","28523","28523","28523","1249","1249","1249","34781","34781","34781","951","951","951","34975","34975","34975","947","947","947","35193","35193","35193","937","937","937","35184","35184","35184","981","981","981","35301","35301","35301","924","924","924"
"1495","28525","28525","28525","1085","1085","1085","34783","34783","34783","952","952","952","34977","34977","34977","944","944","944","35195","35195","35195","962","962","962","35186","35186","35186","958","958","958","35303","35303","35303","957","957","957"
"1496","28527","28527","28527","1048","1048","1048","34785","34785","34785","930","930","930","34979","34979","34979","906","906","906","35197","35197","35197","1249","1249","1249","35188","35188","35188","911","911","911","35305","35305","35305","927","927","927"
"1497","28529","28529","28529","822","822","822","34787","34787","34787","745","745","745","34981","34981","34981","766","766","766","35199","35199","35199","757","757","757","35190","35190","35190","741","741","741","35307","35307","35307","747","747","747"
"1498","28531","28531","28531","917","917","917","34789","34789","34789","746","746","746","34983","34983","34983","735","735","735","35201","35201","35201","734","734","734","35192","35192","35192","720","720","720","35309","35309","35309","759","759","759"
"1499","28533","28533","28533","948","948","948","34791","34791","34791","747","747","747","34985","34985","34985","737","737","737","35203","35203","35203","737","737","737","35194","35194","35194","748","748","748","35311","35311","35311","734","734","734"
"1500","28535","28535","28535","908","908","908","34793","34793","34793","762","762","762","34987","34987","34987","752","752","752","35205","35205","35205","750","750","750","35196","35196","35196","748","748","748","35313","35313","35313","752","752","752"
"1501","28537","28537","28537","690","690","690","34795","34795","34795","694","694","694","34989","34989","34989","696","696","696","35207","35207","35207","707","707","707","35198","35198","35198","691","691","691","35315","35315","35315","696","696","696"
"1502","28539","28539","28539","871","871","871","34797","34797","34797","680","680","680","34991","34991","34991","691","691","691","35209","35209","35209","676","676","676","35200","35200","35200","692","692","692","35317","35317","35317","677","677","677"
"1503","28687","28687","28687","1249","1249","1249","34958","34958","34958","951","951","951","35149","35149","35149","934","934","934","35372","35372","35372","958","958","958","35364","35364","35364","972","972","972","35476","35476","35476","986","986","986"
"1504","28689","28689","28689","1043","1043","1043","34960","34960","34960","921","921","921","35151","35151","35151","991","991","991","35374","35374","35374","990","990","990","35366","35366","35366","1048","1048","1048","35478","35478","35478","1052","1052","1052"
"1505","28691","28691","28691","1083","1083","1083","34962","34962","34962","950","950","950","35153","35153","35153","943","943","943","35376","35376","35376","991","991","991","35368","35368","35368","903","903","903","35480","35480","35480","1249","1249","1249"
"1506","28693","28693","28693","750","750","750","34964","34964","34964","750","750","750","35155","35155","35155","745","745","745","35378","35378","35378","750","750","750","35370","35370","35370","761","761","761","35482","35482","35482","763","763","763"
"1507","28695","28695","28695","752","752","752","34966","34966","34966","738","738","738","35157","35157","35157","723","723","723","35380","35380","35380","740","740","740","35372","35372","35372","734","734","734","35484","35484","35484","744","744","744"
"1508","28697","28697","28697","923","923","923","34968","34968","34968","748","748","748","35159","35159","35159","739","739","739","35382","35382","35382","733","733","733","35374","35374","35374","734","734","734","35486","35486","35486","735","735","735"
"1509","28699","28699","28699","771","771","771","34970","34970","34970","752","752","752","35161","35161","35161","736","736","736","35384","35384","35384","740","740","740","35376","35376","35376","739","739","739","35488","35488","35488","749","749","749"
"1510","28701","28701","28701","694","694","694","34972","34972","34972","696","696","696","35163","35163","35163","731","731","731","35386","35386","35386","675","675","675","35378","35378","35378","860","860","860","35490","35490","35490","678","678","678"
"1511","28703","28703","28703","757","757","757","34974","34974","34974","699","699","699","35165","35165","35165","688","688","688","35388","35388","35388","695","695","695","35380","35380","35380","696","696","696","35492","35492","35492","678","678","678"
"1512","28861","28861","28861","1249","1249","1249","35136","35136","35136","968","968","968","35324","35324","35324","944","944","944","35547","35547","35547","921","921","921","35545","35545","35545","1001","1001","1001","35649","35649","35649","940","940","940"
"1513","28863","28863","28863","1057","1057","1057","35138","35138","35138","942","942","942","35326","35326","35326","960","960","960","35549","35549","35549","970","970","970","35547","35547","35547","975","975","975","35651","35651","35651","941","941","941"
"1514","28865","28865","28865","1067","1067","1067","35140","35140","35140","912","912","912","35328","35328","35328","958","958","958","35551","35551","35551","965","965","965","35549","35549","35549","917","917","917","35653","35653","35653","909","909","909"
"1515","28867","28867","28867","756","756","756","35142","35142","35142","758","758","758","35330","35330","35330","747","747","747","35553","35553","35553","746","746","746","35551","35551","35551","767","767","767","35655","35655","35655","756","756","756"
"1516","28869","28869","28869","978","978","978","35144","35144","35144","722","722","722","35332","35332","35332","736","736","736","35555","35555","35555","734","734","734","35553","35553","35553","737","737","737","35657","35657","35657","717","717","717"
"1517","28871","28871","28871","760","760","760","35146","35146","35146","722","722","722","35334","35334","35334","738","738","738","35557","35557","35557","736","736","736","35555","35555","35555","720","720","720","35659","35659","35659","999","999","999"
"1518","28873","28873","28873","884","884","884","35148","35148","35148","752","752","752","35336","35336","35336","763","763","763","35559","35559","35559","742","742","742","35557","35557","35557","761","761","761","35661","35661","35661","754","754","754"
"1519","28875","28875","28875","948","948","948","35150","35150","35150","678","678","678","35338","35338","35338","715","715","715","35561","35561","35561","697","697","697","35559","35559","35559","696","696","696","35663","35663","35663","699","699","699"
"1520","28877","28877","28877","772","772","772","35152","35152","35152","681","681","681","35340","35340","35340","692","692","692","35563","35563","35563","695","695","695","35561","35561","35561","696","696","696","35665","35665","35665","699","699","699"
"1521","29025","29025","29025","1249","1249","1249","35313","35313","35313","936","936","936","35500","35500","35500","1249","1249","1249","35721","35721","35721","935","935","935","35723","35723","35723","978","978","978","35825","35825","35825","922","922","922"
"1522","29027","29027","29027","1004","1004","1004","35315","35315","35315","931","931","931","35502","35502","35502","902","902","902","35723","35723","35723","974","974","974","35725","35725","35725","923","923","923","35827","35827","35827","941","941","941"
"1523","29029","29029","29029","1053","1053","1053","35317","35317","35317","946","946","946","35504","35504","35504","915","915","915","35725","35725","35725","957","957","957","35727","35727","35727","958","958","958","35829","35829","35829","916","916","916"
"1524","29031","29031","29031","758","758","758","35319","35319","35319","754","754","754","35506","35506","35506","743","743","743","35727","35727","35727","766","766","766","35729","35729","35729","758","758","758","35831","35831","35831","774","774","774"
"1525","29033","29033","29033","937","937","937","35321","35321","35321","716","716","716","35508","35508","35508","999","999","999","35729","35729","35729","999","999","999","35731","35731","35731","746","746","746","35833","35833","35833","733","733","733"
"1526","29035","29035","29035","927","927","927","35323","35323","35323","722","722","722","35510","35510","35510","729","729","729","35731","35731","35731","999","999","999","35733","35733","35733","733","733","733","35835","35835","35835","719","719","719"
"1527","29037","29037","29037","821","821","821","35325","35325","35325","755","755","755","35512","35512","35512","736","736","736","35733","35733","35733","743","743","743","35735","35735","35735","751","751","751","35837","35837","35837","762","762","762"
"1528","29039","29039","29039","678","678","678","35327","35327","35327","694","694","694","35514","35514","35514","696","696","696","35735","35735","35735","700","700","700","35737","35737","35737","694","694","694","35839","35839","35839","678","678","678"
"1529","29041","29041","29041","722","722","722","35329","35329","35329","692","692","692","35516","35516","35516","691","691","691","35737","35737","35737","694","694","694","35739","35739","35739","684","684","684","35841","35841","35841","675","675","675"
"1530","29199","29199","29199","1249","1249","1249","35491","35491","35491","1087","1087","1087","35676","35676","35676","967","967","967","35897","35897","35897","927","927","927","35900","35900","35900","968","968","968","36001","36001","36001","1006","1006","1006"
"1531","29201","29201","29201","1036","1036","1036","35493","35493","35493","991","991","991","35678","35678","35678","987","987","987","35899","35899","35899","974","974","974","35902","35902","35902","992","992","992","36003","36003","36003","960","960","960"
"1532","29203","29203","29203","1032","1032","1032","35495","35495","35495","926","926","926","35680","35680","35680","1030","1030","1030","35901","35901","35901","991","991","991","35904","35904","35904","924","924","924","36005","36005","36005","925","925","925"
"1533","29205","29205","29205","760","760","760","35497","35497","35497","746","746","746","35682","35682","35682","761","761","761","35903","35903","35903","771","771","771","35906","35906","35906","754","754","754","36007","36007","36007","745","745","745"
"1534","29207","29207","29207","733","733","733","35499","35499","35499","746","746","746","35684","35684","35684","999","999","999","35905","35905","35905","999","999","999","35908","35908","35908","768","768","768","36009","36009","36009","749","749","749"
"1535","29209","29209","29209","840","840","840","35501","35501","35501","758","758","758","35686","35686","35686","728","728","728","35907","35907","35907","719","719","719","35910","35910","35910","733","733","733","36011","36011","36011","736","736","736"
"1536","29211","29211","29211","922","922","922","35503","35503","35503","730","730","730","35688","35688","35688","744","744","744","35909","35909","35909","751","751","751","35912","35912","35912","744","744","744","36013","36013","36013","776","776","776"
"1537","29213","29213","29213","772","772","772","35505","35505","35505","697","697","697","35690","35690","35690","695","695","695","35911","35911","35911","710","710","710","35914","35914","35914","707","707","707","36015","36015","36015","999","999","999"
"1538","29215","29215","29215","760","760","760","35507","35507","35507","680","680","680","35692","35692","35692","695","695","695","35913","35913","35913","696","696","696","35916","35916","35916","709","709","709","36017","36017","36017","692","692","692"
"1539","29369","29369","29369","1249","1249","1249","35666","35666","35666","968","968","968","35851","35851","35851","946","946","946","36072","36072","36072","1249","1249","1249","36074","36074","36074","993","993","993","36175","36175","36175","1016","1016","1016"
"1540","29371","29371","29371","1044","1044","1044","35668","35668","35668","969","969","969","35853","35853","35853","990","990","990","36074","36074","36074","1249","1249","1249","36076","36076","36076","970","970","970","36177","36177","36177","1066","1066","1066"
"1541","29373","29373","29373","1064","1064","1064","35670","35670","35670","938","938","938","35855","35855","35855","954","954","954","36076","36076","36076","1249","1249","1249","36078","36078","36078","960","960","960","36179","36179","36179","927","927","927"
"1542","29375","29375","29375","750","750","750","35672","35672","35672","754","754","754","35857","35857","35857","747","747","747","36078","36078","36078","741","741","741","36080","36080","36080","745","745","745","36181","36181","36181","766","766","766"
"1543","29377","29377","29377","749","749","749","35674","35674","35674","746","746","746","35859","35859","35859","726","726","726","36080","36080","36080","734","734","734","36082","36082","36082","734","734","734","36183","36183","36183","717","717","717"
"1544","29379","29379","29379","744","744","744","35676","35676","35676","729","729","729","35861","35861","35861","739","739","739","36082","36082","36082","716","716","716","36084","36084","36084","723","723","723","36185","36185","36185","735","735","735"
"1545","29381","29381","29381","730","730","730","35678","35678","35678","769","769","769","35863","35863","35863","755","755","755","36084","36084","36084","723","723","723","36086","36086","36086","748","748","748","36187","36187","36187","751","751","751"
"1546","29383","29383","29383","959","959","959","35680","35680","35680","695","695","695","35865","35865","35865","691","691","691","36086","36086","36086","760","760","760","36088","36088","36088","696","696","696","36189","36189","36189","699","699","699"
"1547","29385","29385","29385","797","797","797","35682","35682","35682","861","861","861","35867","35867","35867","678","678","678","36088","36088","36088","762","762","762","36090","36090","36090","697","697","697","36191","36191","36191","696","696","696"
"1548","29533","29533","29533","1249","1249","1249","35842","35842","35842","989","989","989","36030","36030","36030","1249","1249","1249","36250","36250","36250","963","963","963","36255","36255","36255","996","996","996","36348","36348","36348","974","974","974"
"1549","29535","29535","29535","1044","1044","1044","35844","35844","35844","921","921","921","36032","36032","36032","985","985","985","36252","36252","36252","969","969","969","36257","36257","36257","1028","1028","1028","36350","36350","36350","1028","1028","1028"
"1550","29537","29537","29537","1052","1052","1052","35846","35846","35846","923","923","923","36034","36034","36034","925","925","925","36254","36254","36254","937","937","937","36259","36259","36259","977","977","977","36352","36352","36352","1249","1249","1249"
"1551","29539","29539","29539","766","766","766","35848","35848","35848","748","748","748","36036","36036","36036","780","780","780","36256","36256","36256","746","746","746","36261","36261","36261","740","740","740","36354","36354","36354","766","766","766"
"1552","29541","29541","29541","916","916","916","35850","35850","35850","749","749","749","36038","36038","36038","744","744","744","36258","36258","36258","716","716","716","36263","36263","36263","746","746","746","36356","36356","36356","825","825","825"
"1553","29543","29543","29543","754","754","754","35852","35852","35852","740","740","740","36040","36040","36040","750","750","750","36260","36260","36260","713","713","713","36265","36265","36265","740","740","740","36358","36358","36358","999","999","999"
"1554","29545","29545","29545","728","728","728","35854","35854","35854","752","752","752","36042","36042","36042","736","736","736","36262","36262","36262","765","765","765","36267","36267","36267","747","747","747","36360","36360","36360","751","751","751"
"1555","29547","29547","29547","861","861","861","35856","35856","35856","673","673","673","36044","36044","36044","694","694","694","36264","36264","36264","697","697","697","36269","36269","36269","678","678","678","36362","36362","36362","753","753","753"
"1556","29549","29549","29549","716","716","716","35858","35858","35858","694","694","694","36046","36046","36046","695","695","695","36266","36266","36266","857","857","857","36271","36271","36271","707","707","707","36364","36364","36364","774","774","774"
"1557","29705","29705","29705","1249","1249","1249","36017","36017","36017","952","952","952","36203","36203","36203","940","940","940","36424","36424","36424","927","927","927","36428","36428","36428","986","986","986","36525","36525","36525","935","935","935"
"1558","29707","29707","29707","1036","1036","1036","36019","36019","36019","943","943","943","36205","36205","36205","957","957","957","36426","36426","36426","981","981","981","36430","36430","36430","969","969","969","36527","36527","36527","954","954","954"
"1559","29709","29709","29709","1055","1055","1055","36021","36021","36021","930","930","930","36207","36207","36207","961","961","961","36428","36428","36428","930","930","930","36432","36432","36432","972","972","972","36529","36529","36529","923","923","923"
"1560","29711","29711","29711","767","767","767","36023","36023","36023","740","740","740","36209","36209","36209","747","747","747","36430","36430","36430","761","761","761","36434","36434","36434","759","759","759","36531","36531","36531","785","785","785"
"1561","29713","29713","29713","835","835","835","36025","36025","36025","738","738","738","36211","36211","36211","895","895","895","36432","36432","36432","999","999","999","36436","36436","36436","723","723","723","36533","36533","36533","999","999","999"
"1562","29715","29715","29715","753","753","753","36027","36027","36027","744","744","744","36213","36213","36213","734","734","734","36434","36434","36434","716","716","716","36438","36438","36438","736","736","736","36535","36535","36535","733","733","733"
"1563","29717","29717","29717","822","822","822","36029","36029","36029","769","769","769","36215","36215","36215","748","748","748","36436","36436","36436","739","739","739","36440","36440","36440","749","749","749","36537","36537","36537","760","760","760"
"1564","29719","29719","29719","722","722","722","36031","36031","36031","703","703","703","36217","36217","36217","699","699","699","36438","36438","36438","855","855","855","36442","36442","36442","693","693","693","36539","36539","36539","694","694","694"
"1565","29721","29721","29721","776","776","776","36033","36033","36033","695","695","695","36219","36219","36219","695","695","695","36440","36440","36440","712","712","712","36444","36444","36444","680","680","680","36541","36541","36541","694","694","694"
"1566","29867","29867","29867","1249","1249","1249","36195","36195","36195","933","933","933","36382","36382","36382","971","971","971","36598","36598","36598","940","940","940","36610","36610","36610","967","967","967","36699","36699","36699","931","931","931"
"1567","29869","29869","29869","1104","1104","1104","36197","36197","36197","950","950","950","36384","36384","36384","981","981","981","36600","36600","36600","970","970","970","36612","36612","36612","969","969","969","36701","36701","36701","941","941","941"
"1568","29871","29871","29871","1036","1036","1036","36199","36199","36199","943","943","943","36386","36386","36386","952","952","952","36602","36602","36602","922","922","922","36614","36614","36614","899","899","899","36703","36703","36703","968","968","968"
"1569","29873","29873","29873","751","751","751","36201","36201","36201","745","745","745","36388","36388","36388","766","766","766","36604","36604","36604","755","755","755","36616","36616","36616","752","752","752","36705","36705","36705","747","747","747"
"1570","29875","29875","29875","909","909","909","36203","36203","36203","737","737","737","36390","36390","36390","745","745","745","36606","36606","36606","713","713","713","36618","36618","36618","731","731","731","36707","36707","36707","758","758","758"
"1571","29877","29877","29877","972","972","972","36205","36205","36205","721","721","721","36392","36392","36392","742","742","742","36608","36608","36608","720","720","720","36620","36620","36620","733","733","733","36709","36709","36709","769","769","769"
"1572","29879","29879","29879","767","767","767","36207","36207","36207","729","729","729","36394","36394","36394","792","792","792","36610","36610","36610","733","733","733","36622","36622","36622","742","742","742","36711","36711","36711","751","751","751"
"1573","29881","29881","29881","877","877","877","36209","36209","36209","697","697","697","36396","36396","36396","695","695","695","36612","36612","36612","681","681","681","36624","36624","36624","691","691","691","36713","36713","36713","680","680","680"
"1574","29883","29883","29883","959","959","959","36211","36211","36211","695","695","695","36398","36398","36398","712","712","712","36614","36614","36614","681","681","681","36626","36626","36626","680","680","680","36715","36715","36715","692","692","692"
"1575","30039","30039","30039","1249","1249","1249","36372","36372","36372","943","943","943","36559","36559","36559","942","942","942","36776","36776","36776","932","932","932","36787","36787","36787","965","965","965","36875","36875","36875","1249","1249","1249"
"1576","30041","30041","30041","1088","1088","1088","36374","36374","36374","943","943","943","36561","36561","36561","977","977","977","36778","36778","36778","947","947","947","36789","36789","36789","950","950","950","36877","36877","36877","940","940","940"
"1577","30043","30043","30043","1012","1012","1012","36376","36376","36376","917","917","917","36563","36563","36563","1249","1249","1249","36780","36780","36780","972","972","972","36791","36791","36791","917","917","917","36879","36879","36879","928","928","928"
"1578","30045","30045","30045","836","836","836","36378","36378","36378","754","754","754","36565","36565","36565","757","757","757","36782","36782","36782","762","762","762","36793","36793","36793","749","749","749","36881","36881","36881","761","761","761"
"1579","30047","30047","30047","721","721","721","36380","36380","36380","767","767","767","36567","36567","36567","829","829","829","36784","36784","36784","999","999","999","36795","36795","36795","731","731","731","36883","36883","36883","732","732","732"
"1580","30049","30049","30049","841","841","841","36382","36382","36382","749","749","749","36569","36569","36569","720","720","720","36786","36786","36786","732","732","732","36797","36797","36797","717","717","717","36885","36885","36885","999","999","999"
"1581","30051","30051","30051","748","748","748","36384","36384","36384","748","748","748","36571","36571","36571","763","763","763","36788","36788","36788","755","755","755","36799","36799","36799","747","747","747","36887","36887","36887","769","769","769"
"1582","30053","30053","30053","701","701","701","36386","36386","36386","694","694","694","36573","36573","36573","694","694","694","36790","36790","36790","696","696","696","36801","36801","36801","699","699","699","36889","36889","36889","680","680","680"
"1583","30055","30055","30055","851","851","851","36388","36388","36388","694","694","694","36575","36575","36575","696","696","696","36792","36792","36792","676","676","676","36803","36803","36803","695","695","695","36891","36891","36891","678","678","678"
"1584","30201","30201","30201","1249","1249","1249","36548","36548","36548","984","984","984","36734","36734","36734","944","944","944","36954","36954","36954","927","927","927","36965","36965","36965","1002","1002","1002","37051","37051","37051","993","993","993"
"1585","30203","30203","30203","1077","1077","1077","36550","36550","36550","965","965","965","36736","36736","36736","1085","1085","1085","36956","36956","36956","982","982","982","36967","36967","36967","964","964","964","37053","37053","37053","1015","1015","1015"
"1586","30205","30205","30205","1042","1042","1042","36552","36552","36552","981","981","981","36738","36738","36738","1072","1072","1072","36958","36958","36958","969","969","969","36969","36969","36969","969","969","969","37055","37055","37055","911","911","911"
"1587","30207","30207","30207","749","749","749","36554","36554","36554","754","754","754","36740","36740","36740","820","820","820","36960","36960","36960","766","766","766","36971","36971","36971","757","757","757","37057","37057","37057","779","779","779"
"1588","30209","30209","30209","770","770","770","36556","36556","36556","745","745","745","36742","36742","36742","830","830","830","36962","36962","36962","999","999","999","36973","36973","36973","750","750","750","37059","37059","37059","733","733","733"
"1589","30211","30211","30211","764","764","764","36558","36558","36558","736","736","736","36744","36744","36744","717","717","717","36964","36964","36964","729","729","729","36975","36975","36975","716","716","716","37061","37061","37061","718","718","718"
"1590","30213","30213","30213","809","809","809","36560","36560","36560","747","747","747","36746","36746","36746","831","831","831","36966","36966","36966","775","775","775","36977","36977","36977","722","722","722","37063","37063","37063","749","749","749"
"1591","30215","30215","30215","682","682","682","36562","36562","36562","691","691","691","36748","36748","36748","930","930","930","36968","36968","36968","999","999","999","36979","36979","36979","696","696","696","37065","37065","37065","678","678","678"
"1592","30217","30217","30217","689","689","689","36564","36564","36564","692","692","692","36750","36750","36750","756","756","756","36970","36970","36970","680","680","680","36981","36981","36981","695","695","695","37067","37067","37067","697","697","697"
"1593","30375","30375","30375","1249","1249","1249","36725","36725","36725","961","961","961","36911","36911","36911","945","945","945","37129","37129","37129","933","933","933","37138","37138","37138","976","976","976","37229","37229","37229","993","993","993"
"1594","30377","30377","30377","1083","1083","1083","36727","36727","36727","941","941","941","36913","36913","36913","966","966","966","37131","37131","37131","939","939","939","37140","37140","37140","974","974","974","37231","37231","37231","976","976","976"
"1595","30379","30379","30379","1036","1036","1036","36729","36729","36729","923","923","923","36915","36915","36915","945","945","945","37133","37133","37133","927","927","927","37142","37142","37142","926","926","926","37233","37233","37233","922","922","922"
"1596","30381","30381","30381","828","828","828","36731","36731","36731","778","778","778","36917","36917","36917","756","756","756","37135","37135","37135","764","764","764","37144","37144","37144","757","757","757","37235","37235","37235","748","748","748"
"1597","30383","30383","30383","837","837","837","36733","36733","36733","729","729","729","36919","36919","36919","912","912","912","37137","37137","37137","734","734","734","37146","37146","37146","734","734","734","37237","37237","37237","811","811","811"
"1598","30385","30385","30385","924","924","924","36735","36735","36735","724","724","724","36921","36921","36921","734","734","734","37139","37139","37139","723","723","723","37148","37148","37148","719","719","719","37239","37239","37239","718","718","718"
"1599","30387","30387","30387","814","814","814","36737","36737","36737","747","747","747","36923","36923","36923","744","744","744","37141","37141","37141","765","765","765","37150","37150","37150","727","727","727","37241","37241","37241","760","760","760"
"1600","30389","30389","30389","696","696","696","36739","36739","36739","673","673","673","36925","36925","36925","680","680","680","37143","37143","37143","694","694","694","37152","37152","37152","694","694","694","37243","37243","37243","675","675","675"
"1601","30391","30391","30391","869","869","869","36741","36741","36741","695","695","695","36927","36927","36927","678","678","678","37145","37145","37145","698","698","698","37154","37154","37154","678","678","678","37245","37245","37245","697","697","697"
"1602","30547","30547","30547","1249","1249","1249","36899","36899","36899","932","932","932","37084","37084","37084","924","924","924","37306","37306","37306","921","921","921","37314","37314","37314","976","976","976","37406","37406","37406","970","970","970"
"1603","30549","30549","30549","1024","1024","1024","36901","36901","36901","942","942","942","37086","37086","37086","962","962","962","37308","37308","37308","971","971","971","37316","37316","37316","964","964","964","37408","37408","37408","998","998","998"
"1604","30551","30551","30551","1093","1093","1093","36903","36903","36903","956","956","956","37088","37088","37088","1249","1249","1249","37310","37310","37310","958","958","958","37318","37318","37318","939","939","939","37410","37410","37410","948","948","948"
"1605","30553","30553","30553","750","750","750","36905","36905","36905","766","766","766","37090","37090","37090","766","766","766","37312","37312","37312","762","762","762","37320","37320","37320","758","758","758","37412","37412","37412","747","747","747"
"1606","30555","30555","30555","743","743","743","36907","36907","36907","716","716","716","37092","37092","37092","758","758","758","37314","37314","37314","713","713","713","37322","37322","37322","747","747","747","37414","37414","37414","713","713","713"
"1607","30557","30557","30557","844","844","844","36909","36909","36909","744","744","744","37094","37094","37094","733","733","733","37316","37316","37316","732","732","732","37324","37324","37324","999","999","999","37416","37416","37416","764","764","764"
"1608","30559","30559","30559","905","905","905","36911","36911","36911","772","772","772","37096","37096","37096","754","754","754","37318","37318","37318","766","766","766","37326","37326","37326","777","777","777","37418","37418","37418","750","750","750"
"1609","30561","30561","30561","863","863","863","36913","36913","36913","691","691","691","37098","37098","37098","745","745","745","37320","37320","37320","696","696","696","37328","37328","37328","699","699","699","37420","37420","37420","947","947","947"
"1610","30563","30563","30563","882","882","882","36915","36915","36915","697","697","697","37100","37100","37100","714","714","714","37322","37322","37322","694","694","694","37330","37330","37330","674","674","674","37422","37422","37422","774","774","774"
"1611","30713","30713","30713","1249","1249","1249","37078","37078","37078","958","958","958","37261","37261","37261","931","931","931","37482","37482","37482","1249","1249","1249","37486","37486","37486","943","943","943","37581","37581","37581","930","930","930"
"1612","30715","30715","30715","1062","1062","1062","37080","37080","37080","947","947","947","37263","37263","37263","967","967","967","37484","37484","37484","1249","1249","1249","37488","37488","37488","955","955","955","37583","37583","37583","959","959","959"
"1613","30717","30717","30717","1067","1067","1067","37082","37082","37082","930","930","930","37265","37265","37265","954","954","954","37486","37486","37486","1249","1249","1249","37490","37490","37490","948","948","948","37585","37585","37585","949","949","949"
"1614","30719","30719","30719","824","824","824","37084","37084","37084","759","759","759","37267","37267","37267","754","754","754","37488","37488","37488","746","746","746","37492","37492","37492","759","759","759","37587","37587","37587","759","759","759"
"1615","30721","30721","30721","915","915","915","37086","37086","37086","745","745","745","37269","37269","37269","749","749","749","37490","37490","37490","735","735","735","37494","37494","37494","730","730","730","37589","37589","37589","734","734","734"
"1616","30723","30723","30723","769","769","769","37088","37088","37088","737","737","737","37271","37271","37271","999","999","999","37492","37492","37492","739","739","739","37496","37496","37496","745","745","745","37591","37591","37591","755","755","755"
"1617","30725","30725","30725","758","758","758","37090","37090","37090","752","752","752","37273","37273","37273","747","747","747","37494","37494","37494","749","749","749","37498","37498","37498","760","760","760","37593","37593","37593","762","762","762"
"1618","30727","30727","30727","865","865","865","37092","37092","37092","712","712","712","37275","37275","37275","697","697","697","37496","37496","37496","683","683","683","37500","37500","37500","691","691","691","37595","37595","37595","694","694","694"
"1619","30729","30729","30729","696","696","696","37094","37094","37094","692","692","692","37277","37277","37277","693","693","693","37498","37498","37498","774","774","774","37502","37502","37502","999","999","999","37597","37597","37597","761","761","761"
"1620","30883","30883","30883","1249","1249","1249","37255","37255","37255","968","968","968","37439","37439","37439","931","931","931","37660","37660","37660","979","979","979","37659","37659","37659","986","986","986","37757","37757","37757","930","930","930"
"1621","30885","30885","30885","1048","1048","1048","37257","37257","37257","930","930","930","37441","37441","37441","916","916","916","37662","37662","37662","991","991","991","37661","37661","37661","992","992","992","37759","37759","37759","1028","1028","1028"
"1622","30887","30887","30887","1019","1019","1019","37259","37259","37259","922","922","922","37443","37443","37443","927","927","927","37664","37664","37664","971","971","971","37663","37663","37663","927","927","927","37761","37761","37761","1249","1249","1249"
"1623","30889","30889","30889","748","748","748","37261","37261","37261","759","759","759","37445","37445","37445","740","740","740","37666","37666","37666","766","766","766","37665","37665","37665","761","761","761","37763","37763","37763","778","778","778"
"1624","30891","30891","30891","917","917","917","37263","37263","37263","734","734","734","37447","37447","37447","999","999","999","37668","37668","37668","727","727","727","37667","37667","37667","741","741","741","37765","37765","37765","772","772","772"
"1625","30893","30893","30893","824","824","824","37265","37265","37265","733","733","733","37449","37449","37449","734","734","734","37670","37670","37670","717","717","717","37669","37669","37669","754","754","754","37767","37767","37767","765","765","765"
"1626","30895","30895","30895","722","722","722","37267","37267","37267","747","747","747","37451","37451","37451","725","725","725","37672","37672","37672","748","748","748","37671","37671","37671","749","749","749","37769","37769","37769","744","744","744"
"1627","30897","30897","30897","789","789","789","37269","37269","37269","678","678","678","37453","37453","37453","686","686","686","37674","37674","37674","678","678","678","37673","37673","37673","698","698","698","37771","37771","37771","695","695","695"
"1628","30899","30899","30899","716","716","716","37271","37271","37271","676","676","676","37455","37455","37455","678","678","678","37676","37676","37676","678","678","678","37675","37675","37675","691","691","691","37773","37773","37773","680","680","680"
"1629","31049","31049","31049","1249","1249","1249","37429","37429","37429","958","958","958","37616","37616","37616","965","965","965","37834","37834","37834","958","958","958","37834","37834","37834","965","965","965","37929","37929","37929","931","931","931"
"1630","31051","31051","31051","1017","1017","1017","37431","37431","37431","977","977","977","37618","37618","37618","919","919","919","37836","37836","37836","959","959","959","37836","37836","37836","972","972","972","37931","37931","37931","956","956","956"
"1631","31053","31053","31053","1077","1077","1077","37433","37433","37433","911","911","911","37620","37620","37620","916","916","916","37838","37838","37838","940","940","940","37838","37838","37838","928","928","928","37933","37933","37933","922","922","922"
"1632","31055","31055","31055","828","828","828","37435","37435","37435","761","761","761","37622","37622","37622","759","759","759","37840","37840","37840","761","761","761","37840","37840","37840","836","836","836","37935","37935","37935","787","787","787"
"1633","31057","31057","31057","756","756","756","37437","37437","37437","735","735","735","37624","37624","37624","733","733","733","37842","37842","37842","726","726","726","37842","37842","37842","735","735","735","37937","37937","37937","817","817","817"
"1634","31059","31059","31059","817","817","817","37439","37439","37439","733","733","733","37626","37626","37626","729","729","729","37844","37844","37844","739","739","739","37844","37844","37844","714","714","714","37939","37939","37939","719","719","719"
"1635","31061","31061","31061","912","912","912","37441","37441","37441","752","752","752","37628","37628","37628","755","755","755","37846","37846","37846","761","761","761","37846","37846","37846","746","746","746","37941","37941","37941","747","747","747"
"1636","31063","31063","31063","686","686","686","37443","37443","37443","682","682","682","37630","37630","37630","691","691","691","37848","37848","37848","695","695","695","37848","37848","37848","699","699","699","37943","37943","37943","678","678","678"
"1637","31065","31065","31065","926","926","926","37445","37445","37445","687","687","687","37632","37632","37632","696","696","696","37850","37850","37850","695","695","695","37850","37850","37850","698","698","698","37945","37945","37945","677","677","677"
"1638","31223","31223","31223","1249","1249","1249","37608","37608","37608","948","948","948","37791","37791","37791","976","976","976","38009","38009","38009","935","935","935","38007","38007","38007","971","971","971","38111","38111","38111","914","914","914"
"1639","31225","31225","31225","1073","1073","1073","37610","37610","37610","951","951","951","37793","37793","37793","953","953","953","38011","38011","38011","998","998","998","38009","38009","38009","954","954","954","38113","38113","38113","1011","1011","1011"
"1640","31227","31227","31227","1098","1098","1098","37612","37612","37612","913","913","913","37795","37795","37795","949","949","949","38013","38013","38013","970","970","970","38011","38011","38011","937","937","937","38115","38115","38115","928","928","928"
"1641","31229","31229","31229","766","766","766","37614","37614","37614","754","754","754","37797","37797","37797","779","779","779","38015","38015","38015","759","759","759","38013","38013","38013","759","759","759","38117","38117","38117","761","761","761"
"1642","31231","31231","31231","915","915","915","37616","37616","37616","734","734","734","37799","37799","37799","744","744","744","38017","38017","38017","745","745","745","38015","38015","38015","737","737","737","38119","38119","38119","749","749","749"
"1643","31233","31233","31233","834","834","834","37618","37618","37618","733","733","733","37801","37801","37801","734","734","734","38019","38019","38019","721","721","721","38017","38017","38017","734","734","734","38121","38121","38121","719","719","719"
"1644","31235","31235","31235","752","752","752","37620","37620","37620","739","739","739","37803","37803","37803","761","761","761","38021","38021","38021","749","749","749","38019","38019","38019","774","774","774","38123","38123","38123","751","751","751"
"1645","31237","31237","31237","773","773","773","37622","37622","37622","683","683","683","37805","37805","37805","699","699","699","38023","38023","38023","694","694","694","38021","38021","38021","696","696","696","38125","38125","38125","696","696","696"
"1646","31239","31239","31239","708","708","708","37624","37624","37624","696","696","696","37807","37807","37807","676","676","676","38025","38025","38025","691","691","691","38023","38023","38023","680","680","680","38127","38127","38127","695","695","695"
"1647","31387","31387","31387","1249","1249","1249","37786","37786","37786","930","930","930","37966","37966","37966","970","970","970","38183","38183","38183","921","921","921","38185","38185","38185","970","970","970","38288","38288","38288","977","977","977"
"1648","31389","31389","31389","1071","1071","1071","37788","37788","37788","1002","1002","1002","37968","37968","37968","965","965","965","38185","38185","38185","955","955","955","38187","38187","38187","978","978","978","38290","38290","38290","955","955","955"
"1649","31391","31391","31391","1092","1092","1092","37790","37790","37790","952","952","952","37970","37970","37970","960","960","960","38187","38187","38187","975","975","975","38189","38189","38189","960","960","960","38292","38292","38292","922","922","922"
"1650","31393","31393","31393","762","762","762","37792","37792","37792","759","759","759","37972","37972","37972","766","766","766","38189","38189","38189","779","779","779","38191","38191","38191","740","740","740","38294","38294","38294","778","778","778"
"1651","31395","31395","31395","912","912","912","37794","37794","37794","749","749","749","37974","37974","37974","733","733","733","38191","38191","38191","738","738","738","38193","38193","38193","734","734","734","38296","38296","38296","721","721","721"
"1652","31397","31397","31397","999","999","999","37796","37796","37796","729","729","729","37976","37976","37976","733","733","733","38193","38193","38193","721","721","721","38195","38195","38195","729","729","729","38298","38298","38298","733","733","733"
"1653","31399","31399","31399","751","751","751","37798","37798","37798","720","720","720","37978","37978","37978","780","780","780","38195","38195","38195","754","754","754","38197","38197","38197","758","758","758","38300","38300","38300","733","733","733"
"1654","31401","31401","31401","743","743","743","37800","37800","37800","694","694","694","37980","37980","37980","700","700","700","38197","38197","38197","696","696","696","38199","38199","38199","680","680","680","38302","38302","38302","696","696","696"
"1655","31403","31403","31403","837","837","837","37802","37802","37802","999","999","999","37982","37982","37982","695","695","695","38199","38199","38199","695","695","695","38201","38201","38201","696","696","696","38304","38304","38304","696","696","696"
"1656","31557","31557","31557","1249","1249","1249","37960","37960","37960","949","949","949","38146","38146","38146","950","950","950","38358","38358","38358","933","933","933","38362","38362","38362","1044","1044","1044","38463","38463","38463","998","998","998"
"1657","31559","31559","31559","1082","1082","1082","37962","37962","37962","965","965","965","38148","38148","38148","949","949","949","38360","38360","38360","1004","1004","1004","38364","38364","38364","976","976","976","38465","38465","38465","1066","1066","1066"
"1658","31561","31561","31561","1076","1076","1076","37964","37964","37964","924","924","924","38150","38150","38150","959","959","959","38362","38362","38362","982","982","982","38366","38366","38366","932","932","932","38467","38467","38467","926","926","926"
"1659","31563","31563","31563","766","766","766","37966","37966","37966","742","742","742","38152","38152","38152","767","767","767","38364","38364","38364","775","775","775","38368","38368","38368","748","748","748","38469","38469","38469","746","746","746"
"1660","31565","31565","31565","925","925","925","37968","37968","37968","733","733","733","38154","38154","38154","733","733","733","38366","38366","38366","999","999","999","38370","38370","38370","744","744","744","38471","38471","38471","736","736","736"
"1661","31567","31567","31567","731","731","731","37970","37970","37970","733","733","733","38156","38156","38156","999","999","999","38368","38368","38368","751","751","751","38372","38372","38372","746","746","746","38473","38473","38473","716","716","716"
"1662","31569","31569","31569","773","773","773","37972","37972","37972","722","722","722","38158","38158","38158","749","749","749","38370","38370","38370","777","777","777","38374","38374","38374","771","771","771","38475","38475","38475","772","772","772"
"1663","31571","31571","31571","884","884","884","37974","37974","37974","691","691","691","38160","38160","38160","694","694","694","38372","38372","38372","694","694","694","38376","38376","38376","844","844","844","38477","38477","38477","691","691","691"
"1664","31573","31573","31573","779","779","779","37976","37976","37976","696","696","696","38162","38162","38162","712","712","712","38374","38374","38374","676","676","676","38378","38378","38378","694","694","694","38479","38479","38479","691","691","691"
"1665","31731","31731","31731","1249","1249","1249","38138","38138","38138","980","980","980","38320","38320","38320","950","950","950","38533","38533","38533","955","955","955","38538","38538","38538","967","967","967","38639","38639","38639","998","998","998"
"1666","31733","31733","31733","1045","1045","1045","38140","38140","38140","946","946","946","38322","38322","38322","962","962","962","38535","38535","38535","960","960","960","38540","38540","38540","965","965","965","38641","38641","38641","1088","1088","1088"
"1667","31735","31735","31735","1046","1046","1046","38142","38142","38142","925","925","925","38324","38324","38324","948","948","948","38537","38537","38537","940","940","940","38542","38542","38542","939","939","939","38643","38643","38643","913","913","913"
"1668","31737","31737","31737","767","767","767","38144","38144","38144","747","747","747","38326","38326","38326","765","765","765","38539","38539","38539","756","756","756","38544","38544","38544","754","754","754","38645","38645","38645","777","777","777"
"1669","31739","31739","31739","984","984","984","38146","38146","38146","718","718","718","38328","38328","38328","999","999","999","38541","38541","38541","999","999","999","38546","38546","38546","716","716","716","38647","38647","38647","713","713","713"
"1670","31741","31741","31741","989","989","989","38148","38148","38148","764","764","764","38330","38330","38330","717","717","717","38543","38543","38543","733","733","733","38548","38548","38548","734","734","734","38649","38649","38649","734","734","734"
"1671","31743","31743","31743","741","741","741","38150","38150","38150","735","735","735","38332","38332","38332","751","751","751","38545","38545","38545","736","736","736","38550","38550","38550","727","727","727","38651","38651","38651","742","742","742"
"1672","31745","31745","31745","728","728","728","38152","38152","38152","695","695","695","38334","38334","38334","696","696","696","38547","38547","38547","696","696","696","38552","38552","38552","696","696","696","38653","38653","38653","696","696","696"
"1673","31747","31747","31747","745","745","745","38154","38154","38154","695","695","695","38336","38336","38336","692","692","692","38549","38549","38549","696","696","696","38554","38554","38554","693","693","693","38655","38655","38655","697","697","697"
"1674","31891","31891","31891","1249","1249","1249","38317","38317","38317","1249","1249","1249","38493","38493","38493","1045","1045","1045","38709","38709","38709","933","933","933","38711","38711","38711","965","965","965","38812","38812","38812","970","970","970"
"1675","31893","31893","31893","1084","1084","1084","38319","38319","38319","941","941","941","38495","38495","38495","934","934","934","38711","38711","38711","958","958","958","38713","38713","38713","1029","1029","1029","38814","38814","38814","954","954","954"
"1676","31895","31895","31895","1022","1022","1022","38321","38321","38321","956","956","956","38497","38497","38497","984","984","984","38713","38713","38713","1249","1249","1249","38715","38715","38715","936","936","936","38816","38816","38816","925","925","925"
"1677","31897","31897","31897","766","766","766","38323","38323","38323","754","754","754","38499","38499","38499","747","747","747","38715","38715","38715","745","745","745","38717","38717","38717","767","767","767","38818","38818","38818","759","759","759"
"1678","31899","31899","31899","744","744","744","38325","38325","38325","740","740","740","38501","38501","38501","750","750","750","38717","38717","38717","718","718","718","38719","38719","38719","728","728","728","38820","38820","38820","735","735","735"
"1679","31901","31901","31901","741","741","741","38327","38327","38327","755","755","755","38503","38503","38503","757","757","757","38719","38719","38719","799","799","799","38721","38721","38721","745","745","745","38822","38822","38822","716","716","716"
"1680","31903","31903","31903","767","767","767","38329","38329","38329","734","734","734","38505","38505","38505","749","749","749","38721","38721","38721","743","743","743","38723","38723","38723","761","761","761","38824","38824","38824","775","775","775"
"1681","31905","31905","31905","880","880","880","38331","38331","38331","716","716","716","38507","38507","38507","678","678","678","38723","38723","38723","692","692","692","38725","38725","38725","678","678","678","38826","38826","38826","680","680","680"
"1682","31907","31907","31907","931","931","931","38333","38333","38333","692","692","692","38509","38509","38509","691","691","691","38725","38725","38725","696","696","696","38727","38727","38727","673","673","673","38828","38828","38828","676","676","676"
"1683","32065","32065","32065","1249","1249","1249","38494","38494","38494","934","934","934","38670","38670","38670","925","925","925","38881","38881","38881","972","972","972","38887","38887","38887","959","959","959","38986","38986","38986","1013","1013","1013"
"1684","32067","32067","32067","1039","1039","1039","38496","38496","38496","930","930","930","38672","38672","38672","959","959","959","38883","38883","38883","991","991","991","38889","38889","38889","976","976","976","38988","38988","38988","954","954","954"
"1685","32069","32069","32069","1077","1077","1077","38498","38498","38498","966","966","966","38674","38674","38674","930","930","930","38885","38885","38885","966","966","966","38891","38891","38891","982","982","982","38990","38990","38990","925","925","925"
"1686","32071","32071","32071","753","753","753","38500","38500","38500","750","750","750","38676","38676","38676","759","759","759","38887","38887","38887","766","766","766","38893","38893","38893","761","761","761","38992","38992","38992","761","761","761"
"1687","32073","32073","32073","823","823","823","38502","38502","38502","728","728","728","38678","38678","38678","880","880","880","38889","38889","38889","746","746","746","38895","38895","38895","749","749","749","38994","38994","38994","724","724","724"
"1688","32075","32075","32075","939","939","939","38504","38504","38504","749","749","749","38680","38680","38680","717","717","717","38891","38891","38891","999","999","999","38897","38897","38897","723","723","723","38996","38996","38996","722","722","722"
"1689","32077","32077","32077","733","733","733","38506","38506","38506","752","752","752","38682","38682","38682","752","752","752","38893","38893","38893","751","751","751","38899","38899","38899","749","749","749","38998","38998","38998","779","779","779"
"1690","32079","32079","32079","689","689","689","38508","38508","38508","696","696","696","38684","38684","38684","707","707","707","38895","38895","38895","693","693","693","38901","38901","38901","694","694","694","39000","39000","39000","694","694","694"
"1691","32081","32081","32081","868","868","868","38510","38510","38510","695","695","695","38686","38686","38686","697","697","697","38897","38897","38897","691","691","691","38903","38903","38903","695","695","695","39002","39002","39002","696","696","696"
"1692","32225","32225","32225","1249","1249","1249","38669","38669","38669","996","996","996","38846","38846","38846","928","928","928","39060","39060","39060","918","918","918","39060","39060","39060","980","980","980","39167","39167","39167","997","997","997"
"1693","32227","32227","32227","1062","1062","1062","38671","38671","38671","941","941","941","38848","38848","38848","1005","1005","1005","39062","39062","39062","952","952","952","39062","39062","39062","954","954","954","39169","39169","39169","991","991","991"
"1694","32229","32229","32229","1057","1057","1057","38673","38673","38673","944","944","944","38850","38850","38850","933","933","933","39064","39064","39064","961","961","961","39064","39064","39064","931","931","931","39171","39171","39171","948","948","948"
"1695","32231","32231","32231","757","757","757","38675","38675","38675","756","756","756","38852","38852","38852","759","759","759","39066","39066","39066","765","765","765","39066","39066","39066","745","745","745","39173","39173","39173","746","746","746"
"1696","32233","32233","32233","928","928","928","38677","38677","38677","749","749","749","38854","38854","38854","999","999","999","39068","39068","39068","722","722","722","39068","39068","39068","771","771","771","39175","39175","39175","767","767","767"
"1697","32235","32235","32235","842","842","842","38679","38679","38679","734","734","734","38856","38856","38856","999","999","999","39070","39070","39070","721","721","721","39070","39070","39070","747","747","747","39177","39177","39177","735","735","735"
"1698","32237","32237","32237","724","724","724","38681","38681","38681","774","774","774","38858","38858","38858","773","773","773","39072","39072","39072","773","773","773","39072","39072","39072","750","750","750","39179","39179","39179","749","749","749"
"1699","32239","32239","32239","783","783","783","38683","38683","38683","680","680","680","38860","38860","38860","697","697","697","39074","39074","39074","693","693","693","39074","39074","39074","678","678","678","39181","39181","39181","696","696","696"
"1700","32241","32241","32241","699","699","699","38685","38685","38685","700","700","700","38862","38862","38862","698","698","698","39076","39076","39076","698","698","698","39076","39076","39076","692","692","692","39183","39183","39183","692","692","692"
"1701","32397","32397","32397","1249","1249","1249","38845","38845","38845","924","924","924","39020","39020","39020","973","973","973","39233","39233","39233","963","963","963","39234","39234","39234","981","981","981","39342","39342","39342","989","989","989"
"1702","32399","32399","32399","1023","1023","1023","38847","38847","38847","942","942","942","39022","39022","39022","956","956","956","39235","39235","39235","974","974","974","39236","39236","39236","969","969","969","39344","39344","39344","960","960","960"
"1703","32401","32401","32401","1092","1092","1092","38849","38849","38849","956","956","956","39024","39024","39024","948","948","948","39237","39237","39237","917","917","917","39238","39238","39238","925","925","925","39346","39346","39346","963","963","963"
"1704","32403","32403","32403","758","758","758","38851","38851","38851","750","750","750","39026","39026","39026","745","745","745","39239","39239","39239","779","779","779","39240","39240","39240","745","745","745","39348","39348","39348","762","762","762"
"1705","32405","32405","32405","768","768","768","38853","38853","38853","733","733","733","39028","39028","39028","788","788","788","39241","39241","39241","730","730","730","39242","39242","39242","999","999","999","39350","39350","39350","720","720","720"
"1706","32407","32407","32407","999","999","999","38855","38855","38855","734","734","734","39030","39030","39030","734","734","734","39243","39243","39243","747","747","747","39244","39244","39244","718","718","718","39352","39352","39352","735","735","735"
"1707","32409","32409","32409","907","907","907","38857","38857","38857","755","755","755","39032","39032","39032","749","749","749","39245","39245","39245","773","773","773","39246","39246","39246","750","750","750","39354","39354","39354","776","776","776"
"1708","32411","32411","32411","775","775","775","38859","38859","38859","696","696","696","39034","39034","39034","678","678","678","39247","39247","39247","693","693","693","39248","39248","39248","711","711","711","39356","39356","39356","697","697","697"
"1709","32413","32413","32413","886","886","886","38861","38861","38861","861","861","861","39036","39036","39036","695","695","695","39249","39249","39249","695","695","695","39250","39250","39250","695","695","695","39358","39358","39358","693","693","693"
"1710","32559","32559","32559","1249","1249","1249","39018","39018","39018","974","974","974","39193","39193","39193","947","947","947","39409","39409","39409","974","974","974","39406","39406","39406","998","998","998","39516","39516","39516","940","940","940"
"1711","32561","32561","32561","1006","1006","1006","39020","39020","39020","946","946","946","39195","39195","39195","980","980","980","39411","39411","39411","958","958","958","39408","39408","39408","951","951","951","39518","39518","39518","955","955","955"
"1712","32563","32563","32563","1030","1030","1030","39022","39022","39022","956","956","956","39197","39197","39197","946","946","946","39413","39413","39413","940","940","940","39410","39410","39410","936","936","936","39520","39520","39520","934","934","934"
"1713","32565","32565","32565","848","848","848","39024","39024","39024","747","747","747","39199","39199","39199","743","743","743","39415","39415","39415","764","764","764","39412","39412","39412","748","748","748","39522","39522","39522","761","761","761"
"1714","32567","32567","32567","984","984","984","39026","39026","39026","744","744","744","39201","39201","39201","786","786","786","39417","39417","39417","735","735","735","39414","39414","39414","999","999","999","39524","39524","39524","749","749","749"
"1715","32569","32569","32569","836","836","836","39028","39028","39028","722","722","722","39203","39203","39203","717","717","717","39419","39419","39419","717","717","717","39416","39416","39416","735","735","735","39526","39526","39526","748","748","748"
"1716","32571","32571","32571","780","780","780","39030","39030","39030","768","768","768","39205","39205","39205","742","742","742","39421","39421","39421","735","735","735","39418","39418","39418","766","766","766","39528","39528","39528","749","749","749"
"1717","32573","32573","32573","781","781","781","39032","39032","39032","673","673","673","39207","39207","39207","691","691","691","39423","39423","39423","693","693","693","39420","39420","39420","695","695","695","39530","39530","39530","699","699","699"
"1718","32575","32575","32575","699","699","699","39034","39034","39034","691","691","691","39209","39209","39209","693","693","693","39425","39425","39425","679","679","679","39422","39422","39422","678","678","678","39532","39532","39532","707","707","707"
"1719","32729","32729","32729","1249","1249","1249","39196","39196","39196","932","932","932","39367","39367","39367","979","979","979","39586","39586","39586","952","952","952","39582","39582","39582","971","971","971","39689","39689","39689","985","985","985"
"1720","32731","32731","32731","1086","1086","1086","39198","39198","39198","931","931","931","39369","39369","39369","919","919","919","39588","39588","39588","960","960","960","39584","39584","39584","968","968","968","39691","39691","39691","979","979","979"
"1721","32733","32733","32733","1019","1019","1019","39200","39200","39200","956","956","956","39371","39371","39371","934","934","934","39590","39590","39590","937","937","937","39586","39586","39586","958","958","958","39693","39693","39693","1029","1029","1029"
"1722","32735","32735","32735","749","749","749","39202","39202","39202","755","755","755","39373","39373","39373","757","757","757","39592","39592","39592","779","779","779","39588","39588","39588","754","754","754","39695","39695","39695","759","759","759"
"1723","32737","32737","32737","749","749","749","39204","39204","39204","749","749","749","39375","39375","39375","999","999","999","39594","39594","39594","716","716","716","39590","39590","39590","731","731","731","39697","39697","39697","722","722","722"
"1724","32739","32739","32739","745","745","745","39206","39206","39206","720","720","720","39377","39377","39377","999","999","999","39596","39596","39596","726","726","726","39592","39592","39592","720","720","720","39699","39699","39699","999","999","999"
"1725","32741","32741","32741","816","816","816","39208","39208","39208","733","733","733","39379","39379","39379","747","747","747","39598","39598","39598","725","725","725","39594","39594","39594","752","752","752","39701","39701","39701","743","743","743"
"1726","32743","32743","32743","688","688","688","39210","39210","39210","696","696","696","39381","39381","39381","691","691","691","39600","39600","39600","683","683","683","39596","39596","39596","694","694","694","39703","39703","39703","696","696","696"
"1727","32745","32745","32745","797","797","797","39212","39212","39212","701","701","701","39383","39383","39383","999","999","999","39602","39602","39602","695","695","695","39598","39598","39598","696","696","696","39705","39705","39705","676","676","676"
"1728","32903","32903","32903","1249","1249","1249","39373","39373","39373","932","932","932","39541","39541","39541","965","965","965","39764","39764","39764","915","915","915","39760","39760","39760","999","999","999","39864","39864","39864","931","931","931"
"1729","32905","32905","32905","1062","1062","1062","39375","39375","39375","972","972","972","39543","39543","39543","903","903","903","39766","39766","39766","955","955","955","39762","39762","39762","970","970","970","39866","39866","39866","929","929","929"
"1730","32907","32907","32907","1106","1106","1106","39377","39377","39377","955","955","955","39545","39545","39545","950","950","950","39768","39768","39768","901","901","901","39764","39764","39764","953","953","953","39868","39868","39868","950","950","950"
"1731","32909","32909","32909","751","751","751","39379","39379","39379","743","743","743","39547","39547","39547","745","745","745","39770","39770","39770","761","761","761","39766","39766","39766","759","759","759","39870","39870","39870","758","758","758"
"1732","32911","32911","32911","901","901","901","39381","39381","39381","751","751","751","39549","39549","39549","732","732","732","39772","39772","39772","736","736","736","39768","39768","39768","717","717","717","39872","39872","39872","799","799","799"
"1733","32913","32913","32913","765","765","765","39383","39383","39383","728","728","728","39551","39551","39551","712","712","712","39774","39774","39774","734","734","734","39770","39770","39770","733","733","733","39874","39874","39874","739","739","739"
"1734","32915","32915","32915","721","721","721","39385","39385","39385","762","762","762","39553","39553","39553","755","755","755","39776","39776","39776","752","752","752","39772","39772","39772","752","752","752","39876","39876","39876","724","724","724"
"1735","32917","32917","32917","914","914","914","39387","39387","39387","711","711","711","39555","39555","39555","678","678","678","39778","39778","39778","698","698","698","39774","39774","39774","680","680","680","39878","39878","39878","699","699","699"
"1736","32919","32919","32919","884","884","884","39389","39389","39389","678","678","678","39557","39557","39557","696","696","696","39780","39780","39780","692","692","692","39776","39776","39776","676","676","676","39880","39880","39880","696","696","696"
"1737","33063","33063","33063","1249","1249","1249","39554","39554","39554","948","948","948","39719","39719","39719","1249","1249","1249","39941","39941","39941","956","956","956","39937","39937","39937","984","984","984","40039","40039","40039","935","935","935"
"1738","33065","33065","33065","1040","1040","1040","39556","39556","39556","960","960","960","39721","39721","39721","914","914","914","39943","39943","39943","992","992","992","39939","39939","39939","950","950","950","40041","40041","40041","950","950","950"
"1739","33067","33067","33067","1110","1110","1110","39558","39558","39558","946","946","946","39723","39723","39723","905","905","905","39945","39945","39945","987","987","987","39941","39941","39941","939","939","939","40043","40043","40043","926","926","926"
"1740","33069","33069","33069","754","754","754","39560","39560","39560","754","754","754","39725","39725","39725","754","754","754","39947","39947","39947","767","767","767","39943","39943","39943","754","754","754","40045","40045","40045","750","750","750"
"1741","33071","33071","33071","762","762","762","39562","39562","39562","754","754","754","39727","39727","39727","747","747","747","39949","39949","39949","802","802","802","39945","39945","39945","734","734","734","40047","40047","40047","737","737","737"
"1742","33073","33073","33073","819","819","819","39564","39564","39564","762","762","762","39729","39729","39729","718","718","718","39951","39951","39951","723","723","723","39947","39947","39947","732","732","732","40049","40049","40049","738","738","738"
"1743","33075","33075","33075","757","757","757","39566","39566","39566","733","733","733","39731","39731","39731","742","742","742","39953","39953","39953","751","751","751","39949","39949","39949","743","743","743","40051","40051","40051","747","747","747"
"1744","33077","33077","33077","791","791","791","39568","39568","39568","697","697","697","39733","39733","39733","691","691","691","39955","39955","39955","683","683","683","39951","39951","39951","697","697","697","40053","40053","40053","694","694","694"
"1745","33079","33079","33079","837","837","837","39570","39570","39570","712","712","712","39735","39735","39735","692","692","692","39957","39957","39957","678","678","678","39953","39953","39953","696","696","696","40055","40055","40055","678","678","678"
"1746","33237","33237","33237","1249","1249","1249","39728","39728","39728","927","927","927","39891","39891","39891","973","973","973","40119","40119","40119","932","932","932","40113","40113","40113","973","973","973","40214","40214","40214","985","985","985"
"1747","33239","33239","33239","1078","1078","1078","39730","39730","39730","944","944","944","39893","39893","39893","976","976","976","40121","40121","40121","970","970","970","40115","40115","40115","939","939","939","40216","40216","40216","924","924","924"
"1748","33241","33241","33241","1067","1067","1067","39732","39732","39732","915","915","915","39895","39895","39895","940","940","940","40123","40123","40123","960","960","960","40117","40117","40117","928","928","928","40218","40218","40218","950","950","950"
"1749","33243","33243","33243","841","841","841","39734","39734","39734","780","780","780","39897","39897","39897","743","743","743","40125","40125","40125","766","766","766","40119","40119","40119","759","759","759","40220","40220","40220","759","759","759"
"1750","33245","33245","33245","761","761","761","39736","39736","39736","744","744","744","39899","39899","39899","726","726","726","40127","40127","40127","738","738","738","40121","40121","40121","729","729","729","40222","40222","40222","719","719","719"
"1751","33247","33247","33247","748","748","748","39738","39738","39738","731","731","731","39901","39901","39901","734","734","734","40129","40129","40129","747","747","747","40123","40123","40123","724","724","724","40224","40224","40224","716","716","716"
"1752","33249","33249","33249","738","738","738","39740","39740","39740","753","753","753","39903","39903","39903","747","747","747","40131","40131","40131","752","752","752","40125","40125","40125","748","748","748","40226","40226","40226","744","744","744"
"1753","33251","33251","33251","785","785","785","39742","39742","39742","691","691","691","39905","39905","39905","694","694","694","40133","40133","40133","691","691","691","40127","40127","40127","691","691","691","40228","40228","40228","678","678","678"
"1754","33253","33253","33253","877","877","877","39744","39744","39744","694","694","694","39907","39907","39907","696","696","696","40135","40135","40135","707","707","707","40129","40129","40129","696","696","696","40230","40230","40230","696","696","696"
"1755","33399","33399","33399","1249","1249","1249","39907","39907","39907","951","951","951","40066","40066","40066","978","978","978","40300","40300","40300","960","960","960","40290","40290","40290","959","959","959","40390","40390","40390","959","959","959"
"1756","33401","33401","33401","1043","1043","1043","39909","39909","39909","963","963","963","40068","40068","40068","946","946","946","40302","40302","40302","952","952","952","40292","40292","40292","987","987","987","40392","40392","40392","950","950","950"
"1757","33403","33403","33403","1057","1057","1057","39911","39911","39911","908","908","908","40070","40070","40070","954","954","954","40304","40304","40304","917","917","917","40294","40294","40294","924","924","924","40394","40394","40394","930","930","930"
"1758","33405","33405","33405","753","753","753","39913","39913","39913","740","740","740","40072","40072","40072","757","757","757","40306","40306","40306","762","762","762","40296","40296","40296","766","766","766","40396","40396","40396","770","770","770"
"1759","33407","33407","33407","735","735","735","39915","39915","39915","726","726","726","40074","40074","40074","744","744","744","40308","40308","40308","737","737","737","40298","40298","40298","773","773","773","40398","40398","40398","731","731","731"
"1760","33409","33409","33409","839","839","839","39917","39917","39917","730","730","730","40076","40076","40076","745","745","745","40310","40310","40310","750","750","750","40300","40300","40300","999","999","999","40400","40400","40400","753","753","753"
"1761","33411","33411","33411","839","839","839","39919","39919","39919","752","752","752","40078","40078","40078","774","774","774","40312","40312","40312","774","774","774","40302","40302","40302","758","758","758","40402","40402","40402","745","745","745"
"1762","33413","33413","33413","854","854","854","39921","39921","39921","696","696","696","40080","40080","40080","683","683","683","40314","40314","40314","698","698","698","40304","40304","40304","680","680","680","40404","40404","40404","691","691","691"
"1763","33415","33415","33415","680","680","680","39923","39923","39923","681","681","681","40082","40082","40082","692","692","692","40316","40316","40316","696","696","696","40306","40306","40306","680","680","680","40406","40406","40406","695","695","695"
"1764","33575","33575","33575","1249","1249","1249","40083","40083","40083","938","938","938","40242","40242","40242","982","982","982","40476","40476","40476","940","940","940","40469","40469","40469","993","993","993","40563","40563","40563","938","938","938"
"1765","33577","33577","33577","1068","1068","1068","40085","40085","40085","910","910","910","40244","40244","40244","955","955","955","40478","40478","40478","990","990","990","40471","40471","40471","967","967","967","40565","40565","40565","979","979","979"
"1766","33579","33579","33579","1047","1047","1047","40087","40087","40087","927","927","927","40246","40246","40246","958","958","958","40480","40480","40480","945","945","945","40473","40473","40473","926","926","926","40567","40567","40567","935","935","935"
"1767","33581","33581","33581","831","831","831","40089","40089","40089","764","764","764","40248","40248","40248","754","754","754","40482","40482","40482","750","750","750","40475","40475","40475","754","754","754","40569","40569","40569","765","765","765"
"1768","33583","33583","33583","761","761","761","40091","40091","40091","715","715","715","40250","40250","40250","751","751","751","40484","40484","40484","712","712","712","40477","40477","40477","738","738","738","40571","40571","40571","717","717","717"
"1769","33585","33585","33585","745","745","745","40093","40093","40093","728","728","728","40252","40252","40252","718","718","718","40486","40486","40486","751","751","751","40479","40479","40479","749","749","749","40573","40573","40573","738","738","738"
"1770","33587","33587","33587","907","907","907","40095","40095","40095","752","752","752","40254","40254","40254","733","733","733","40488","40488","40488","769","769","769","40481","40481","40481","749","749","749","40575","40575","40575","765","765","765"
"1771","33589","33589","33589","871","871","871","40097","40097","40097","694","694","694","40256","40256","40256","691","691","691","40490","40490","40490","702","702","702","40483","40483","40483","696","696","696","40577","40577","40577","837","837","837"
"1772","33591","33591","33591","671","671","671","40099","40099","40099","693","693","693","40258","40258","40258","696","696","696","40492","40492","40492","681","681","681","40485","40485","40485","695","695","695","40579","40579","40579","698","698","698"
"1773","33737","33737","33737","1249","1249","1249","40260","40260","40260","973","973","973","40421","40421","40421","932","932","932","40649","40649","40649","917","917","917","40644","40644","40644","963","963","963","40739","40739","40739","992","992","992"
"1774","33739","33739","33739","1063","1063","1063","40262","40262","40262","946","946","946","40423","40423","40423","943","943","943","40651","40651","40651","947","947","947","40646","40646","40646","1023","1023","1023","40741","40741","40741","960","960","960"
"1775","33741","33741","33741","1125","1125","1125","40264","40264","40264","906","906","906","40425","40425","40425","940","940","940","40653","40653","40653","945","945","945","40648","40648","40648","976","976","976","40743","40743","40743","958","958","958"
"1776","33743","33743","33743","749","749","749","40266","40266","40266","759","759","759","40427","40427","40427","754","754","754","40655","40655","40655","765","765","765","40650","40650","40650","747","747","747","40745","40745","40745","766","766","766"
"1777","33745","33745","33745","730","730","730","40268","40268","40268","737","737","737","40429","40429","40429","716","716","716","40657","40657","40657","734","734","734","40652","40652","40652","718","718","718","40747","40747","40747","741","741","741"
"1778","33747","33747","33747","820","820","820","40270","40270","40270","738","738","738","40431","40431","40431","738","738","738","40659","40659","40659","734","734","734","40654","40654","40654","746","746","746","40749","40749","40749","722","722","722"
"1779","33749","33749","33749","755","755","755","40272","40272","40272","736","736","736","40433","40433","40433","747","747","747","40661","40661","40661","748","748","748","40656","40656","40656","747","747","747","40751","40751","40751","760","760","760"
"1780","33751","33751","33751","790","790","790","40274","40274","40274","694","694","694","40435","40435","40435","695","695","695","40663","40663","40663","680","680","680","40658","40658","40658","699","699","699","40753","40753","40753","696","696","696"
"1781","33753","33753","33753","782","782","782","40276","40276","40276","678","678","678","40437","40437","40437","697","697","697","40665","40665","40665","695","695","695","40660","40660","40660","694","694","694","40755","40755","40755","691","691","691"
"1782","33909","33909","33909","1249","1249","1249","40434","40434","40434","999","999","999","40595","40595","40595","987","987","987","40827","40827","40827","915","915","915","40817","40817","40817","1004","1004","1004","40912","40912","40912","930","930","930"
"1783","33911","33911","33911","1070","1070","1070","40436","40436","40436","969","969","969","40597","40597","40597","948","948","948","40829","40829","40829","942","942","942","40819","40819","40819","1034","1034","1034","40914","40914","40914","960","960","960"
"1784","33913","33913","33913","1064","1064","1064","40438","40438","40438","945","945","945","40599","40599","40599","923","923","923","40831","40831","40831","923","923","923","40821","40821","40821","967","967","967","40916","40916","40916","955","955","955"
"1785","33915","33915","33915","788","788","788","40440","40440","40440","757","757","757","40601","40601","40601","757","757","757","40833","40833","40833","750","750","750","40823","40823","40823","759","759","759","40918","40918","40918","756","756","756"
"1786","33917","33917","33917","735","735","735","40442","40442","40442","749","749","749","40603","40603","40603","727","727","727","40835","40835","40835","735","735","735","40825","40825","40825","717","717","717","40920","40920","40920","749","749","749"
"1787","33919","33919","33919","758","758","758","40444","40444","40444","750","750","750","40605","40605","40605","766","766","766","40837","40837","40837","736","736","736","40827","40827","40827","720","720","720","40922","40922","40922","723","723","723"
"1788","33921","33921","33921","792","792","792","40446","40446","40446","747","747","747","40607","40607","40607","747","747","747","40839","40839","40839","749","749","749","40829","40829","40829","730","730","730","40924","40924","40924","751","751","751"
"1789","33923","33923","33923","760","760","760","40448","40448","40448","694","694","694","40609","40609","40609","694","694","694","40841","40841","40841","706","706","706","40831","40831","40831","694","694","694","40926","40926","40926","678","678","678"
"1790","33925","33925","33925","706","706","706","40450","40450","40450","691","691","691","40611","40611","40611","709","709","709","40843","40843","40843","691","691","691","40833","40833","40833","684","684","684","40928","40928","40928","697","697","697"
"1791","34081","34081","34081","1249","1249","1249","40607","40607","40607","948","948","948","40768","40768","40768","988","988","988","41000","41000","41000","929","929","929","40995","40995","40995","971","971","971","41085","41085","41085","984","984","984"
"1792","34083","34083","34083","1081","1081","1081","40609","40609","40609","968","968","968","40770","40770","40770","902","902","902","41002","41002","41002","944","944","944","40997","40997","40997","965","965","965","41087","41087","41087","959","959","959"
"1793","34085","34085","34085","1077","1077","1077","40611","40611","40611","917","917","917","40772","40772","40772","914","914","914","41004","41004","41004","917","917","917","40999","40999","40999","960","960","960","41089","41089","41089","915","915","915"
"1794","34087","34087","34087","760","760","760","40613","40613","40613","740","740","740","40774","40774","40774","745","745","745","41006","41006","41006","766","766","766","41001","41001","41001","754","754","754","41091","41091","41091","766","766","766"
"1795","34089","34089","34089","842","842","842","40615","40615","40615","718","718","718","40776","40776","40776","731","731","731","41008","41008","41008","999","999","999","41003","41003","41003","738","738","738","41093","41093","41093","715","715","715"
"1796","34091","34091","34091","831","831","831","40617","40617","40617","730","730","730","40778","40778","40778","745","745","745","41010","41010","41010","999","999","999","41005","41005","41005","724","724","724","41095","41095","41095","723","723","723"
"1797","34093","34093","34093","748","748","748","40619","40619","40619","752","752","752","40780","40780","40780","752","752","752","41012","41012","41012","736","736","736","41007","41007","41007","752","752","752","41097","41097","41097","740","740","740"
"1798","34095","34095","34095","854","854","854","40621","40621","40621","697","697","697","40782","40782","40782","691","691","691","41014","41014","41014","694","694","694","41009","41009","41009","694","694","694","41099","41099","41099","680","680","680"
"1799","34097","34097","34097","774","774","774","40623","40623","40623","692","692","692","40784","40784","40784","699","699","699","41016","41016","41016","692","692","692","41011","41011","41011","697","697","697","41101","41101","41101","671","671","671"
"1800","34241","34241","34241","1249","1249","1249","40783","40783","40783","952","952","952","40946","40946","40946","951","951","951","41175","41175","41175","974","974","974","41174","41174","41174","976","976","976","41267","41267","41267","925","925","925"
"1801","34243","34243","34243","1042","1042","1042","40785","40785","40785","941","941","941","40948","40948","40948","909","909","909","41177","41177","41177","1007","1007","1007","41176","41176","41176","951","951","951","41269","41269","41269","1027","1027","1027"
"1802","34245","34245","34245","1067","1067","1067","40787","40787","40787","947","947","947","40950","40950","40950","910","910","910","41179","41179","41179","971","971","971","41178","41178","41178","923","923","923","41271","41271","41271","935","935","935"
"1803","34247","34247","34247","754","754","754","40789","40789","40789","745","745","745","40952","40952","40952","761","761","761","41181","41181","41181","747","747","747","41180","41180","41180","745","745","745","41273","41273","41273","744","744","744"
"1804","34249","34249","34249","760","760","760","40791","40791","40791","744","744","744","40954","40954","40954","999","999","999","41183","41183","41183","733","733","733","41182","41182","41182","728","728","728","41275","41275","41275","758","758","758"
"1805","34251","34251","34251","917","917","917","40793","40793","40793","733","733","733","40956","40956","40956","757","757","757","41185","41185","41185","718","718","718","41184","41184","41184","748","748","748","41277","41277","41277","725","725","725"
"1806","34253","34253","34253","803","803","803","40795","40795","40795","759","759","759","40958","40958","40958","743","743","743","41187","41187","41187","752","752","752","41186","41186","41186","750","750","750","41279","41279","41279","749","749","749"
"1807","34255","34255","34255","883","883","883","40797","40797","40797","699","699","699","40960","40960","40960","695","695","695","41189","41189","41189","696","696","696","41188","41188","41188","712","712","712","41281","41281","41281","693","693","693"
"1808","34257","34257","34257","863","863","863","40799","40799","40799","696","696","696","40962","40962","40962","692","692","692","41191","41191","41191","691","691","691","41190","41190","41190","696","696","696","41283","41283","41283","678","678","678"
"1809","34413","34413","34413","1249","1249","1249","40956","40956","40956","936","936","936","41118","41118","41118","946","946","946","41348","41348","41348","979","979","979","41352","41352","41352","975","975","975","41442","41442","41442","943","943","943"
"1810","34415","34415","34415","1029","1029","1029","40958","40958","40958","979","979","979","41120","41120","41120","951","951","951","41350","41350","41350","987","987","987","41354","41354","41354","965","965","965","41444","41444","41444","957","957","957"
"1811","34417","34417","34417","1033","1033","1033","40960","40960","40960","968","968","968","41122","41122","41122","985","985","985","41352","41352","41352","937","937","937","41356","41356","41356","932","932","932","41446","41446","41446","933","933","933"
"1812","34419","34419","34419","757","757","757","40962","40962","40962","745","745","745","41124","41124","41124","755","755","755","41354","41354","41354","747","747","747","41358","41358","41358","755","755","755","41448","41448","41448","759","759","759"
"1813","34421","34421","34421","847","847","847","40964","40964","40964","734","734","734","41126","41126","41126","745","745","745","41356","41356","41356","728","728","728","41360","41360","41360","736","736","736","41450","41450","41450","732","732","732"
"1814","34423","34423","34423","812","812","812","40966","40966","40966","739","739","739","41128","41128","41128","729","729","729","41358","41358","41358","742","742","742","41362","41362","41362","737","737","737","41452","41452","41452","722","722","722"
"1815","34425","34425","34425","771","771","771","40968","40968","40968","749","749","749","41130","41130","41130","759","759","759","41360","41360","41360","729","729","729","41364","41364","41364","773","773","773","41454","41454","41454","750","750","750"
"1816","34427","34427","34427","683","683","683","40970","40970","40970","678","678","678","41132","41132","41132","696","696","696","41362","41362","41362","693","693","693","41366","41366","41366","696","696","696","41456","41456","41456","678","678","678"
"1817","34429","34429","34429","859","859","859","40972","40972","40972","696","696","696","41134","41134","41134","691","691","691","41364","41364","41364","691","691","691","41368","41368","41368","693","693","693","41458","41458","41458","698","698","698"
"1818","34575","34575","34575","1249","1249","1249","41132","41132","41132","921","921","921","41293","41293","41293","967","967","967","41526","41526","41526","918","918","918","41529","41529","41529","980","980","980","41616","41616","41616","989","989","989"
"1819","34577","34577","34577","1084","1084","1084","41134","41134","41134","944","944","944","41295","41295","41295","915","915","915","41528","41528","41528","930","930","930","41531","41531","41531","964","964","964","41618","41618","41618","954","954","954"
"1820","34579","34579","34579","1004","1004","1004","41136","41136","41136","923","923","923","41297","41297","41297","960","960","960","41530","41530","41530","969","969","969","41533","41533","41533","943","943","943","41620","41620","41620","922","922","922"
"1821","34581","34581","34581","746","746","746","41138","41138","41138","785","785","785","41299","41299","41299","754","754","754","41532","41532","41532","747","747","747","41535","41535","41535","754","754","754","41622","41622","41622","745","745","745"
"1822","34583","34583","34583","841","841","841","41140","41140","41140","719","719","719","41301","41301","41301","744","744","744","41534","41534","41534","722","722","722","41537","41537","41537","719","719","719","41624","41624","41624","741","741","741"
"1823","34585","34585","34585","741","741","741","41142","41142","41142","746","746","746","41303","41303","41303","999","999","999","41536","41536","41536","717","717","717","41539","41539","41539","732","732","732","41626","41626","41626","802","802","802"
"1824","34587","34587","34587","767","767","767","41144","41144","41144","752","752","752","41305","41305","41305","768","768","768","41538","41538","41538","747","747","747","41541","41541","41541","749","749","749","41628","41628","41628","730","730","730"
"1825","34589","34589","34589","722","722","722","41146","41146","41146","712","712","712","41307","41307","41307","673","673","673","41540","41540","41540","678","678","678","41543","41543","41543","694","694","694","41630","41630","41630","680","680","680"
"1826","34591","34591","34591","723","723","723","41148","41148","41148","692","692","692","41309","41309","41309","696","696","696","41542","41542","41542","695","695","695","41545","41545","41545","678","678","678","41632","41632","41632","692","692","692"
"1827","34749","34749","34749","1249","1249","1249","41305","41305","41305","996","996","996","41468","41468","41468","1009","1009","1009","41703","41703","41703","970","970","970","41707","41707","41707","959","959","959","41793","41793","41793","960","960","960"
"1828","34751","34751","34751","1062","1062","1062","41307","41307","41307","942","942","942","41470","41470","41470","912","912","912","41705","41705","41705","964","964","964","41709","41709","41709","954","954","954","41795","41795","41795","960","960","960"
"1829","34753","34753","34753","1032","1032","1032","41309","41309","41309","917","917","917","41472","41472","41472","907","907","907","41707","41707","41707","913","913","913","41711","41711","41711","965","965","965","41797","41797","41797","941","941","941"
"1830","34755","34755","34755","849","849","849","41311","41311","41311","757","757","757","41474","41474","41474","785","785","785","41709","41709","41709","765","765","765","41713","41713","41713","759","759","759","41799","41799","41799","765","765","765"
"1831","34757","34757","34757","827","827","827","41313","41313","41313","736","736","736","41476","41476","41476","733","733","733","41711","41711","41711","720","720","720","41715","41715","41715","880","880","880","41801","41801","41801","735","735","735"
"1832","34759","34759","34759","755","755","755","41315","41315","41315","762","762","762","41478","41478","41478","751","751","751","41713","41713","41713","753","753","753","41717","41717","41717","735","735","735","41803","41803","41803","748","748","748"
"1833","34761","34761","34761","884","884","884","41317","41317","41317","758","758","758","41480","41480","41480","755","755","755","41715","41715","41715","749","749","749","41719","41719","41719","774","774","774","41805","41805","41805","752","752","752"
"1834","34763","34763","34763","779","779","779","41319","41319","41319","678","678","678","41482","41482","41482","691","691","691","41717","41717","41717","680","680","680","41721","41721","41721","699","699","699","41807","41807","41807","697","697","697"
"1835","34765","34765","34765","723","723","723","41321","41321","41321","695","695","695","41484","41484","41484","682","682","682","41719","41719","41719","679","679","679","41723","41723","41723","678","678","678","41809","41809","41809","694","694","694"
"1836","34909","34909","34909","1249","1249","1249","41485","41485","41485","927","927","927","41641","41641","41641","938","938","938","41879","41879","41879","919","919","919","41880","41880","41880","962","962","962","41968","41968","41968","941","941","941"
"1837","34911","34911","34911","1051","1051","1051","41487","41487","41487","964","964","964","41643","41643","41643","918","918","918","41881","41881","41881","945","945","945","41882","41882","41882","965","965","965","41970","41970","41970","954","954","954"
"1838","34913","34913","34913","1030","1030","1030","41489","41489","41489","944","944","944","41645","41645","41645","902","902","902","41883","41883","41883","956","956","956","41884","41884","41884","935","935","935","41972","41972","41972","919","919","919"
"1839","34915","34915","34915","749","749","749","41491","41491","41491","750","750","750","41647","41647","41647","757","757","757","41885","41885","41885","750","750","750","41886","41886","41886","767","767","767","41974","41974","41974","750","750","750"
"1840","34917","34917","34917","757","757","757","41493","41493","41493","733","733","733","41649","41649","41649","772","772","772","41887","41887","41887","999","999","999","41888","41888","41888","727","727","727","41976","41976","41976","736","736","736"
"1841","34919","34919","34919","927","927","927","41495","41495","41495","732","732","732","41651","41651","41651","735","735","735","41889","41889","41889","734","734","734","41890","41890","41890","717","717","717","41978","41978","41978","759","759","759"
"1842","34921","34921","34921","903","903","903","41497","41497","41497","752","752","752","41653","41653","41653","748","748","748","41891","41891","41891","736","736","736","41892","41892","41892","752","752","752","41980","41980","41980","774","774","774"
"1843","34923","34923","34923","767","767","767","41499","41499","41499","680","680","680","41655","41655","41655","694","694","694","41893","41893","41893","696","696","696","41894","41894","41894","855","855","855","41982","41982","41982","678","678","678"
"1844","34925","34925","34925","774","774","774","41501","41501","41501","700","700","700","41657","41657","41657","695","695","695","41895","41895","41895","695","695","695","41896","41896","41896","696","696","696","41984","41984","41984","693","693","693"
"1845","35083","35083","35083","1249","1249","1249","41660","41660","41660","937","937","937","41823","41823","41823","976","976","976","42053","42053","42053","961","961","961","42057","42057","42057","974","974","974","42146","42146","42146","998","998","998"
"1846","35085","35085","35085","1027","1027","1027","41662","41662","41662","983","983","983","41825","41825","41825","912","912","912","42055","42055","42055","907","907","907","42059","42059","42059","964","964","964","42148","42148","42148","954","954","954"
"1847","35087","35087","35087","1036","1036","1036","41664","41664","41664","956","956","956","41827","41827","41827","914","914","914","42057","42057","42057","907","907","907","42061","42061","42061","921","921","921","42150","42150","42150","949","949","949"
"1848","35089","35089","35089","766","766","766","41666","41666","41666","747","747","747","41829","41829","41829","761","761","761","42059","42059","42059","765","765","765","42063","42063","42063","759","759","759","42152","42152","42152","745","745","745"
"1849","35091","35091","35091","739","739","739","41668","41668","41668","744","744","744","41831","41831","41831","733","733","733","42061","42061","42061","735","735","735","42065","42065","42065","737","737","737","42154","42154","42154","714","714","714"
"1850","35093","35093","35093","818","818","818","41670","41670","41670","733","733","733","41833","41833","41833","718","718","718","42063","42063","42063","756","756","756","42067","42067","42067","750","750","750","42156","42156","42156","723","723","723"
"1851","35095","35095","35095","749","749","749","41672","41672","41672","752","752","752","41835","41835","41835","775","775","775","42065","42065","42065","774","774","774","42069","42069","42069","748","748","748","42158","42158","42158","752","752","752"
"1852","35097","35097","35097","694","694","694","41674","41674","41674","694","694","694","41837","41837","41837","694","694","694","42067","42067","42067","677","677","677","42071","42071","42071","678","678","678","42160","42160","42160","683","683","683"
"1853","35099","35099","35099","885","885","885","41676","41676","41676","681","681","681","41839","41839","41839","678","678","678","42069","42069","42069","696","696","696","42073","42073","42073","699","699","699","42162","42162","42162","691","691","691"
"1854","35255","35255","35255","1249","1249","1249","41834","41834","41834","915","915","915","41998","41998","41998","982","982","982","42231","42231","42231","958","958","958","42235","42235","42235","969","969","969","42319","42319","42319","943","943","943"
"1855","35257","35257","35257","1034","1034","1034","41836","41836","41836","937","937","937","42000","42000","42000","905","905","905","42233","42233","42233","970","970","970","42237","42237","42237","934","934","934","42321","42321","42321","958","958","958"
"1856","35259","35259","35259","1074","1074","1074","41838","41838","41838","920","920","920","42002","42002","42002","926","926","926","42235","42235","42235","940","940","940","42239","42239","42239","945","945","945","42323","42323","42323","917","917","917"
"1857","35261","35261","35261","803","803","803","41840","41840","41840","759","759","759","42004","42004","42004","761","761","761","42237","42237","42237","751","751","751","42241","42241","42241","761","761","761","42325","42325","42325","760","760","760"
"1858","35263","35263","35263","743","743","743","41842","41842","41842","719","719","719","42006","42006","42006","722","722","722","42239","42239","42239","741","741","741","42243","42243","42243","880","880","880","42327","42327","42327","730","730","730"
"1859","35265","35265","35265","730","730","730","41844","41844","41844","747","747","747","42008","42008","42008","742","742","742","42241","42241","42241","725","725","725","42245","42245","42245","717","717","717","42329","42329","42329","735","735","735"
"1860","35267","35267","35267","932","932","932","41846","41846","41846","739","739","739","42010","42010","42010","748","748","748","42243","42243","42243","770","770","770","42247","42247","42247","749","749","749","42331","42331","42331","747","747","747"
"1861","35269","35269","35269","678","678","678","41848","41848","41848","694","694","694","42012","42012","42012","711","711","711","42245","42245","42245","712","712","712","42249","42249","42249","696","696","696","42333","42333","42333","699","699","699"
"1862","35271","35271","35271","859","859","859","41850","41850","41850","680","680","680","42014","42014","42014","700","700","700","42247","42247","42247","697","697","697","42251","42251","42251","694","694","694","42335","42335","42335","676","676","676"
"1863","35419","35419","35419","1249","1249","1249","42013","42013","42013","982","982","982","42173","42173","42173","945","945","945","42408","42408","42408","932","932","932","42408","42408","42408","977","977","977","42495","42495","42495","939","939","939"
"1864","35421","35421","35421","1018","1018","1018","42015","42015","42015","935","935","935","42175","42175","42175","914","914","914","42410","42410","42410","991","991","991","42410","42410","42410","975","975","975","42497","42497","42497","981","981","981"
"1865","35423","35423","35423","1087","1087","1087","42017","42017","42017","950","950","950","42177","42177","42177","909","909","909","42412","42412","42412","922","922","922","42412","42412","42412","951","951","951","42499","42499","42499","982","982","982"
"1866","35425","35425","35425","746","746","746","42019","42019","42019","765","765","765","42179","42179","42179","764","764","764","42414","42414","42414","748","748","748","42414","42414","42414","743","743","743","42501","42501","42501","754","754","754"
"1867","35427","35427","35427","763","763","763","42021","42021","42021","773","773","773","42181","42181","42181","739","739","739","42416","42416","42416","733","733","733","42416","42416","42416","711","711","711","42503","42503","42503","729","729","729"
"1868","35429","35429","35429","766","766","766","42023","42023","42023","744","744","744","42183","42183","42183","727","727","727","42418","42418","42418","999","999","999","42418","42418","42418","734","734","734","42505","42505","42505","760","760","760"
"1869","35431","35431","35431","735","735","735","42025","42025","42025","748","748","748","42185","42185","42185","776","776","776","42420","42420","42420","749","749","749","42420","42420","42420","747","747","747","42507","42507","42507","748","748","748"
"1870","35433","35433","35433","681","681","681","42027","42027","42027","695","695","695","42187","42187","42187","695","695","695","42422","42422","42422","696","696","696","42422","42422","42422","680","680","680","42509","42509","42509","694","694","694"
"1871","35435","35435","35435","764","764","764","42029","42029","42029","674","674","674","42189","42189","42189","677","677","677","42424","42424","42424","695","695","695","42424","42424","42424","692","692","692","42511","42511","42511","858","858","858"
"1872","35593","35593","35593","1249","1249","1249","42191","42191","42191","1249","1249","1249","42351","42351","42351","967","967","967","","","","","","","","","","","","","","","","","",""
"1873","35595","35595","35595","1083","1083","1083","42193","42193","42193","968","968","968","42353","42353","42353","948","948","948","","","","","","","","","","","","","","","","","",""
"1874","35597","35597","35597","1068","1068","1068","42195","42195","42195","949","949","949","42355","42355","42355","943","943","943","","","","","","","","","","","","","","","","","",""
"1875","35599","35599","35599","754","754","754","42197","42197","42197","778","778","778","42357","42357","42357","765","765","765","","","","","","","","","","","","","","","","","",""
"1876","35601","35601","35601","827","827","827","42199","42199","42199","733","733","733","42359","42359","42359","745","745","745","","","","","","","","","","","","","","","","","",""
"1877","35603","35603","35603","840","840","840","42201","42201","42201","729","729","729","42361","42361","42361","737","737","737","","","","","","","","","","","","","","","","","",""
"1878","35605","35605","35605","920","920","920","42203","42203","42203","773","773","773","42363","42363","42363","759","759","759","","","","","","","","","","","","","","","","","",""
"1879","35607","35607","35607","774","774","774","42205","42205","42205","701","701","701","42365","42365","42365","693","693","693","","","","","","","","","","","","","","","","","",""
"1880","35609","35609","35609","687","687","687","42207","42207","42207","695","695","695","42367","42367","42367","694","694","694","","","","","","","","","","","","","","","","","",""
"1881","35759","35759","35759","1249","1249","1249","","","","","","","","","","","","","","","","","","","","","","","","","","","","","",""
"1882","35761","35761","35761","1069","1069","1069","","","","","","","","","","","","","","","","","","","","","","","","","","","","","",""
"1883","35763","35763","35763","1040","1040","1040","","","","","","","","","","","","","","","","","","","","","","","","","","","","","",""
"1884","35765","35765","35765","820","820","820","","","","","","","","","","","","","","","","","","","","","","","","","","","","","",""
"1885","35767","35767","35767","745","745","745","","","","","","","","","","","","","","","","","","","","","","","","","","","","","",""
"1886","35769","35769","35769","999","999","999","","","","","","","","","","","","","","","","","","","","","","","","","","","","","",""
"1887","35771","35771","35771","902","902","902","","","","","","","","","","","","","","","","","","","","","","","","","","","","","",""
"1888","35773","35773","35773","776","776","776","","","","","","","","","","","","","","","","","","","","","","","","","","","","","",""
"1889","35775","35775","35775","705","705","705","","","","","","","","","","","","","","","","","","","","","","","","","","","","","",""
"1890","35929","35929","35929","1249","1249","1249","","","","","","","","","","","","","","","","","","","","","","","","","","","","","",""
"1891","35931","35931","35931","1064","1064","1064","","","","","","","","","","","","","","","","","","","","","","","","","","","","","",""
"1892","35933","35933","35933","1098","1098","1098","","","","","","","","","","","","","","","","","","","","","","","","","","","","","",""
"1893","35935","35935","35935","836","836","836","","","","","","","","","","","","","","","","","","","","","","","","","","","","","",""
"1894","35937","35937","35937","761","761","761","","","","","","","","","","","","","","","","","","","","","","","","","","","","","",""
"1895","35939","35939","35939","818","818","818","","","","","","","","","","","","","","","","","","","","","","","","","","","","","",""
"1896","35941","35941","35941","765","765","765","","","","","","","","","","","","","","","","","","","","","","","","","","","","","",""
"1897","35943","35943","35943","691","691","691","","","","","","","","","","","","","","","","","","","","","","","","","","","","","",""
"1898","35945","35945","35945","849","849","849","","","","","","","","","","","","","","","","","","","","","","","","","","","","","",""
"1899","36093","36093","36093","1249","1249","1249","","","","","","","","","","","","","","","","","","","","","","","","","","","","","",""
"1900","36095","36095","36095","1048","1048","1048","","","","","","","","","","","","","","","","","","","","","","","","","","","","","",""
"1901","36097","36097","36097","1029","1029","1029","","","","","","","","","","","","","","","","","","","","","","","","","","","","","",""
"1902","36099","36099","36099","767","767","767","","","","","","","","","","","","","","","","","","","","","","","","","","","","","",""
"1903","36101","36101","36101","905","905","905","","","","","","","","","","","","","","","","","","","","","","","","","","","","","",""
"1904","36103","36103","36103","763","763","763","","","","","","","","","","","","","","","","","","","","","","","","","","","","","",""
"1905","36105","36105","36105","899","899","899","","","","","","","","","","","","","","","","","","","","","","","","","","","","","",""
"1906","36107","36107","36107","772","772","772","","","","","","","","","","","","","","","","","","","","","","","","","","","","","",""
"1907","36109","36109","36109","690","690","690","","","","","","","","","","","","","","","","","","","","","","","","","","","","","",""
"1908","36265","36265","36265","1249","1249","1249","","","","","","","","","","","","","","","","","","","","","","","","","","","","","",""
"1909","36267","36267","36267","1021","1021","1021","","","","","","","","","","","","","","","","","","","","","","","","","","","","","",""
"1910","36269","36269","36269","1048","1048","1048","","","","","","","","","","","","","","","","","","","","","","","","","","","","","",""
"1911","36271","36271","36271","747","747","747","","","","","","","","","","","","","","","","","","","","","","","","","","","","","",""
"1912","36273","36273","36273","771","771","771","","","","","","","","","","","","","","","","","","","","","","","","","","","","","",""
"1913","36275","36275","36275","741","741","741","","","","","","","","","","","","","","","","","","","","","","","","","","","","","",""
"1914","36277","36277","36277","911","911","911","","","","","","","","","","","","","","","","","","","","","","","","","","","","","",""
"1915","36279","36279","36279","865","865","865","","","","","","","","","","","","","","","","","","","","","","","","","","","","","",""
"1916","36281","36281","36281","710","710","710","","","","","","","","","","","","","","","","","","","","","","","","","","","","","",""
"1917","36437","36437","36437","1249","1249","1249","","","","","","","","","","","","","","","","","","","","","","","","","","","","","",""
"1918","36439","36439","36439","1029","1029","1029","","","","","","","","","","","","","","","","","","","","","","","","","","","","","",""
"1919","36441","36441","36441","1017","1017","1017","","","","","","","","","","","","","","","","","","","","","","","","","","","","","",""
"1920","36443","36443","36443","836","836","836","","","","","","","","","","","","","","","","","","","","","","","","","","","","","",""
"1921","36445","36445","36445","770","770","770","","","","","","","","","","","","","","","","","","","","","","","","","","","","","",""
"1922","36447","36447","36447","735","735","735","","","","","","","","","","","","","","","","","","","","","","","","","","","","","",""
"1923","36449","36449","36449","912","912","912","","","","","","","","","","","","","","","","","","","","","","","","","","","","","",""
"1924","36451","36451","36451","800","800","800","","","","","","","","","","","","","","","","","","","","","","","","","","","","","",""
"1925","36453","36453","36453","769","769","769","","","","","","","","","","","","","","","","","","","","","","","","","","","","","",""
"1926","36599","36599","36599","1249","1249","1249","","","","","","","","","","","","","","","","","","","","","","","","","","","","","",""
"1927","36601","36601","36601","1067","1067","1067","","","","","","","","","","","","","","","","","","","","","","","","","","","","","",""
"1928","36603","36603","36603","1065","1065","1065","","","","","","","","","","","","","","","","","","","","","","","","","","","","","",""
"1929","36605","36605","36605","748","748","748","","","","","","","","","","","","","","","","","","","","","","","","","","","","","",""
"1930","36607","36607","36607","908","908","908","","","","","","","","","","","","","","","","","","","","","","","","","","","","","",""
"1931","36609","36609","36609","726","726","726","","","","","","","","","","","","","","","","","","","","","","","","","","","","","",""
"1932","36611","36611","36611","743","743","743","","","","","","","","","","","","","","","","","","","","","","","","","","","","","",""
"1933","36613","36613","36613","678","678","678","","","","","","","","","","","","","","","","","","","","","","","","","","","","","",""
"1934","36615","36615","36615","869","869","869","","","","","","","","","","","","","","","","","","","","","","","","","","","","","",""
"1935","36771","36771","36771","1249","1249","1249","","","","","","","","","","","","","","","","","","","","","","","","","","","","","",""
"1936","36773","36773","36773","1035","1035","1035","","","","","","","","","","","","","","","","","","","","","","","","","","","","","",""
"1937","36775","36775","36775","1029","1029","1029","","","","","","","","","","","","","","","","","","","","","","","","","","","","","",""
"1938","36777","36777","36777","773","773","773","","","","","","","","","","","","","","","","","","","","","","","","","","","","","",""
"1939","36779","36779","36779","770","770","770","","","","","","","","","","","","","","","","","","","","","","","","","","","","","",""
"1940","36781","36781","36781","917","917","917","","","","","","","","","","","","","","","","","","","","","","","","","","","","","",""
"1941","36783","36783","36783","747","747","747","","","","","","","","","","","","","","","","","","","","","","","","","","","","","",""
"1942","36785","36785","36785","769","769","769","","","","","","","","","","","","","","","","","","","","","","","","","","","","","",""
"1943","36787","36787","36787","694","694","694","","","","","","","","","","","","","","","","","","","","","","","","","","","","","",""
"1944","36933","36933","36933","1249","1249","1249","","","","","","","","","","","","","","","","","","","","","","","","","","","","","",""
"1945","36935","36935","36935","1055","1055","1055","","","","","","","","","","","","","","","","","","","","","","","","","","","","","",""
"1946","36937","36937","36937","1032","1032","1032","","","","","","","","","","","","","","","","","","","","","","","","","","","","","",""
"1947","36939","36939","36939","844","844","844","","","","","","","","","","","","","","","","","","","","","","","","","","","","","",""
"1948","36941","36941","36941","903","903","903","","","","","","","","","","","","","","","","","","","","","","","","","","","","","",""
"1949","36943","36943","36943","909","909","909","","","","","","","","","","","","","","","","","","","","","","","","","","","","","",""
"1950","36945","36945","36945","741","741","741","","","","","","","","","","","","","","","","","","","","","","","","","","","","","",""
"1951","36947","36947","36947","675","675","675","","","","","","","","","","","","","","","","","","","","","","","","","","","","","",""
"1952","36949","36949","36949","783","783","783","","","","","","","","","","","","","","","","","","","","","","","","","","","","","",""
"1953","37107","37107","37107","1249","1249","1249","","","","","","","","","","","","","","","","","","","","","","","","","","","","","",""
"1954","37109","37109","37109","1071","1071","1071","","","","","","","","","","","","","","","","","","","","","","","","","","","","","",""
"1955","37111","37111","37111","1055","1055","1055","","","","","","","","","","","","","","","","","","","","","","","","","","","","","",""
"1956","37113","37113","37113","762","762","762","","","","","","","","","","","","","","","","","","","","","","","","","","","","","",""
"1957","37115","37115","37115","763","763","763","","","","","","","","","","","","","","","","","","","","","","","","","","","","","",""
"1958","37117","37117","37117","923","923","923","","","","","","","","","","","","","","","","","","","","","","","","","","","","","",""
"1959","37119","37119","37119","752","752","752","","","","","","","","","","","","","","","","","","","","","","","","","","","","","",""
"1960","37121","37121","37121","781","781","781","","","","","","","","","","","","","","","","","","","","","","","","","","","","","",""
"1961","37123","37123","37123","887","887","887","","","","","","","","","","","","","","","","","","","","","","","","","","","","","",""
"1962","37279","37279","37279","1249","1249","1249","","","","","","","","","","","","","","","","","","","","","","","","","","","","","",""
"1963","37281","37281","37281","1035","1035","1035","","","","","","","","","","","","","","","","","","","","","","","","","","","","","",""
"1964","37283","37283","37283","1031","1031","1031","","","","","","","","","","","","","","","","","","","","","","","","","","","","","",""
"1965","37285","37285","37285","755","755","755","","","","","","","","","","","","","","","","","","","","","","","","","","","","","",""
"1966","37287","37287","37287","822","822","822","","","","","","","","","","","","","","","","","","","","","","","","","","","","","",""
"1967","37289","37289","37289","923","923","923","","","","","","","","","","","","","","","","","","","","","","","","","","","","","",""
"1968","37291","37291","37291","890","890","890","","","","","","","","","","","","","","","","","","","","","","","","","","","","","",""
"1969","37293","37293","37293","710","710","710","","","","","","","","","","","","","","","","","","","","","","","","","","","","","",""
"1970","37295","37295","37295","771","771","771","","","","","","","","","","","","","","","","","","","","","","","","","","","","","",""
"1971","37439","37439","37439","1249","1249","1249","","","","","","","","","","","","","","","","","","","","","","","","","","","","","",""
"1972","37441","37441","37441","1021","1021","1021","","","","","","","","","","","","","","","","","","","","","","","","","","","","","",""
"1973","37443","37443","37443","1061","1061","1061","","","","","","","","","","","","","","","","","","","","","","","","","","","","","",""
"1974","37445","37445","37445","750","750","750","","","","","","","","","","","","","","","","","","","","","","","","","","","","","",""
"1975","37447","37447","37447","759","759","759","","","","","","","","","","","","","","","","","","","","","","","","","","","","","",""
"1976","37449","37449","37449","856","856","856","","","","","","","","","","","","","","","","","","","","","","","","","","","","","",""
"1977","37451","37451","37451","775","775","775","","","","","","","","","","","","","","","","","","","","","","","","","","","","","",""
"1978","37453","37453","37453","676","676","676","","","","","","","","","","","","","","","","","","","","","","","","","","","","","",""
"1979","37455","37455","37455","679","679","679","","","","","","","","","","","","","","","","","","","","","","","","","","","","","",""
"1980","37611","37611","37611","1249","1249","1249","","","","","","","","","","","","","","","","","","","","","","","","","","","","","",""
"1981","37613","37613","37613","1044","1044","1044","","","","","","","","","","","","","","","","","","","","","","","","","","","","","",""
"1982","37615","37615","37615","1048","1048","1048","","","","","","","","","","","","","","","","","","","","","","","","","","","","","",""
"1983","37617","37617","37617","755","755","755","","","","","","","","","","","","","","","","","","","","","","","","","","","","","",""
"1984","37619","37619","37619","739","739","739","","","","","","","","","","","","","","","","","","","","","","","","","","","","","",""
"1985","37621","37621","37621","827","827","827","","","","","","","","","","","","","","","","","","","","","","","","","","","","","",""
"1986","37623","37623","37623","742","742","742","","","","","","","","","","","","","","","","","","","","","","","","","","","","","",""
"1987","37625","37625","37625","683","683","683","","","","","","","","","","","","","","","","","","","","","","","","","","","","","",""
"1988","37627","37627","37627","869","869","869","","","","","","","","","","","","","","","","","","","","","","","","","","","","","",""
"1989","37775","37775","37775","1249","1249","1249","","","","","","","","","","","","","","","","","","","","","","","","","","","","","",""
"1990","37777","37777","37777","1033","1033","1033","","","","","","","","","","","","","","","","","","","","","","","","","","","","","",""
"1991","37779","37779","37779","1095","1095","1095","","","","","","","","","","","","","","","","","","","","","","","","","","","","","",""
"1992","37781","37781","37781","751","751","751","","","","","","","","","","","","","","","","","","","","","","","","","","","","","",""
"1993","37783","37783","37783","917","917","917","","","","","","","","","","","","","","","","","","","","","","","","","","","","","",""
"1994","37785","37785","37785","835","835","835","","","","","","","","","","","","","","","","","","","","","","","","","","","","","",""
"1995","37787","37787","37787","748","748","748","","","","","","","","","","","","","","","","","","","","","","","","","","","","","",""
"1996","37789","37789","37789","888","888","888","","","","","","","","","","","","","","","","","","","","","","","","","","","","","",""
"1997","37791","37791","37791","859","859","859","","","","","","","","","","","","","","","","","","","","","","","","","","","","","",""
"1998","37949","37949","37949","1249","1249","1249","","","","","","","","","","","","","","","","","","","","","","","","","","","","","",""
"1999","37951","37951","37951","1030","1030","1030","","","","","","","","","","","","","","","","","","","","","","","","","","","","","",""
"2000","37953","37953","37953","1086","1086","1086","","","","","","","","","","","","","","","","","","","","","","","","","","","","","",""
"2001","37955","37955","37955","765","765","765","","","","","","","","","","","","","","","","","","","","","","","","","","","","","",""
"2002","37957","37957","37957","815","815","815","","","","","","","","","","","","","","","","","","","","","","","","","","","","","",""
"2003","37959","37959","37959","891","891","891","","","","","","","","","","","","","","","","","","","","","","","","","","","","","",""
"2004","37961","37961","37961","743","743","743","","","","","","","","","","","","","","","","","","","","","","","","","","","","","",""
"2005","37963","37963","37963","691","691","691","","","","","","","","","","","","","","","","","","","","","","","","","","","","","",""
"2006","37965","37965","37965","694","694","694","","","","","","","","","","","","","","","","","","","","","","","","","","","","","",""
"2007","38109","38109","38109","1249","1249","1249","","","","","","","","","","","","","","","","","","","","","","","","","","","","","",""
"2008","38111","38111","38111","1069","1069","1069","","","","","","","","","","","","","","","","","","","","","","","","","","","","","",""
"2009","38113","38113","38113","1050","1050","1050","","","","","","","","","","","","","","","","","","","","","","","","","","","","","",""
"2010","38115","38115","38115","765","765","765","","","","","","","","","","","","","","","","","","","","","","","","","","","","","",""
"2011","38117","38117","38117","769","769","769","","","","","","","","","","","","","","","","","","","","","","","","","","","","","",""
"2012","38119","38119","38119","840","840","840","","","","","","","","","","","","","","","","","","","","","","","","","","","","","",""
"2013","38121","38121","38121","840","840","840","","","","","","","","","","","","","","","","","","","","","","","","","","","","","",""
"2014","38123","38123","38123","789","789","789","","","","","","","","","","","","","","","","","","","","","","","","","","","","","",""
"2015","38125","38125","38125","870","870","870","","","","","","","","","","","","","","","","","","","","","","","","","","","","","",""
"2016","38283","38283","38283","1249","1249","1249","","","","","","","","","","","","","","","","","","","","","","","","","","","","","",""
"2017","38285","38285","38285","1071","1071","1071","","","","","","","","","","","","","","","","","","","","","","","","","","","","","",""
"2018","38287","38287","38287","1031","1031","1031","","","","","","","","","","","","","","","","","","","","","","","","","","","","","",""
"2019","38289","38289","38289","759","759","759","","","","","","","","","","","","","","","","","","","","","","","","","","","","","",""
"2020","38291","38291","38291","920","920","920","","","","","","","","","","","","","","","","","","","","","","","","","","","","","",""
"2021","38293","38293","38293","999","999","999","","","","","","","","","","","","","","","","","","","","","","","","","","","","","",""
"2022","38295","38295","38295","735","735","735","","","","","","","","","","","","","","","","","","","","","","","","","","","","","",""
"2023","38297","38297","38297","722","722","722","","","","","","","","","","","","","","","","","","","","","","","","","","","","","",""
"2024","38299","38299","38299","688","688","688","","","","","","","","","","","","","","","","","","","","","","","","","","","","","",""
"2025","38453","38453","38453","1249","1249","1249","","","","","","","","","","","","","","","","","","","","","","","","","","","","","",""
"2026","38455","38455","38455","1046","1046","1046","","","","","","","","","","","","","","","","","","","","","","","","","","","","","",""
"2027","38457","38457","38457","1026","1026","1026","","","","","","","","","","","","","","","","","","","","","","","","","","","","","",""
"2028","38459","38459","38459","830","830","830","","","","","","","","","","","","","","","","","","","","","","","","","","","","","",""
"2029","38461","38461","38461","917","917","917","","","","","","","","","","","","","","","","","","","","","","","","","","","","","",""
"2030","38463","38463","38463","758","758","758","","","","","","","","","","","","","","","","","","","","","","","","","","","","","",""
"2031","38465","38465","38465","913","913","913","","","","","","","","","","","","","","","","","","","","","","","","","","","","","",""
"2032","38467","38467","38467","760","760","760","","","","","","","","","","","","","","","","","","","","","","","","","","","","","",""
"2033","38469","38469","38469","712","712","712","","","","","","","","","","","","","","","","","","","","","","","","","","","","","",""
"2034","38617","38617","38617","1249","1249","1249","","","","","","","","","","","","","","","","","","","","","","","","","","","","","",""
"2035","38619","38619","38619","1064","1064","1064","","","","","","","","","","","","","","","","","","","","","","","","","","","","","",""
"2036","38621","38621","38621","1034","1034","1034","","","","","","","","","","","","","","","","","","","","","","","","","","","","","",""
"2037","38623","38623","38623","754","754","754","","","","","","","","","","","","","","","","","","","","","","","","","","","","","",""
"2038","38625","38625","38625","816","816","816","","","","","","","","","","","","","","","","","","","","","","","","","","","","","",""
"2039","38627","38627","38627","738","738","738","","","","","","","","","","","","","","","","","","","","","","","","","","","","","",""
"2040","38629","38629","38629","747","747","747","","","","","","","","","","","","","","","","","","","","","","","","","","","","","",""
"2041","38631","38631","38631","681","681","681","","","","","","","","","","","","","","","","","","","","","","","","","","","","","",""
"2042","38633","38633","38633","774","774","774","","","","","","","","","","","","","","","","","","","","","","","","","","","","","",""
"2043","38787","38787","38787","1249","1249","1249","","","","","","","","","","","","","","","","","","","","","","","","","","","","","",""
"2044","38789","38789","38789","1047","1047","1047","","","","","","","","","","","","","","","","","","","","","","","","","","","","","",""
"2045","38791","38791","38791","1073","1073","1073","","","","","","","","","","","","","","","","","","","","","","","","","","","","","",""
"2046","38793","38793","38793","841","841","841","","","","","","","","","","","","","","","","","","","","","","","","","","","","","",""
"2047","38795","38795","38795","757","757","757","","","","","","","","","","","","","","","","","","","","","","","","","","","","","",""
"2048","38797","38797","38797","808","808","808","","","","","","","","","","","","","","","","","","","","","","","","","","","","","",""
"2049","38799","38799","38799","915","915","915","","","","","","","","","","","","","","","","","","","","","","","","","","","","","",""
"2050","38801","38801","38801","760","760","760","","","","","","","","","","","","","","","","","","","","","","","","","","","","","",""
"2051","38803","38803","38803","691","691","691","","","","","","","","","","","","","","","","","","","","","","","","","","","","","",""
"2052","38951","38951","38951","1249","1249","1249","","","","","","","","","","","","","","","","","","","","","","","","","","","","","",""
"2053","38953","38953","38953","1096","1096","1096","","","","","","","","","","","","","","","","","","","","","","","","","","","","","",""
"2054","38955","38955","38955","1060","1060","1060","","","","","","","","","","","","","","","","","","","","","","","","","","","","","",""
"2055","38957","38957","38957","757","757","757","","","","","","","","","","","","","","","","","","","","","","","","","","","","","",""
"2056","38959","38959","38959","999","999","999","","","","","","","","","","","","","","","","","","","","","","","","","","","","","",""
"2057","38961","38961","38961","920","920","920","","","","","","","","","","","","","","","","","","","","","","","","","","","","","",""
"2058","38963","38963","38963","748","748","748","","","","","","","","","","","","","","","","","","","","","","","","","","","","","",""
"2059","38965","38965","38965","714","714","714","","","","","","","","","","","","","","","","","","","","","","","","","","","","","",""
"2060","38967","38967","38967","755","755","755","","","","","","","","","","","","","","","","","","","","","","","","","","","","","",""
"2061","39121","39121","39121","1249","1249","1249","","","","","","","","","","","","","","","","","","","","","","","","","","","","","",""
"2062","39123","39123","39123","1088","1088","1088","","","","","","","","","","","","","","","","","","","","","","","","","","","","","",""
"2063","39125","39125","39125","1029","1029","1029","","","","","","","","","","","","","","","","","","","","","","","","","","","","","",""
"2064","39127","39127","39127","772","772","772","","","","","","","","","","","","","","","","","","","","","","","","","","","","","",""
"2065","39129","39129","39129","757","757","757","","","","","","","","","","","","","","","","","","","","","","","","","","","","","",""
"2066","39131","39131","39131","930","930","930","","","","","","","","","","","","","","","","","","","","","","","","","","","","","",""
"2067","39133","39133","39133","746","746","746","","","","","","","","","","","","","","","","","","","","","","","","","","","","","",""
"2068","39135","39135","39135","854","854","854","","","","","","","","","","","","","","","","","","","","","","","","","","","","","",""
"2069","39137","39137","39137","758","758","758","","","","","","","","","","","","","","","","","","","","","","","","","","","","","",""
"2070","39283","39283","39283","1249","1249","1249","","","","","","","","","","","","","","","","","","","","","","","","","","","","","",""
"2071","39285","39285","39285","1016","1016","1016","","","","","","","","","","","","","","","","","","","","","","","","","","","","","",""
"2072","39287","39287","39287","1069","1069","1069","","","","","","","","","","","","","","","","","","","","","","","","","","","","","",""
"2073","39289","39289","39289","749","749","749","","","","","","","","","","","","","","","","","","","","","","","","","","","","","",""
"2074","39291","39291","39291","824","824","824","","","","","","","","","","","","","","","","","","","","","","","","","","","","","",""
"2075","39293","39293","39293","827","827","827","","","","","","","","","","","","","","","","","","","","","","","","","","","","","",""
"2076","39295","39295","39295","766","766","766","","","","","","","","","","","","","","","","","","","","","","","","","","","","","",""
"2077","39297","39297","39297","845","845","845","","","","","","","","","","","","","","","","","","","","","","","","","","","","","",""
"2078","39299","39299","39299","786","786","786","","","","","","","","","","","","","","","","","","","","","","","","","","","","","",""
"2079","39453","39453","39453","1249","1249","1249","","","","","","","","","","","","","","","","","","","","","","","","","","","","","",""
"2080","39455","39455","39455","1009","1009","1009","","","","","","","","","","","","","","","","","","","","","","","","","","","","","",""
"2081","39457","39457","39457","1038","1038","1038","","","","","","","","","","","","","","","","","","","","","","","","","","","","","",""
"2082","39459","39459","39459","763","763","763","","","","","","","","","","","","","","","","","","","","","","","","","","","","","",""
"2083","39461","39461","39461","931","931","931","","","","","","","","","","","","","","","","","","","","","","","","","","","","","",""
"2084","39463","39463","39463","915","915","915","","","","","","","","","","","","","","","","","","","","","","","","","","","","","",""
"2085","39465","39465","39465","928","928","928","","","","","","","","","","","","","","","","","","","","","","","","","","","","","",""
"2086","39467","39467","39467","790","790","790","","","","","","","","","","","","","","","","","","","","","","","","","","","","","",""
"2087","39469","39469","39469","776","776","776","","","","","","","","","","","","","","","","","","","","","","","","","","","","","",""
"2088","39625","39625","39625","1249","1249","1249","","","","","","","","","","","","","","","","","","","","","","","","","","","","","",""
"2089","39627","39627","39627","1076","1076","1076","","","","","","","","","","","","","","","","","","","","","","","","","","","","","",""
"2090","39629","39629","39629","1050","1050","1050","","","","","","","","","","","","","","","","","","","","","","","","","","","","","",""
"2091","39631","39631","39631","754","754","754","","","","","","","","","","","","","","","","","","","","","","","","","","","","","",""
"2092","39633","39633","39633","849","849","849","","","","","","","","","","","","","","","","","","","","","","","","","","","","","",""
"2093","39635","39635","39635","930","930","930","","","","","","","","","","","","","","","","","","","","","","","","","","","","","",""
"2094","39637","39637","39637","917","917","917","","","","","","","","","","","","","","","","","","","","","","","","","","","","","",""
"2095","39639","39639","39639","690","690","690","","","","","","","","","","","","","","","","","","","","","","","","","","","","","",""
"2096","39641","39641","39641","667","667","667","","","","","","","","","","","","","","","","","","","","","","","","","","","","","",""
"2097","39787","39787","39787","1249","1249","1249","","","","","","","","","","","","","","","","","","","","","","","","","","","","","",""
"2098","39789","39789","39789","1062","1062","1062","","","","","","","","","","","","","","","","","","","","","","","","","","","","","",""
"2099","39791","39791","39791","1028","1028","1028","","","","","","","","","","","","","","","","","","","","","","","","","","","","","",""
"2100","39793","39793","39793","751","751","751","","","","","","","","","","","","","","","","","","","","","","","","","","","","","",""
"2101","39795","39795","39795","756","756","756","","","","","","","","","","","","","","","","","","","","","","","","","","","","","",""
"2102","39797","39797","39797","921","921","921","","","","","","","","","","","","","","","","","","","","","","","","","","","","","",""
"2103","39799","39799","39799","733","733","733","","","","","","","","","","","","","","","","","","","","","","","","","","","","","",""
"2104","39801","39801","39801","914","914","914","","","","","","","","","","","","","","","","","","","","","","","","","","","","","",""
"2105","39803","39803","39803","747","747","747","","","","","","","","","","","","","","","","","","","","","","","","","","","","","",""
"2106","39961","39961","39961","1249","1249","1249","","","","","","","","","","","","","","","","","","","","","","","","","","","","","",""
"2107","39963","39963","39963","1081","1081","1081","","","","","","","","","","","","","","","","","","","","","","","","","","","","","",""
"2108","39965","39965","39965","1051","1051","1051","","","","","","","","","","","","","","","","","","","","","","","","","","","","","",""
"2109","39967","39967","39967","758","758","758","","","","","","","","","","","","","","","","","","","","","","","","","","","","","",""
"2110","39969","39969","39969","903","903","903","","","","","","","","","","","","","","","","","","","","","","","","","","","","","",""
"2111","39971","39971","39971","841","841","841","","","","","","","","","","","","","","","","","","","","","","","","","","","","","",""
"2112","39973","39973","39973","741","741","741","","","","","","","","","","","","","","","","","","","","","","","","","","","","","",""
"2113","39975","39975","39975","779","779","779","","","","","","","","","","","","","","","","","","","","","","","","","","","","","",""
"2114","39977","39977","39977","688","688","688","","","","","","","","","","","","","","","","","","","","","","","","","","","","","",""
"2115","40123","40123","40123","1249","1249","1249","","","","","","","","","","","","","","","","","","","","","","","","","","","","","",""
"2116","40125","40125","40125","1079","1079","1079","","","","","","","","","","","","","","","","","","","","","","","","","","","","","",""
"2117","40127","40127","40127","1102","1102","1102","","","","","","","","","","","","","","","","","","","","","","","","","","","","","",""
"2118","40129","40129","40129","754","754","754","","","","","","","","","","","","","","","","","","","","","","","","","","","","","",""
"2119","40131","40131","40131","920","920","920","","","","","","","","","","","","","","","","","","","","","","","","","","","","","",""
"2120","40133","40133","40133","730","730","730","","","","","","","","","","","","","","","","","","","","","","","","","","","","","",""
"2121","40135","40135","40135","748","748","748","","","","","","","","","","","","","","","","","","","","","","","","","","","","","",""
"2122","40137","40137","40137","712","712","712","","","","","","","","","","","","","","","","","","","","","","","","","","","","","",""
"2123","40139","40139","40139","868","868","868","","","","","","","","","","","","","","","","","","","","","","","","","","","","","",""
"2124","40297","40297","40297","1249","1249","1249","","","","","","","","","","","","","","","","","","","","","","","","","","","","","",""
"2125","40299","40299","40299","1097","1097","1097","","","","","","","","","","","","","","","","","","","","","","","","","","","","","",""
"2126","40301","40301","40301","1048","1048","1048","","","","","","","","","","","","","","","","","","","","","","","","","","","","","",""
"2127","40303","40303","40303","744","744","744","","","","","","","","","","","","","","","","","","","","","","","","","","","","","",""
"2128","40305","40305","40305","983","983","983","","","","","","","","","","","","","","","","","","","","","","","","","","","","","",""
"2129","40307","40307","40307","742","742","742","","","","","","","","","","","","","","","","","","","","","","","","","","","","","",""
"2130","40309","40309","40309","899","899","899","","","","","","","","","","","","","","","","","","","","","","","","","","","","","",""
"2131","40311","40311","40311","886","886","886","","","","","","","","","","","","","","","","","","","","","","","","","","","","","",""
"2132","40313","40313","40313","883","883","883","","","","","","","","","","","","","","","","","","","","","","","","","","","","","",""
"2133","40459","40459","40459","1249","1249","1249","","","","","","","","","","","","","","","","","","","","","","","","","","","","","",""
"2134","40461","40461","40461","1079","1079","1079","","","","","","","","","","","","","","","","","","","","","","","","","","","","","",""
"2135","40463","40463","40463","1120","1120","1120","","","","","","","","","","","","","","","","","","","","","","","","","","","","","",""
"2136","40465","40465","40465","766","766","766","","","","","","","","","","","","","","","","","","","","","","","","","","","","","",""
"2137","40467","40467","40467","895","895","895","","","","","","","","","","","","","","","","","","","","","","","","","","","","","",""
"2138","40469","40469","40469","837","837","837","","","","","","","","","","","","","","","","","","","","","","","","","","","","","",""
"2139","40471","40471","40471","775","775","775","","","","","","","","","","","","","","","","","","","","","","","","","","","","","",""
"2140","40473","40473","40473","785","785","785","","","","","","","","","","","","","","","","","","","","","","","","","","","","","",""
"2141","40475","40475","40475","715","715","715","","","","","","","","","","","","","","","","","","","","","","","","","","","","","",""
"2142","40631","40631","40631","1249","1249","1249","","","","","","","","","","","","","","","","","","","","","","","","","","","","","",""
"2143","40633","40633","40633","1091","1091","1091","","","","","","","","","","","","","","","","","","","","","","","","","","","","","",""
"2144","40635","40635","40635","1048","1048","1048","","","","","","","","","","","","","","","","","","","","","","","","","","","","","",""
"2145","40637","40637","40637","751","751","751","","","","","","","","","","","","","","","","","","","","","","","","","","","","","",""
"2146","40639","40639","40639","915","915","915","","","","","","","","","","","","","","","","","","","","","","","","","","","","","",""
"2147","40641","40641","40641","904","904","904","","","","","","","","","","","","","","","","","","","","","","","","","","","","","",""
"2148","40643","40643","40643","748","748","748","","","","","","","","","","","","","","","","","","","","","","","","","","","","","",""
"2149","40645","40645","40645","877","877","877","","","","","","","","","","","","","","","","","","","","","","","","","","","","","",""
"2150","40647","40647","40647","868","868","868","","","","","","","","","","","","","","","","","","","","","","","","","","","","","",""
"2151","40805","40805","40805","1249","1249","1249","","","","","","","","","","","","","","","","","","","","","","","","","","","","","",""
"2152","40807","40807","40807","1069","1069","1069","","","","","","","","","","","","","","","","","","","","","","","","","","","","","",""
"2153","40809","40809","40809","1033","1033","1033","","","","","","","","","","","","","","","","","","","","","","","","","","","","","",""
"2154","40811","40811","40811","751","751","751","","","","","","","","","","","","","","","","","","","","","","","","","","","","","",""
"2155","40813","40813","40813","749","749","749","","","","","","","","","","","","","","","","","","","","","","","","","","","","","",""
"2156","40815","40815","40815","918","918","918","","","","","","","","","","","","","","","","","","","","","","","","","","","","","",""
"2157","40817","40817","40817","740","740","740","","","","","","","","","","","","","","","","","","","","","","","","","","","","","",""
"2158","40819","40819","40819","693","693","693","","","","","","","","","","","","","","","","","","","","","","","","","","","","","",""
"2159","40821","40821","40821","706","706","706","","","","","","","","","","","","","","","","","","","","","","","","","","","","","",""
"2160","40967","40967","40967","1249","1249","1249","","","","","","","","","","","","","","","","","","","","","","","","","","","","","",""
"2161","40969","40969","40969","1072","1072","1072","","","","","","","","","","","","","","","","","","","","","","","","","","","","","",""
"2162","40971","40971","40971","1079","1079","1079","","","","","","","","","","","","","","","","","","","","","","","","","","","","","",""
"2163","40973","40973","40973","755","755","755","","","","","","","","","","","","","","","","","","","","","","","","","","","","","",""
"2164","40975","40975","40975","744","744","744","","","","","","","","","","","","","","","","","","","","","","","","","","","","","",""
"2165","40977","40977","40977","733","733","733","","","","","","","","","","","","","","","","","","","","","","","","","","","","","",""
"2166","40979","40979","40979","809","809","809","","","","","","","","","","","","","","","","","","","","","","","","","","","","","",""
"2167","40981","40981","40981","868","868","868","","","","","","","","","","","","","","","","","","","","","","","","","","","","","",""
"2168","40983","40983","40983","791","791","791","","","","","","","","","","","","","","","","","","","","","","","","","","","","","",""
"2169","41141","41141","41141","1249","1249","1249","","","","","","","","","","","","","","","","","","","","","","","","","","","","","",""
"2170","41143","41143","41143","1083","1083","1083","","","","","","","","","","","","","","","","","","","","","","","","","","","","","",""
"2171","41145","41145","41145","1063","1063","1063","","","","","","","","","","","","","","","","","","","","","","","","","","","","","",""
"2172","41147","41147","41147","754","754","754","","","","","","","","","","","","","","","","","","","","","","","","","","","","","",""
"2173","41149","41149","41149","972","972","972","","","","","","","","","","","","","","","","","","","","","","","","","","","","","",""
"2174","41151","41151","41151","739","739","739","","","","","","","","","","","","","","","","","","","","","","","","","","","","","",""
"2175","41153","41153","41153","759","759","759","","","","","","","","","","","","","","","","","","","","","","","","","","","","","",""
"2176","41155","41155","41155","723","723","723","","","","","","","","","","","","","","","","","","","","","","","","","","","","","",""
"2177","41157","41157","41157","921","921","921","","","","","","","","","","","","","","","","","","","","","","","","","","","","","",""
"2178","41305","41305","41305","1249","1249","1249","","","","","","","","","","","","","","","","","","","","","","","","","","","","","",""
"2179","41307","41307","41307","1079","1079","1079","","","","","","","","","","","","","","","","","","","","","","","","","","","","","",""
"2180","41309","41309","41309","1078","1078","1078","","","","","","","","","","","","","","","","","","","","","","","","","","","","","",""
"2181","41311","41311","41311","750","750","750","","","","","","","","","","","","","","","","","","","","","","","","","","","","","",""
"2182","41313","41313","41313","824","824","824","","","","","","","","","","","","","","","","","","","","","","","","","","","","","",""
"2183","41315","41315","41315","999","999","999","","","","","","","","","","","","","","","","","","","","","","","","","","","","","",""
"2184","41317","41317","41317","766","766","766","","","","","","","","","","","","","","","","","","","","","","","","","","","","","",""
"2185","41319","41319","41319","763","763","763","","","","","","","","","","","","","","","","","","","","","","","","","","","","","",""
"2186","41321","41321","41321","781","781","781","","","","","","","","","","","","","","","","","","","","","","","","","","","","","",""