"Evaluate/step_episode","ppo_discrete_2025-05-21_16-02-29 - _step","ppo_discrete_2025-05-21_16-02-29 - _step__MIN","ppo_discrete_2025-05-21_16-02-29 - _step__MAX","ppo_discrete_2025-05-21_16-02-29 - Evaluate/EpProgress","ppo_discrete_2025-05-21_16-02-29 - Evaluate/EpProgress__MIN","ppo_discrete_2025-05-21_16-02-29 - Evaluate/EpProgress__MAX","edqn_2024-12-11_13-29-49 - _step","edqn_2024-12-11_13-29-49 - _step__MIN","edqn_2024-12-11_13-29-49 - _step__MAX","edqn_2024-12-11_13-29-49 - Evaluate/EpProgress","edqn_2024-12-11_13-29-49 - Evaluate/EpProgress__MIN","edqn_2024-12-11_13-29-49 - Evaluate/EpProgress__MAX","no_dueling_2024-12-10_13-06-23 - _step","no_dueling_2024-12-10_13-06-23 - _step__MIN","no_dueling_2024-12-10_13-06-23 - _step__MAX","no_dueling_2024-12-10_13-06-23 - Evaluate/EpProgress","no_dueling_2024-12-10_13-06-23 - Evaluate/EpProgress__MIN","no_dueling_2024-12-10_13-06-23 - Evaluate/EpProgress__MAX","epsilon_nosiy_FactoryTaskAllocationMiC_2024-12-09_14-31-02 - _step","epsilon_nosiy_FactoryTaskAllocationMiC_2024-12-09_14-31-02 - _step__MIN","epsilon_nosiy_FactoryTaskAllocationMiC_2024-12-09_14-31-02 - _step__MAX","epsilon_nosiy_FactoryTaskAllocationMiC_2024-12-09_14-31-02 - Evaluate/EpProgress","epsilon_nosiy_FactoryTaskAllocationMiC_2024-12-09_14-31-02 - Evaluate/EpProgress__MIN","epsilon_nosiy_FactoryTaskAllocationMiC_2024-12-09_14-31-02 - Evaluate/EpProgress__MAX","epsilon_FactoryTaskAllocationMiC_2024-12-08_17-36-58 - _step","epsilon_FactoryTaskAllocationMiC_2024-12-08_17-36-58 - _step__MIN","epsilon_FactoryTaskAllocationMiC_2024-12-08_17-36-58 - _step__MAX","epsilon_FactoryTaskAllocationMiC_2024-12-08_17-36-58 - Evaluate/EpProgress","epsilon_FactoryTaskAllocationMiC_2024-12-08_17-36-58 - Evaluate/EpProgress__MIN","epsilon_FactoryTaskAllocationMiC_2024-12-08_17-36-58 - Evaluate/EpProgress__MAX","FactoryTaskAllocationMiC_2024-12-08_15-44-10 - _step","FactoryTaskAllocationMiC_2024-12-08_15-44-10 - _step__MIN","FactoryTaskAllocationMiC_2024-12-08_15-44-10 - _step__MAX","FactoryTaskAllocationMiC_2024-12-08_15-44-10 - Evaluate/EpProgress","FactoryTaskAllocationMiC_2024-12-08_15-44-10 - Evaluate/EpProgress__MIN","FactoryTaskAllocationMiC_2024-12-08_15-44-10 - Evaluate/EpProgress__MAX"
"0","315","315","315","0","0","0","5587","5587","5587","0","0","0","5587","5587","5587","0","0","0","5899","5899","5899","0","0","0","5899","5899","5899","0","0","0","5899","5899","5899","0","0","0"
"1","317","317","317","1","1","1","5589","5589","5589","1","1","1","5589","5589","5589","1","1","1","5901","5901","5901","1","1","1","5901","5901","5901","1","1","1","5901","5901","5901","1","1","1"
"2","319","319","319","0.8","0.8","0.8","5591","5591","5591","1","1","1","5591","5591","5591","1","1","1","5903","5903","5903","1","1","1","5903","5903","5903","1","1","1","5903","5903","5903","1","1","1"
"3","321","321","321","1","1","1","5593","5593","5593","0","0","0","5593","5593","5593","0","0","0","5905","5905","5905","0","0","0","5905","5905","5905","0","0","0","5905","5905","5905","0","0","0"
"4","323","323","323","1","1","1","5595","5595","5595","0.8","0.8","0.8","5595","5595","5595","1","1","1","5907","5907","5907","1","1","1","5907","5907","5907","1","1","1","5907","5907","5907","1","1","1"
"5","325","325","325","1","1","1","5597","5597","5597","0.8","0.8","0.8","5597","5597","5597","0.8","0.8","0.8","5909","5909","5909","1","1","1","5909","5909","5909","1","1","1","5909","5909","5909","1","1","1"
"6","327","327","327","1","1","1","5599","5599","5599","1","1","1","5599","5599","5599","0","0","0","5911","5911","5911","0","0","0","5911","5911","5911","0","0","0","5911","5911","5911","0","0","0"
"7","329","329","329","1","1","1","5601","5601","5601","1","1","1","5601","5601","5601","1","1","1","5913","5913","5913","1","1","1","5913","5913","5913","1","1","1","5913","5913","5913","1","1","1"
"8","331","331","331","1","1","1","5603","5603","5603","1","1","1","5603","5603","5603","1","1","1","5915","5915","5915","1","1","1","5915","5915","5915","1","1","1","5915","5915","5915","1","1","1"
"9","485","485","485","0","0","0","5767","5767","5767","0","0","0","5772","5772","5772","0","0","0","6083","6083","6083","0","0","0","6079","6079","6079","1","1","1","6087","6087","6087","0","0","0"
"10","487","487","487","1","1","1","5769","5769","5769","1","1","1","5774","5774","5774","0.8","0.8","0.8","6085","6085","6085","1","1","1","6081","6081","6081","1","1","1","6089","6089","6089","1","1","1"
"11","489","489","489","0.8","0.8","0.8","5771","5771","5771","1","1","1","5776","5776","5776","0.8","0.8","0.8","6087","6087","6087","1","1","1","6083","6083","6083","1","1","1","6091","6091","6091","1","1","1"
"12","491","491","491","1","1","1","5773","5773","5773","0","0","0","5778","5778","5778","0","0","0","6089","6089","6089","0","0","0","6085","6085","6085","1","1","1","6093","6093","6093","0","0","0"
"13","493","493","493","1","1","1","5775","5775","5775","1","1","1","5780","5780","5780","1","1","1","6091","6091","6091","1","1","1","6087","6087","6087","1","1","1","6095","6095","6095","1","1","1"
"14","495","495","495","1","1","1","5777","5777","5777","1","1","1","5782","5782","5782","1","1","1","6093","6093","6093","1","1","1","6089","6089","6089","1","1","1","6097","6097","6097","1","1","1"
"15","497","497","497","1","1","1","5779","5779","5779","1","1","1","5784","5784","5784","0","0","0","6095","6095","6095","1","1","1","6091","6091","6091","1","1","1","6099","6099","6099","1","1","1"
"16","499","499","499","1","1","1","5781","5781","5781","1","1","1","5786","5786","5786","1","1","1","6097","6097","6097","1","1","1","6093","6093","6093","1","1","1","6101","6101","6101","1","1","1"
"17","501","501","501","1","1","1","5783","5783","5783","1","1","1","5788","5788","5788","1","1","1","6099","6099","6099","1","1","1","6095","6095","6095","1","1","1","6103","6103","6103","1","1","1"
"18","659","659","659","0","0","0","5947","5947","5947","0","0","0","5958","5958","5958","0","0","0","6261","6261","6261","0","0","0","6260","6260","6260","0","0","0","6267","6267","6267","0","0","0"
"19","661","661","661","1","1","1","5949","5949","5949","1","1","1","5960","5960","5960","1","1","1","6263","6263","6263","1","1","1","6262","6262","6262","1","1","1","6269","6269","6269","1","1","1"
"20","663","663","663","1","1","1","5951","5951","5951","1","1","1","5962","5962","5962","1","1","1","6265","6265","6265","1","1","1","6264","6264","6264","1","1","1","6271","6271","6271","1","1","1"
"21","665","665","665","1","1","1","5953","5953","5953","0","0","0","5964","5964","5964","0","0","0","6267","6267","6267","1","1","1","6266","6266","6266","0","0","0","6273","6273","6273","1","1","1"
"22","667","667","667","1","1","1","5955","5955","5955","1","1","1","5966","5966","5966","1","1","1","6269","6269","6269","1","1","1","6268","6268","6268","1","1","1","6275","6275","6275","1","1","1"
"23","669","669","669","1","1","1","5957","5957","5957","1","1","1","5968","5968","5968","1","1","1","6271","6271","6271","1","1","1","6270","6270","6270","1","1","1","6277","6277","6277","1","1","1"
"24","671","671","671","1","1","1","5959","5959","5959","0.8","0.8","0.8","5970","5970","5970","1","1","1","6273","6273","6273","1","1","1","6272","6272","6272","1","1","1","6279","6279","6279","1","1","1"
"25","673","673","673","1","1","1","5961","5961","5961","1","1","1","5972","5972","5972","1","1","1","6275","6275","6275","1","1","1","6274","6274","6274","1","1","1","6281","6281","6281","1","1","1"
"26","675","675","675","1","1","1","5963","5963","5963","1","1","1","5974","5974","5974","1","1","1","6277","6277","6277","1","1","1","6276","6276","6276","0.8","0.8","0.8","6283","6283","6283","1","1","1"
"27","823","823","823","0","0","0","6128","6128","6128","0","0","0","6142","6142","6142","0","0","0","6445","6445","6445","0","0","0","6440","6440","6440","0","0","0","6450","6450","6450","0","0","0"
"28","825","825","825","1","1","1","6130","6130","6130","1","1","1","6144","6144","6144","1","1","1","6447","6447","6447","1","1","1","6442","6442","6442","1","1","1","6452","6452","6452","1","1","1"
"29","827","827","827","1","1","1","6132","6132","6132","1","1","1","6146","6146","6146","1","1","1","6449","6449","6449","0.8","0.8","0.8","6444","6444","6444","1","1","1","6454","6454","6454","1","1","1"
"30","829","829","829","1","1","1","6134","6134","6134","1","1","1","6148","6148","6148","0","0","0","6451","6451","6451","1","1","1","6446","6446","6446","0","0","0","6456","6456","6456","1","1","1"
"31","831","831","831","1","1","1","6136","6136","6136","1","1","1","6150","6150","6150","0.8","0.8","0.8","6453","6453","6453","1","1","1","6448","6448","6448","1","1","1","6458","6458","6458","1","1","1"
"32","833","833","833","1","1","1","6138","6138","6138","1","1","1","6152","6152","6152","0.8","0.8","0.8","6455","6455","6455","0.8","0.8","0.8","6450","6450","6450","1","1","1","6460","6460","6460","1","1","1"
"33","835","835","835","1","1","1","6140","6140","6140","1","1","1","6154","6154","6154","1","1","1","6457","6457","6457","1","1","1","6452","6452","6452","1","1","1","6462","6462","6462","1","1","1"
"34","837","837","837","1","1","1","6142","6142","6142","1","1","1","6156","6156","6156","1","1","1","6459","6459","6459","1","1","1","6454","6454","6454","1","1","1","6464","6464","6464","1","1","1"
"35","839","839","839","1","1","1","6144","6144","6144","1","1","1","6158","6158","6158","1","1","1","6461","6461","6461","1","1","1","6456","6456","6456","0.8","0.8","0.8","6466","6466","6466","1","1","1"
"36","997","997","997","0","0","0","6308","6308","6308","0","0","0","6319","6319","6319","0","0","0","6627","6627","6627","0","0","0","6624","6624","6624","0","0","0","6626","6626","6626","0","0","0"
"37","999","999","999","0.8","0.8","0.8","6310","6310","6310","1","1","1","6321","6321","6321","1","1","1","6629","6629","6629","1","1","1","6626","6626","6626","1","1","1","6628","6628","6628","1","1","1"
"38","1001","1001","1001","1","1","1","6312","6312","6312","1","1","1","6323","6323","6323","0.8","0.8","0.8","6631","6631","6631","1","1","1","6628","6628","6628","1","1","1","6630","6630","6630","0.8","0.8","0.8"
"39","1003","1003","1003","1","1","1","6314","6314","6314","0","0","0","6325","6325","6325","0","0","0","6633","6633","6633","1","1","1","6630","6630","6630","0","0","0","6632","6632","6632","0","0","0"
"40","1005","1005","1005","1","1","1","6316","6316","6316","0.8","0.8","0.8","6327","6327","6327","0.8","0.8","0.8","6635","6635","6635","1","1","1","6632","6632","6632","0.8","0.8","0.8","6634","6634","6634","1","1","1"
"41","1007","1007","1007","1","1","1","6318","6318","6318","0.8","0.8","0.8","6329","6329","6329","1","1","1","6637","6637","6637","0.8","0.8","0.8","6634","6634","6634","1","1","1","6636","6636","6636","0.8","0.8","0.8"
"42","1009","1009","1009","1","1","1","6320","6320","6320","1","1","1","6331","6331","6331","1","1","1","6639","6639","6639","1","1","1","6636","6636","6636","1","1","1","6638","6638","6638","1","1","1"
"43","1011","1011","1011","1","1","1","6322","6322","6322","1","1","1","6333","6333","6333","1","1","1","6641","6641","6641","1","1","1","6638","6638","6638","1","1","1","6640","6640","6640","1","1","1"
"44","1013","1013","1013","1","1","1","6324","6324","6324","1","1","1","6335","6335","6335","1","1","1","6643","6643","6643","1","1","1","6640","6640","6640","1","1","1","6642","6642","6642","0.9","0.9","0.9"
"45","1159","1159","1159","0","0","0","6486","6486","6486","0","0","0","6495","6495","6495","0","0","0","6808","6808","6808","0","0","0","6805","6805","6805","0","0","0","6802","6802","6802","0","0","0"
"46","1161","1161","1161","0.8","0.8","0.8","6488","6488","6488","1","1","1","6497","6497","6497","1","1","1","6810","6810","6810","1","1","1","6807","6807","6807","1","1","1","6804","6804","6804","1","1","1"
"47","1163","1163","1163","1","1","1","6490","6490","6490","1","1","1","6499","6499","6499","1","1","1","6812","6812","6812","1","1","1","6809","6809","6809","1","1","1","6806","6806","6806","1","1","1"
"48","1165","1165","1165","1","1","1","6492","6492","6492","1","1","1","6501","6501","6501","1","1","1","6814","6814","6814","1","1","1","6811","6811","6811","0","0","0","6808","6808","6808","1","1","1"
"49","1167","1167","1167","1","1","1","6494","6494","6494","1","1","1","6503","6503","6503","0.8","0.8","0.8","6816","6816","6816","0.8","0.8","0.8","6813","6813","6813","1","1","1","6810","6810","6810","1","1","1"
"50","1169","1169","1169","1","1","1","6496","6496","6496","1","1","1","6505","6505","6505","1","1","1","6818","6818","6818","1","1","1","6815","6815","6815","1","1","1","6812","6812","6812","0.8","0.8","0.8"
"51","1171","1171","1171","1","1","1","6498","6498","6498","1","1","1","6507","6507","6507","1","1","1","6820","6820","6820","1","1","1","6817","6817","6817","1","1","1","6814","6814","6814","1","1","1"
"52","1173","1173","1173","1","1","1","6500","6500","6500","1","1","1","6509","6509","6509","1","1","1","6822","6822","6822","1","1","1","6819","6819","6819","1","1","1","6816","6816","6816","1","1","1"
"53","1175","1175","1175","1","1","1","6502","6502","6502","1","1","1","6511","6511","6511","1","1","1","6824","6824","6824","1","1","1","6821","6821","6821","1","1","1","6818","6818","6818","1","1","1"
"54","1339","1339","1339","0","0","0","6665","6665","6665","1","1","1","6672","6672","6672","0","0","0","6988","6988","6988","0","0","0","6994","6994","6994","0","0","0","6985","6985","6985","0","0","0"
"55","1341","1341","1341","0.8","0.8","0.8","6667","6667","6667","1","1","1","6674","6674","6674","1","1","1","6990","6990","6990","1","1","1","6996","6996","6996","1","1","1","6987","6987","6987","1","1","1"
"56","1343","1343","1343","0.8","0.8","0.8","6669","6669","6669","1","1","1","6676","6676","6676","1","1","1","6992","6992","6992","1","1","1","6998","6998","6998","1","1","1","6989","6989","6989","1","1","1"
"57","1345","1345","1345","1","1","1","6671","6671","6671","1","1","1","6678","6678","6678","0","0","0","6994","6994","6994","0","0","0","7000","7000","7000","1","1","1","6991","6991","6991","1","1","1"
"58","1347","1347","1347","1","1","1","6673","6673","6673","0.8","0.8","0.8","6680","6680","6680","1","1","1","6996","6996","6996","1","1","1","7002","7002","7002","0.8","0.8","0.8","6993","6993","6993","1","1","1"
"59","1349","1349","1349","1","1","1","6675","6675","6675","0.8","0.8","0.8","6682","6682","6682","1","1","1","6998","6998","6998","1","1","1","7004","7004","7004","1","1","1","6995","6995","6995","0.8","0.8","0.8"
"60","1351","1351","1351","1","1","1","6677","6677","6677","1","1","1","6684","6684","6684","1","1","1","7000","7000","7000","1","1","1","7006","7006","7006","1","1","1","6997","6997","6997","1","1","1"
"61","1353","1353","1353","1","1","1","6679","6679","6679","1","1","1","6686","6686","6686","1","1","1","7002","7002","7002","1","1","1","7008","7008","7008","1","1","1","6999","6999","6999","1","1","1"
"62","1355","1355","1355","1","1","1","6681","6681","6681","1","1","1","6688","6688","6688","1","1","1","7004","7004","7004","1","1","1","7010","7010","7010","1","1","1","7001","7001","7001","1","1","1"
"63","1517","1517","1517","0.8","0.8","0.8","6837","6837","6837","1","1","1","6866","6866","6866","0","0","0","7170","7170","7170","0","0","0","7170","7170","7170","1","1","1","7169","7169","7169","0","0","0"
"64","1519","1519","1519","1","1","1","6839","6839","6839","1","1","1","6868","6868","6868","1","1","1","7172","7172","7172","1","1","1","7172","7172","7172","1","1","1","7171","7171","7171","1","1","1"
"65","1521","1521","1521","1","1","1","6841","6841","6841","1","1","1","6870","6870","6870","1","1","1","7174","7174","7174","1","1","1","7174","7174","7174","1","1","1","7173","7173","7173","1","1","1"
"66","1523","1523","1523","1","1","1","6843","6843","6843","1","1","1","6872","6872","6872","0","0","0","7176","7176","7176","1","1","1","7176","7176","7176","1","1","1","7175","7175","7175","1","1","1"
"67","1525","1525","1525","1","1","1","6845","6845","6845","1","1","1","6874","6874","6874","1","1","1","7178","7178","7178","1","1","1","7178","7178","7178","1","1","1","7177","7177","7177","0.8","0.8","0.8"
"68","1527","1527","1527","1","1","1","6847","6847","6847","0.8","0.8","0.8","6876","6876","6876","1","1","1","7180","7180","7180","1","1","1","7180","7180","7180","1","1","1","7179","7179","7179","0.8","0.8","0.8"
"69","1529","1529","1529","1","1","1","6849","6849","6849","1","1","1","6878","6878","6878","0","0","0","7182","7182","7182","1","1","1","7182","7182","7182","1","1","1","7181","7181","7181","1","1","1"
"70","1531","1531","1531","1","1","1","6851","6851","6851","1","1","1","6880","6880","6880","1","1","1","7184","7184","7184","1","1","1","7184","7184","7184","1","1","1","7183","7183","7183","1","1","1"
"71","1533","1533","1533","1","1","1","6853","6853","6853","1","1","1","6882","6882","6882","1","1","1","7186","7186","7186","1","1","1","7186","7186","7186","1","1","1","7185","7185","7185","1","1","1"
"72","1679","1679","1679","0.8","0.8","0.8","7015","7015","7015","1","1","1","7040","7040","7040","1","1","1","7353","7353","7353","1","1","1","7351","7351","7351","0","0","0","7350","7350","7350","0","0","0"
"73","1681","1681","1681","1","1","1","7017","7017","7017","1","1","1","7042","7042","7042","1","1","1","7355","7355","7355","1","1","1","7353","7353","7353","1","1","1","7352","7352","7352","1","1","1"
"74","1683","1683","1683","1","1","1","7019","7019","7019","1","1","1","7044","7044","7044","1","1","1","7357","7357","7357","1","1","1","7355","7355","7355","1","1","1","7354","7354","7354","1","1","1"
"75","1685","1685","1685","1","1","1","7021","7021","7021","1","1","1","7046","7046","7046","1","1","1","7359","7359","7359","1","1","1","7357","7357","7357","1","1","1","7356","7356","7356","0","0","0"
"76","1687","1687","1687","1","1","1","7023","7023","7023","1","1","1","7048","7048","7048","0.8","0.8","0.8","7361","7361","7361","1","1","1","7359","7359","7359","0.8","0.8","0.8","7358","7358","7358","1","1","1"
"77","1689","1689","1689","1","1","1","7025","7025","7025","1","1","1","7050","7050","7050","1","1","1","7363","7363","7363","1","1","1","7361","7361","7361","1","1","1","7360","7360","7360","1","1","1"
"78","1691","1691","1691","1","1","1","7027","7027","7027","1","1","1","7052","7052","7052","1","1","1","7365","7365","7365","1","1","1","7363","7363","7363","1","1","1","7362","7362","7362","1","1","1"
"79","1693","1693","1693","1","1","1","7029","7029","7029","1","1","1","7054","7054","7054","1","1","1","7367","7367","7367","1","1","1","7365","7365","7365","1","1","1","7364","7364","7364","1","1","1"
"80","1695","1695","1695","1","1","1","7031","7031","7031","1","1","1","7056","7056","7056","1","1","1","7369","7369","7369","1","1","1","7367","7367","7367","1","1","1","7366","7366","7366","1","1","1"
"81","1851","1851","1851","1","1","1","7189","7189","7189","1","1","1","7218","7218","7218","1","1","1","7528","7528","7528","1","1","1","7525","7525","7525","1","1","1","7532","7532","7532","0","0","0"
"82","1853","1853","1853","1","1","1","7191","7191","7191","1","1","1","7220","7220","7220","1","1","1","7530","7530","7530","1","1","1","7527","7527","7527","0.8","0.8","0.8","7534","7534","7534","1","1","1"
"83","1855","1855","1855","1","1","1","7193","7193","7193","1","1","1","7222","7222","7222","1","1","1","7532","7532","7532","1","1","1","7529","7529","7529","0.8","0.8","0.8","7536","7536","7536","0.8","0.8","0.8"
"84","1857","1857","1857","1","1","1","7195","7195","7195","1","1","1","7224","7224","7224","1","1","1","7534","7534","7534","1","1","1","7531","7531","7531","1","1","1","7538","7538","7538","1","1","1"
"85","1859","1859","1859","1","1","1","7197","7197","7197","1","1","1","7226","7226","7226","0.8","0.8","0.8","7536","7536","7536","1","1","1","7533","7533","7533","1","1","1","7540","7540","7540","0.8","0.8","0.8"
"86","1861","1861","1861","1","1","1","7199","7199","7199","1","1","1","7228","7228","7228","1","1","1","7538","7538","7538","1","1","1","7535","7535","7535","1","1","1","7542","7542","7542","1","1","1"
"87","1863","1863","1863","1","1","1","7201","7201","7201","1","1","1","7230","7230","7230","1","1","1","7540","7540","7540","1","1","1","7537","7537","7537","1","1","1","7544","7544","7544","1","1","1"
"88","1865","1865","1865","1","1","1","7203","7203","7203","1","1","1","7232","7232","7232","1","1","1","7542","7542","7542","1","1","1","7539","7539","7539","1","1","1","7546","7546","7546","1","1","1"
"89","1867","1867","1867","1","1","1","7205","7205","7205","1","1","1","7234","7234","7234","1","1","1","7544","7544","7544","1","1","1","7541","7541","7541","1","1","1","7548","7548","7548","1","1","1"
"90","2010","2010","2010","1","1","1","7364","7364","7364","1","1","1","7392","7392","7392","1","1","1","7707","7707","7707","1","1","1","7699","7699","7699","1","1","1","7713","7713","7713","0","0","0"
"91","2012","2012","2012","1","1","1","7366","7366","7366","1","1","1","7394","7394","7394","1","1","1","7709","7709","7709","1","1","1","7701","7701","7701","1","1","1","7715","7715","7715","1","1","1"
"92","2014","2014","2014","1","1","1","7368","7368","7368","1","1","1","7396","7396","7396","1","1","1","7711","7711","7711","1","1","1","7703","7703","7703","1","1","1","7717","7717","7717","1","1","1"
"93","2016","2016","2016","1","1","1","7370","7370","7370","1","1","1","7398","7398","7398","1","1","1","7713","7713","7713","1","1","1","7705","7705","7705","1","1","1","7719","7719","7719","0","0","0"
"94","2018","2018","2018","1","1","1","7372","7372","7372","1","1","1","7400","7400","7400","1","1","1","7715","7715","7715","1","1","1","7707","7707","7707","1","1","1","7721","7721","7721","1","1","1"
"95","2020","2020","2020","1","1","1","7374","7374","7374","1","1","1","7402","7402","7402","1","1","1","7717","7717","7717","1","1","1","7709","7709","7709","0.8","0.8","0.8","7723","7723","7723","1","1","1"
"96","2022","2022","2022","1","1","1","7376","7376","7376","1","1","1","7404","7404","7404","1","1","1","7719","7719","7719","1","1","1","7711","7711","7711","1","1","1","7725","7725","7725","1","1","1"
"97","2024","2024","2024","1","1","1","7378","7378","7378","1","1","1","7406","7406","7406","1","1","1","7721","7721","7721","1","1","1","7713","7713","7713","1","1","1","7727","7727","7727","1","1","1"
"98","2026","2026","2026","1","1","1","7380","7380","7380","1","1","1","7408","7408","7408","1","1","1","7723","7723","7723","1","1","1","7715","7715","7715","1","1","1","7729","7729","7729","1","1","1"
"99","2181","2181","2181","0","0","0","7537","7537","7537","1","1","1","7571","7571","7571","1","1","1","7884","7884","7884","1","1","1","7873","7873","7873","1","1","1","7891","7891","7891","1","1","1"
"100","2183","2183","2183","1","1","1","7539","7539","7539","1","1","1","7573","7573","7573","1","1","1","7886","7886","7886","1","1","1","7875","7875","7875","1","1","1","7893","7893","7893","1","1","1"
"101","2185","2185","2185","1","1","1","7541","7541","7541","1","1","1","7575","7575","7575","1","1","1","7888","7888","7888","1","1","1","7877","7877","7877","1","1","1","7895","7895","7895","1","1","1"
"102","2187","2187","2187","1","1","1","7543","7543","7543","1","1","1","7577","7577","7577","1","1","1","7890","7890","7890","1","1","1","7879","7879","7879","1","1","1","7897","7897","7897","1","1","1"
"103","2189","2189","2189","1","1","1","7545","7545","7545","1","1","1","7579","7579","7579","1","1","1","7892","7892","7892","1","1","1","7881","7881","7881","1","1","1","7899","7899","7899","0.8","0.8","0.8"
"104","2191","2191","2191","0.8","0.8","0.8","7547","7547","7547","1","1","1","7581","7581","7581","1","1","1","7894","7894","7894","1","1","1","7883","7883","7883","1","1","1","7901","7901","7901","1","1","1"
"105","2193","2193","2193","1","1","1","7549","7549","7549","1","1","1","7583","7583","7583","1","1","1","7896","7896","7896","1","1","1","7885","7885","7885","1","1","1","7903","7903","7903","1","1","1"
"106","2195","2195","2195","1","1","1","7551","7551","7551","1","1","1","7585","7585","7585","0.8","0.8","0.8","7898","7898","7898","1","1","1","7887","7887","7887","1","1","1","7905","7905","7905","1","1","1"
"107","2197","2197","2197","1","1","1","7553","7553","7553","1","1","1","7587","7587","7587","1","1","1","7900","7900","7900","1","1","1","7889","7889","7889","1","1","1","7907","7907","7907","1","1","1"
"108","2351","2351","2351","0","0","0","7711","7711","7711","1","1","1","7747","7747","7747","1","1","1","8061","8061","8061","1","1","1","8050","8050","8050","0.8","0.8","0.8","8073","8073","8073","0","0","0"
"109","2353","2353","2353","1","1","1","7713","7713","7713","1","1","1","7749","7749","7749","1","1","1","8063","8063","8063","1","1","1","8052","8052","8052","1","1","1","8075","8075","8075","1","1","1"
"110","2355","2355","2355","0.8","0.8","0.8","7715","7715","7715","1","1","1","7751","7751","7751","1","1","1","8065","8065","8065","1","1","1","8054","8054","8054","1","1","1","8077","8077","8077","1","1","1"
"111","2357","2357","2357","1","1","1","7717","7717","7717","1","1","1","7753","7753","7753","1","1","1","8067","8067","8067","1","1","1","8056","8056","8056","1","1","1","8079","8079","8079","1","1","1"
"112","2359","2359","2359","1","1","1","7719","7719","7719","1","1","1","7755","7755","7755","1","1","1","8069","8069","8069","0.8","0.8","0.8","8058","8058","8058","1","1","1","8081","8081","8081","1","1","1"
"113","2361","2361","2361","1","1","1","7721","7721","7721","1","1","1","7757","7757","7757","0.8","0.8","0.8","8071","8071","8071","1","1","1","8060","8060","8060","1","1","1","8083","8083","8083","1","1","1"
"114","2363","2363","2363","1","1","1","7723","7723","7723","1","1","1","7759","7759","7759","1","1","1","8073","8073","8073","1","1","1","8062","8062","8062","1","1","1","8085","8085","8085","1","1","1"
"115","2365","2365","2365","1","1","1","7725","7725","7725","1","1","1","7761","7761","7761","1","1","1","8075","8075","8075","1","1","1","8064","8064","8064","1","1","1","8087","8087","8087","1","1","1"
"116","2367","2367","2367","1","1","1","7727","7727","7727","1","1","1","7763","7763","7763","1","1","1","8077","8077","8077","1","1","1","8066","8066","8066","1","1","1","8089","8089","8089","1","1","1"
"117","2535","2535","2535","0","0","0","7890","7890","7890","0.8","0.8","0.8","7919","7919","7919","1","1","1","8242","8242","8242","0.8","0.8","0.8","8224","8224","8224","1","1","1","8251","8251","8251","1","1","1"
"118","2537","2537","2537","0.8","0.8","0.8","7892","7892","7892","1","1","1","7921","7921","7921","1","1","1","8244","8244","8244","1","1","1","8226","8226","8226","1","1","1","8253","8253","8253","1","1","1"
"119","2539","2539","2539","0.8","0.8","0.8","7894","7894","7894","1","1","1","7923","7923","7923","1","1","1","8246","8246","8246","1","1","1","8228","8228","8228","1","1","1","8255","8255","8255","0.8","0.8","0.8"
"120","2541","2541","2541","1","1","1","7896","7896","7896","1","1","1","7925","7925","7925","1","1","1","8248","8248","8248","0","0","0","8230","8230","8230","1","1","1","8257","8257","8257","1","1","1"
"121","2543","2543","2543","1","1","1","7898","7898","7898","1","1","1","7927","7927","7927","1","1","1","8250","8250","8250","1","1","1","8232","8232","8232","1","1","1","8259","8259","8259","1","1","1"
"122","2545","2545","2545","1","1","1","7900","7900","7900","1","1","1","7929","7929","7929","1","1","1","8252","8252","8252","1","1","1","8234","8234","8234","1","1","1","8261","8261","8261","1","1","1"
"123","2547","2547","2547","1","1","1","7902","7902","7902","1","1","1","7931","7931","7931","1","1","1","8254","8254","8254","0","0","0","8236","8236","8236","1","1","1","8263","8263","8263","1","1","1"
"124","2549","2549","2549","1","1","1","7904","7904","7904","1","1","1","7933","7933","7933","1","1","1","8256","8256","8256","1","1","1","8238","8238","8238","1","1","1","8265","8265","8265","1","1","1"
"125","2551","2551","2551","1","1","1","7906","7906","7906","1","1","1","7935","7935","7935","0.8","0.8","0.8","8258","8258","8258","1","1","1","8240","8240","8240","1","1","1","8267","8267","8267","1","1","1"
"126","2717","2717","2717","0","0","0","8068","8068","8068","1","1","1","8092","8092","8092","1","1","1","8422","8422","8422","1","1","1","8402","8402","8402","1","1","1","8425","8425","8425","1","1","1"
"127","2719","2719","2719","0.8","0.8","0.8","8070","8070","8070","1","1","1","8094","8094","8094","1","1","1","8424","8424","8424","1","1","1","8404","8404","8404","1","1","1","8427","8427","8427","1","1","1"
"128","2721","2721","2721","0.8","0.8","0.8","8072","8072","8072","1","1","1","8096","8096","8096","1","1","1","8426","8426","8426","1","1","1","8406","8406","8406","1","1","1","8429","8429","8429","1","1","1"
"129","2723","2723","2723","1","1","1","8074","8074","8074","1","1","1","8098","8098","8098","1","1","1","8428","8428","8428","1","1","1","8408","8408","8408","1","1","1","8431","8431","8431","1","1","1"
"130","2725","2725","2725","1","1","1","8076","8076","8076","0.8","0.8","0.8","8100","8100","8100","1","1","1","8430","8430","8430","1","1","1","8410","8410","8410","1","1","1","8433","8433","8433","1","1","1"
"131","2727","2727","2727","1","1","1","8078","8078","8078","0.8","0.8","0.8","8102","8102","8102","0.8","0.8","0.8","8432","8432","8432","0.8","0.8","0.8","8412","8412","8412","1","1","1","8435","8435","8435","1","1","1"
"132","2729","2729","2729","1","1","1","8080","8080","8080","1","1","1","8104","8104","8104","1","1","1","8434","8434","8434","1","1","1","8414","8414","8414","1","1","1","8437","8437","8437","1","1","1"
"133","2731","2731","2731","1","1","1","8082","8082","8082","1","1","1","8106","8106","8106","1","1","1","8436","8436","8436","1","1","1","8416","8416","8416","1","1","1","8439","8439","8439","1","1","1"
"134","2733","2733","2733","1","1","1","8084","8084","8084","1","1","1","8108","8108","8108","1","1","1","8438","8438","8438","1","1","1","8418","8418","8418","1","1","1","8441","8441","8441","1","1","1"
"135","2891","2891","2891","0","0","0","8245","8245","8245","0.8","0.8","0.8","8270","8270","8270","1","1","1","8603","8603","8603","1","1","1","8579","8579","8579","0","0","0","8603","8603","8603","1","1","1"
"136","2893","2893","2893","0.8","0.8","0.8","8247","8247","8247","1","1","1","8272","8272","8272","1","1","1","8605","8605","8605","1","1","1","8581","8581","8581","1","1","1","8605","8605","8605","1","1","1"
"137","2895","2895","2895","0.8","0.8","0.8","8249","8249","8249","1","1","1","8274","8274","8274","1","1","1","8607","8607","8607","0.8","0.8","0.8","8583","8583","8583","1","1","1","8607","8607","8607","1","1","1"
"138","2897","2897","2897","1","1","1","8251","8251","8251","1","1","1","8276","8276","8276","1","1","1","8609","8609","8609","1","1","1","8585","8585","8585","1","1","1","8609","8609","8609","1","1","1"
"139","2899","2899","2899","1","1","1","8253","8253","8253","1","1","1","8278","8278","8278","1","1","1","8611","8611","8611","1","1","1","8587","8587","8587","1","1","1","8611","8611","8611","0.8","0.8","0.8"
"140","2901","2901","2901","1","1","1","8255","8255","8255","0.8","0.8","0.8","8280","8280","8280","0.8","0.8","0.8","8613","8613","8613","1","1","1","8589","8589","8589","1","1","1","8613","8613","8613","0.8","0.8","0.8"
"141","2903","2903","2903","1","1","1","8257","8257","8257","1","1","1","8282","8282","8282","1","1","1","8615","8615","8615","1","1","1","8591","8591","8591","1","1","1","8615","8615","8615","1","1","1"
"142","2905","2905","2905","1","1","1","8259","8259","8259","1","1","1","8284","8284","8284","1","1","1","8617","8617","8617","1","1","1","8593","8593","8593","1","1","1","8617","8617","8617","1","1","1"
"143","2907","2907","2907","1","1","1","8261","8261","8261","1","1","1","8286","8286","8286","1","1","1","8619","8619","8619","1","1","1","8595","8595","8595","1","1","1","8619","8619","8619","1","1","1"
"144","3073","3073","3073","0","0","0","8423","8423","8423","1","1","1","8445","8445","8445","1","1","1","8783","8783","8783","0.8","0.8","0.8","8759","8759","8759","0.8","0.8","0.8","8781","8781","8781","0.8","0.8","0.8"
"145","3075","3075","3075","0.8","0.8","0.8","8425","8425","8425","1","1","1","8447","8447","8447","1","1","1","8785","8785","8785","1","1","1","8761","8761","8761","1","1","1","8783","8783","8783","1","1","1"
"146","3077","3077","3077","0.8","0.8","0.8","8427","8427","8427","1","1","1","8449","8449","8449","1","1","1","8787","8787","8787","0.8","0.8","0.8","8763","8763","8763","1","1","1","8785","8785","8785","1","1","1"
"147","3079","3079","3079","1","1","1","8429","8429","8429","1","1","1","8451","8451","8451","1","1","1","8789","8789","8789","0.8","0.8","0.8","8765","8765","8765","0.8","0.8","0.8","8787","8787","8787","1","1","1"
"148","3081","3081","3081","1","1","1","8431","8431","8431","1","1","1","8453","8453","8453","1","1","1","8791","8791","8791","1","1","1","8767","8767","8767","1","1","1","8789","8789","8789","1","1","1"
"149","3083","3083","3083","1","1","1","8433","8433","8433","0.8","0.8","0.8","8455","8455","8455","1","1","1","8793","8793","8793","1","1","1","8769","8769","8769","1","1","1","8791","8791","8791","1","1","1"
"150","3085","3085","3085","1","1","1","8435","8435","8435","1","1","1","8457","8457","8457","1","1","1","8795","8795","8795","1","1","1","8771","8771","8771","1","1","1","8793","8793","8793","1","1","1"
"151","3087","3087","3087","1","1","1","8437","8437","8437","1","1","1","8459","8459","8459","1","1","1","8797","8797","8797","1","1","1","8773","8773","8773","1","1","1","8795","8795","8795","1","1","1"
"152","3089","3089","3089","1","1","1","8439","8439","8439","1","1","1","8461","8461","8461","1","1","1","8799","8799","8799","1","1","1","8775","8775","8775","1","1","1","8797","8797","8797","1","1","1"
"153","3243","3243","3243","0","0","0","8598","8598","8598","0.8","0.8","0.8","8624","8624","8624","1","1","1","8963","8963","8963","1","1","1","8939","8939","8939","1","1","1","8959","8959","8959","0.8","0.8","0.8"
"154","3245","3245","3245","0.8","0.8","0.8","8600","8600","8600","1","1","1","8626","8626","8626","1","1","1","8965","8965","8965","1","1","1","8941","8941","8941","1","1","1","8961","8961","8961","1","1","1"
"155","3247","3247","3247","0.8","0.8","0.8","8602","8602","8602","1","1","1","8628","8628","8628","1","1","1","8967","8967","8967","1","1","1","8943","8943","8943","1","1","1","8963","8963","8963","1","1","1"
"156","3249","3249","3249","1","1","1","8604","8604","8604","1","1","1","8630","8630","8630","1","1","1","8969","8969","8969","1","1","1","8945","8945","8945","1","1","1","8965","8965","8965","1","1","1"
"157","3251","3251","3251","1","1","1","8606","8606","8606","1","1","1","8632","8632","8632","0.8","0.8","0.8","8971","8971","8971","1","1","1","8947","8947","8947","1","1","1","8967","8967","8967","1","1","1"
"158","3253","3253","3253","1","1","1","8608","8608","8608","1","1","1","8634","8634","8634","1","1","1","8973","8973","8973","1","1","1","8949","8949","8949","1","1","1","8969","8969","8969","0.8","0.8","0.8"
"159","3255","3255","3255","1","1","1","8610","8610","8610","1","1","1","8636","8636","8636","1","1","1","8975","8975","8975","1","1","1","8951","8951","8951","1","1","1","8971","8971","8971","1","1","1"
"160","3257","3257","3257","1","1","1","8612","8612","8612","1","1","1","8638","8638","8638","1","1","1","8977","8977","8977","1","1","1","8953","8953","8953","1","1","1","8973","8973","8973","1","1","1"
"161","3259","3259","3259","1","1","1","8614","8614","8614","1","1","1","8640","8640","8640","1","1","1","8979","8979","8979","1","1","1","8955","8955","8955","1","1","1","8975","8975","8975","1","1","1"
"162","3425","3425","3425","0","0","0","8770","8770","8770","1","1","1","8801","8801","8801","1","1","1","9139","9139","9139","0.8","0.8","0.8","9113","9113","9113","0.8","0.8","0.8","9140","9140","9140","0.8","0.8","0.8"
"163","3427","3427","3427","0.8","0.8","0.8","8772","8772","8772","0.8","0.8","0.8","8803","8803","8803","1","1","1","9141","9141","9141","1","1","1","9115","9115","9115","1","1","1","9142","9142","9142","1","1","1"
"164","3429","3429","3429","0.8","0.8","0.8","8774","8774","8774","1","1","1","8805","8805","8805","1","1","1","9143","9143","9143","1","1","1","9117","9117","9117","1","1","1","9144","9144","9144","1","1","1"
"165","3431","3431","3431","1","1","1","8776","8776","8776","1","1","1","8807","8807","8807","1","1","1","9145","9145","9145","1","1","1","9119","9119","9119","1","1","1","9146","9146","9146","1","1","1"
"166","3433","3433","3433","1","1","1","8778","8778","8778","1","1","1","8809","8809","8809","1","1","1","9147","9147","9147","1","1","1","9121","9121","9121","1","1","1","9148","9148","9148","1","1","1"
"167","3435","3435","3435","1","1","1","8780","8780","8780","1","1","1","8811","8811","8811","1","1","1","9149","9149","9149","1","1","1","9123","9123","9123","1","1","1","9150","9150","9150","1","1","1"
"168","3437","3437","3437","1","1","1","8782","8782","8782","1","1","1","8813","8813","8813","1","1","1","9151","9151","9151","1","1","1","9125","9125","9125","1","1","1","9152","9152","9152","1","1","1"
"169","3439","3439","3439","1","1","1","8784","8784","8784","1","1","1","8815","8815","8815","1","1","1","9153","9153","9153","1","1","1","9127","9127","9127","1","1","1","9154","9154","9154","1","1","1"
"170","3441","3441","3441","1","1","1","8786","8786","8786","1","1","1","8817","8817","8817","1","1","1","9155","9155","9155","1","1","1","9129","9129","9129","1","1","1","9156","9156","9156","1","1","1"
"171","3599","3599","3599","0","0","0","8943","8943","8943","0.8","0.8","0.8","8978","8978","8978","0.8","0.8","0.8","9315","9315","9315","1","1","1","9293","9293","9293","0.8","0.8","0.8","9320","9320","9320","0.8","0.8","0.8"
"172","3601","3601","3601","0.8","0.8","0.8","8945","8945","8945","1","1","1","8980","8980","8980","1","1","1","9317","9317","9317","1","1","1","9295","9295","9295","1","1","1","9322","9322","9322","1","1","1"
"173","3603","3603","3603","0.8","0.8","0.8","8947","8947","8947","1","1","1","8982","8982","8982","1","1","1","9319","9319","9319","1","1","1","9297","9297","9297","0.8","0.8","0.8","9324","9324","9324","1","1","1"
"174","3605","3605","3605","1","1","1","8949","8949","8949","1","1","1","8984","8984","8984","1","1","1","9321","9321","9321","0.8","0.8","0.8","9299","9299","9299","0.8","0.8","0.8","9326","9326","9326","1","1","1"
"175","3607","3607","3607","1","1","1","8951","8951","8951","1","1","1","8986","8986","8986","1","1","1","9323","9323","9323","1","1","1","9301","9301","9301","1","1","1","9328","9328","9328","1","1","1"
"176","3609","3609","3609","1","1","1","8953","8953","8953","1","1","1","8988","8988","8988","1","1","1","9325","9325","9325","1","1","1","9303","9303","9303","1","1","1","9330","9330","9330","1","1","1"
"177","3611","3611","3611","1","1","1","8955","8955","8955","1","1","1","8990","8990","8990","1","1","1","9327","9327","9327","1","1","1","9305","9305","9305","1","1","1","9332","9332","9332","1","1","1"
"178","3613","3613","3613","1","1","1","8957","8957","8957","1","1","1","8992","8992","8992","1","1","1","9329","9329","9329","1","1","1","9307","9307","9307","1","1","1","9334","9334","9334","1","1","1"
"179","3615","3615","3615","1","1","1","8959","8959","8959","1","1","1","8994","8994","8994","1","1","1","9331","9331","9331","1","1","1","9309","9309","9309","1","1","1","9336","9336","9336","1","1","1"
"180","3777","3777","3777","0","0","0","9117","9117","9117","0.8","0.8","0.8","9167","9167","9167","0.8","0.8","0.8","9490","9490","9490","1","1","1","9472","9472","9472","0.8","0.8","0.8","9498","9498","9498","0.8","0.8","0.8"
"181","3779","3779","3779","0.8","0.8","0.8","9119","9119","9119","1","1","1","9169","9169","9169","1","1","1","9492","9492","9492","1","1","1","9474","9474","9474","1","1","1","9500","9500","9500","1","1","1"
"182","3781","3781","3781","0.8","0.8","0.8","9121","9121","9121","1","1","1","9171","9171","9171","1","1","1","9494","9494","9494","1","1","1","9476","9476","9476","1","1","1","9502","9502","9502","1","1","1"
"183","3783","3783","3783","1","1","1","9123","9123","9123","1","1","1","9173","9173","9173","0.8","0.8","0.8","9496","9496","9496","1","1","1","9478","9478","9478","1","1","1","9504","9504","9504","1","1","1"
"184","3785","3785","3785","1","1","1","9125","9125","9125","1","1","1","9175","9175","9175","1","1","1","9498","9498","9498","0.8","0.8","0.8","9480","9480","9480","1","1","1","9506","9506","9506","0.8","0.8","0.8"
"185","3787","3787","3787","1","1","1","9127","9127","9127","1","1","1","9177","9177","9177","0.8","0.8","0.8","9500","9500","9500","1","1","1","9482","9482","9482","1","1","1","9508","9508","9508","1","1","1"
"186","3789","3789","3789","1","1","1","9129","9129","9129","1","1","1","9179","9179","9179","1","1","1","9502","9502","9502","1","1","1","9484","9484","9484","1","1","1","9510","9510","9510","0.8","0.8","0.8"
"187","3791","3791","3791","1","1","1","9131","9131","9131","1","1","1","9181","9181","9181","1","1","1","9504","9504","9504","1","1","1","9486","9486","9486","1","1","1","9512","9512","9512","1","1","1"
"188","3793","3793","3793","1","1","1","9133","9133","9133","1","1","1","9183","9183","9183","1","1","1","9506","9506","9506","1","1","1","9488","9488","9488","1","1","1","9514","9514","9514","1","1","1"
"189","3959","3959","3959","0","0","0","9300","9300","9300","0.8","0.8","0.8","9343","9343","9343","0.8","0.8","0.8","9666","9666","9666","0.8","0.8","0.8","9646","9646","9646","1","1","1","9685","9685","9685","0.8","0.8","0.8"
"190","3961","3961","3961","0.8","0.8","0.8","9302","9302","9302","1","1","1","9345","9345","9345","1","1","1","9668","9668","9668","1","1","1","9648","9648","9648","1","1","1","9687","9687","9687","1","1","1"
"191","3963","3963","3963","0.8","0.8","0.8","9304","9304","9304","1","1","1","9347","9347","9347","1","1","1","9670","9670","9670","1","1","1","9650","9650","9650","1","1","1","9689","9689","9689","1","1","1"
"192","3965","3965","3965","1","1","1","9306","9306","9306","1","1","1","9349","9349","9349","1","1","1","9672","9672","9672","1","1","1","9652","9652","9652","1","1","1","9691","9691","9691","1","1","1"
"193","3967","3967","3967","1","1","1","9308","9308","9308","1","1","1","9351","9351","9351","1","1","1","9674","9674","9674","1","1","1","9654","9654","9654","1","1","1","9693","9693","9693","1","1","1"
"194","3969","3969","3969","1","1","1","9310","9310","9310","1","1","1","9353","9353","9353","1","1","1","9676","9676","9676","1","1","1","9656","9656","9656","1","1","1","9695","9695","9695","1","1","1"
"195","3971","3971","3971","1","1","1","9312","9312","9312","1","1","1","9355","9355","9355","1","1","1","9678","9678","9678","1","1","1","9658","9658","9658","1","1","1","9697","9697","9697","1","1","1"
"196","3973","3973","3973","1","1","1","9314","9314","9314","1","1","1","9357","9357","9357","1","1","1","9680","9680","9680","1","1","1","9660","9660","9660","1","1","1","9699","9699","9699","1","1","1"
"197","3975","3975","3975","1","1","1","9316","9316","9316","1","1","1","9359","9359","9359","1","1","1","9682","9682","9682","0.9","0.9","0.9","9662","9662","9662","1","1","1","9701","9701","9701","1","1","1"
"198","4131","4131","4131","0","0","0","9476","9476","9476","1","1","1","9520","9520","9520","0.8","0.8","0.8","9843","9843","9843","1","1","1","9822","9822","9822","0.8","0.8","0.8","9863","9863","9863","1","1","1"
"199","4133","4133","4133","0.8","0.8","0.8","9478","9478","9478","1","1","1","9522","9522","9522","1","1","1","9845","9845","9845","1","1","1","9824","9824","9824","1","1","1","9865","9865","9865","1","1","1"
"200","4135","4135","4135","0.8","0.8","0.8","9480","9480","9480","0.8","0.8","0.8","9524","9524","9524","1","1","1","9847","9847","9847","1","1","1","9826","9826","9826","1","1","1","9867","9867","9867","1","1","1"
"201","4137","4137","4137","1","1","1","9482","9482","9482","1","1","1","9526","9526","9526","1","1","1","9849","9849","9849","1","1","1","9828","9828","9828","1","1","1","9869","9869","9869","1","1","1"
"202","4139","4139","4139","1","1","1","9484","9484","9484","1","1","1","9528","9528","9528","1","1","1","9851","9851","9851","1","1","1","9830","9830","9830","1","1","1","9871","9871","9871","1","1","1"
"203","4141","4141","4141","1","1","1","9486","9486","9486","1","1","1","9530","9530","9530","1","1","1","9853","9853","9853","1","1","1","9832","9832","9832","1","1","1","9873","9873","9873","1","1","1"
"204","4143","4143","4143","1","1","1","9488","9488","9488","1","1","1","9532","9532","9532","1","1","1","9855","9855","9855","1","1","1","9834","9834","9834","1","1","1","9875","9875","9875","1","1","1"
"205","4145","4145","4145","1","1","1","9490","9490","9490","1","1","1","9534","9534","9534","1","1","1","9857","9857","9857","1","1","1","9836","9836","9836","0.8","0.8","0.8","9877","9877","9877","1","1","1"
"206","4147","4147","4147","1","1","1","9492","9492","9492","1","1","1","9536","9536","9536","1","1","1","9859","9859","9859","1","1","1","9838","9838","9838","1","1","1","9879","9879","9879","1","1","1"
"207","4315","4315","4315","0","0","0","9653","9653","9653","0.8","0.8","0.8","9704","9704","9704","0.8","0.8","0.8","10016","10016","10016","0.8","0.8","0.8","9998","9998","9998","1","1","1","10043","10043","10043","0.8","0.8","0.8"
"208","4317","4317","4317","0.8","0.8","0.8","9655","9655","9655","1","1","1","9706","9706","9706","1","1","1","10018","10018","10018","1","1","1","10000","10000","10000","1","1","1","10045","10045","10045","1","1","1"
"209","4319","4319","4319","0.8","0.8","0.8","9657","9657","9657","1","1","1","9708","9708","9708","1","1","1","10020","10020","10020","1","1","1","10002","10002","10002","1","1","1","10047","10047","10047","1","1","1"
"210","4321","4321","4321","1","1","1","9659","9659","9659","1","1","1","9710","9710","9710","1","1","1","10022","10022","10022","1","1","1","10004","10004","10004","1","1","1","10049","10049","10049","1","1","1"
"211","4323","4323","4323","1","1","1","9661","9661","9661","1","1","1","9712","9712","9712","1","1","1","10024","10024","10024","1","1","1","10006","10006","10006","1","1","1","10051","10051","10051","1","1","1"
"212","4325","4325","4325","1","1","1","9663","9663","9663","1","1","1","9714","9714","9714","1","1","1","10026","10026","10026","1","1","1","10008","10008","10008","1","1","1","10053","10053","10053","1","1","1"
"213","4327","4327","4327","1","1","1","9665","9665","9665","1","1","1","9716","9716","9716","1","1","1","10028","10028","10028","1","1","1","10010","10010","10010","1","1","1","10055","10055","10055","1","1","1"
"214","4329","4329","4329","1","1","1","9667","9667","9667","1","1","1","9718","9718","9718","1","1","1","10030","10030","10030","1","1","1","10012","10012","10012","1","1","1","10057","10057","10057","1","1","1"
"215","4331","4331","4331","1","1","1","9669","9669","9669","1","1","1","9720","9720","9720","1","1","1","10032","10032","10032","1","1","1","10014","10014","10014","1","1","1","10059","10059","10059","1","1","1"
"216","4493","4493","4493","0","0","0","9829","9829","9829","0.8","0.8","0.8","9884","9884","9884","0.8","0.8","0.8","10193","10193","10193","1","1","1","10174","10174","10174","1","1","1","10223","10223","10223","0.8","0.8","0.8"
"217","4495","4495","4495","0.8","0.8","0.8","9831","9831","9831","1","1","1","9886","9886","9886","1","1","1","10195","10195","10195","1","1","1","10176","10176","10176","1","1","1","10225","10225","10225","1","1","1"
"218","4497","4497","4497","0.8","0.8","0.8","9833","9833","9833","1","1","1","9888","9888","9888","1","1","1","10197","10197","10197","1","1","1","10178","10178","10178","1","1","1","10227","10227","10227","0.8","0.8","0.8"
"219","4499","4499","4499","1","1","1","9835","9835","9835","1","1","1","9890","9890","9890","0.8","0.8","0.8","10199","10199","10199","1","1","1","10180","10180","10180","1","1","1","10229","10229","10229","1","1","1"
"220","4501","4501","4501","1","1","1","9837","9837","9837","1","1","1","9892","9892","9892","1","1","1","10201","10201","10201","1","1","1","10182","10182","10182","0.8","0.8","0.8","10231","10231","10231","1","1","1"
"221","4503","4503","4503","0.8","0.8","0.8","9839","9839","9839","1","1","1","9894","9894","9894","1","1","1","10203","10203","10203","1","1","1","10184","10184","10184","1","1","1","10233","10233","10233","1","1","1"
"222","4505","4505","4505","1","1","1","9841","9841","9841","1","1","1","9896","9896","9896","0.8","0.8","0.8","10205","10205","10205","1","1","1","10186","10186","10186","1","1","1","10235","10235","10235","1","1","1"
"223","4507","4507","4507","1","1","1","9843","9843","9843","1","1","1","9898","9898","9898","1","1","1","10207","10207","10207","1","1","1","10188","10188","10188","1","1","1","10237","10237","10237","1","1","1"
"224","4509","4509","4509","1","1","1","9845","9845","9845","1","1","1","9900","9900","9900","1","1","1","10209","10209","10209","1","1","1","10190","10190","10190","1","1","1","10239","10239","10239","1","1","1"
"225","4677","4677","4677","0","0","0","10009","10009","10009","0.8","0.8","0.8","10063","10063","10063","0.8","0.8","0.8","10370","10370","10370","1","1","1","10352","10352","10352","1","1","1","10402","10402","10402","1","1","1"
"226","4679","4679","4679","0.8","0.8","0.8","10011","10011","10011","1","1","1","10065","10065","10065","1","1","1","10372","10372","10372","1","1","1","10354","10354","10354","1","1","1","10404","10404","10404","1","1","1"
"227","4681","4681","4681","1","1","1","10013","10013","10013","1","1","1","10067","10067","10067","1","1","1","10374","10374","10374","1","1","1","10356","10356","10356","1","1","1","10406","10406","10406","0.8","0.8","0.8"
"228","4683","4683","4683","1","1","1","10015","10015","10015","0.8","0.8","0.8","10069","10069","10069","1","1","1","10376","10376","10376","1","1","1","10358","10358","10358","1","1","1","10408","10408","10408","1","1","1"
"229","4685","4685","4685","1","1","1","10017","10017","10017","1","1","1","10071","10071","10071","1","1","1","10378","10378","10378","1","1","1","10360","10360","10360","0.8","0.8","0.8","10410","10410","10410","1","1","1"
"230","4687","4687","4687","1","1","1","10019","10019","10019","1","1","1","10073","10073","10073","1","1","1","10380","10380","10380","1","1","1","10362","10362","10362","1","1","1","10412","10412","10412","0.8","0.8","0.8"
"231","4689","4689","4689","1","1","1","10021","10021","10021","1","1","1","10075","10075","10075","0.8","0.8","0.8","10382","10382","10382","1","1","1","10364","10364","10364","1","1","1","10414","10414","10414","1","1","1"
"232","4691","4691","4691","1","1","1","10023","10023","10023","1","1","1","10077","10077","10077","1","1","1","10384","10384","10384","1","1","1","10366","10366","10366","1","1","1","10416","10416","10416","1","1","1"
"233","4693","4693","4693","1","1","1","10025","10025","10025","1","1","1","10079","10079","10079","1","1","1","10386","10386","10386","1","1","1","10368","10368","10368","0.8","0.8","0.8","10418","10418","10418","1","1","1"
"234","4853","4853","4853","0","0","0","10184","10184","10184","1","1","1","10245","10245","10245","0.8","0.8","0.8","10548","10548","10548","1","1","1","10529","10529","10529","1","1","1","10582","10582","10582","1","1","1"
"235","4855","4855","4855","0.8","0.8","0.8","10186","10186","10186","1","1","1","10247","10247","10247","1","1","1","10550","10550","10550","1","1","1","10531","10531","10531","1","1","1","10584","10584","10584","1","1","1"
"236","4857","4857","4857","0.8","0.8","0.8","10188","10188","10188","1","1","1","10249","10249","10249","1","1","1","10552","10552","10552","1","1","1","10533","10533","10533","1","1","1","10586","10586","10586","1","1","1"
"237","4859","4859","4859","1","1","1","10190","10190","10190","1","1","1","10251","10251","10251","1","1","1","10554","10554","10554","1","1","1","10535","10535","10535","0.8","0.8","0.8","10588","10588","10588","1","1","1"
"238","4861","4861","4861","1","1","1","10192","10192","10192","1","1","1","10253","10253","10253","1","1","1","10556","10556","10556","1","1","1","10537","10537","10537","1","1","1","10590","10590","10590","1","1","1"
"239","4863","4863","4863","1","1","1","10194","10194","10194","1","1","1","10255","10255","10255","1","1","1","10558","10558","10558","1","1","1","10539","10539","10539","1","1","1","10592","10592","10592","1","1","1"
"240","4865","4865","4865","1","1","1","10196","10196","10196","1","1","1","10257","10257","10257","1","1","1","10560","10560","10560","1","1","1","10541","10541","10541","1","1","1","10594","10594","10594","1","1","1"
"241","4867","4867","4867","1","1","1","10198","10198","10198","1","1","1","10259","10259","10259","1","1","1","10562","10562","10562","1","1","1","10543","10543","10543","0.9","0.9","0.9","10596","10596","10596","1","1","1"
"242","4869","4869","4869","1","1","1","10200","10200","10200","1","1","1","10261","10261","10261","1","1","1","10564","10564","10564","1","1","1","10545","10545","10545","1","1","1","10598","10598","10598","1","1","1"
"243","5033","5033","5033","0","0","0","10363","10363","10363","0.8","0.8","0.8","10422","10422","10422","0.8","0.8","0.8","10725","10725","10725","1","1","1","10705","10705","10705","1","1","1","10758","10758","10758","0.8","0.8","0.8"
"244","5035","5035","5035","0.8","0.8","0.8","10365","10365","10365","1","1","1","10424","10424","10424","1","1","1","10727","10727","10727","1","1","1","10707","10707","10707","1","1","1","10760","10760","10760","1","1","1"
"245","5037","5037","5037","0.8","0.8","0.8","10367","10367","10367","1","1","1","10426","10426","10426","1","1","1","10729","10729","10729","1","1","1","10709","10709","10709","0.8","0.8","0.8","10762","10762","10762","1","1","1"
"246","5039","5039","5039","1","1","1","10369","10369","10369","1","1","1","10428","10428","10428","1","1","1","10731","10731","10731","1","1","1","10711","10711","10711","1","1","1","10764","10764","10764","1","1","1"
"247","5041","5041","5041","1","1","1","10371","10371","10371","1","1","1","10430","10430","10430","1","1","1","10733","10733","10733","1","1","1","10713","10713","10713","1","1","1","10766","10766","10766","1","1","1"
"248","5043","5043","5043","1","1","1","10373","10373","10373","1","1","1","10432","10432","10432","1","1","1","10735","10735","10735","1","1","1","10715","10715","10715","1","1","1","10768","10768","10768","1","1","1"
"249","5045","5045","5045","1","1","1","10375","10375","10375","1","1","1","10434","10434","10434","1","1","1","10737","10737","10737","1","1","1","10717","10717","10717","1","1","1","10770","10770","10770","1","1","1"
"250","5047","5047","5047","1","1","1","10377","10377","10377","1","1","1","10436","10436","10436","1","1","1","10739","10739","10739","0.8","0.8","0.8","10719","10719","10719","1","1","1","10772","10772","10772","1","1","1"
"251","5049","5049","5049","1","1","1","10379","10379","10379","1","1","1","10438","10438","10438","1","1","1","10741","10741","10741","1","1","1","10721","10721","10721","1","1","1","10774","10774","10774","1","1","1"
"252","5201","5201","5201","0","0","0","10536","10536","10536","1","1","1","10596","10596","10596","0.8","0.8","0.8","10898","10898","10898","1","1","1","10882","10882","10882","0.8","0.8","0.8","10934","10934","10934","1","1","1"
"253","5203","5203","5203","0.8","0.8","0.8","10538","10538","10538","1","1","1","10598","10598","10598","1","1","1","10900","10900","10900","1","1","1","10884","10884","10884","1","1","1","10936","10936","10936","1","1","1"
"254","5205","5205","5205","0.8","0.8","0.8","10540","10540","10540","1","1","1","10600","10600","10600","1","1","1","10902","10902","10902","1","1","1","10886","10886","10886","0.8","0.8","0.8","10938","10938","10938","0.8","0.8","0.8"
"255","5207","5207","5207","1","1","1","10542","10542","10542","1","1","1","10602","10602","10602","1","1","1","10904","10904","10904","1","1","1","10888","10888","10888","1","1","1","10940","10940","10940","1","1","1"
"256","5209","5209","5209","1","1","1","10544","10544","10544","1","1","1","10604","10604","10604","1","1","1","10906","10906","10906","1","1","1","10890","10890","10890","1","1","1","10942","10942","10942","1","1","1"
"257","5211","5211","5211","1","1","1","10546","10546","10546","1","1","1","10606","10606","10606","1","1","1","10908","10908","10908","1","1","1","10892","10892","10892","1","1","1","10944","10944","10944","1","1","1"
"258","5213","5213","5213","1","1","1","10548","10548","10548","1","1","1","10608","10608","10608","1","1","1","10910","10910","10910","1","1","1","10894","10894","10894","1","1","1","10946","10946","10946","1","1","1"
"259","5215","5215","5215","1","1","1","10550","10550","10550","1","1","1","10610","10610","10610","1","1","1","10912","10912","10912","1","1","1","10896","10896","10896","1","1","1","10948","10948","10948","1","1","1"
"260","5217","5217","5217","1","1","1","10552","10552","10552","1","1","1","10612","10612","10612","1","1","1","10914","10914","10914","1","1","1","10898","10898","10898","1","1","1","10950","10950","10950","1","1","1"
"261","5377","5377","5377","0","0","0","10715","10715","10715","0.8","0.8","0.8","10775","10775","10775","0.8","0.8","0.8","11075","11075","11075","1","1","1","11056","11056","11056","1","1","1","11112","11112","11112","0.8","0.8","0.8"
"262","5379","5379","5379","0.8","0.8","0.8","10717","10717","10717","1","1","1","10777","10777","10777","1","1","1","11077","11077","11077","1","1","1","11058","11058","11058","1","1","1","11114","11114","11114","1","1","1"
"263","5381","5381","5381","0.8","0.8","0.8","10719","10719","10719","1","1","1","10779","10779","10779","1","1","1","11079","11079","11079","1","1","1","11060","11060","11060","1","1","1","11116","11116","11116","1","1","1"
"264","5383","5383","5383","1","1","1","10721","10721","10721","1","1","1","10781","10781","10781","0.8","0.8","0.8","11081","11081","11081","1","1","1","11062","11062","11062","1","1","1","11118","11118","11118","1","1","1"
"265","5385","5385","5385","0.8","0.8","0.8","10723","10723","10723","1","1","1","10783","10783","10783","1","1","1","11083","11083","11083","1","1","1","11064","11064","11064","1","1","1","11120","11120","11120","1","1","1"
"266","5387","5387","5387","1","1","1","10725","10725","10725","1","1","1","10785","10785","10785","1","1","1","11085","11085","11085","1","1","1","11066","11066","11066","1","1","1","11122","11122","11122","1","1","1"
"267","5389","5389","5389","1","1","1","10727","10727","10727","1","1","1","10787","10787","10787","0.9","0.9","0.9","11087","11087","11087","1","1","1","11068","11068","11068","1","1","1","11124","11124","11124","1","1","1"
"268","5391","5391","5391","1","1","1","10729","10729","10729","1","1","1","10789","10789","10789","1","1","1","11089","11089","11089","1","1","1","11070","11070","11070","1","1","1","11126","11126","11126","1","1","1"
"269","5393","5393","5393","1","1","1","10731","10731","10731","1","1","1","10791","10791","10791","1","1","1","11091","11091","11091","1","1","1","11072","11072","11072","1","1","1","11128","11128","11128","1","1","1"
"270","5561","5561","5561","0","0","0","10888","10888","10888","0.8","0.8","0.8","10955","10955","10955","1","1","1","11251","11251","11251","1","1","1","11232","11232","11232","1","1","1","11289","11289","11289","0.8","0.8","0.8"
"271","5563","5563","5563","0.8","0.8","0.8","10890","10890","10890","1","1","1","10957","10957","10957","1","1","1","11253","11253","11253","1","1","1","11234","11234","11234","1","1","1","11291","11291","11291","1","1","1"
"272","5565","5565","5565","0.8","0.8","0.8","10892","10892","10892","1","1","1","10959","10959","10959","1","1","1","11255","11255","11255","1","1","1","11236","11236","11236","0.8","0.8","0.8","11293","11293","11293","0.8","0.8","0.8"
"273","5567","5567","5567","1","1","1","10894","10894","10894","1","1","1","10961","10961","10961","1","1","1","11257","11257","11257","1","1","1","11238","11238","11238","1","1","1","11295","11295","11295","1","1","1"
"274","5569","5569","5569","1","1","1","10896","10896","10896","1","1","1","10963","10963","10963","1","1","1","11259","11259","11259","1","1","1","11240","11240","11240","1","1","1","11297","11297","11297","1","1","1"
"275","5571","5571","5571","1","1","1","10898","10898","10898","1","1","1","10965","10965","10965","1","1","1","11261","11261","11261","1","1","1","11242","11242","11242","1","1","1","11299","11299","11299","1","1","1"
"276","5573","5573","5573","1","1","1","10900","10900","10900","1","1","1","10967","10967","10967","1","1","1","11263","11263","11263","1","1","1","11244","11244","11244","1","1","1","11301","11301","11301","1","1","1"
"277","5575","5575","5575","1","1","1","10902","10902","10902","1","1","1","10969","10969","10969","1","1","1","11265","11265","11265","1","1","1","11246","11246","11246","1","1","1","11303","11303","11303","1","1","1"
"278","5577","5577","5577","1","1","1","10904","10904","10904","1","1","1","10971","10971","10971","1","1","1","11267","11267","11267","1","1","1","11248","11248","11248","1","1","1","11305","11305","11305","1","1","1"
"279","5729","5729","5729","0","0","0","11062","11062","11062","1","1","1","11137","11137","11137","1","1","1","11426","11426","11426","1","1","1","11406","11406","11406","1","1","1","11461","11461","11461","0.8","0.8","0.8"
"280","5731","5731","5731","0.8","0.8","0.8","11064","11064","11064","1","1","1","11139","11139","11139","1","1","1","11428","11428","11428","1","1","1","11408","11408","11408","1","1","1","11463","11463","11463","1","1","1"
"281","5733","5733","5733","0.8","0.8","0.8","11066","11066","11066","1","1","1","11141","11141","11141","1","1","1","11430","11430","11430","1","1","1","11410","11410","11410","1","1","1","11465","11465","11465","0.8","0.8","0.8"
"282","5735","5735","5735","1","1","1","11068","11068","11068","1","1","1","11143","11143","11143","0.8","0.8","0.8","11432","11432","11432","1","1","1","11412","11412","11412","1","1","1","11467","11467","11467","1","1","1"
"283","5737","5737","5737","0.8","0.8","0.8","11070","11070","11070","1","1","1","11145","11145","11145","1","1","1","11434","11434","11434","1","1","1","11414","11414","11414","1","1","1","11469","11469","11469","0.8","0.8","0.8"
"284","5739","5739","5739","1","1","1","11072","11072","11072","1","1","1","11147","11147","11147","1","1","1","11436","11436","11436","1","1","1","11416","11416","11416","1","1","1","11471","11471","11471","1","1","1"
"285","5741","5741","5741","1","1","1","11074","11074","11074","1","1","1","11149","11149","11149","1","1","1","11438","11438","11438","1","1","1","11418","11418","11418","1","1","1","11473","11473","11473","1","1","1"
"286","5743","5743","5743","1","1","1","11076","11076","11076","1","1","1","11151","11151","11151","1","1","1","11440","11440","11440","1","1","1","11420","11420","11420","1","1","1","11475","11475","11475","1","1","1"
"287","5745","5745","5745","1","1","1","11078","11078","11078","1","1","1","11153","11153","11153","1","1","1","11442","11442","11442","1","1","1","11422","11422","11422","1","1","1","11477","11477","11477","1","1","1"
"288","5911","5911","5911","0","0","0","11238","11238","11238","0.8","0.8","0.8","11321","11321","11321","0.8","0.8","0.8","11600","11600","11600","1","1","1","11586","11586","11586","1","1","1","11640","11640","11640","0.8","0.8","0.8"
"289","5913","5913","5913","0.8","0.8","0.8","11240","11240","11240","1","1","1","11323","11323","11323","1","1","1","11602","11602","11602","1","1","1","11588","11588","11588","1","1","1","11642","11642","11642","1","1","1"
"290","5915","5915","5915","0.8","0.8","0.8","11242","11242","11242","0.8","0.8","0.8","11325","11325","11325","1","1","1","11604","11604","11604","1","1","1","11590","11590","11590","1","1","1","11644","11644","11644","0.8","0.8","0.8"
"291","5917","5917","5917","1","1","1","11244","11244","11244","1","1","1","11327","11327","11327","0.8","0.8","0.8","11606","11606","11606","1","1","1","11592","11592","11592","1","1","1","11646","11646","11646","1","1","1"
"292","5919","5919","5919","1","1","1","11246","11246","11246","1","1","1","11329","11329","11329","1","1","1","11608","11608","11608","1","1","1","11594","11594","11594","1","1","1","11648","11648","11648","1","1","1"
"293","5921","5921","5921","1","1","1","11248","11248","11248","1","1","1","11331","11331","11331","1","1","1","11610","11610","11610","1","1","1","11596","11596","11596","1","1","1","11650","11650","11650","1","1","1"
"294","5923","5923","5923","1","1","1","11250","11250","11250","1","1","1","11333","11333","11333","0.8","0.8","0.8","11612","11612","11612","1","1","1","11598","11598","11598","0.8","0.8","0.8","11652","11652","11652","1","1","1"
"295","5925","5925","5925","1","1","1","11252","11252","11252","1","1","1","11335","11335","11335","1","1","1","11614","11614","11614","1","1","1","11600","11600","11600","1","1","1","11654","11654","11654","1","1","1"
"296","5927","5927","5927","1","1","1","11254","11254","11254","1","1","1","11337","11337","11337","1","1","1","11616","11616","11616","1","1","1","11602","11602","11602","1","1","1","11656","11656","11656","1","1","1"
"297","6085","6085","6085","0","0","0","11412","11412","11412","0.8","0.8","0.8","11505","11505","11505","0.8","0.8","0.8","11785","11785","11785","0.8","0.8","0.8","11758","11758","11758","1","1","1","11814","11814","11814","0.8","0.8","0.8"
"298","6087","6087","6087","0.8","0.8","0.8","11414","11414","11414","1","1","1","11507","11507","11507","1","1","1","11787","11787","11787","1","1","1","11760","11760","11760","1","1","1","11816","11816","11816","1","1","1"
"299","6089","6089","6089","0.8","0.8","0.8","11416","11416","11416","1","1","1","11509","11509","11509","1","1","1","11789","11789","11789","1","1","1","11762","11762","11762","1","1","1","11818","11818","11818","0.8","0.8","0.8"
"300","6091","6091","6091","1","1","1","11418","11418","11418","1","1","1","11511","11511","11511","0.8","0.8","0.8","11791","11791","11791","1","1","1","11764","11764","11764","1","1","1","11820","11820","11820","1","1","1"
"301","6093","6093","6093","1","1","1","11420","11420","11420","1","1","1","11513","11513","11513","1","1","1","11793","11793","11793","1","1","1","11766","11766","11766","1","1","1","11822","11822","11822","1","1","1"
"302","6095","6095","6095","1","1","1","11422","11422","11422","1","1","1","11515","11515","11515","1","1","1","11795","11795","11795","1","1","1","11768","11768","11768","1","1","1","11824","11824","11824","1","1","1"
"303","6097","6097","6097","1","1","1","11424","11424","11424","1","1","1","11517","11517","11517","0.8","0.8","0.8","11797","11797","11797","1","1","1","11770","11770","11770","1","1","1","11826","11826","11826","1","1","1"
"304","6099","6099","6099","1","1","1","11426","11426","11426","1","1","1","11519","11519","11519","1","1","1","11799","11799","11799","1","1","1","11772","11772","11772","1","1","1","11828","11828","11828","1","1","1"
"305","6101","6101","6101","1","1","1","11428","11428","11428","1","1","1","11521","11521","11521","1","1","1","11801","11801","11801","1","1","1","11774","11774","11774","1","1","1","11830","11830","11830","1","1","1"
"306","6261","6261","6261","0.8","0.8","0.8","11589","11589","11589","0.8","0.8","0.8","11682","11682","11682","1","1","1","11962","11962","11962","1","1","1","11933","11933","11933","1","1","1","11995","11995","11995","0.8","0.8","0.8"
"307","6263","6263","6263","1","1","1","11591","11591","11591","1","1","1","11684","11684","11684","1","1","1","11964","11964","11964","1","1","1","11935","11935","11935","1","1","1","11997","11997","11997","1","1","1"
"308","6265","6265","6265","1","1","1","11593","11593","11593","1","1","1","11686","11686","11686","1","1","1","11966","11966","11966","1","1","1","11937","11937","11937","1","1","1","11999","11999","11999","1","1","1"
"309","6267","6267","6267","1","1","1","11595","11595","11595","1","1","1","11688","11688","11688","1","1","1","11968","11968","11968","1","1","1","11939","11939","11939","0.8","0.8","0.8","12001","12001","12001","1","1","1"
"310","6269","6269","6269","1","1","1","11597","11597","11597","1","1","1","11690","11690","11690","1","1","1","11970","11970","11970","1","1","1","11941","11941","11941","1","1","1","12003","12003","12003","1","1","1"
"311","6271","6271","6271","1","1","1","11599","11599","11599","1","1","1","11692","11692","11692","1","1","1","11972","11972","11972","1","1","1","11943","11943","11943","0.8","0.8","0.8","12005","12005","12005","1","1","1"
"312","6273","6273","6273","1","1","1","11601","11601","11601","1","1","1","11694","11694","11694","1","1","1","11974","11974","11974","1","1","1","11945","11945","11945","1","1","1","12007","12007","12007","1","1","1"
"313","6275","6275","6275","1","1","1","11603","11603","11603","1","1","1","11696","11696","11696","1","1","1","11976","11976","11976","1","1","1","11947","11947","11947","1","1","1","12009","12009","12009","1","1","1"
"314","6277","6277","6277","1","1","1","11605","11605","11605","1","1","1","11698","11698","11698","1","1","1","11978","11978","11978","1","1","1","11949","11949","11949","1","1","1","12011","12011","12011","1","1","1"
"315","6427","6427","6427","0.8","0.8","0.8","11761","11761","11761","0.8","0.8","0.8","11859","11859","11859","1","1","1","12139","12139","12139","1","1","1","12112","12112","12112","1","1","1","12167","12167","12167","1","1","1"
"316","6429","6429","6429","1","1","1","11763","11763","11763","1","1","1","11861","11861","11861","1","1","1","12141","12141","12141","1","1","1","12114","12114","12114","1","1","1","12169","12169","12169","1","1","1"
"317","6431","6431","6431","1","1","1","11765","11765","11765","1","1","1","11863","11863","11863","1","1","1","12143","12143","12143","1","1","1","12116","12116","12116","1","1","1","12171","12171","12171","1","1","1"
"318","6433","6433","6433","1","1","1","11767","11767","11767","1","1","1","11865","11865","11865","1","1","1","12145","12145","12145","1","1","1","12118","12118","12118","1","1","1","12173","12173","12173","1","1","1"
"319","6435","6435","6435","1","1","1","11769","11769","11769","1","1","1","11867","11867","11867","1","1","1","12147","12147","12147","1","1","1","12120","12120","12120","1","1","1","12175","12175","12175","1","1","1"
"320","6437","6437","6437","1","1","1","11771","11771","11771","1","1","1","11869","11869","11869","1","1","1","12149","12149","12149","1","1","1","12122","12122","12122","1","1","1","12177","12177","12177","1","1","1"
"321","6439","6439","6439","1","1","1","11773","11773","11773","1","1","1","11871","11871","11871","1","1","1","12151","12151","12151","1","1","1","12124","12124","12124","1","1","1","12179","12179","12179","1","1","1"
"322","6441","6441","6441","1","1","1","11775","11775","11775","1","1","1","11873","11873","11873","1","1","1","12153","12153","12153","1","1","1","12126","12126","12126","1","1","1","12181","12181","12181","1","1","1"
"323","6443","6443","6443","1","1","1","11777","11777","11777","1","1","1","11875","11875","11875","1","1","1","12155","12155","12155","1","1","1","12128","12128","12128","1","1","1","12183","12183","12183","1","1","1"
"324","6605","6605","6605","0","0","0","11936","11936","11936","0.8","0.8","0.8","12035","12035","12035","1","1","1","12317","12317","12317","1","1","1","12287","12287","12287","1","1","1","12349","12349","12349","0.8","0.8","0.8"
"325","6607","6607","6607","1","1","1","11938","11938","11938","1","1","1","12037","12037","12037","1","1","1","12319","12319","12319","1","1","1","12289","12289","12289","1","1","1","12351","12351","12351","1","1","1"
"326","6609","6609","6609","1","1","1","11940","11940","11940","1","1","1","12039","12039","12039","0.8","0.8","0.8","12321","12321","12321","1","1","1","12291","12291","12291","1","1","1","12353","12353","12353","1","1","1"
"327","6611","6611","6611","1","1","1","11942","11942","11942","1","1","1","12041","12041","12041","1","1","1","12323","12323","12323","1","1","1","12293","12293","12293","1","1","1","12355","12355","12355","1","1","1"
"328","6613","6613","6613","1","1","1","11944","11944","11944","1","1","1","12043","12043","12043","1","1","1","12325","12325","12325","1","1","1","12295","12295","12295","1","1","1","12357","12357","12357","0.8","0.8","0.8"
"329","6615","6615","6615","1","1","1","11946","11946","11946","1","1","1","12045","12045","12045","1","1","1","12327","12327","12327","1","1","1","12297","12297","12297","1","1","1","12359","12359","12359","1","1","1"
"330","6617","6617","6617","1","1","1","11948","11948","11948","1","1","1","12047","12047","12047","1","1","1","12329","12329","12329","1","1","1","12299","12299","12299","1","1","1","12361","12361","12361","1","1","1"
"331","6619","6619","6619","1","1","1","11950","11950","11950","1","1","1","12049","12049","12049","1","1","1","12331","12331","12331","1","1","1","12301","12301","12301","1","1","1","12363","12363","12363","1","1","1"
"332","6621","6621","6621","1","1","1","11952","11952","11952","1","1","1","12051","12051","12051","1","1","1","12333","12333","12333","1","1","1","12303","12303","12303","1","1","1","12365","12365","12365","1","1","1"
"333","6783","6783","6783","0","0","0","12108","12108","12108","1","1","1","12211","12211","12211","0.8","0.8","0.8","12500","12500","12500","1","1","1","12463","12463","12463","0.8","0.8","0.8","12529","12529","12529","0.8","0.8","0.8"
"334","6785","6785","6785","0.8","0.8","0.8","12110","12110","12110","1","1","1","12213","12213","12213","1","1","1","12502","12502","12502","1","1","1","12465","12465","12465","1","1","1","12531","12531","12531","1","1","1"
"335","6787","6787","6787","0.8","0.8","0.8","12112","12112","12112","1","1","1","12215","12215","12215","1","1","1","12504","12504","12504","1","1","1","12467","12467","12467","1","1","1","12533","12533","12533","1","1","1"
"336","6789","6789","6789","1","1","1","12114","12114","12114","1","1","1","12217","12217","12217","1","1","1","12506","12506","12506","1","1","1","12469","12469","12469","1","1","1","12535","12535","12535","1","1","1"
"337","6791","6791","6791","1","1","1","12116","12116","12116","1","1","1","12219","12219","12219","1","1","1","12508","12508","12508","1","1","1","12471","12471","12471","1","1","1","12537","12537","12537","1","1","1"
"338","6793","6793","6793","0.8","0.8","0.8","12118","12118","12118","1","1","1","12221","12221","12221","1","1","1","12510","12510","12510","0.8","0.8","0.8","12473","12473","12473","1","1","1","12539","12539","12539","1","1","1"
"339","6795","6795","6795","1","1","1","12120","12120","12120","1","1","1","12223","12223","12223","1","1","1","12512","12512","12512","1","1","1","12475","12475","12475","1","1","1","12541","12541","12541","1","1","1"
"340","6797","6797","6797","1","1","1","12122","12122","12122","1","1","1","12225","12225","12225","1","1","1","12514","12514","12514","1","1","1","12477","12477","12477","1","1","1","12543","12543","12543","1","1","1"
"341","6799","6799","6799","1","1","1","12124","12124","12124","1","1","1","12227","12227","12227","1","1","1","12516","12516","12516","1","1","1","12479","12479","12479","1","1","1","12545","12545","12545","1","1","1"
"342","6953","6953","6953","0","0","0","12286","12286","12286","1","1","1","12384","12384","12384","1","1","1","12675","12675","12675","1","1","1","12641","12641","12641","0.8","0.8","0.8","12702","12702","12702","0.8","0.8","0.8"
"343","6955","6955","6955","0.8","0.8","0.8","12288","12288","12288","1","1","1","12386","12386","12386","1","1","1","12677","12677","12677","1","1","1","12643","12643","12643","1","1","1","12704","12704","12704","1","1","1"
"344","6957","6957","6957","0.8","0.8","0.8","12290","12290","12290","1","1","1","12388","12388","12388","1","1","1","12679","12679","12679","1","1","1","12645","12645","12645","1","1","1","12706","12706","12706","1","1","1"
"345","6959","6959","6959","1","1","1","12292","12292","12292","1","1","1","12390","12390","12390","1","1","1","12681","12681","12681","0.8","0.8","0.8","12647","12647","12647","0.8","0.8","0.8","12708","12708","12708","1","1","1"
"346","6961","6961","6961","1","1","1","12294","12294","12294","1","1","1","12392","12392","12392","1","1","1","12683","12683","12683","1","1","1","12649","12649","12649","1","1","1","12710","12710","12710","1","1","1"
"347","6963","6963","6963","1","1","1","12296","12296","12296","1","1","1","12394","12394","12394","1","1","1","12685","12685","12685","1","1","1","12651","12651","12651","1","1","1","12712","12712","12712","1","1","1"
"348","6965","6965","6965","1","1","1","12298","12298","12298","1","1","1","12396","12396","12396","1","1","1","12687","12687","12687","1","1","1","12653","12653","12653","1","1","1","12714","12714","12714","1","1","1"
"349","6967","6967","6967","1","1","1","12300","12300","12300","1","1","1","12398","12398","12398","1","1","1","12689","12689","12689","1","1","1","12655","12655","12655","1","1","1","12716","12716","12716","1","1","1"
"350","6969","6969","6969","1","1","1","12302","12302","12302","1","1","1","12400","12400","12400","1","1","1","12691","12691","12691","1","1","1","12657","12657","12657","1","1","1","12718","12718","12718","1","1","1"
"351","7131","7131","7131","0.8","0.8","0.8","12461","12461","12461","0.8","0.8","0.8","12557","12557","12557","0.8","0.8","0.8","12849","12849","12849","1","1","1","12822","12822","12822","0.8","0.8","0.8","12882","12882","12882","1","1","1"
"352","7133","7133","7133","1","1","1","12463","12463","12463","1","1","1","12559","12559","12559","1","1","1","12851","12851","12851","1","1","1","12824","12824","12824","1","1","1","12884","12884","12884","1","1","1"
"353","7135","7135","7135","1","1","1","12465","12465","12465","1","1","1","12561","12561","12561","1","1","1","12853","12853","12853","1","1","1","12826","12826","12826","0.8","0.8","0.8","12886","12886","12886","1","1","1"
"354","7137","7137","7137","1","1","1","12467","12467","12467","1","1","1","12563","12563","12563","1","1","1","12855","12855","12855","1","1","1","12828","12828","12828","1","1","1","12888","12888","12888","1","1","1"
"355","7139","7139","7139","1","1","1","12469","12469","12469","1","1","1","12565","12565","12565","0.8","0.8","0.8","12857","12857","12857","1","1","1","12830","12830","12830","1","1","1","12890","12890","12890","1","1","1"
"356","7141","7141","7141","1","1","1","12471","12471","12471","1","1","1","12567","12567","12567","0.8","0.8","0.8","12859","12859","12859","1","1","1","12832","12832","12832","1","1","1","12892","12892","12892","1","1","1"
"357","7143","7143","7143","1","1","1","12473","12473","12473","1","1","1","12569","12569","12569","1","1","1","12861","12861","12861","1","1","1","12834","12834","12834","1","1","1","12894","12894","12894","1","1","1"
"358","7145","7145","7145","1","1","1","12475","12475","12475","1","1","1","12571","12571","12571","1","1","1","12863","12863","12863","1","1","1","12836","12836","12836","1","1","1","12896","12896","12896","1","1","1"
"359","7147","7147","7147","1","1","1","12477","12477","12477","1","1","1","12573","12573","12573","1","1","1","12865","12865","12865","1","1","1","12838","12838","12838","1","1","1","12898","12898","12898","1","1","1"
"360","7295","7295","7295","0.8","0.8","0.8","12636","12636","12636","0.8","0.8","0.8","12732","12732","12732","1","1","1","13025","13025","13025","1","1","1","13002","13002","13002","0.8","0.8","0.8","13058","13058","13058","0.8","0.8","0.8"
"361","7297","7297","7297","1","1","1","12638","12638","12638","1","1","1","12734","12734","12734","1","1","1","13027","13027","13027","1","1","1","13004","13004","13004","1","1","1","13060","13060","13060","1","1","1"
"362","7299","7299","7299","1","1","1","12640","12640","12640","1","1","1","12736","12736","12736","1","1","1","13029","13029","13029","1","1","1","13006","13006","13006","1","1","1","13062","13062","13062","1","1","1"
"363","7301","7301","7301","1","1","1","12642","12642","12642","1","1","1","12738","12738","12738","1","1","1","13031","13031","13031","1","1","1","13008","13008","13008","0.8","0.8","0.8","13064","13064","13064","1","1","1"
"364","7303","7303","7303","1","1","1","12644","12644","12644","1","1","1","12740","12740","12740","1","1","1","13033","13033","13033","1","1","1","13010","13010","13010","0.8","0.8","0.8","13066","13066","13066","1","1","1"
"365","7305","7305","7305","1","1","1","12646","12646","12646","1","1","1","12742","12742","12742","1","1","1","13035","13035","13035","1","1","1","13012","13012","13012","1","1","1","13068","13068","13068","1","1","1"
"366","7307","7307","7307","1","1","1","12648","12648","12648","1","1","1","12744","12744","12744","1","1","1","13037","13037","13037","1","1","1","13014","13014","13014","1","1","1","13070","13070","13070","1","1","1"
"367","7309","7309","7309","1","1","1","12650","12650","12650","1","1","1","12746","12746","12746","1","1","1","13039","13039","13039","1","1","1","13016","13016","13016","1","1","1","13072","13072","13072","1","1","1"
"368","7311","7311","7311","1","1","1","12652","12652","12652","1","1","1","12748","12748","12748","1","1","1","13041","13041","13041","1","1","1","13018","13018","13018","1","1","1","13074","13074","13074","1","1","1"
"369","7467","7467","7467","0.8","0.8","0.8","12814","12814","12814","1","1","1","12907","12907","12907","1","1","1","13202","13202","13202","1","1","1","13183","13183","13183","0.8","0.8","0.8","13236","13236","13236","0.8","0.8","0.8"
"370","7469","7469","7469","1","1","1","12816","12816","12816","1","1","1","12909","12909","12909","1","1","1","13204","13204","13204","1","1","1","13185","13185","13185","1","1","1","13238","13238","13238","1","1","1"
"371","7471","7471","7471","1","1","1","12818","12818","12818","1","1","1","12911","12911","12911","1","1","1","13206","13206","13206","1","1","1","13187","13187","13187","0.8","0.8","0.8","13240","13240","13240","0.8","0.8","0.8"
"372","7473","7473","7473","1","1","1","12820","12820","12820","1","1","1","12913","12913","12913","1","1","1","13208","13208","13208","1","1","1","13189","13189","13189","0.8","0.8","0.8","13242","13242","13242","1","1","1"
"373","7475","7475","7475","1","1","1","12822","12822","12822","1","1","1","12915","12915","12915","1","1","1","13210","13210","13210","1","1","1","13191","13191","13191","1","1","1","13244","13244","13244","1","1","1"
"374","7477","7477","7477","1","1","1","12824","12824","12824","1","1","1","12917","12917","12917","1","1","1","13212","13212","13212","1","1","1","13193","13193","13193","1","1","1","13246","13246","13246","1","1","1"
"375","7479","7479","7479","1","1","1","12826","12826","12826","1","1","1","12919","12919","12919","1","1","1","13214","13214","13214","1","1","1","13195","13195","13195","1","1","1","13248","13248","13248","1","1","1"
"376","7481","7481","7481","1","1","1","12828","12828","12828","1","1","1","12921","12921","12921","1","1","1","13216","13216","13216","1","1","1","13197","13197","13197","1","1","1","13250","13250","13250","1","1","1"
"377","7483","7483","7483","1","1","1","12830","12830","12830","1","1","1","12923","12923","12923","1","1","1","13218","13218","13218","1","1","1","13199","13199","13199","1","1","1","13252","13252","13252","1","1","1"
"378","7629","7629","7629","0.8","0.8","0.8","12988","12988","12988","0.8","0.8","0.8","13085","13085","13085","1","1","1","13379","13379","13379","1","1","1","13359","13359","13359","1","1","1","13415","13415","13415","1","1","1"
"379","7631","7631","7631","1","1","1","12990","12990","12990","1","1","1","13087","13087","13087","1","1","1","13381","13381","13381","1","1","1","13361","13361","13361","1","1","1","13417","13417","13417","1","1","1"
"380","7633","7633","7633","1","1","1","12992","12992","12992","1","1","1","13089","13089","13089","1","1","1","13383","13383","13383","1","1","1","13363","13363","13363","0.8","0.8","0.8","13419","13419","13419","0.8","0.8","0.8"
"381","7635","7635","7635","1","1","1","12994","12994","12994","1","1","1","13091","13091","13091","1","1","1","13385","13385","13385","1","1","1","13365","13365","13365","1","1","1","13421","13421","13421","1","1","1"
"382","7637","7637","7637","0.9","0.9","0.9","12996","12996","12996","1","1","1","13093","13093","13093","1","1","1","13387","13387","13387","1","1","1","13367","13367","13367","0.8","0.8","0.8","13423","13423","13423","1","1","1"
"383","7639","7639","7639","1","1","1","12998","12998","12998","1","1","1","13095","13095","13095","1","1","1","13389","13389","13389","1","1","1","13369","13369","13369","1","1","1","13425","13425","13425","1","1","1"
"384","7641","7641","7641","1","1","1","13000","13000","13000","1","1","1","13097","13097","13097","1","1","1","13391","13391","13391","1","1","1","13371","13371","13371","1","1","1","13427","13427","13427","1","1","1"
"385","7643","7643","7643","1","1","1","13002","13002","13002","1","1","1","13099","13099","13099","1","1","1","13393","13393","13393","1","1","1","13373","13373","13373","1","1","1","13429","13429","13429","1","1","1"
"386","7645","7645","7645","1","1","1","13004","13004","13004","1","1","1","13101","13101","13101","1","1","1","13395","13395","13395","1","1","1","13375","13375","13375","1","1","1","13431","13431","13431","1","1","1"
"387","7805","7805","7805","0.8","0.8","0.8","13160","13160","13160","1","1","1","13260","13260","13260","1","1","1","13555","13555","13555","1","1","1","13536","13536","13536","0.8","0.8","0.8","13589","13589","13589","0.8","0.8","0.8"
"388","7807","7807","7807","1","1","1","13162","13162","13162","1","1","1","13262","13262","13262","1","1","1","13557","13557","13557","1","1","1","13538","13538","13538","1","1","1","13591","13591","13591","1","1","1"
"389","7809","7809","7809","1","1","1","13164","13164","13164","1","1","1","13264","13264","13264","1","1","1","13559","13559","13559","1","1","1","13540","13540","13540","1","1","1","13593","13593","13593","1","1","1"
"390","7811","7811","7811","1","1","1","13166","13166","13166","1","1","1","13266","13266","13266","1","1","1","13561","13561","13561","1","1","1","13542","13542","13542","1","1","1","13595","13595","13595","1","1","1"
"391","7813","7813","7813","1","1","1","13168","13168","13168","1","1","1","13268","13268","13268","1","1","1","13563","13563","13563","0.8","0.8","0.8","13544","13544","13544","1","1","1","13597","13597","13597","1","1","1"
"392","7815","7815","7815","1","1","1","13170","13170","13170","1","1","1","13270","13270","13270","1","1","1","13565","13565","13565","1","1","1","13546","13546","13546","1","1","1","13599","13599","13599","1","1","1"
"393","7817","7817","7817","1","1","1","13172","13172","13172","1","1","1","13272","13272","13272","1","1","1","13567","13567","13567","1","1","1","13548","13548","13548","1","1","1","13601","13601","13601","1","1","1"
"394","7819","7819","7819","1","1","1","13174","13174","13174","1","1","1","13274","13274","13274","1","1","1","13569","13569","13569","1","1","1","13550","13550","13550","1","1","1","13603","13603","13603","1","1","1"
"395","7821","7821","7821","1","1","1","13176","13176","13176","1","1","1","13276","13276","13276","1","1","1","13571","13571","13571","1","1","1","13552","13552","13552","1","1","1","13605","13605","13605","1","1","1"
"396","7983","7983","7983","0.8","0.8","0.8","13340","13340","13340","1","1","1","13434","13434","13434","1","1","1","13731","13731","13731","1","1","1","13708","13708","13708","0.8","0.8","0.8","13766","13766","13766","0.8","0.8","0.8"
"397","7985","7985","7985","1","1","1","13342","13342","13342","1","1","1","13436","13436","13436","1","1","1","13733","13733","13733","1","1","1","13710","13710","13710","1","1","1","13768","13768","13768","1","1","1"
"398","7987","7987","7987","1","1","1","13344","13344","13344","1","1","1","13438","13438","13438","1","1","1","13735","13735","13735","1","1","1","13712","13712","13712","1","1","1","13770","13770","13770","1","1","1"
"399","7989","7989","7989","1","1","1","13346","13346","13346","1","1","1","13440","13440","13440","1","1","1","13737","13737","13737","1","1","1","13714","13714","13714","1","1","1","13772","13772","13772","1","1","1"
"400","7991","7991","7991","0.8","0.8","0.8","13348","13348","13348","1","1","1","13442","13442","13442","1","1","1","13739","13739","13739","1","1","1","13716","13716","13716","1","1","1","13774","13774","13774","1","1","1"
"401","7993","7993","7993","1","1","1","13350","13350","13350","1","1","1","13444","13444","13444","1","1","1","13741","13741","13741","1","1","1","13718","13718","13718","1","1","1","13776","13776","13776","1","1","1"
"402","7995","7995","7995","1","1","1","13352","13352","13352","1","1","1","13446","13446","13446","1","1","1","13743","13743","13743","1","1","1","13720","13720","13720","1","1","1","13778","13778","13778","1","1","1"
"403","7997","7997","7997","1","1","1","13354","13354","13354","1","1","1","13448","13448","13448","1","1","1","13745","13745","13745","1","1","1","13722","13722","13722","1","1","1","13780","13780","13780","1","1","1"
"404","7999","7999","7999","1","1","1","13356","13356","13356","1","1","1","13450","13450","13450","1","1","1","13747","13747","13747","1","1","1","13724","13724","13724","1","1","1","13782","13782","13782","1","1","1"
"405","8145","8145","8145","0.8","0.8","0.8","13515","13515","13515","1","1","1","13609","13609","13609","1","1","1","13905","13905","13905","1","1","1","13887","13887","13887","0.8","0.8","0.8","13942","13942","13942","1","1","1"
"406","8147","8147","8147","1","1","1","13517","13517","13517","1","1","1","13611","13611","13611","1","1","1","13907","13907","13907","1","1","1","13889","13889","13889","1","1","1","13944","13944","13944","1","1","1"
"407","8149","8149","8149","1","1","1","13519","13519","13519","1","1","1","13613","13613","13613","1","1","1","13909","13909","13909","1","1","1","13891","13891","13891","0.8","0.8","0.8","13946","13946","13946","0.8","0.8","0.8"
"408","8151","8151","8151","1","1","1","13521","13521","13521","1","1","1","13615","13615","13615","1","1","1","13911","13911","13911","1","1","1","13893","13893","13893","1","1","1","13948","13948","13948","1","1","1"
"409","8153","8153","8153","0.8","0.8","0.8","13523","13523","13523","1","1","1","13617","13617","13617","1","1","1","13913","13913","13913","1","1","1","13895","13895","13895","1","1","1","13950","13950","13950","1","1","1"
"410","8155","8155","8155","1","1","1","13525","13525","13525","1","1","1","13619","13619","13619","1","1","1","13915","13915","13915","1","1","1","13897","13897","13897","1","1","1","13952","13952","13952","1","1","1"
"411","8157","8157","8157","1","1","1","13527","13527","13527","1","1","1","13621","13621","13621","1","1","1","13917","13917","13917","1","1","1","13899","13899","13899","1","1","1","13954","13954","13954","1","1","1"
"412","8159","8159","8159","1","1","1","13529","13529","13529","1","1","1","13623","13623","13623","1","1","1","13919","13919","13919","1","1","1","13901","13901","13901","1","1","1","13956","13956","13956","1","1","1"
"413","8161","8161","8161","1","1","1","13531","13531","13531","1","1","1","13625","13625","13625","1","1","1","13921","13921","13921","1","1","1","13903","13903","13903","1","1","1","13958","13958","13958","1","1","1"
"414","8317","8317","8317","0","0","0","13689","13689","13689","0.8","0.8","0.8","13784","13784","13784","0.8","0.8","0.8","14078","14078","14078","0.8","0.8","0.8","14063","14063","14063","1","1","1","14123","14123","14123","0.8","0.8","0.8"
"415","8319","8319","8319","1","1","1","13691","13691","13691","1","1","1","13786","13786","13786","1","1","1","14080","14080","14080","1","1","1","14065","14065","14065","1","1","1","14125","14125","14125","1","1","1"
"416","8321","8321","8321","1","1","1","13693","13693","13693","1","1","1","13788","13788","13788","1","1","1","14082","14082","14082","1","1","1","14067","14067","14067","1","1","1","14127","14127","14127","1","1","1"
"417","8323","8323","8323","1","1","1","13695","13695","13695","1","1","1","13790","13790","13790","1","1","1","14084","14084","14084","1","1","1","14069","14069","14069","1","1","1","14129","14129","14129","1","1","1"
"418","8325","8325","8325","1","1","1","13697","13697","13697","1","1","1","13792","13792","13792","1","1","1","14086","14086","14086","1","1","1","14071","14071","14071","1","1","1","14131","14131","14131","1","1","1"
"419","8327","8327","8327","1","1","1","13699","13699","13699","1","1","1","13794","13794","13794","1","1","1","14088","14088","14088","0.8","0.8","0.8","14073","14073","14073","1","1","1","14133","14133","14133","1","1","1"
"420","8329","8329","8329","1","1","1","13701","13701","13701","1","1","1","13796","13796","13796","1","1","1","14090","14090","14090","1","1","1","14075","14075","14075","1","1","1","14135","14135","14135","0.8","0.8","0.8"
"421","8331","8331","8331","1","1","1","13703","13703","13703","1","1","1","13798","13798","13798","1","1","1","14092","14092","14092","1","1","1","14077","14077","14077","1","1","1","14137","14137","14137","1","1","1"
"422","8333","8333","8333","1","1","1","13705","13705","13705","1","1","1","13800","13800","13800","1","1","1","14094","14094","14094","1","1","1","14079","14079","14079","1","1","1","14139","14139","14139","1","1","1"
"423","8481","8481","8481","0","0","0","13867","13867","13867","1","1","1","13965","13965","13965","0.8","0.8","0.8","14257","14257","14257","1","1","1","14241","14241","14241","0.8","0.8","0.8","14299","14299","14299","0.8","0.8","0.8"
"424","8483","8483","8483","1","1","1","13869","13869","13869","0.8","0.8","0.8","13967","13967","13967","1","1","1","14259","14259","14259","1","1","1","14243","14243","14243","1","1","1","14301","14301","14301","1","1","1"
"425","8485","8485","8485","1","1","1","13871","13871","13871","1","1","1","13969","13969","13969","1","1","1","14261","14261","14261","1","1","1","14245","14245","14245","1","1","1","14303","14303","14303","0.8","0.8","0.8"
"426","8487","8487","8487","1","1","1","13873","13873","13873","1","1","1","13971","13971","13971","1","1","1","14263","14263","14263","1","1","1","14247","14247","14247","1","1","1","14305","14305","14305","1","1","1"
"427","8489","8489","8489","1","1","1","13875","13875","13875","1","1","1","13973","13973","13973","1","1","1","14265","14265","14265","1","1","1","14249","14249","14249","1","1","1","14307","14307","14307","1","1","1"
"428","8491","8491","8491","1","1","1","13877","13877","13877","1","1","1","13975","13975","13975","1","1","1","14267","14267","14267","0.8","0.8","0.8","14251","14251","14251","1","1","1","14309","14309","14309","1","1","1"
"429","8493","8493","8493","1","1","1","13879","13879","13879","1","1","1","13977","13977","13977","1","1","1","14269","14269","14269","1","1","1","14253","14253","14253","1","1","1","14311","14311","14311","1","1","1"
"430","8495","8495","8495","1","1","1","13881","13881","13881","1","1","1","13979","13979","13979","1","1","1","14271","14271","14271","1","1","1","14255","14255","14255","1","1","1","14313","14313","14313","1","1","1"
"431","8497","8497","8497","1","1","1","13883","13883","13883","1","1","1","13981","13981","13981","1","1","1","14273","14273","14273","1","1","1","14257","14257","14257","1","1","1","14315","14315","14315","1","1","1"
"432","8653","8653","8653","0.8","0.8","0.8","14042","14042","14042","1","1","1","14141","14141","14141","0.8","0.8","0.8","14431","14431","14431","1","1","1","14421","14421","14421","1","1","1","14475","14475","14475","0.8","0.8","0.8"
"433","8655","8655","8655","1","1","1","14044","14044","14044","1","1","1","14143","14143","14143","1","1","1","14433","14433","14433","1","1","1","14423","14423","14423","1","1","1","14477","14477","14477","1","1","1"
"434","8657","8657","8657","1","1","1","14046","14046","14046","1","1","1","14145","14145","14145","1","1","1","14435","14435","14435","1","1","1","14425","14425","14425","0.8","0.8","0.8","14479","14479","14479","1","1","1"
"435","8659","8659","8659","1","1","1","14048","14048","14048","1","1","1","14147","14147","14147","1","1","1","14437","14437","14437","1","1","1","14427","14427","14427","1","1","1","14481","14481","14481","1","1","1"
"436","8661","8661","8661","1","1","1","14050","14050","14050","1","1","1","14149","14149","14149","1","1","1","14439","14439","14439","1","1","1","14429","14429","14429","1","1","1","14483","14483","14483","1","1","1"
"437","8663","8663","8663","1","1","1","14052","14052","14052","1","1","1","14151","14151","14151","1","1","1","14441","14441","14441","1","1","1","14431","14431","14431","1","1","1","14485","14485","14485","1","1","1"
"438","8665","8665","8665","1","1","1","14054","14054","14054","1","1","1","14153","14153","14153","1","1","1","14443","14443","14443","1","1","1","14433","14433","14433","1","1","1","14487","14487","14487","1","1","1"
"439","8667","8667","8667","1","1","1","14056","14056","14056","1","1","1","14155","14155","14155","1","1","1","14445","14445","14445","1","1","1","14435","14435","14435","1","1","1","14489","14489","14489","1","1","1"
"440","8669","8669","8669","1","1","1","14058","14058","14058","1","1","1","14157","14157","14157","1","1","1","14447","14447","14447","1","1","1","14437","14437","14437","1","1","1","14491","14491","14491","1","1","1"
"441","8815","8815","8815","0.8","0.8","0.8","14223","14223","14223","0.8","0.8","0.8","14320","14320","14320","1","1","1","14607","14607","14607","1","1","1","14602","14602","14602","0.8","0.8","0.8","14652","14652","14652","0.8","0.8","0.8"
"442","8817","8817","8817","1","1","1","14225","14225","14225","1","1","1","14322","14322","14322","1","1","1","14609","14609","14609","1","1","1","14604","14604","14604","1","1","1","14654","14654","14654","1","1","1"
"443","8819","8819","8819","1","1","1","14227","14227","14227","1","1","1","14324","14324","14324","1","1","1","14611","14611","14611","1","1","1","14606","14606","14606","0.8","0.8","0.8","14656","14656","14656","0.8","0.8","0.8"
"444","8821","8821","8821","1","1","1","14229","14229","14229","1","1","1","14326","14326","14326","1","1","1","14613","14613","14613","1","1","1","14608","14608","14608","1","1","1","14658","14658","14658","1","1","1"
"445","8823","8823","8823","1","1","1","14231","14231","14231","1","1","1","14328","14328","14328","1","1","1","14615","14615","14615","1","1","1","14610","14610","14610","1","1","1","14660","14660","14660","1","1","1"
"446","8825","8825","8825","1","1","1","14233","14233","14233","1","1","1","14330","14330","14330","1","1","1","14617","14617","14617","1","1","1","14612","14612","14612","1","1","1","14662","14662","14662","1","1","1"
"447","8827","8827","8827","1","1","1","14235","14235","14235","1","1","1","14332","14332","14332","1","1","1","14619","14619","14619","1","1","1","14614","14614","14614","1","1","1","14664","14664","14664","1","1","1"
"448","8829","8829","8829","1","1","1","14237","14237","14237","1","1","1","14334","14334","14334","1","1","1","14621","14621","14621","1","1","1","14616","14616","14616","1","1","1","14666","14666","14666","1","1","1"
"449","8831","8831","8831","1","1","1","14239","14239","14239","1","1","1","14336","14336","14336","1","1","1","14623","14623","14623","1","1","1","14618","14618","14618","1","1","1","14668","14668","14668","1","1","1"
"450","8991","8991","8991","0.8","0.8","0.8","14398","14398","14398","1","1","1","14493","14493","14493","0.8","0.8","0.8","14780","14780","14780","1","1","1","14780","14780","14780","1","1","1","14830","14830","14830","0.8","0.8","0.8"
"451","8993","8993","8993","1","1","1","14400","14400","14400","1","1","1","14495","14495","14495","1","1","1","14782","14782","14782","1","1","1","14782","14782","14782","1","1","1","14832","14832","14832","1","1","1"
"452","8995","8995","8995","1","1","1","14402","14402","14402","1","1","1","14497","14497","14497","1","1","1","14784","14784","14784","1","1","1","14784","14784","14784","1","1","1","14834","14834","14834","0.8","0.8","0.8"
"453","8997","8997","8997","1","1","1","14404","14404","14404","1","1","1","14499","14499","14499","1","1","1","14786","14786","14786","1","1","1","14786","14786","14786","1","1","1","14836","14836","14836","1","1","1"
"454","8999","8999","8999","1","1","1","14406","14406","14406","1","1","1","14501","14501","14501","1","1","1","14788","14788","14788","1","1","1","14788","14788","14788","1","1","1","14838","14838","14838","1","1","1"
"455","9001","9001","9001","1","1","1","14408","14408","14408","1","1","1","14503","14503","14503","1","1","1","14790","14790","14790","1","1","1","14790","14790","14790","1","1","1","14840","14840","14840","1","1","1"
"456","9003","9003","9003","1","1","1","14410","14410","14410","1","1","1","14505","14505","14505","1","1","1","14792","14792","14792","1","1","1","14792","14792","14792","1","1","1","14842","14842","14842","1","1","1"
"457","9005","9005","9005","1","1","1","14412","14412","14412","1","1","1","14507","14507","14507","1","1","1","14794","14794","14794","1","1","1","14794","14794","14794","1","1","1","14844","14844","14844","1","1","1"
"458","9007","9007","9007","1","1","1","14414","14414","14414","1","1","1","14509","14509","14509","1","1","1","14796","14796","14796","1","1","1","14796","14796","14796","1","1","1","14846","14846","14846","1","1","1"
"459","9163","9163","9163","0.8","0.8","0.8","14573","14573","14573","1","1","1","14670","14670","14670","0.8","0.8","0.8","14954","14954","14954","1","1","1","14961","14961","14961","0.8","0.8","0.8","15007","15007","15007","0.8","0.8","0.8"
"460","9165","9165","9165","1","1","1","14575","14575","14575","1","1","1","14672","14672","14672","1","1","1","14956","14956","14956","1","1","1","14963","14963","14963","1","1","1","15009","15009","15009","1","1","1"
"461","9167","9167","9167","1","1","1","14577","14577","14577","1","1","1","14674","14674","14674","1","1","1","14958","14958","14958","1","1","1","14965","14965","14965","0.8","0.8","0.8","15011","15011","15011","0.8","0.8","0.8"
"462","9169","9169","9169","1","1","1","14579","14579","14579","1","1","1","14676","14676","14676","1","1","1","14960","14960","14960","1","1","1","14967","14967","14967","1","1","1","15013","15013","15013","1","1","1"
"463","9171","9171","9171","1","1","1","14581","14581","14581","1","1","1","14678","14678","14678","1","1","1","14962","14962","14962","1","1","1","14969","14969","14969","1","1","1","15015","15015","15015","1","1","1"
"464","9173","9173","9173","0.8","0.8","0.8","14583","14583","14583","1","1","1","14680","14680","14680","1","1","1","14964","14964","14964","1","1","1","14971","14971","14971","1","1","1","15017","15017","15017","1","1","1"
"465","9175","9175","9175","1","1","1","14585","14585","14585","1","1","1","14682","14682","14682","1","1","1","14966","14966","14966","1","1","1","14973","14973","14973","1","1","1","15019","15019","15019","1","1","1"
"466","9177","9177","9177","1","1","1","14587","14587","14587","1","1","1","14684","14684","14684","1","1","1","14968","14968","14968","1","1","1","14975","14975","14975","1","1","1","15021","15021","15021","1","1","1"
"467","9179","9179","9179","1","1","1","14589","14589","14589","1","1","1","14686","14686","14686","1","1","1","14970","14970","14970","1","1","1","14977","14977","14977","1","1","1","15023","15023","15023","1","1","1"
"468","9325","9325","9325","0.8","0.8","0.8","14750","14750","14750","0.8","0.8","0.8","14848","14848","14848","0.8","0.8","0.8","15129","15129","15129","1","1","1","15138","15138","15138","0.8","0.8","0.8","15181","15181","15181","0.8","0.8","0.8"
"469","9327","9327","9327","1","1","1","14752","14752","14752","1","1","1","14850","14850","14850","1","1","1","15131","15131","15131","1","1","1","15140","15140","15140","1","1","1","15183","15183","15183","1","1","1"
"470","9329","9329","9329","1","1","1","14754","14754","14754","1","1","1","14852","14852","14852","1","1","1","15133","15133","15133","1","1","1","15142","15142","15142","1","1","1","15185","15185","15185","1","1","1"
"471","9331","9331","9331","1","1","1","14756","14756","14756","1","1","1","14854","14854","14854","1","1","1","15135","15135","15135","1","1","1","15144","15144","15144","1","1","1","15187","15187","15187","1","1","1"
"472","9333","9333","9333","1","1","1","14758","14758","14758","1","1","1","14856","14856","14856","1","1","1","15137","15137","15137","1","1","1","15146","15146","15146","1","1","1","15189","15189","15189","1","1","1"
"473","9335","9335","9335","1","1","1","14760","14760","14760","1","1","1","14858","14858","14858","1","1","1","15139","15139","15139","1","1","1","15148","15148","15148","1","1","1","15191","15191","15191","1","1","1"
"474","9337","9337","9337","1","1","1","14762","14762","14762","1","1","1","14860","14860","14860","1","1","1","15141","15141","15141","1","1","1","15150","15150","15150","1","1","1","15193","15193","15193","1","1","1"
"475","9339","9339","9339","1","1","1","14764","14764","14764","1","1","1","14862","14862","14862","1","1","1","15143","15143","15143","1","1","1","15152","15152","15152","1","1","1","15195","15195","15195","1","1","1"
"476","9341","9341","9341","1","1","1","14766","14766","14766","1","1","1","14864","14864","14864","1","1","1","15145","15145","15145","1","1","1","15154","15154","15154","1","1","1","15197","15197","15197","1","1","1"
"477","9497","9497","9497","0.8","0.8","0.8","14923","14923","14923","0.9","0.9","0.9","15029","15029","15029","0.8","0.8","0.8","15309","15309","15309","1","1","1","15316","15316","15316","1","1","1","15356","15356","15356","1","1","1"
"478","9499","9499","9499","1","1","1","14925","14925","14925","1","1","1","15031","15031","15031","1","1","1","15311","15311","15311","1","1","1","15318","15318","15318","1","1","1","15358","15358","15358","1","1","1"
"479","9501","9501","9501","1","1","1","14927","14927","14927","1","1","1","15033","15033","15033","1","1","1","15313","15313","15313","1","1","1","15320","15320","15320","0.8","0.8","0.8","15360","15360","15360","0.8","0.8","0.8"
"480","9503","9503","9503","1","1","1","14929","14929","14929","1","1","1","15035","15035","15035","1","1","1","15315","15315","15315","0.8","0.8","0.8","15322","15322","15322","1","1","1","15362","15362","15362","1","1","1"
"481","9505","9505","9505","1","1","1","14931","14931","14931","1","1","1","15037","15037","15037","1","1","1","15317","15317","15317","1","1","1","15324","15324","15324","1","1","1","15364","15364","15364","0.8","0.8","0.8"
"482","9507","9507","9507","1","1","1","14933","14933","14933","1","1","1","15039","15039","15039","1","1","1","15319","15319","15319","1","1","1","15326","15326","15326","1","1","1","15366","15366","15366","1","1","1"
"483","9509","9509","9509","1","1","1","14935","14935","14935","1","1","1","15041","15041","15041","1","1","1","15321","15321","15321","1","1","1","15328","15328","15328","1","1","1","15368","15368","15368","1","1","1"
"484","9511","9511","9511","1","1","1","14937","14937","14937","1","1","1","15043","15043","15043","1","1","1","15323","15323","15323","1","1","1","15330","15330","15330","0.8","0.8","0.8","15370","15370","15370","1","1","1"
"485","9513","9513","9513","1","1","1","14939","14939","14939","1","1","1","15045","15045","15045","1","1","1","15325","15325","15325","1","1","1","15332","15332","15332","1","1","1","15372","15372","15372","1","1","1"
"486","9659","9659","9659","0.8","0.8","0.8","15103","15103","15103","0.8","0.8","0.8","15201","15201","15201","0.8","0.8","0.8","15481","15481","15481","1","1","1","15497","15497","15497","0.8","0.8","0.8","15530","15530","15530","1","1","1"
"487","9661","9661","9661","1","1","1","15105","15105","15105","1","1","1","15203","15203","15203","1","1","1","15483","15483","15483","1","1","1","15499","15499","15499","1","1","1","15532","15532","15532","1","1","1"
"488","9663","9663","9663","1","1","1","15107","15107","15107","1","1","1","15205","15205","15205","1","1","1","15485","15485","15485","1","1","1","15501","15501","15501","1","1","1","15534","15534","15534","0.8","0.8","0.8"
"489","9665","9665","9665","1","1","1","15109","15109","15109","1","1","1","15207","15207","15207","1","1","1","15487","15487","15487","1","1","1","15503","15503","15503","0.8","0.8","0.8","15536","15536","15536","1","1","1"
"490","9667","9667","9667","1","1","1","15111","15111","15111","1","1","1","15209","15209","15209","1","1","1","15489","15489","15489","1","1","1","15505","15505","15505","1","1","1","15538","15538","15538","0.8","0.8","0.8"
"491","9669","9669","9669","1","1","1","15113","15113","15113","1","1","1","15211","15211","15211","1","1","1","15491","15491","15491","1","1","1","15507","15507","15507","1","1","1","15540","15540","15540","0.8","0.8","0.8"
"492","9671","9671","9671","1","1","1","15115","15115","15115","1","1","1","15213","15213","15213","1","1","1","15493","15493","15493","1","1","1","15509","15509","15509","1","1","1","15542","15542","15542","1","1","1"
"493","9673","9673","9673","1","1","1","15117","15117","15117","1","1","1","15215","15215","15215","1","1","1","15495","15495","15495","1","1","1","15511","15511","15511","1","1","1","15544","15544","15544","1","1","1"
"494","9675","9675","9675","1","1","1","15119","15119","15119","1","1","1","15217","15217","15217","1","1","1","15497","15497","15497","1","1","1","15513","15513","15513","1","1","1","15546","15546","15546","1","1","1"
"495","9831","9831","9831","0.8","0.8","0.8","15278","15278","15278","1","1","1","15376","15376","15376","0.8","0.8","0.8","15655","15655","15655","0.8","0.8","0.8","15671","15671","15671","0.8","0.8","0.8","15709","15709","15709","1","1","1"
"496","9833","9833","9833","1","1","1","15280","15280","15280","0.8","0.8","0.8","15378","15378","15378","1","1","1","15657","15657","15657","1","1","1","15673","15673","15673","1","1","1","15711","15711","15711","1","1","1"
"497","9835","9835","9835","1","1","1","15282","15282","15282","1","1","1","15380","15380","15380","1","1","1","15659","15659","15659","1","1","1","15675","15675","15675","1","1","1","15713","15713","15713","0.8","0.8","0.8"
"498","9837","9837","9837","1","1","1","15284","15284","15284","0.8","0.8","0.8","15382","15382","15382","1","1","1","15661","15661","15661","0.8","0.8","0.8","15677","15677","15677","1","1","1","15715","15715","15715","1","1","1"
"499","9839","9839","9839","1","1","1","15286","15286","15286","1","1","1","15384","15384","15384","1","1","1","15663","15663","15663","1","1","1","15679","15679","15679","1","1","1","15717","15717","15717","1","1","1"
"500","9841","9841","9841","1","1","1","15288","15288","15288","1","1","1","15386","15386","15386","1","1","1","15665","15665","15665","1","1","1","15681","15681","15681","1","1","1","15719","15719","15719","1","1","1"
"501","9843","9843","9843","1","1","1","15290","15290","15290","1","1","1","15388","15388","15388","1","1","1","15667","15667","15667","1","1","1","15683","15683","15683","1","1","1","15721","15721","15721","1","1","1"
"502","9845","9845","9845","1","1","1","15292","15292","15292","1","1","1","15390","15390","15390","1","1","1","15669","15669","15669","1","1","1","15685","15685","15685","1","1","1","15723","15723","15723","1","1","1"
"503","9847","9847","9847","1","1","1","15294","15294","15294","1","1","1","15392","15392","15392","1","1","1","15671","15671","15671","1","1","1","15687","15687","15687","1","1","1","15725","15725","15725","1","1","1"
"504","9993","9993","9993","0.8","0.8","0.8","15456","15456","15456","0.8","0.8","0.8","15550","15550","15550","0.8","0.8","0.8","15835","15835","15835","1","1","1","15850","15850","15850","1","1","1","15887","15887","15887","0.8","0.8","0.8"
"505","9995","9995","9995","1","1","1","15458","15458","15458","1","1","1","15552","15552","15552","1","1","1","15837","15837","15837","1","1","1","15852","15852","15852","1","1","1","15889","15889","15889","0.8","0.8","0.8"
"506","9997","9997","9997","1","1","1","15460","15460","15460","1","1","1","15554","15554","15554","0.8","0.8","0.8","15839","15839","15839","1","1","1","15854","15854","15854","1","1","1","15891","15891","15891","0.8","0.8","0.8"
"507","9999","9999","9999","1","1","1","15462","15462","15462","1","1","1","15556","15556","15556","1","1","1","15841","15841","15841","1","1","1","15856","15856","15856","1","1","1","15893","15893","15893","1","1","1"
"508","10001","10001","10001","1","1","1","15464","15464","15464","1","1","1","15558","15558","15558","1","1","1","15843","15843","15843","1","1","1","15858","15858","15858","1","1","1","15895","15895","15895","1","1","1"
"509","10003","10003","10003","1","1","1","15466","15466","15466","1","1","1","15560","15560","15560","1","1","1","15845","15845","15845","1","1","1","15860","15860","15860","1","1","1","15897","15897","15897","1","1","1"
"510","10005","10005","10005","1","1","1","15468","15468","15468","1","1","1","15562","15562","15562","1","1","1","15847","15847","15847","1","1","1","15862","15862","15862","1","1","1","15899","15899","15899","1","1","1"
"511","10007","10007","10007","1","1","1","15470","15470","15470","1","1","1","15564","15564","15564","1","1","1","15849","15849","15849","1","1","1","15864","15864","15864","1","1","1","15901","15901","15901","1","1","1"
"512","10009","10009","10009","1","1","1","15472","15472","15472","1","1","1","15566","15566","15566","1","1","1","15851","15851","15851","1","1","1","15866","15866","15866","1","1","1","15903","15903","15903","1","1","1"
"513","10163","10163","10163","0.8","0.8","0.8","15631","15631","15631","0.8","0.8","0.8","15727","15727","15727","0.8","0.8","0.8","16008","16008","16008","1","1","1","16025","16025","16025","0.8","0.8","0.8","16072","16072","16072","0.8","0.8","0.8"
"514","10165","10165","10165","1","1","1","15633","15633","15633","1","1","1","15729","15729","15729","1","1","1","16010","16010","16010","1","1","1","16027","16027","16027","1","1","1","16074","16074","16074","1","1","1"
"515","10167","10167","10167","1","1","1","15635","15635","15635","1","1","1","15731","15731","15731","1","1","1","16012","16012","16012","1","1","1","16029","16029","16029","1","1","1","16076","16076","16076","1","1","1"
"516","10169","10169","10169","1","1","1","15637","15637","15637","1","1","1","15733","15733","15733","1","1","1","16014","16014","16014","1","1","1","16031","16031","16031","1","1","1","16078","16078","16078","1","1","1"
"517","10171","10171","10171","1","1","1","15639","15639","15639","1","1","1","15735","15735","15735","1","1","1","16016","16016","16016","1","1","1","16033","16033","16033","1","1","1","16080","16080","16080","1","1","1"
"518","10173","10173","10173","1","1","1","15641","15641","15641","1","1","1","15737","15737","15737","1","1","1","16018","16018","16018","1","1","1","16035","16035","16035","1","1","1","16082","16082","16082","0.8","0.8","0.8"
"519","10175","10175","10175","1","1","1","15643","15643","15643","1","1","1","15739","15739","15739","1","1","1","16020","16020","16020","1","1","1","16037","16037","16037","1","1","1","16084","16084","16084","1","1","1"
"520","10177","10177","10177","1","1","1","15645","15645","15645","1","1","1","15741","15741","15741","1","1","1","16022","16022","16022","1","1","1","16039","16039","16039","1","1","1","16086","16086","16086","0.9","0.9","0.9"
"521","10179","10179","10179","1","1","1","15647","15647","15647","1","1","1","15743","15743","15743","1","1","1","16024","16024","16024","1","1","1","16041","16041","16041","1","1","1","16088","16088","16088","1","1","1"
"522","10335","10335","10335","0.8","0.8","0.8","15805","15805","15805","0.8","0.8","0.8","15909","15909","15909","0.8","0.8","0.8","16184","16184","16184","1","1","1","16198","16198","16198","0.8","0.8","0.8","16248","16248","16248","0.8","0.8","0.8"
"523","10337","10337","10337","1","1","1","15807","15807","15807","1","1","1","15911","15911","15911","1","1","1","16186","16186","16186","1","1","1","16200","16200","16200","1","1","1","16250","16250","16250","1","1","1"
"524","10339","10339","10339","1","1","1","15809","15809","15809","1","1","1","15913","15913","15913","1","1","1","16188","16188","16188","1","1","1","16202","16202","16202","1","1","1","16252","16252","16252","1","1","1"
"525","10341","10341","10341","1","1","1","15811","15811","15811","1","1","1","15915","15915","15915","1","1","1","16190","16190","16190","1","1","1","16204","16204","16204","1","1","1","16254","16254","16254","1","1","1"
"526","10343","10343","10343","1","1","1","15813","15813","15813","1","1","1","15917","15917","15917","1","1","1","16192","16192","16192","1","1","1","16206","16206","16206","1","1","1","16256","16256","16256","0.8","0.8","0.8"
"527","10345","10345","10345","1","1","1","15815","15815","15815","1","1","1","15919","15919","15919","1","1","1","16194","16194","16194","1","1","1","16208","16208","16208","1","1","1","16258","16258","16258","1","1","1"
"528","10347","10347","10347","1","1","1","15817","15817","15817","1","1","1","15921","15921","15921","1","1","1","16196","16196","16196","1","1","1","16210","16210","16210","1","1","1","16260","16260","16260","1","1","1"
"529","10349","10349","10349","1","1","1","15819","15819","15819","1","1","1","15923","15923","15923","1","1","1","16198","16198","16198","1","1","1","16212","16212","16212","1","1","1","16262","16262","16262","1","1","1"
"530","10351","10351","10351","1","1","1","15821","15821","15821","1","1","1","15925","15925","15925","1","1","1","16200","16200","16200","1","1","1","16214","16214","16214","1","1","1","16264","16264","16264","1","1","1"
"531","10499","10499","10499","0.8","0.8","0.8","15982","15982","15982","1","1","1","16088","16088","16088","0.8","0.8","0.8","16363","16363","16363","1","1","1","16374","16374","16374","0.8","0.8","0.8","16428","16428","16428","0.8","0.8","0.8"
"532","10501","10501","10501","1","1","1","15984","15984","15984","1","1","1","16090","16090","16090","1","1","1","16365","16365","16365","1","1","1","16376","16376","16376","1","1","1","16430","16430","16430","1","1","1"
"533","10503","10503","10503","1","1","1","15986","15986","15986","1","1","1","16092","16092","16092","1","1","1","16367","16367","16367","1","1","1","16378","16378","16378","1","1","1","16432","16432","16432","1","1","1"
"534","10505","10505","10505","1","1","1","15988","15988","15988","1","1","1","16094","16094","16094","1","1","1","16369","16369","16369","1","1","1","16380","16380","16380","1","1","1","16434","16434","16434","1","1","1"
"535","10507","10507","10507","1","1","1","15990","15990","15990","1","1","1","16096","16096","16096","1","1","1","16371","16371","16371","1","1","1","16382","16382","16382","1","1","1","16436","16436","16436","1","1","1"
"536","10509","10509","10509","1","1","1","15992","15992","15992","1","1","1","16098","16098","16098","1","1","1","16373","16373","16373","1","1","1","16384","16384","16384","1","1","1","16438","16438","16438","1","1","1"
"537","10511","10511","10511","1","1","1","15994","15994","15994","1","1","1","16100","16100","16100","1","1","1","16375","16375","16375","1","1","1","16386","16386","16386","1","1","1","16440","16440","16440","1","1","1"
"538","10513","10513","10513","1","1","1","15996","15996","15996","1","1","1","16102","16102","16102","1","1","1","16377","16377","16377","0.9","0.9","0.9","16388","16388","16388","1","1","1","16442","16442","16442","1","1","1"
"539","10515","10515","10515","1","1","1","15998","15998","15998","1","1","1","16104","16104","16104","1","1","1","16379","16379","16379","1","1","1","16390","16390","16390","1","1","1","16444","16444","16444","1","1","1"
"540","10671","10671","10671","0.8","0.8","0.8","16163","16163","16163","0.8","0.8","0.8","16268","16268","16268","1","1","1","16544","16544","16544","1","1","1","16551","16551","16551","0.8","0.8","0.8","16607","16607","16607","0.8","0.8","0.8"
"541","10673","10673","10673","1","1","1","16165","16165","16165","1","1","1","16270","16270","16270","1","1","1","16546","16546","16546","1","1","1","16553","16553","16553","1","1","1","16609","16609","16609","1","1","1"
"542","10675","10675","10675","1","1","1","16167","16167","16167","1","1","1","16272","16272","16272","1","1","1","16548","16548","16548","1","1","1","16555","16555","16555","1","1","1","16611","16611","16611","0.8","0.8","0.8"
"543","10677","10677","10677","1","1","1","16169","16169","16169","1","1","1","16274","16274","16274","1","1","1","16550","16550","16550","1","1","1","16557","16557","16557","0.8","0.8","0.8","16613","16613","16613","1","1","1"
"544","10679","10679","10679","1","1","1","16171","16171","16171","1","1","1","16276","16276","16276","1","1","1","16552","16552","16552","1","1","1","16559","16559","16559","1","1","1","16615","16615","16615","1","1","1"
"545","10681","10681","10681","1","1","1","16173","16173","16173","1","1","1","16278","16278","16278","1","1","1","16554","16554","16554","1","1","1","16561","16561","16561","1","1","1","16617","16617","16617","0.8","0.8","0.8"
"546","10683","10683","10683","1","1","1","16175","16175","16175","1","1","1","16280","16280","16280","1","1","1","16556","16556","16556","1","1","1","16563","16563","16563","1","1","1","16619","16619","16619","1","1","1"
"547","10685","10685","10685","1","1","1","16177","16177","16177","1","1","1","16282","16282","16282","1","1","1","16558","16558","16558","1","1","1","16565","16565","16565","1","1","1","16621","16621","16621","1","1","1"
"548","10687","10687","10687","1","1","1","16179","16179","16179","1","1","1","16284","16284","16284","1","1","1","16560","16560","16560","1","1","1","16567","16567","16567","1","1","1","16623","16623","16623","1","1","1"
"549","10833","10833","10833","0.8","0.8","0.8","16338","16338","16338","1","1","1","16448","16448","16448","1","1","1","16723","16723","16723","1","1","1","16725","16725","16725","0.8","0.8","0.8","16783","16783","16783","1","1","1"
"550","10835","10835","10835","1","1","1","16340","16340","16340","1","1","1","16450","16450","16450","1","1","1","16725","16725","16725","1","1","1","16727","16727","16727","1","1","1","16785","16785","16785","1","1","1"
"551","10837","10837","10837","1","1","1","16342","16342","16342","1","1","1","16452","16452","16452","1","1","1","16727","16727","16727","1","1","1","16729","16729","16729","1","1","1","16787","16787","16787","0.8","0.8","0.8"
"552","10839","10839","10839","1","1","1","16344","16344","16344","1","1","1","16454","16454","16454","1","1","1","16729","16729","16729","1","1","1","16731","16731","16731","1","1","1","16789","16789","16789","1","1","1"
"553","10841","10841","10841","1","1","1","16346","16346","16346","1","1","1","16456","16456","16456","1","1","1","16731","16731","16731","1","1","1","16733","16733","16733","1","1","1","16791","16791","16791","1","1","1"
"554","10843","10843","10843","1","1","1","16348","16348","16348","1","1","1","16458","16458","16458","1","1","1","16733","16733","16733","1","1","1","16735","16735","16735","1","1","1","16793","16793","16793","1","1","1"
"555","10845","10845","10845","1","1","1","16350","16350","16350","1","1","1","16460","16460","16460","1","1","1","16735","16735","16735","1","1","1","16737","16737","16737","1","1","1","16795","16795","16795","1","1","1"
"556","10847","10847","10847","1","1","1","16352","16352","16352","1","1","1","16462","16462","16462","1","1","1","16737","16737","16737","1","1","1","16739","16739","16739","1","1","1","16797","16797","16797","1","1","1"
"557","10849","10849","10849","1","1","1","16354","16354","16354","1","1","1","16464","16464","16464","0.8","0.8","0.8","16739","16739","16739","1","1","1","16741","16741","16741","1","1","1","16799","16799","16799","1","1","1"
"558","11005","11005","11005","0.8","0.8","0.8","16517","16517","16517","1","1","1","16624","16624","16624","0.8","0.8","0.8","16901","16901","16901","1","1","1","16900","16900","16900","1","1","1","16964","16964","16964","0.8","0.8","0.8"
"559","11007","11007","11007","1","1","1","16519","16519","16519","1","1","1","16626","16626","16626","1","1","1","16903","16903","16903","1","1","1","16902","16902","16902","1","1","1","16966","16966","16966","1","1","1"
"560","11009","11009","11009","1","1","1","16521","16521","16521","1","1","1","16628","16628","16628","1","1","1","16905","16905","16905","1","1","1","16904","16904","16904","1","1","1","16968","16968","16968","0.8","0.8","0.8"
"561","11011","11011","11011","1","1","1","16523","16523","16523","0.8","0.8","0.8","16630","16630","16630","1","1","1","16907","16907","16907","1","1","1","16906","16906","16906","1","1","1","16970","16970","16970","1","1","1"
"562","11013","11013","11013","1","1","1","16525","16525","16525","1","1","1","16632","16632","16632","1","1","1","16909","16909","16909","1","1","1","16908","16908","16908","1","1","1","16972","16972","16972","1","1","1"
"563","11015","11015","11015","1","1","1","16527","16527","16527","1","1","1","16634","16634","16634","1","1","1","16911","16911","16911","1","1","1","16910","16910","16910","1","1","1","16974","16974","16974","1","1","1"
"564","11017","11017","11017","1","1","1","16529","16529","16529","1","1","1","16636","16636","16636","1","1","1","16913","16913","16913","1","1","1","16912","16912","16912","1","1","1","16976","16976","16976","1","1","1"
"565","11019","11019","11019","1","1","1","16531","16531","16531","1","1","1","16638","16638","16638","1","1","1","16915","16915","16915","1","1","1","16914","16914","16914","1","1","1","16978","16978","16978","1","1","1"
"566","11021","11021","11021","1","1","1","16533","16533","16533","1","1","1","16640","16640","16640","1","1","1","16917","16917","16917","1","1","1","16916","16916","16916","1","1","1","16980","16980","16980","1","1","1"
"567","11171","11171","11171","0.8","0.8","0.8","16693","16693","16693","1","1","1","16801","16801","16801","0.8","0.8","0.8","17078","17078","17078","1","1","1","17075","17075","17075","1","1","1","17142","17142","17142","0.8","0.8","0.8"
"568","11173","11173","11173","1","1","1","16695","16695","16695","0.8","0.8","0.8","16803","16803","16803","1","1","1","17080","17080","17080","1","1","1","17077","17077","17077","1","1","1","17144","17144","17144","1","1","1"
"569","11175","11175","11175","1","1","1","16697","16697","16697","1","1","1","16805","16805","16805","1","1","1","17082","17082","17082","1","1","1","17079","17079","17079","1","1","1","17146","17146","17146","0.8","0.8","0.8"
"570","11177","11177","11177","1","1","1","16699","16699","16699","0.8","0.8","0.8","16807","16807","16807","1","1","1","17084","17084","17084","1","1","1","17081","17081","17081","1","1","1","17148","17148","17148","1","1","1"
"571","11179","11179","11179","1","1","1","16701","16701","16701","1","1","1","16809","16809","16809","1","1","1","17086","17086","17086","1","1","1","17083","17083","17083","1","1","1","17150","17150","17150","1","1","1"
"572","11181","11181","11181","1","1","1","16703","16703","16703","1","1","1","16811","16811","16811","1","1","1","17088","17088","17088","0.8","0.8","0.8","17085","17085","17085","1","1","1","17152","17152","17152","1","1","1"
"573","11183","11183","11183","1","1","1","16705","16705","16705","1","1","1","16813","16813","16813","1","1","1","17090","17090","17090","1","1","1","17087","17087","17087","1","1","1","17154","17154","17154","1","1","1"
"574","11185","11185","11185","1","1","1","16707","16707","16707","1","1","1","16815","16815","16815","1","1","1","17092","17092","17092","1","1","1","17089","17089","17089","1","1","1","17156","17156","17156","1","1","1"
"575","11187","11187","11187","1","1","1","16709","16709","16709","1","1","1","16817","16817","16817","1","1","1","17094","17094","17094","1","1","1","17091","17091","17091","1","1","1","17158","17158","17158","1","1","1"
"576","11343","11343","11343","0.8","0.8","0.8","16870","16870","16870","1","1","1","16975","16975","16975","1","1","1","17253","17253","17253","1","1","1","17251","17251","17251","0.8","0.8","0.8","17317","17317","17317","1","1","1"
"577","11345","11345","11345","1","1","1","16872","16872","16872","1","1","1","16977","16977","16977","1","1","1","17255","17255","17255","1","1","1","17253","17253","17253","1","1","1","17319","17319","17319","1","1","1"
"578","11347","11347","11347","1","1","1","16874","16874","16874","1","1","1","16979","16979","16979","1","1","1","17257","17257","17257","1","1","1","17255","17255","17255","1","1","1","17321","17321","17321","1","1","1"
"579","11349","11349","11349","1","1","1","16876","16876","16876","1","1","1","16981","16981","16981","1","1","1","17259","17259","17259","1","1","1","17257","17257","17257","1","1","1","17323","17323","17323","1","1","1"
"580","11351","11351","11351","1","1","1","16878","16878","16878","1","1","1","16983","16983","16983","1","1","1","17261","17261","17261","1","1","1","17259","17259","17259","1","1","1","17325","17325","17325","1","1","1"
"581","11353","11353","11353","1","1","1","16880","16880","16880","1","1","1","16985","16985","16985","1","1","1","17263","17263","17263","1","1","1","17261","17261","17261","1","1","1","17327","17327","17327","1","1","1"
"582","11355","11355","11355","1","1","1","16882","16882","16882","1","1","1","16987","16987","16987","1","1","1","17265","17265","17265","1","1","1","17263","17263","17263","1","1","1","17329","17329","17329","1","1","1"
"583","11357","11357","11357","1","1","1","16884","16884","16884","1","1","1","16989","16989","16989","1","1","1","17267","17267","17267","1","1","1","17265","17265","17265","1","1","1","17331","17331","17331","1","1","1"
"584","11359","11359","11359","1","1","1","16886","16886","16886","1","1","1","16991","16991","16991","1","1","1","17269","17269","17269","1","1","1","17267","17267","17267","1","1","1","17333","17333","17333","1","1","1"
"585","11517","11517","11517","0.8","0.8","0.8","17043","17043","17043","1","1","1","17149","17149","17149","1","1","1","17426","17426","17426","1","1","1","17425","17425","17425","0.8","0.8","0.8","17490","17490","17490","0.8","0.8","0.8"
"586","11519","11519","11519","1","1","1","17045","17045","17045","1","1","1","17151","17151","17151","1","1","1","17428","17428","17428","1","1","1","17427","17427","17427","1","1","1","17492","17492","17492","1","1","1"
"587","11521","11521","11521","1","1","1","17047","17047","17047","1","1","1","17153","17153","17153","1","1","1","17430","17430","17430","1","1","1","17429","17429","17429","1","1","1","17494","17494","17494","0.8","0.8","0.8"
"588","11523","11523","11523","1","1","1","17049","17049","17049","1","1","1","17155","17155","17155","1","1","1","17432","17432","17432","1","1","1","17431","17431","17431","1","1","1","17496","17496","17496","1","1","1"
"589","11525","11525","11525","1","1","1","17051","17051","17051","1","1","1","17157","17157","17157","1","1","1","17434","17434","17434","1","1","1","17433","17433","17433","1","1","1","17498","17498","17498","1","1","1"
"590","11527","11527","11527","1","1","1","17053","17053","17053","1","1","1","17159","17159","17159","1","1","1","17436","17436","17436","0.8","0.8","0.8","17435","17435","17435","1","1","1","17500","17500","17500","0.8","0.8","0.8"
"591","11529","11529","11529","1","1","1","17055","17055","17055","1","1","1","17161","17161","17161","1","1","1","17438","17438","17438","1","1","1","17437","17437","17437","1","1","1","17502","17502","17502","1","1","1"
"592","11531","11531","11531","1","1","1","17057","17057","17057","1","1","1","17163","17163","17163","1","1","1","17440","17440","17440","1","1","1","17439","17439","17439","1","1","1","17504","17504","17504","1","1","1"
"593","11533","11533","11533","1","1","1","17059","17059","17059","0.9","0.9","0.9","17165","17165","17165","1","1","1","17442","17442","17442","1","1","1","17441","17441","17441","1","1","1","17506","17506","17506","0.8","0.8","0.8"
"594","11679","11679","11679","0.8","0.8","0.8","17220","17220","17220","1","1","1","17322","17322","17322","0.8","0.8","0.8","17601","17601","17601","1","1","1","17598","17598","17598","0.8","0.8","0.8","17669","17669","17669","0.8","0.8","0.8"
"595","11681","11681","11681","1","1","1","17222","17222","17222","1","1","1","17324","17324","17324","1","1","1","17603","17603","17603","1","1","1","17600","17600","17600","1","1","1","17671","17671","17671","1","1","1"
"596","11683","11683","11683","1","1","1","17224","17224","17224","1","1","1","17326","17326","17326","1","1","1","17605","17605","17605","1","1","1","17602","17602","17602","1","1","1","17673","17673","17673","1","1","1"
"597","11685","11685","11685","1","1","1","17226","17226","17226","1","1","1","17328","17328","17328","1","1","1","17607","17607","17607","1","1","1","17604","17604","17604","1","1","1","17675","17675","17675","1","1","1"
"598","11687","11687","11687","1","1","1","17228","17228","17228","1","1","1","17330","17330","17330","1","1","1","17609","17609","17609","1","1","1","17606","17606","17606","1","1","1","17677","17677","17677","1","1","1"
"599","11689","11689","11689","1","1","1","17230","17230","17230","1","1","1","17332","17332","17332","1","1","1","17611","17611","17611","1","1","1","17608","17608","17608","1","1","1","17679","17679","17679","1","1","1"
"600","11691","11691","11691","1","1","1","17232","17232","17232","1","1","1","17334","17334","17334","1","1","1","17613","17613","17613","1","1","1","17610","17610","17610","1","1","1","17681","17681","17681","1","1","1"
"601","11693","11693","11693","1","1","1","17234","17234","17234","1","1","1","17336","17336","17336","1","1","1","17615","17615","17615","0.9","0.9","0.9","17612","17612","17612","1","1","1","17683","17683","17683","1","1","1"
"602","11695","11695","11695","1","1","1","17236","17236","17236","1","1","1","17338","17338","17338","1","1","1","17617","17617","17617","1","1","1","17614","17614","17614","1","1","1","17685","17685","17685","1","1","1"
"603","11851","11851","11851","0.8","0.8","0.8","17397","17397","17397","1","1","1","17502","17502","17502","0.8","0.8","0.8","17777","17777","17777","1","1","1","17772","17772","17772","1","1","1","17845","17845","17845","0.8","0.8","0.8"
"604","11853","11853","11853","1","1","1","17399","17399","17399","1","1","1","17504","17504","17504","1","1","1","17779","17779","17779","1","1","1","17774","17774","17774","1","1","1","17847","17847","17847","1","1","1"
"605","11855","11855","11855","1","1","1","17401","17401","17401","1","1","1","17506","17506","17506","1","1","1","17781","17781","17781","1","1","1","17776","17776","17776","1","1","1","17849","17849","17849","1","1","1"
"606","11857","11857","11857","1","1","1","17403","17403","17403","1","1","1","17508","17508","17508","1","1","1","17783","17783","17783","1","1","1","17778","17778","17778","1","1","1","17851","17851","17851","1","1","1"
"607","11859","11859","11859","1","1","1","17405","17405","17405","1","1","1","17510","17510","17510","1","1","1","17785","17785","17785","1","1","1","17780","17780","17780","1","1","1","17853","17853","17853","0.8","0.8","0.8"
"608","11861","11861","11861","1","1","1","17407","17407","17407","1","1","1","17512","17512","17512","1","1","1","17787","17787","17787","1","1","1","17782","17782","17782","1","1","1","17855","17855","17855","1","1","1"
"609","11863","11863","11863","1","1","1","17409","17409","17409","1","1","1","17514","17514","17514","1","1","1","17789","17789","17789","1","1","1","17784","17784","17784","1","1","1","17857","17857","17857","1","1","1"
"610","11865","11865","11865","1","1","1","17411","17411","17411","1","1","1","17516","17516","17516","1","1","1","17791","17791","17791","1","1","1","17786","17786","17786","1","1","1","17859","17859","17859","0.8","0.8","0.8"
"611","11867","11867","11867","1","1","1","17413","17413","17413","1","1","1","17518","17518","17518","0.8","0.8","0.8","17793","17793","17793","1","1","1","17788","17788","17788","1","1","1","17861","17861","17861","1","1","1"
"612","12015","12015","12015","0.8","0.8","0.8","17571","17571","17571","1","1","1","17677","17677","17677","1","1","1","17953","17953","17953","0.8","0.8","0.8","17952","17952","17952","0.9","0.9","0.9","18022","18022","18022","1","1","1"
"613","12017","12017","12017","1","1","1","17573","17573","17573","1","1","1","17679","17679","17679","1","1","1","17955","17955","17955","1","1","1","17954","17954","17954","1","1","1","18024","18024","18024","1","1","1"
"614","12019","12019","12019","1","1","1","17575","17575","17575","1","1","1","17681","17681","17681","1","1","1","17957","17957","17957","1","1","1","17956","17956","17956","1","1","1","18026","18026","18026","0.8","0.8","0.8"
"615","12021","12021","12021","1","1","1","17577","17577","17577","1","1","1","17683","17683","17683","1","1","1","17959","17959","17959","1","1","1","17958","17958","17958","1","1","1","18028","18028","18028","1","1","1"
"616","12023","12023","12023","1","1","1","17579","17579","17579","1","1","1","17685","17685","17685","1","1","1","17961","17961","17961","1","1","1","17960","17960","17960","1","1","1","18030","18030","18030","0.8","0.8","0.8"
"617","12025","12025","12025","1","1","1","17581","17581","17581","1","1","1","17687","17687","17687","1","1","1","17963","17963","17963","1","1","1","17962","17962","17962","1","1","1","18032","18032","18032","1","1","1"
"618","12027","12027","12027","1","1","1","17583","17583","17583","1","1","1","17689","17689","17689","1","1","1","17965","17965","17965","1","1","1","17964","17964","17964","1","1","1","18034","18034","18034","1","1","1"
"619","12029","12029","12029","1","1","1","17585","17585","17585","1","1","1","17691","17691","17691","1","1","1","17967","17967","17967","1","1","1","17966","17966","17966","1","1","1","18036","18036","18036","1","1","1"
"620","12031","12031","12031","1","1","1","17587","17587","17587","1","1","1","17693","17693","17693","1","1","1","17969","17969","17969","1","1","1","17968","17968","17968","1","1","1","18038","18038","18038","1","1","1"
"621","12189","12189","12189","0.8","0.8","0.8","17744","17744","17744","1","1","1","17852","17852","17852","1","1","1","18127","18127","18127","1","1","1","18130","18130","18130","1","1","1","18202","18202","18202","0.8","0.8","0.8"
"622","12191","12191","12191","1","1","1","17746","17746","17746","1","1","1","17854","17854","17854","1","1","1","18129","18129","18129","1","1","1","18132","18132","18132","1","1","1","18204","18204","18204","1","1","1"
"623","12193","12193","12193","1","1","1","17748","17748","17748","1","1","1","17856","17856","17856","1","1","1","18131","18131","18131","1","1","1","18134","18134","18134","1","1","1","18206","18206","18206","0.8","0.8","0.8"
"624","12195","12195","12195","1","1","1","17750","17750","17750","1","1","1","17858","17858","17858","1","1","1","18133","18133","18133","1","1","1","18136","18136","18136","1","1","1","18208","18208","18208","1","1","1"
"625","12197","12197","12197","1","1","1","17752","17752","17752","1","1","1","17860","17860","17860","1","1","1","18135","18135","18135","1","1","1","18138","18138","18138","1","1","1","18210","18210","18210","1","1","1"
"626","12199","12199","12199","1","1","1","17754","17754","17754","1","1","1","17862","17862","17862","1","1","1","18137","18137","18137","1","1","1","18140","18140","18140","1","1","1","18212","18212","18212","1","1","1"
"627","12201","12201","12201","1","1","1","17756","17756","17756","1","1","1","17864","17864","17864","1","1","1","18139","18139","18139","1","1","1","18142","18142","18142","1","1","1","18214","18214","18214","1","1","1"
"628","12203","12203","12203","1","1","1","17758","17758","17758","1","1","1","17866","17866","17866","1","1","1","18141","18141","18141","1","1","1","18144","18144","18144","1","1","1","18216","18216","18216","1","1","1"
"629","12205","12205","12205","1","1","1","17760","17760","17760","1","1","1","17868","17868","17868","1","1","1","18143","18143","18143","1","1","1","18146","18146","18146","1","1","1","18218","18218","18218","1","1","1"
"630","12359","12359","12359","0.8","0.8","0.8","17918","17918","17918","0.8","0.8","0.8","18028","18028","18028","1","1","1","18307","18307","18307","1","1","1","18306","18306","18306","1","1","1","18377","18377","18377","0.8","0.8","0.8"
"631","12361","12361","12361","1","1","1","17920","17920","17920","1","1","1","18030","18030","18030","1","1","1","18309","18309","18309","1","1","1","18308","18308","18308","1","1","1","18379","18379","18379","1","1","1"
"632","12363","12363","12363","1","1","1","17922","17922","17922","0.8","0.8","0.8","18032","18032","18032","1","1","1","18311","18311","18311","1","1","1","18310","18310","18310","1","1","1","18381","18381","18381","1","1","1"
"633","12365","12365","12365","1","1","1","17924","17924","17924","1","1","1","18034","18034","18034","1","1","1","18313","18313","18313","1","1","1","18312","18312","18312","1","1","1","18383","18383","18383","1","1","1"
"634","12367","12367","12367","1","1","1","17926","17926","17926","1","1","1","18036","18036","18036","1","1","1","18315","18315","18315","1","1","1","18314","18314","18314","1","1","1","18385","18385","18385","0.8","0.8","0.8"
"635","12369","12369","12369","1","1","1","17928","17928","17928","1","1","1","18038","18038","18038","1","1","1","18317","18317","18317","1","1","1","18316","18316","18316","1","1","1","18387","18387","18387","0.8","0.8","0.8"
"636","12371","12371","12371","1","1","1","17930","17930","17930","1","1","1","18040","18040","18040","1","1","1","18319","18319","18319","1","1","1","18318","18318","18318","1","1","1","18389","18389","18389","1","1","1"
"637","12373","12373","12373","1","1","1","17932","17932","17932","1","1","1","18042","18042","18042","1","1","1","18321","18321","18321","1","1","1","18320","18320","18320","1","1","1","18391","18391","18391","1","1","1"
"638","12375","12375","12375","1","1","1","17934","17934","17934","1","1","1","18044","18044","18044","1","1","1","18323","18323","18323","1","1","1","18322","18322","18322","1","1","1","18393","18393","18393","1","1","1"
"639","12523","12523","12523","0.8","0.8","0.8","18092","18092","18092","1","1","1","18203","18203","18203","1","1","1","18482","18482","18482","1","1","1","18483","18483","18483","1","1","1","18551","18551","18551","0.8","0.8","0.8"
"640","12525","12525","12525","1","1","1","18094","18094","18094","1","1","1","18205","18205","18205","1","1","1","18484","18484","18484","1","1","1","18485","18485","18485","1","1","1","18553","18553","18553","1","1","1"
"641","12527","12527","12527","1","1","1","18096","18096","18096","1","1","1","18207","18207","18207","1","1","1","18486","18486","18486","1","1","1","18487","18487","18487","1","1","1","18555","18555","18555","1","1","1"
"642","12529","12529","12529","1","1","1","18098","18098","18098","1","1","1","18209","18209","18209","1","1","1","18488","18488","18488","1","1","1","18489","18489","18489","1","1","1","18557","18557","18557","1","1","1"
"643","12531","12531","12531","1","1","1","18100","18100","18100","1","1","1","18211","18211","18211","1","1","1","18490","18490","18490","1","1","1","18491","18491","18491","1","1","1","18559","18559","18559","1","1","1"
"644","12533","12533","12533","1","1","1","18102","18102","18102","1","1","1","18213","18213","18213","1","1","1","18492","18492","18492","1","1","1","18493","18493","18493","1","1","1","18561","18561","18561","1","1","1"
"645","12535","12535","12535","1","1","1","18104","18104","18104","1","1","1","18215","18215","18215","1","1","1","18494","18494","18494","1","1","1","18495","18495","18495","1","1","1","18563","18563","18563","1","1","1"
"646","12537","12537","12537","1","1","1","18106","18106","18106","1","1","1","18217","18217","18217","1","1","1","18496","18496","18496","1","1","1","18497","18497","18497","1","1","1","18565","18565","18565","1","1","1"
"647","12539","12539","12539","1","1","1","18108","18108","18108","1","1","1","18219","18219","18219","1","1","1","18498","18498","18498","1","1","1","18499","18499","18499","1","1","1","18567","18567","18567","1","1","1"
"648","12693","12693","12693","0.8","0.8","0.8","18269","18269","18269","1","1","1","18385","18385","18385","0.8","0.8","0.8","18662","18662","18662","1","1","1","18661","18661","18661","0.8","0.8","0.8","18728","18728","18728","0.8","0.8","0.8"
"649","12695","12695","12695","1","1","1","18271","18271","18271","1","1","1","18387","18387","18387","1","1","1","18664","18664","18664","1","1","1","18663","18663","18663","1","1","1","18730","18730","18730","1","1","1"
"650","12697","12697","12697","1","1","1","18273","18273","18273","1","1","1","18389","18389","18389","1","1","1","18666","18666","18666","1","1","1","18665","18665","18665","1","1","1","18732","18732","18732","1","1","1"
"651","12699","12699","12699","1","1","1","18275","18275","18275","1","1","1","18391","18391","18391","1","1","1","18668","18668","18668","1","1","1","18667","18667","18667","1","1","1","18734","18734","18734","1","1","1"
"652","12701","12701","12701","1","1","1","18277","18277","18277","1","1","1","18393","18393","18393","1","1","1","18670","18670","18670","0.8","0.8","0.8","18669","18669","18669","1","1","1","18736","18736","18736","1","1","1"
"653","12703","12703","12703","1","1","1","18279","18279","18279","1","1","1","18395","18395","18395","1","1","1","18672","18672","18672","1","1","1","18671","18671","18671","1","1","1","18738","18738","18738","1","1","1"
"654","12705","12705","12705","1","1","1","18281","18281","18281","1","1","1","18397","18397","18397","1","1","1","18674","18674","18674","1","1","1","18673","18673","18673","1","1","1","18740","18740","18740","1","1","1"
"655","12707","12707","12707","1","1","1","18283","18283","18283","1","1","1","18399","18399","18399","1","1","1","18676","18676","18676","1","1","1","18675","18675","18675","1","1","1","18742","18742","18742","1","1","1"
"656","12709","12709","12709","1","1","1","18285","18285","18285","1","1","1","18401","18401","18401","1","1","1","18678","18678","18678","1","1","1","18677","18677","18677","1","1","1","18744","18744","18744","1","1","1"
"657","12859","12859","12859","0.8","0.8","0.8","18443","18443","18443","1","1","1","18563","18563","18563","0.8","0.8","0.8","18840","18840","18840","1","1","1","18839","18839","18839","1","1","1","18902","18902","18902","1","1","1"
"658","12861","12861","12861","1","1","1","18445","18445","18445","1","1","1","18565","18565","18565","1","1","1","18842","18842","18842","1","1","1","18841","18841","18841","1","1","1","18904","18904","18904","1","1","1"
"659","12863","12863","12863","1","1","1","18447","18447","18447","1","1","1","18567","18567","18567","1","1","1","18844","18844","18844","1","1","1","18843","18843","18843","1","1","1","18906","18906","18906","1","1","1"
"660","12865","12865","12865","1","1","1","18449","18449","18449","1","1","1","18569","18569","18569","1","1","1","18846","18846","18846","1","1","1","18845","18845","18845","1","1","1","18908","18908","18908","1","1","1"
"661","12867","12867","12867","1","1","1","18451","18451","18451","1","1","1","18571","18571","18571","1","1","1","18848","18848","18848","1","1","1","18847","18847","18847","1","1","1","18910","18910","18910","1","1","1"
"662","12869","12869","12869","1","1","1","18453","18453","18453","1","1","1","18573","18573","18573","1","1","1","18850","18850","18850","1","1","1","18849","18849","18849","1","1","1","18912","18912","18912","1","1","1"
"663","12871","12871","12871","1","1","1","18455","18455","18455","1","1","1","18575","18575","18575","1","1","1","18852","18852","18852","1","1","1","18851","18851","18851","1","1","1","18914","18914","18914","1","1","1"
"664","12873","12873","12873","1","1","1","18457","18457","18457","1","1","1","18577","18577","18577","1","1","1","18854","18854","18854","1","1","1","18853","18853","18853","1","1","1","18916","18916","18916","0.8","0.8","0.8"
"665","12875","12875","12875","1","1","1","18459","18459","18459","1","1","1","18579","18579","18579","1","1","1","18856","18856","18856","1","1","1","18855","18855","18855","1","1","1","18918","18918","18918","1","1","1"
"666","13029","13029","13029","0.8","0.8","0.8","18622","18622","18622","1","1","1","18744","18744","18744","1","1","1","19016","19016","19016","0.8","0.8","0.8","19017","19017","19017","0.8","0.8","0.8","19076","19076","19076","1","1","1"
"667","13031","13031","13031","1","1","1","18624","18624","18624","1","1","1","18746","18746","18746","1","1","1","19018","19018","19018","1","1","1","19019","19019","19019","1","1","1","19078","19078","19078","1","1","1"
"668","13033","13033","13033","1","1","1","18626","18626","18626","1","1","1","18748","18748","18748","1","1","1","19020","19020","19020","1","1","1","19021","19021","19021","1","1","1","19080","19080","19080","1","1","1"
"669","13035","13035","13035","1","1","1","18628","18628","18628","1","1","1","18750","18750","18750","1","1","1","19022","19022","19022","1","1","1","19023","19023","19023","1","1","1","19082","19082","19082","1","1","1"
"670","13037","13037","13037","1","1","1","18630","18630","18630","1","1","1","18752","18752","18752","1","1","1","19024","19024","19024","1","1","1","19025","19025","19025","1","1","1","19084","19084","19084","0.8","0.8","0.8"
"671","13039","13039","13039","0.8","0.8","0.8","18632","18632","18632","1","1","1","18754","18754","18754","1","1","1","19026","19026","19026","1","1","1","19027","19027","19027","1","1","1","19086","19086","19086","1","1","1"
"672","13041","13041","13041","1","1","1","18634","18634","18634","1","1","1","18756","18756","18756","1","1","1","19028","19028","19028","1","1","1","19029","19029","19029","1","1","1","19088","19088","19088","1","1","1"
"673","13043","13043","13043","1","1","1","18636","18636","18636","1","1","1","18758","18758","18758","1","1","1","19030","19030","19030","1","1","1","19031","19031","19031","1","1","1","19090","19090","19090","1","1","1"
"674","13045","13045","13045","1","1","1","18638","18638","18638","1","1","1","18760","18760","18760","1","1","1","19032","19032","19032","1","1","1","19033","19033","19033","1","1","1","19092","19092","19092","1","1","1"
"675","13191","13191","13191","0.8","0.8","0.8","18798","18798","18798","1","1","1","18921","18921","18921","1","1","1","19194","19194","19194","1","1","1","19191","19191","19191","0.8","0.8","0.8","19253","19253","19253","1","1","1"
"676","13193","13193","13193","1","1","1","18800","18800","18800","1","1","1","18923","18923","18923","1","1","1","19196","19196","19196","1","1","1","19193","19193","19193","1","1","1","19255","19255","19255","1","1","1"
"677","13195","13195","13195","1","1","1","18802","18802","18802","1","1","1","18925","18925","18925","1","1","1","19198","19198","19198","1","1","1","19195","19195","19195","1","1","1","19257","19257","19257","1","1","1"
"678","13197","13197","13197","1","1","1","18804","18804","18804","1","1","1","18927","18927","18927","1","1","1","19200","19200","19200","1","1","1","19197","19197","19197","1","1","1","19259","19259","19259","1","1","1"
"679","13199","13199","13199","1","1","1","18806","18806","18806","1","1","1","18929","18929","18929","1","1","1","19202","19202","19202","0.8","0.8","0.8","19199","19199","19199","1","1","1","19261","19261","19261","1","1","1"
"680","13201","13201","13201","1","1","1","18808","18808","18808","1","1","1","18931","18931","18931","1","1","1","19204","19204","19204","1","1","1","19201","19201","19201","1","1","1","19263","19263","19263","1","1","1"
"681","13203","13203","13203","1","1","1","18810","18810","18810","1","1","1","18933","18933","18933","1","1","1","19206","19206","19206","1","1","1","19203","19203","19203","1","1","1","19265","19265","19265","1","1","1"
"682","13205","13205","13205","1","1","1","18812","18812","18812","1","1","1","18935","18935","18935","1","1","1","19208","19208","19208","1","1","1","19205","19205","19205","1","1","1","19267","19267","19267","1","1","1"
"683","13207","13207","13207","1","1","1","18814","18814","18814","1","1","1","18937","18937","18937","1","1","1","19210","19210","19210","1","1","1","19207","19207","19207","1","1","1","19269","19269","19269","1","1","1"
"684","13365","13365","13365","0.8","0.8","0.8","18973","18973","18973","0.8","0.8","0.8","19097","19097","19097","1","1","1","19368","19368","19368","1","1","1","19366","19366","19366","0.8","0.8","0.8","19432","19432","19432","1","1","1"
"685","13367","13367","13367","1","1","1","18975","18975","18975","1","1","1","19099","19099","19099","1","1","1","19370","19370","19370","1","1","1","19368","19368","19368","1","1","1","19434","19434","19434","1","1","1"
"686","13369","13369","13369","1","1","1","18977","18977","18977","1","1","1","19101","19101","19101","1","1","1","19372","19372","19372","1","1","1","19370","19370","19370","1","1","1","19436","19436","19436","1","1","1"
"687","13371","13371","13371","1","1","1","18979","18979","18979","1","1","1","19103","19103","19103","1","1","1","19374","19374","19374","1","1","1","19372","19372","19372","1","1","1","19438","19438","19438","1","1","1"
"688","13373","13373","13373","1","1","1","18981","18981","18981","1","1","1","19105","19105","19105","1","1","1","19376","19376","19376","1","1","1","19374","19374","19374","1","1","1","19440","19440","19440","1","1","1"
"689","13375","13375","13375","1","1","1","18983","18983","18983","1","1","1","19107","19107","19107","1","1","1","19378","19378","19378","1","1","1","19376","19376","19376","1","1","1","19442","19442","19442","1","1","1"
"690","13377","13377","13377","1","1","1","18985","18985","18985","1","1","1","19109","19109","19109","1","1","1","19380","19380","19380","1","1","1","19378","19378","19378","1","1","1","19444","19444","19444","1","1","1"
"691","13379","13379","13379","1","1","1","18987","18987","18987","1","1","1","19111","19111","19111","1","1","1","19382","19382","19382","1","1","1","19380","19380","19380","1","1","1","19446","19446","19446","1","1","1"
"692","13381","13381","13381","1","1","1","18989","18989","18989","1","1","1","19113","19113","19113","1","1","1","19384","19384","19384","1","1","1","19382","19382","19382","1","1","1","19448","19448","19448","1","1","1"
"693","13537","13537","13537","0.8","0.8","0.8","19152","19152","19152","1","1","1","19274","19274","19274","1","1","1","19542","19542","19542","1","1","1","19542","19542","19542","0.8","0.8","0.8","19612","19612","19612","1","1","1"
"694","13539","13539","13539","1","1","1","19154","19154","19154","1","1","1","19276","19276","19276","1","1","1","19544","19544","19544","1","1","1","19544","19544","19544","1","1","1","19614","19614","19614","1","1","1"
"695","13541","13541","13541","1","1","1","19156","19156","19156","1","1","1","19278","19278","19278","1","1","1","19546","19546","19546","1","1","1","19546","19546","19546","1","1","1","19616","19616","19616","0.8","0.8","0.8"
"696","13543","13543","13543","1","1","1","19158","19158","19158","1","1","1","19280","19280","19280","1","1","1","19548","19548","19548","1","1","1","19548","19548","19548","1","1","1","19618","19618","19618","1","1","1"
"697","13545","13545","13545","1","1","1","19160","19160","19160","1","1","1","19282","19282","19282","1","1","1","19550","19550","19550","1","1","1","19550","19550","19550","1","1","1","19620","19620","19620","1","1","1"
"698","13547","13547","13547","1","1","1","19162","19162","19162","1","1","1","19284","19284","19284","1","1","1","19552","19552","19552","1","1","1","19552","19552","19552","1","1","1","19622","19622","19622","1","1","1"
"699","13549","13549","13549","1","1","1","19164","19164","19164","1","1","1","19286","19286","19286","1","1","1","19554","19554","19554","1","1","1","19554","19554","19554","1","1","1","19624","19624","19624","1","1","1"
"700","13551","13551","13551","1","1","1","19166","19166","19166","1","1","1","19288","19288","19288","1","1","1","19556","19556","19556","1","1","1","19556","19556","19556","1","1","1","19626","19626","19626","1","1","1"
"701","13553","13553","13553","1","1","1","19168","19168","19168","1","1","1","19290","19290","19290","1","1","1","19558","19558","19558","1","1","1","19558","19558","19558","1","1","1","19628","19628","19628","1","1","1"
"702","13697","13697","13697","0.8","0.8","0.8","19331","19331","19331","1","1","1","19448","19448","19448","1","1","1","19715","19715","19715","1","1","1","19719","19719","19719","0.8","0.8","0.8","19786","19786","19786","1","1","1"
"703","13699","13699","13699","1","1","1","19333","19333","19333","1","1","1","19450","19450","19450","1","1","1","19717","19717","19717","1","1","1","19721","19721","19721","1","1","1","19788","19788","19788","1","1","1"
"704","13701","13701","13701","1","1","1","19335","19335","19335","1","1","1","19452","19452","19452","1","1","1","19719","19719","19719","1","1","1","19723","19723","19723","1","1","1","19790","19790","19790","1","1","1"
"705","13703","13703","13703","1","1","1","19337","19337","19337","1","1","1","19454","19454","19454","1","1","1","19721","19721","19721","1","1","1","19725","19725","19725","1","1","1","19792","19792","19792","1","1","1"
"706","13705","13705","13705","0.8","0.8","0.8","19339","19339","19339","1","1","1","19456","19456","19456","1","1","1","19723","19723","19723","1","1","1","19727","19727","19727","1","1","1","19794","19794","19794","0.8","0.8","0.8"
"707","13707","13707","13707","1","1","1","19341","19341","19341","1","1","1","19458","19458","19458","1","1","1","19725","19725","19725","1","1","1","19729","19729","19729","1","1","1","19796","19796","19796","1","1","1"
"708","13709","13709","13709","1","1","1","19343","19343","19343","1","1","1","19460","19460","19460","1","1","1","19727","19727","19727","1","1","1","19731","19731","19731","1","1","1","19798","19798","19798","1","1","1"
"709","13711","13711","13711","1","1","1","19345","19345","19345","1","1","1","19462","19462","19462","1","1","1","19729","19729","19729","1","1","1","19733","19733","19733","1","1","1","19800","19800","19800","1","1","1"
"710","13713","13713","13713","1","1","1","19347","19347","19347","1","1","1","19464","19464","19464","1","1","1","19731","19731","19731","1","1","1","19735","19735","19735","1","1","1","19802","19802","19802","1","1","1"
"711","13869","13869","13869","0.8","0.8","0.8","19509","19509","19509","0.8","0.8","0.8","19627","19627","19627","1","1","1","19895","19895","19895","1","1","1","19893","19893","19893","0.8","0.8","0.8","19961","19961","19961","1","1","1"
"712","13871","13871","13871","1","1","1","19511","19511","19511","1","1","1","19629","19629","19629","1","1","1","19897","19897","19897","1","1","1","19895","19895","19895","1","1","1","19963","19963","19963","1","1","1"
"713","13873","13873","13873","1","1","1","19513","19513","19513","1","1","1","19631","19631","19631","1","1","1","19899","19899","19899","1","1","1","19897","19897","19897","1","1","1","19965","19965","19965","1","1","1"
"714","13875","13875","13875","1","1","1","19515","19515","19515","1","1","1","19633","19633","19633","1","1","1","19901","19901","19901","1","1","1","19899","19899","19899","1","1","1","19967","19967","19967","1","1","1"
"715","13877","13877","13877","1","1","1","19517","19517","19517","1","1","1","19635","19635","19635","1","1","1","19903","19903","19903","1","1","1","19901","19901","19901","1","1","1","19969","19969","19969","1","1","1"
"716","13879","13879","13879","1","1","1","19519","19519","19519","1","1","1","19637","19637","19637","1","1","1","19905","19905","19905","1","1","1","19903","19903","19903","1","1","1","19971","19971","19971","1","1","1"
"717","13881","13881","13881","1","1","1","19521","19521","19521","1","1","1","19639","19639","19639","1","1","1","19907","19907","19907","1","1","1","19905","19905","19905","1","1","1","19973","19973","19973","1","1","1"
"718","13883","13883","13883","1","1","1","19523","19523","19523","1","1","1","19641","19641","19641","1","1","1","19909","19909","19909","1","1","1","19907","19907","19907","1","1","1","19975","19975","19975","1","1","1"
"719","13885","13885","13885","1","1","1","19525","19525","19525","1","1","1","19643","19643","19643","1","1","1","19911","19911","19911","1","1","1","19909","19909","19909","1","1","1","19977","19977","19977","1","1","1"
"720","14031","14031","14031","0.8","0.8","0.8","19685","19685","19685","1","1","1","19804","19804","19804","0.8","0.8","0.8","20070","20070","20070","1","1","1","20071","20071","20071","0.8","0.8","0.8","20136","20136","20136","1","1","1"
"721","14033","14033","14033","1","1","1","19687","19687","19687","1","1","1","19806","19806","19806","1","1","1","20072","20072","20072","1","1","1","20073","20073","20073","1","1","1","20138","20138","20138","0.8","0.8","0.8"
"722","14035","14035","14035","1","1","1","19689","19689","19689","1","1","1","19808","19808","19808","1","1","1","20074","20074","20074","1","1","1","20075","20075","20075","1","1","1","20140","20140","20140","1","1","1"
"723","14037","14037","14037","1","1","1","19691","19691","19691","1","1","1","19810","19810","19810","1","1","1","20076","20076","20076","1","1","1","20077","20077","20077","1","1","1","20142","20142","20142","1","1","1"
"724","14039","14039","14039","1","1","1","19693","19693","19693","1","1","1","19812","19812","19812","1","1","1","20078","20078","20078","0.8","0.8","0.8","20079","20079","20079","1","1","1","20144","20144","20144","1","1","1"
"725","14041","14041","14041","1","1","1","19695","19695","19695","1","1","1","19814","19814","19814","1","1","1","20080","20080","20080","0.8","0.8","0.8","20081","20081","20081","1","1","1","20146","20146","20146","1","1","1"
"726","14043","14043","14043","1","1","1","19697","19697","19697","1","1","1","19816","19816","19816","1","1","1","20082","20082","20082","1","1","1","20083","20083","20083","1","1","1","20148","20148","20148","1","1","1"
"727","14045","14045","14045","1","1","1","19699","19699","19699","1","1","1","19818","19818","19818","1","1","1","20084","20084","20084","0.8","0.8","0.8","20085","20085","20085","1","1","1","20150","20150","20150","1","1","1"
"728","14047","14047","14047","1","1","1","19701","19701","19701","1","1","1","19820","19820","19820","1","1","1","20086","20086","20086","1","1","1","20087","20087","20087","1","1","1","20152","20152","20152","1","1","1"
"729","14205","14205","14205","0.8","0.8","0.8","19861","19861","19861","1","1","1","19981","19981","19981","0.8","0.8","0.8","20247","20247","20247","1","1","1","20250","20250","20250","0.8","0.8","0.8","20315","20315","20315","1","1","1"
"730","14207","14207","14207","1","1","1","19863","19863","19863","1","1","1","19983","19983","19983","1","1","1","20249","20249","20249","1","1","1","20252","20252","20252","1","1","1","20317","20317","20317","1","1","1"
"731","14209","14209","14209","1","1","1","19865","19865","19865","1","1","1","19985","19985","19985","1","1","1","20251","20251","20251","1","1","1","20254","20254","20254","1","1","1","20319","20319","20319","0.8","0.8","0.8"
"732","14211","14211","14211","1","1","1","19867","19867","19867","1","1","1","19987","19987","19987","1","1","1","20253","20253","20253","1","1","1","20256","20256","20256","1","1","1","20321","20321","20321","1","1","1"
"733","14213","14213","14213","1","1","1","19869","19869","19869","1","1","1","19989","19989","19989","1","1","1","20255","20255","20255","1","1","1","20258","20258","20258","1","1","1","20323","20323","20323","1","1","1"
"734","14215","14215","14215","1","1","1","19871","19871","19871","1","1","1","19991","19991","19991","1","1","1","20257","20257","20257","1","1","1","20260","20260","20260","1","1","1","20325","20325","20325","0.8","0.8","0.8"
"735","14217","14217","14217","1","1","1","19873","19873","19873","1","1","1","19993","19993","19993","1","1","1","20259","20259","20259","1","1","1","20262","20262","20262","1","1","1","20327","20327","20327","1","1","1"
"736","14219","14219","14219","1","1","1","19875","19875","19875","1","1","1","19995","19995","19995","1","1","1","20261","20261","20261","1","1","1","20264","20264","20264","1","1","1","20329","20329","20329","1","1","1"
"737","14221","14221","14221","1","1","1","19877","19877","19877","1","1","1","19997","19997","19997","1","1","1","20263","20263","20263","1","1","1","20266","20266","20266","1","1","1","20331","20331","20331","1","1","1"
"738","14369","14369","14369","0.8","0.8","0.8","20036","20036","20036","1","1","1","20159","20159","20159","1","1","1","20422","20422","20422","1","1","1","20424","20424","20424","0.8","0.8","0.8","20489","20489","20489","1","1","1"
"739","14371","14371","14371","1","1","1","20038","20038","20038","1","1","1","20161","20161","20161","1","1","1","20424","20424","20424","1","1","1","20426","20426","20426","1","1","1","20491","20491","20491","1","1","1"
"740","14373","14373","14373","1","1","1","20040","20040","20040","1","1","1","20163","20163","20163","1","1","1","20426","20426","20426","1","1","1","20428","20428","20428","1","1","1","20493","20493","20493","1","1","1"
"741","14375","14375","14375","1","1","1","20042","20042","20042","1","1","1","20165","20165","20165","1","1","1","20428","20428","20428","1","1","1","20430","20430","20430","1","1","1","20495","20495","20495","1","1","1"
"742","14377","14377","14377","1","1","1","20044","20044","20044","1","1","1","20167","20167","20167","1","1","1","20430","20430","20430","1","1","1","20432","20432","20432","1","1","1","20497","20497","20497","1","1","1"
"743","14379","14379","14379","1","1","1","20046","20046","20046","1","1","1","20169","20169","20169","1","1","1","20432","20432","20432","1","1","1","20434","20434","20434","1","1","1","20499","20499","20499","1","1","1"
"744","14381","14381","14381","1","1","1","20048","20048","20048","1","1","1","20171","20171","20171","1","1","1","20434","20434","20434","1","1","1","20436","20436","20436","1","1","1","20501","20501","20501","1","1","1"
"745","14383","14383","14383","1","1","1","20050","20050","20050","1","1","1","20173","20173","20173","1","1","1","20436","20436","20436","1","1","1","20438","20438","20438","1","1","1","20503","20503","20503","1","1","1"
"746","14385","14385","14385","1","1","1","20052","20052","20052","1","1","1","20175","20175","20175","1","1","1","20438","20438","20438","1","1","1","20440","20440","20440","1","1","1","20505","20505","20505","1","1","1"
"747","14541","14541","14541","0.8","0.8","0.8","20214","20214","20214","1","1","1","20337","20337","20337","1","1","1","20600","20600","20600","1","1","1","20601","20601","20601","0.8","0.8","0.8","20663","20663","20663","1","1","1"
"748","14543","14543","14543","1","1","1","20216","20216","20216","1","1","1","20339","20339","20339","0.8","0.8","0.8","20602","20602","20602","1","1","1","20603","20603","20603","1","1","1","20665","20665","20665","1","1","1"
"749","14545","14545","14545","1","1","1","20218","20218","20218","1","1","1","20341","20341","20341","1","1","1","20604","20604","20604","1","1","1","20605","20605","20605","1","1","1","20667","20667","20667","0.8","0.8","0.8"
"750","14547","14547","14547","1","1","1","20220","20220","20220","1","1","1","20343","20343","20343","1","1","1","20606","20606","20606","1","1","1","20607","20607","20607","1","1","1","20669","20669","20669","1","1","1"
"751","14549","14549","14549","1","1","1","20222","20222","20222","1","1","1","20345","20345","20345","1","1","1","20608","20608","20608","1","1","1","20609","20609","20609","1","1","1","20671","20671","20671","0.8","0.8","0.8"
"752","14551","14551","14551","1","1","1","20224","20224","20224","1","1","1","20347","20347","20347","1","1","1","20610","20610","20610","1","1","1","20611","20611","20611","1","1","1","20673","20673","20673","1","1","1"
"753","14553","14553","14553","1","1","1","20226","20226","20226","1","1","1","20349","20349","20349","1","1","1","20612","20612","20612","1","1","1","20613","20613","20613","1","1","1","20675","20675","20675","1","1","1"
"754","14555","14555","14555","1","1","1","20228","20228","20228","1","1","1","20351","20351","20351","1","1","1","20614","20614","20614","1","1","1","20615","20615","20615","1","1","1","20677","20677","20677","1","1","1"
"755","14557","14557","14557","1","1","1","20230","20230","20230","1","1","1","20353","20353","20353","1","1","1","20616","20616","20616","1","1","1","20617","20617","20617","1","1","1","20679","20679","20679","1","1","1"
"756","14717","14717","14717","0.8","0.8","0.8","20389","20389","20389","1","1","1","20513","20513","20513","0.8","0.8","0.8","20779","20779","20779","1","1","1","20777","20777","20777","0.8","0.8","0.8","20837","20837","20837","1","1","1"
"757","14719","14719","14719","1","1","1","20391","20391","20391","1","1","1","20515","20515","20515","1","1","1","20781","20781","20781","1","1","1","20779","20779","20779","1","1","1","20839","20839","20839","1","1","1"
"758","14721","14721","14721","1","1","1","20393","20393","20393","1","1","1","20517","20517","20517","1","1","1","20783","20783","20783","1","1","1","20781","20781","20781","1","1","1","20841","20841","20841","1","1","1"
"759","14723","14723","14723","1","1","1","20395","20395","20395","1","1","1","20519","20519","20519","1","1","1","20785","20785","20785","1","1","1","20783","20783","20783","1","1","1","20843","20843","20843","1","1","1"
"760","14725","14725","14725","1","1","1","20397","20397","20397","1","1","1","20521","20521","20521","1","1","1","20787","20787","20787","1","1","1","20785","20785","20785","1","1","1","20845","20845","20845","1","1","1"
"761","14727","14727","14727","1","1","1","20399","20399","20399","1","1","1","20523","20523","20523","1","1","1","20789","20789","20789","1","1","1","20787","20787","20787","1","1","1","20847","20847","20847","1","1","1"
"762","14729","14729","14729","1","1","1","20401","20401","20401","1","1","1","20525","20525","20525","1","1","1","20791","20791","20791","1","1","1","20789","20789","20789","1","1","1","20849","20849","20849","1","1","1"
"763","14731","14731","14731","1","1","1","20403","20403","20403","1","1","1","20527","20527","20527","1","1","1","20793","20793","20793","1","1","1","20791","20791","20791","1","1","1","20851","20851","20851","1","1","1"
"764","14733","14733","14733","1","1","1","20405","20405","20405","1","1","1","20529","20529","20529","1","1","1","20795","20795","20795","1","1","1","20793","20793","20793","1","1","1","20853","20853","20853","0.9","0.9","0.9"
"765","14881","14881","14881","0.8","0.8","0.8","20564","20564","20564","1","1","1","20690","20690","20690","0.8","0.8","0.8","20953","20953","20953","0.8","0.8","0.8","20950","20950","20950","1","1","1","21012","21012","21012","1","1","1"
"766","14883","14883","14883","1","1","1","20566","20566","20566","1","1","1","20692","20692","20692","1","1","1","20955","20955","20955","1","1","1","20952","20952","20952","1","1","1","21014","21014","21014","1","1","1"
"767","14885","14885","14885","1","1","1","20568","20568","20568","1","1","1","20694","20694","20694","1","1","1","20957","20957","20957","1","1","1","20954","20954","20954","1","1","1","21016","21016","21016","0.8","0.8","0.8"
"768","14887","14887","14887","1","1","1","20570","20570","20570","1","1","1","20696","20696","20696","1","1","1","20959","20959","20959","1","1","1","20956","20956","20956","1","1","1","21018","21018","21018","1","1","1"
"769","14889","14889","14889","1","1","1","20572","20572","20572","1","1","1","20698","20698","20698","1","1","1","20961","20961","20961","0.8","0.8","0.8","20958","20958","20958","1","1","1","21020","21020","21020","1","1","1"
"770","14891","14891","14891","1","1","1","20574","20574","20574","1","1","1","20700","20700","20700","1","1","1","20963","20963","20963","1","1","1","20960","20960","20960","1","1","1","21022","21022","21022","1","1","1"
"771","14893","14893","14893","1","1","1","20576","20576","20576","1","1","1","20702","20702","20702","1","1","1","20965","20965","20965","1","1","1","20962","20962","20962","1","1","1","21024","21024","21024","1","1","1"
"772","14895","14895","14895","1","1","1","20578","20578","20578","1","1","1","20704","20704","20704","1","1","1","20967","20967","20967","1","1","1","20964","20964","20964","1","1","1","21026","21026","21026","1","1","1"
"773","14897","14897","14897","1","1","1","20580","20580","20580","1","1","1","20706","20706","20706","1","1","1","20969","20969","20969","1","1","1","20966","20966","20966","1","1","1","21028","21028","21028","1","1","1"
"774","15053","15053","15053","0.8","0.8","0.8","20738","20738","20738","1","1","1","20864","20864","20864","1","1","1","21125","21125","21125","1","1","1","21131","21131","21131","1","1","1","21188","21188","21188","1","1","1"
"775","15055","15055","15055","1","1","1","20740","20740","20740","1","1","1","20866","20866","20866","1","1","1","21127","21127","21127","1","1","1","21133","21133","21133","1","1","1","21190","21190","21190","1","1","1"
"776","15057","15057","15057","1","1","1","20742","20742","20742","1","1","1","20868","20868","20868","1","1","1","21129","21129","21129","1","1","1","21135","21135","21135","1","1","1","21192","21192","21192","0.8","0.8","0.8"
"777","15059","15059","15059","1","1","1","20744","20744","20744","1","1","1","20870","20870","20870","1","1","1","21131","21131","21131","1","1","1","21137","21137","21137","1","1","1","21194","21194","21194","1","1","1"
"778","15061","15061","15061","1","1","1","20746","20746","20746","1","1","1","20872","20872","20872","1","1","1","21133","21133","21133","0.8","0.8","0.8","21139","21139","21139","1","1","1","21196","21196","21196","1","1","1"
"779","15063","15063","15063","1","1","1","20748","20748","20748","1","1","1","20874","20874","20874","1","1","1","21135","21135","21135","0.8","0.8","0.8","21141","21141","21141","1","1","1","21198","21198","21198","1","1","1"
"780","15065","15065","15065","1","1","1","20750","20750","20750","1","1","1","20876","20876","20876","1","1","1","21137","21137","21137","1","1","1","21143","21143","21143","1","1","1","21200","21200","21200","1","1","1"
"781","15067","15067","15067","1","1","1","20752","20752","20752","1","1","1","20878","20878","20878","1","1","1","21139","21139","21139","1","1","1","21145","21145","21145","1","1","1","21202","21202","21202","1","1","1"
"782","15069","15069","15069","1","1","1","20754","20754","20754","1","1","1","20880","20880","20880","1","1","1","21141","21141","21141","1","1","1","21147","21147","21147","1","1","1","21204","21204","21204","1","1","1"
"783","15215","15215","15215","0.8","0.8","0.8","20913","20913","20913","1","1","1","21041","21041","21041","1","1","1","21302","21302","21302","1","1","1","21305","21305","21305","1","1","1","21366","21366","21366","1","1","1"
"784","15217","15217","15217","1","1","1","20915","20915","20915","1","1","1","21043","21043","21043","1","1","1","21304","21304","21304","1","1","1","21307","21307","21307","1","1","1","21368","21368","21368","1","1","1"
"785","15219","15219","15219","1","1","1","20917","20917","20917","1","1","1","21045","21045","21045","0.8","0.8","0.8","21306","21306","21306","1","1","1","21309","21309","21309","1","1","1","21370","21370","21370","1","1","1"
"786","15221","15221","15221","1","1","1","20919","20919","20919","1","1","1","21047","21047","21047","1","1","1","21308","21308","21308","1","1","1","21311","21311","21311","1","1","1","21372","21372","21372","1","1","1"
"787","15223","15223","15223","1","1","1","20921","20921","20921","1","1","1","21049","21049","21049","1","1","1","21310","21310","21310","1","1","1","21313","21313","21313","1","1","1","21374","21374","21374","1","1","1"
"788","15225","15225","15225","1","1","1","20923","20923","20923","1","1","1","21051","21051","21051","1","1","1","21312","21312","21312","1","1","1","21315","21315","21315","1","1","1","21376","21376","21376","1","1","1"
"789","15227","15227","15227","1","1","1","20925","20925","20925","1","1","1","21053","21053","21053","1","1","1","21314","21314","21314","1","1","1","21317","21317","21317","1","1","1","21378","21378","21378","1","1","1"
"790","15229","15229","15229","1","1","1","20927","20927","20927","1","1","1","21055","21055","21055","1","1","1","21316","21316","21316","1","1","1","21319","21319","21319","1","1","1","21380","21380","21380","1","1","1"
"791","15231","15231","15231","1","1","1","20929","20929","20929","1","1","1","21057","21057","21057","1","1","1","21318","21318","21318","1","1","1","21321","21321","21321","1","1","1","21382","21382","21382","1","1","1"
"792","15387","15387","15387","0.8","0.8","0.8","21091","21091","21091","1","1","1","21216","21216","21216","0.8","0.8","0.8","21479","21479","21479","1","1","1","21480","21480","21480","1","1","1","21542","21542","21542","1","1","1"
"793","15389","15389","15389","1","1","1","21093","21093","21093","1","1","1","21218","21218","21218","1","1","1","21481","21481","21481","1","1","1","21482","21482","21482","1","1","1","21544","21544","21544","1","1","1"
"794","15391","15391","15391","1","1","1","21095","21095","21095","1","1","1","21220","21220","21220","1","1","1","21483","21483","21483","0.8","0.8","0.8","21484","21484","21484","1","1","1","21546","21546","21546","1","1","1"
"795","15393","15393","15393","1","1","1","21097","21097","21097","1","1","1","21222","21222","21222","1","1","1","21485","21485","21485","0.8","0.8","0.8","21486","21486","21486","1","1","1","21548","21548","21548","1","1","1"
"796","15395","15395","15395","1","1","1","21099","21099","21099","1","1","1","21224","21224","21224","1","1","1","21487","21487","21487","1","1","1","21488","21488","21488","1","1","1","21550","21550","21550","1","1","1"
"797","15397","15397","15397","1","1","1","21101","21101","21101","1","1","1","21226","21226","21226","1","1","1","21489","21489","21489","1","1","1","21490","21490","21490","1","1","1","21552","21552","21552","1","1","1"
"798","15399","15399","15399","1","1","1","21103","21103","21103","1","1","1","21228","21228","21228","1","1","1","21491","21491","21491","1","1","1","21492","21492","21492","1","1","1","21554","21554","21554","1","1","1"
"799","15401","15401","15401","1","1","1","21105","21105","21105","1","1","1","21230","21230","21230","1","1","1","21493","21493","21493","1","1","1","21494","21494","21494","1","1","1","21556","21556","21556","1","1","1"
"800","15403","15403","15403","1","1","1","21107","21107","21107","1","1","1","21232","21232","21232","1","1","1","21495","21495","21495","1","1","1","21496","21496","21496","1","1","1","21558","21558","21558","1","1","1"
"801","15549","15549","15549","0.8","0.8","0.8","21266","21266","21266","1","1","1","21390","21390","21390","0.8","0.8","0.8","21654","21654","21654","1","1","1","21658","21658","21658","1","1","1","21715","21715","21715","1","1","1"
"802","15551","15551","15551","1","1","1","21268","21268","21268","1","1","1","21392","21392","21392","1","1","1","21656","21656","21656","1","1","1","21660","21660","21660","1","1","1","21717","21717","21717","1","1","1"
"803","15553","15553","15553","1","1","1","21270","21270","21270","1","1","1","21394","21394","21394","1","1","1","21658","21658","21658","1","1","1","21662","21662","21662","1","1","1","21719","21719","21719","1","1","1"
"804","15555","15555","15555","1","1","1","21272","21272","21272","1","1","1","21396","21396","21396","1","1","1","21660","21660","21660","1","1","1","21664","21664","21664","1","1","1","21721","21721","21721","1","1","1"
"805","15557","15557","15557","1","1","1","21274","21274","21274","1","1","1","21398","21398","21398","1","1","1","21662","21662","21662","1","1","1","21666","21666","21666","1","1","1","21723","21723","21723","1","1","1"
"806","15559","15559","15559","1","1","1","21276","21276","21276","1","1","1","21400","21400","21400","1","1","1","21664","21664","21664","0.8","0.8","0.8","21668","21668","21668","1","1","1","21725","21725","21725","1","1","1"
"807","15561","15561","15561","1","1","1","21278","21278","21278","1","1","1","21402","21402","21402","1","1","1","21666","21666","21666","1","1","1","21670","21670","21670","1","1","1","21727","21727","21727","1","1","1"
"808","15563","15563","15563","1","1","1","21280","21280","21280","1","1","1","21404","21404","21404","1","1","1","21668","21668","21668","1","1","1","21672","21672","21672","1","1","1","21729","21729","21729","1","1","1"
"809","15565","15565","15565","1","1","1","21282","21282","21282","1","1","1","21406","21406","21406","1","1","1","21670","21670","21670","1","1","1","21674","21674","21674","1","1","1","21731","21731","21731","1","1","1"
"810","15725","15725","15725","0.8","0.8","0.8","21446","21446","21446","1","1","1","21569","21569","21569","1","1","1","21828","21828","21828","1","1","1","21837","21837","21837","1","1","1","21893","21893","21893","1","1","1"
"811","15727","15727","15727","1","1","1","21448","21448","21448","1","1","1","21571","21571","21571","1","1","1","21830","21830","21830","1","1","1","21839","21839","21839","1","1","1","21895","21895","21895","1","1","1"
"812","15729","15729","15729","1","1","1","21450","21450","21450","1","1","1","21573","21573","21573","1","1","1","21832","21832","21832","1","1","1","21841","21841","21841","1","1","1","21897","21897","21897","1","1","1"
"813","15731","15731","15731","1","1","1","21452","21452","21452","1","1","1","21575","21575","21575","1","1","1","21834","21834","21834","1","1","1","21843","21843","21843","1","1","1","21899","21899","21899","1","1","1"
"814","15733","15733","15733","1","1","1","21454","21454","21454","1","1","1","21577","21577","21577","0.8","0.8","0.8","21836","21836","21836","1","1","1","21845","21845","21845","1","1","1","21901","21901","21901","1","1","1"
"815","15735","15735","15735","1","1","1","21456","21456","21456","1","1","1","21579","21579","21579","1","1","1","21838","21838","21838","1","1","1","21847","21847","21847","1","1","1","21903","21903","21903","1","1","1"
"816","15737","15737","15737","1","1","1","21458","21458","21458","1","1","1","21581","21581","21581","1","1","1","21840","21840","21840","1","1","1","21849","21849","21849","1","1","1","21905","21905","21905","1","1","1"
"817","15739","15739","15739","1","1","1","21460","21460","21460","1","1","1","21583","21583","21583","1","1","1","21842","21842","21842","1","1","1","21851","21851","21851","1","1","1","21907","21907","21907","0.8","0.8","0.8"
"818","15741","15741","15741","1","1","1","21462","21462","21462","1","1","1","21585","21585","21585","1","1","1","21844","21844","21844","1","1","1","21853","21853","21853","1","1","1","21909","21909","21909","1","1","1"
"819","15897","15897","15897","0.8","0.8","0.8","21621","21621","21621","1","1","1","21741","21741","21741","1","1","1","22010","22010","22010","1","1","1","22015","22015","22015","1","1","1","22067","22067","22067","1","1","1"
"820","15899","15899","15899","1","1","1","21623","21623","21623","1","1","1","21743","21743","21743","1","1","1","22012","22012","22012","1","1","1","22017","22017","22017","1","1","1","22069","22069","22069","1","1","1"
"821","15901","15901","15901","1","1","1","21625","21625","21625","1","1","1","21745","21745","21745","1","1","1","22014","22014","22014","1","1","1","22019","22019","22019","1","1","1","22071","22071","22071","1","1","1"
"822","15903","15903","15903","1","1","1","21627","21627","21627","1","1","1","21747","21747","21747","1","1","1","22016","22016","22016","1","1","1","22021","22021","22021","1","1","1","22073","22073","22073","1","1","1"
"823","15905","15905","15905","1","1","1","21629","21629","21629","1","1","1","21749","21749","21749","1","1","1","22018","22018","22018","0.8","0.8","0.8","22023","22023","22023","1","1","1","22075","22075","22075","1","1","1"
"824","15907","15907","15907","1","1","1","21631","21631","21631","1","1","1","21751","21751","21751","1","1","1","22020","22020","22020","1","1","1","22025","22025","22025","0.8","0.8","0.8","22077","22077","22077","1","1","1"
"825","15909","15909","15909","1","1","1","21633","21633","21633","1","1","1","21753","21753","21753","1","1","1","22022","22022","22022","1","1","1","22027","22027","22027","1","1","1","22079","22079","22079","1","1","1"
"826","15911","15911","15911","1","1","1","21635","21635","21635","1","1","1","21755","21755","21755","1","1","1","22024","22024","22024","1","1","1","22029","22029","22029","1","1","1","22081","22081","22081","1","1","1"
"827","15913","15913","15913","1","1","1","21637","21637","21637","1","1","1","21757","21757","21757","1","1","1","22026","22026","22026","1","1","1","22031","22031","22031","1","1","1","22083","22083","22083","1","1","1"
"828","16065","16065","16065","0.8","0.8","0.8","21798","21798","21798","1","1","1","21919","21919","21919","0.8","0.8","0.8","22186","22186","22186","1","1","1","22189","22189","22189","0.8","0.8","0.8","22247","22247","22247","0.8","0.8","0.8"
"829","16067","16067","16067","1","1","1","21800","21800","21800","1","1","1","21921","21921","21921","1","1","1","22188","22188","22188","1","1","1","22191","22191","22191","1","1","1","22249","22249","22249","1","1","1"
"830","16069","16069","16069","1","1","1","21802","21802","21802","1","1","1","21923","21923","21923","1","1","1","22190","22190","22190","1","1","1","22193","22193","22193","1","1","1","22251","22251","22251","1","1","1"
"831","16071","16071","16071","1","1","1","21804","21804","21804","1","1","1","21925","21925","21925","1","1","1","22192","22192","22192","1","1","1","22195","22195","22195","1","1","1","22253","22253","22253","1","1","1"
"832","16073","16073","16073","1","1","1","21806","21806","21806","1","1","1","21927","21927","21927","1","1","1","22194","22194","22194","1","1","1","22197","22197","22197","1","1","1","22255","22255","22255","1","1","1"
"833","16075","16075","16075","1","1","1","21808","21808","21808","1","1","1","21929","21929","21929","1","1","1","22196","22196","22196","1","1","1","22199","22199","22199","1","1","1","22257","22257","22257","1","1","1"
"834","16077","16077","16077","1","1","1","21810","21810","21810","1","1","1","21931","21931","21931","1","1","1","22198","22198","22198","1","1","1","22201","22201","22201","1","1","1","22259","22259","22259","1","1","1"
"835","16079","16079","16079","1","1","1","21812","21812","21812","1","1","1","21933","21933","21933","1","1","1","22200","22200","22200","1","1","1","22203","22203","22203","1","1","1","22261","22261","22261","1","1","1"
"836","16081","16081","16081","1","1","1","21814","21814","21814","1","1","1","21935","21935","21935","1","1","1","22202","22202","22202","1","1","1","22205","22205","22205","1","1","1","22263","22263","22263","1","1","1"
"837","16239","16239","16239","0.8","0.8","0.8","21976","21976","21976","1","1","1","22093","22093","22093","0.8","0.8","0.8","22362","22362","22362","1","1","1","22366","22366","22366","1","1","1","22421","22421","22421","1","1","1"
"838","16241","16241","16241","1","1","1","21978","21978","21978","1","1","1","22095","22095","22095","1","1","1","22364","22364","22364","1","1","1","22368","22368","22368","1","1","1","22423","22423","22423","1","1","1"
"839","16243","16243","16243","1","1","1","21980","21980","21980","1","1","1","22097","22097","22097","1","1","1","22366","22366","22366","1","1","1","22370","22370","22370","1","1","1","22425","22425","22425","1","1","1"
"840","16245","16245","16245","1","1","1","21982","21982","21982","1","1","1","22099","22099","22099","1","1","1","22368","22368","22368","1","1","1","22372","22372","22372","1","1","1","22427","22427","22427","1","1","1"
"841","16247","16247","16247","1","1","1","21984","21984","21984","1","1","1","22101","22101","22101","1","1","1","22370","22370","22370","1","1","1","22374","22374","22374","1","1","1","22429","22429","22429","1","1","1"
"842","16249","16249","16249","1","1","1","21986","21986","21986","1","1","1","22103","22103","22103","1","1","1","22372","22372","22372","1","1","1","22376","22376","22376","1","1","1","22431","22431","22431","1","1","1"
"843","16251","16251","16251","1","1","1","21988","21988","21988","1","1","1","22105","22105","22105","1","1","1","22374","22374","22374","1","1","1","22378","22378","22378","1","1","1","22433","22433","22433","1","1","1"
"844","16253","16253","16253","1","1","1","21990","21990","21990","1","1","1","22107","22107","22107","1","1","1","22376","22376","22376","1","1","1","22380","22380","22380","1","1","1","22435","22435","22435","1","1","1"
"845","16255","16255","16255","1","1","1","21992","21992","21992","1","1","1","22109","22109","22109","1","1","1","22378","22378","22378","1","1","1","22382","22382","22382","1","1","1","22437","22437","22437","1","1","1"
"846","16401","16401","16401","0.8","0.8","0.8","22153","22153","22153","1","1","1","22270","22270","22270","1","1","1","22539","22539","22539","0.8","0.8","0.8","22541","22541","22541","1","1","1","22594","22594","22594","1","1","1"
"847","16403","16403","16403","1","1","1","22155","22155","22155","1","1","1","22272","22272","22272","1","1","1","22541","22541","22541","1","1","1","22543","22543","22543","1","1","1","22596","22596","22596","1","1","1"
"848","16405","16405","16405","1","1","1","22157","22157","22157","1","1","1","22274","22274","22274","1","1","1","22543","22543","22543","1","1","1","22545","22545","22545","1","1","1","22598","22598","22598","1","1","1"
"849","16407","16407","16407","1","1","1","22159","22159","22159","1","1","1","22276","22276","22276","1","1","1","22545","22545","22545","0.8","0.8","0.8","22547","22547","22547","1","1","1","22600","22600","22600","1","1","1"
"850","16409","16409","16409","1","1","1","22161","22161","22161","1","1","1","22278","22278","22278","1","1","1","22547","22547","22547","1","1","1","22549","22549","22549","1","1","1","22602","22602","22602","1","1","1"
"851","16411","16411","16411","1","1","1","22163","22163","22163","1","1","1","22280","22280","22280","1","1","1","22549","22549","22549","1","1","1","22551","22551","22551","0.8","0.8","0.8","22604","22604","22604","1","1","1"
"852","16413","16413","16413","1","1","1","22165","22165","22165","1","1","1","22282","22282","22282","1","1","1","22551","22551","22551","1","1","1","22553","22553","22553","1","1","1","22606","22606","22606","1","1","1"
"853","16415","16415","16415","1","1","1","22167","22167","22167","1","1","1","22284","22284","22284","1","1","1","22553","22553","22553","1","1","1","22555","22555","22555","1","1","1","22608","22608","22608","1","1","1"
"854","16417","16417","16417","1","1","1","22169","22169","22169","1","1","1","22286","22286","22286","1","1","1","22555","22555","22555","1","1","1","22557","22557","22557","1","1","1","22610","22610","22610","1","1","1"
"855","16575","16575","16575","0.8","0.8","0.8","22331","22331","22331","1","1","1","22449","22449","22449","1","1","1","22718","22718","22718","1","1","1","22716","22716","22716","1","1","1","22770","22770","22770","1","1","1"
"856","16577","16577","16577","1","1","1","22333","22333","22333","1","1","1","22451","22451","22451","1","1","1","22720","22720","22720","1","1","1","22718","22718","22718","1","1","1","22772","22772","22772","1","1","1"
"857","16579","16579","16579","1","1","1","22335","22335","22335","1","1","1","22453","22453","22453","0.8","0.8","0.8","22722","22722","22722","1","1","1","22720","22720","22720","1","1","1","22774","22774","22774","1","1","1"
"858","16581","16581","16581","1","1","1","22337","22337","22337","1","1","1","22455","22455","22455","1","1","1","22724","22724","22724","1","1","1","22722","22722","22722","1","1","1","22776","22776","22776","1","1","1"
"859","16583","16583","16583","1","1","1","22339","22339","22339","1","1","1","22457","22457","22457","1","1","1","22726","22726","22726","0.8","0.8","0.8","22724","22724","22724","1","1","1","22778","22778","22778","1","1","1"
"860","16585","16585","16585","1","1","1","22341","22341","22341","1","1","1","22459","22459","22459","1","1","1","22728","22728","22728","1","1","1","22726","22726","22726","1","1","1","22780","22780","22780","1","1","1"
"861","16587","16587","16587","1","1","1","22343","22343","22343","1","1","1","22461","22461","22461","1","1","1","22730","22730","22730","1","1","1","22728","22728","22728","1","1","1","22782","22782","22782","1","1","1"
"862","16589","16589","16589","1","1","1","22345","22345","22345","1","1","1","22463","22463","22463","1","1","1","22732","22732","22732","1","1","1","22730","22730","22730","1","1","1","22784","22784","22784","1","1","1"
"863","16591","16591","16591","1","1","1","22347","22347","22347","1","1","1","22465","22465","22465","1","1","1","22734","22734","22734","1","1","1","22732","22732","22732","0.9","0.9","0.9","22786","22786","22786","1","1","1"
"864","16735","16735","16735","0.8","0.8","0.8","22504","22504","22504","1","1","1","22626","22626","22626","1","1","1","22900","22900","22900","1","1","1","22890","22890","22890","0.8","0.8","0.8","22949","22949","22949","1","1","1"
"865","16737","16737","16737","1","1","1","22506","22506","22506","1","1","1","22628","22628","22628","1","1","1","22902","22902","22902","1","1","1","22892","22892","22892","1","1","1","22951","22951","22951","1","1","1"
"866","16739","16739","16739","1","1","1","22508","22508","22508","1","1","1","22630","22630","22630","1","1","1","22904","22904","22904","1","1","1","22894","22894","22894","1","1","1","22953","22953","22953","1","1","1"
"867","16741","16741","16741","1","1","1","22510","22510","22510","1","1","1","22632","22632","22632","1","1","1","22906","22906","22906","1","1","1","22896","22896","22896","1","1","1","22955","22955","22955","1","1","1"
"868","16743","16743","16743","1","1","1","22512","22512","22512","1","1","1","22634","22634","22634","1","1","1","22908","22908","22908","1","1","1","22898","22898","22898","1","1","1","22957","22957","22957","1","1","1"
"869","16745","16745","16745","1","1","1","22514","22514","22514","1","1","1","22636","22636","22636","1","1","1","22910","22910","22910","1","1","1","22900","22900","22900","0.8","0.8","0.8","22959","22959","22959","1","1","1"
"870","16747","16747","16747","1","1","1","22516","22516","22516","1","1","1","22638","22638","22638","1","1","1","22912","22912","22912","1","1","1","22902","22902","22902","1","1","1","22961","22961","22961","1","1","1"
"871","16749","16749","16749","1","1","1","22518","22518","22518","1","1","1","22640","22640","22640","1","1","1","22914","22914","22914","1","1","1","22904","22904","22904","1","1","1","22963","22963","22963","1","1","1"
"872","16751","16751","16751","1","1","1","22520","22520","22520","1","1","1","22642","22642","22642","1","1","1","22916","22916","22916","1","1","1","22906","22906","22906","1","1","1","22965","22965","22965","1","1","1"
"873","16907","16907","16907","0.8","0.8","0.8","22680","22680","22680","0.8","0.8","0.8","22803","22803","22803","1","1","1","23081","23081","23081","0.8","0.8","0.8","23063","23063","23063","0.8","0.8","0.8","23127","23127","23127","1","1","1"
"874","16909","16909","16909","1","1","1","22682","22682","22682","1","1","1","22805","22805","22805","1","1","1","23083","23083","23083","1","1","1","23065","23065","23065","1","1","1","23129","23129","23129","1","1","1"
"875","16911","16911","16911","1","1","1","22684","22684","22684","1","1","1","22807","22807","22807","1","1","1","23085","23085","23085","1","1","1","23067","23067","23067","1","1","1","23131","23131","23131","1","1","1"
"876","16913","16913","16913","1","1","1","22686","22686","22686","1","1","1","22809","22809","22809","1","1","1","23087","23087","23087","1","1","1","23069","23069","23069","1","1","1","23133","23133","23133","1","1","1"
"877","16915","16915","16915","1","1","1","22688","22688","22688","1","1","1","22811","22811","22811","1","1","1","23089","23089","23089","1","1","1","23071","23071","23071","1","1","1","23135","23135","23135","1","1","1"
"878","16917","16917","16917","1","1","1","22690","22690","22690","1","1","1","22813","22813","22813","1","1","1","23091","23091","23091","1","1","1","23073","23073","23073","1","1","1","23137","23137","23137","1","1","1"
"879","16919","16919","16919","1","1","1","22692","22692","22692","1","1","1","22815","22815","22815","1","1","1","23093","23093","23093","1","1","1","23075","23075","23075","1","1","1","23139","23139","23139","1","1","1"
"880","16921","16921","16921","1","1","1","22694","22694","22694","1","1","1","22817","22817","22817","1","1","1","23095","23095","23095","1","1","1","23077","23077","23077","1","1","1","23141","23141","23141","1","1","1"
"881","16923","16923","16923","1","1","1","22696","22696","22696","1","1","1","22819","22819","22819","1","1","1","23097","23097","23097","1","1","1","23079","23079","23079","1","1","1","23143","23143","23143","1","1","1"
"882","17079","17079","17079","0.8","0.8","0.8","22854","22854","22854","1","1","1","22978","22978","22978","0.8","0.8","0.8","23256","23256","23256","1","1","1","23239","23239","23239","1","1","1","23304","23304","23304","1","1","1"
"883","17081","17081","17081","1","1","1","22856","22856","22856","1","1","1","22980","22980","22980","1","1","1","23258","23258","23258","1","1","1","23241","23241","23241","1","1","1","23306","23306","23306","1","1","1"
"884","17083","17083","17083","1","1","1","22858","22858","22858","1","1","1","22982","22982","22982","1","1","1","23260","23260","23260","1","1","1","23243","23243","23243","1","1","1","23308","23308","23308","1","1","1"
"885","17085","17085","17085","1","1","1","22860","22860","22860","1","1","1","22984","22984","22984","1","1","1","23262","23262","23262","1","1","1","23245","23245","23245","1","1","1","23310","23310","23310","1","1","1"
"886","17087","17087","17087","1","1","1","22862","22862","22862","1","1","1","22986","22986","22986","1","1","1","23264","23264","23264","1","1","1","23247","23247","23247","1","1","1","23312","23312","23312","1","1","1"
"887","17089","17089","17089","1","1","1","22864","22864","22864","1","1","1","22988","22988","22988","1","1","1","23266","23266","23266","0.8","0.8","0.8","23249","23249","23249","1","1","1","23314","23314","23314","1","1","1"
"888","17091","17091","17091","1","1","1","22866","22866","22866","1","1","1","22990","22990","22990","1","1","1","23268","23268","23268","1","1","1","23251","23251","23251","1","1","1","23316","23316","23316","1","1","1"
"889","17093","17093","17093","1","1","1","22868","22868","22868","1","1","1","22992","22992","22992","1","1","1","23270","23270","23270","0.8","0.8","0.8","23253","23253","23253","1","1","1","23318","23318","23318","1","1","1"
"890","17095","17095","17095","1","1","1","22870","22870","22870","1","1","1","22994","22994","22994","1","1","1","23272","23272","23272","1","1","1","23255","23255","23255","0.8","0.8","0.8","23320","23320","23320","1","1","1"
"891","17241","17241","17241","0.8","0.8","0.8","23034","23034","23034","1","1","1","23155","23155","23155","1","1","1","23428","23428","23428","0.8","0.8","0.8","23416","23416","23416","1","1","1","23484","23484","23484","1","1","1"
"892","17243","17243","17243","1","1","1","23036","23036","23036","1","1","1","23157","23157","23157","0.8","0.8","0.8","23430","23430","23430","1","1","1","23418","23418","23418","1","1","1","23486","23486","23486","1","1","1"
"893","17245","17245","17245","1","1","1","23038","23038","23038","1","1","1","23159","23159","23159","1","1","1","23432","23432","23432","1","1","1","23420","23420","23420","1","1","1","23488","23488","23488","0.8","0.8","0.8"
"894","17247","17247","17247","1","1","1","23040","23040","23040","1","1","1","23161","23161","23161","1","1","1","23434","23434","23434","1","1","1","23422","23422","23422","1","1","1","23490","23490","23490","1","1","1"
"895","17249","17249","17249","1","1","1","23042","23042","23042","1","1","1","23163","23163","23163","1","1","1","23436","23436","23436","1","1","1","23424","23424","23424","1","1","1","23492","23492","23492","1","1","1"
"896","17251","17251","17251","1","1","1","23044","23044","23044","1","1","1","23165","23165","23165","1","1","1","23438","23438","23438","0.8","0.8","0.8","23426","23426","23426","1","1","1","23494","23494","23494","1","1","1"
"897","17253","17253","17253","1","1","1","23046","23046","23046","1","1","1","23167","23167","23167","1","1","1","23440","23440","23440","1","1","1","23428","23428","23428","1","1","1","23496","23496","23496","1","1","1"
"898","17255","17255","17255","1","1","1","23048","23048","23048","1","1","1","23169","23169","23169","1","1","1","23442","23442","23442","1","1","1","23430","23430","23430","1","1","1","23498","23498","23498","1","1","1"
"899","17257","17257","17257","1","1","1","23050","23050","23050","1","1","1","23171","23171","23171","1","1","1","23444","23444","23444","1","1","1","23432","23432","23432","1","1","1","23500","23500","23500","1","1","1"
"900","17413","17413","17413","0.8","0.8","0.8","23211","23211","23211","0.8","0.8","0.8","23329","23329","23329","0.8","0.8","0.8","23603","23603","23603","1","1","1","23593","23593","23593","1","1","1","23658","23658","23658","1","1","1"
"901","17415","17415","17415","1","1","1","23213","23213","23213","1","1","1","23331","23331","23331","1","1","1","23605","23605","23605","1","1","1","23595","23595","23595","1","1","1","23660","23660","23660","1","1","1"
"902","17417","17417","17417","1","1","1","23215","23215","23215","1","1","1","23333","23333","23333","1","1","1","23607","23607","23607","1","1","1","23597","23597","23597","1","1","1","23662","23662","23662","1","1","1"
"903","17419","17419","17419","1","1","1","23217","23217","23217","1","1","1","23335","23335","23335","1","1","1","23609","23609","23609","1","1","1","23599","23599","23599","1","1","1","23664","23664","23664","1","1","1"
"904","17421","17421","17421","0.8","0.8","0.8","23219","23219","23219","1","1","1","23337","23337","23337","1","1","1","23611","23611","23611","1","1","1","23601","23601","23601","1","1","1","23666","23666","23666","1","1","1"
"905","17423","17423","17423","1","1","1","23221","23221","23221","1","1","1","23339","23339","23339","1","1","1","23613","23613","23613","1","1","1","23603","23603","23603","1","1","1","23668","23668","23668","1","1","1"
"906","17425","17425","17425","1","1","1","23223","23223","23223","1","1","1","23341","23341","23341","1","1","1","23615","23615","23615","1","1","1","23605","23605","23605","1","1","1","23670","23670","23670","1","1","1"
"907","17427","17427","17427","1","1","1","23225","23225","23225","1","1","1","23343","23343","23343","1","1","1","23617","23617","23617","1","1","1","23607","23607","23607","1","1","1","23672","23672","23672","1","1","1"
"908","17429","17429","17429","1","1","1","23227","23227","23227","1","1","1","23345","23345","23345","1","1","1","23619","23619","23619","1","1","1","23609","23609","23609","1","1","1","23674","23674","23674","1","1","1"
"909","17575","17575","17575","0.8","0.8","0.8","23385","23385","23385","0.8","0.8","0.8","23506","23506","23506","0.8","0.8","0.8","23780","23780","23780","1","1","1","23767","23767","23767","1","1","1","23835","23835","23835","1","1","1"
"910","17577","17577","17577","1","1","1","23387","23387","23387","1","1","1","23508","23508","23508","0.8","0.8","0.8","23782","23782","23782","1","1","1","23769","23769","23769","1","1","1","23837","23837","23837","1","1","1"
"911","17579","17579","17579","1","1","1","23389","23389","23389","1","1","1","23510","23510","23510","1","1","1","23784","23784","23784","1","1","1","23771","23771","23771","1","1","1","23839","23839","23839","1","1","1"
"912","17581","17581","17581","1","1","1","23391","23391","23391","1","1","1","23512","23512","23512","1","1","1","23786","23786","23786","1","1","1","23773","23773","23773","1","1","1","23841","23841","23841","1","1","1"
"913","17583","17583","17583","1","1","1","23393","23393","23393","1","1","1","23514","23514","23514","1","1","1","23788","23788","23788","1","1","1","23775","23775","23775","1","1","1","23843","23843","23843","1","1","1"
"914","17585","17585","17585","1","1","1","23395","23395","23395","1","1","1","23516","23516","23516","1","1","1","23790","23790","23790","0.8","0.8","0.8","23777","23777","23777","1","1","1","23845","23845","23845","1","1","1"
"915","17587","17587","17587","1","1","1","23397","23397","23397","1","1","1","23518","23518","23518","1","1","1","23792","23792","23792","1","1","1","23779","23779","23779","1","1","1","23847","23847","23847","1","1","1"
"916","17589","17589","17589","1","1","1","23399","23399","23399","1","1","1","23520","23520","23520","1","1","1","23794","23794","23794","1","1","1","23781","23781","23781","1","1","1","23849","23849","23849","1","1","1"
"917","17591","17591","17591","1","1","1","23401","23401","23401","1","1","1","23522","23522","23522","1","1","1","23796","23796","23796","1","1","1","23783","23783","23783","1","1","1","23851","23851","23851","1","1","1"
"918","17749","17749","17749","0.8","0.8","0.8","23560","23560","23560","0.8","0.8","0.8","23682","23682","23682","1","1","1","23955","23955","23955","1","1","1","23942","23942","23942","1","1","1","24011","24011","24011","1","1","1"
"919","17751","17751","17751","1","1","1","23562","23562","23562","1","1","1","23684","23684","23684","1","1","1","23957","23957","23957","1","1","1","23944","23944","23944","1","1","1","24013","24013","24013","1","1","1"
"920","17753","17753","17753","1","1","1","23564","23564","23564","1","1","1","23686","23686","23686","1","1","1","23959","23959","23959","1","1","1","23946","23946","23946","1","1","1","24015","24015","24015","1","1","1"
"921","17755","17755","17755","1","1","1","23566","23566","23566","1","1","1","23688","23688","23688","1","1","1","23961","23961","23961","1","1","1","23948","23948","23948","1","1","1","24017","24017","24017","1","1","1"
"922","17757","17757","17757","1","1","1","23568","23568","23568","1","1","1","23690","23690","23690","1","1","1","23963","23963","23963","0.8","0.8","0.8","23950","23950","23950","1","1","1","24019","24019","24019","1","1","1"
"923","17759","17759","17759","1","1","1","23570","23570","23570","1","1","1","23692","23692","23692","1","1","1","23965","23965","23965","0.8","0.8","0.8","23952","23952","23952","1","1","1","24021","24021","24021","0.8","0.8","0.8"
"924","17761","17761","17761","1","1","1","23572","23572","23572","1","1","1","23694","23694","23694","1","1","1","23967","23967","23967","1","1","1","23954","23954","23954","1","1","1","24023","24023","24023","1","1","1"
"925","17763","17763","17763","0.8","0.8","0.8","23574","23574","23574","1","1","1","23696","23696","23696","1","1","1","23969","23969","23969","1","1","1","23956","23956","23956","1","1","1","24025","24025","24025","1","1","1"
"926","17765","17765","17765","1","1","1","23576","23576","23576","1","1","1","23698","23698","23698","1","1","1","23971","23971","23971","1","1","1","23958","23958","23958","1","1","1","24027","24027","24027","1","1","1"
"927","17911","17911","17911","0.8","0.8","0.8","23738","23738","23738","1","1","1","23858","23858","23858","0.8","0.8","0.8","24127","24127","24127","1","1","1","24122","24122","24122","1","1","1","24185","24185","24185","1","1","1"
"928","17913","17913","17913","1","1","1","23740","23740","23740","1","1","1","23860","23860","23860","1","1","1","24129","24129","24129","1","1","1","24124","24124","24124","1","1","1","24187","24187","24187","1","1","1"
"929","17915","17915","17915","1","1","1","23742","23742","23742","1","1","1","23862","23862","23862","1","1","1","24131","24131","24131","1","1","1","24126","24126","24126","1","1","1","24189","24189","24189","1","1","1"
"930","17917","17917","17917","1","1","1","23744","23744","23744","1","1","1","23864","23864","23864","1","1","1","24133","24133","24133","1","1","1","24128","24128","24128","1","1","1","24191","24191","24191","1","1","1"
"931","17919","17919","17919","1","1","1","23746","23746","23746","1","1","1","23866","23866","23866","1","1","1","24135","24135","24135","1","1","1","24130","24130","24130","1","1","1","24193","24193","24193","1","1","1"
"932","17921","17921","17921","1","1","1","23748","23748","23748","1","1","1","23868","23868","23868","1","1","1","24137","24137","24137","1","1","1","24132","24132","24132","1","1","1","24195","24195","24195","1","1","1"
"933","17923","17923","17923","1","1","1","23750","23750","23750","1","1","1","23870","23870","23870","1","1","1","24139","24139","24139","1","1","1","24134","24134","24134","1","1","1","24197","24197","24197","1","1","1"
"934","17925","17925","17925","1","1","1","23752","23752","23752","1","1","1","23872","23872","23872","1","1","1","24141","24141","24141","1","1","1","24136","24136","24136","1","1","1","24199","24199","24199","1","1","1"
"935","17927","17927","17927","1","1","1","23754","23754","23754","1","1","1","23874","23874","23874","1","1","1","24143","24143","24143","1","1","1","24138","24138","24138","1","1","1","24201","24201","24201","1","1","1"
"936","18083","18083","18083","0.8","0.8","0.8","23916","23916","23916","1","1","1","24034","24034","24034","0.8","0.8","0.8","24305","24305","24305","1","1","1","24295","24295","24295","1","1","1","24361","24361","24361","0.8","0.8","0.8"
"937","18085","18085","18085","1","1","1","23918","23918","23918","1","1","1","24036","24036","24036","1","1","1","24307","24307","24307","1","1","1","24297","24297","24297","1","1","1","24363","24363","24363","1","1","1"
"938","18087","18087","18087","1","1","1","23920","23920","23920","1","1","1","24038","24038","24038","1","1","1","24309","24309","24309","1","1","1","24299","24299","24299","1","1","1","24365","24365","24365","0.8","0.8","0.8"
"939","18089","18089","18089","1","1","1","23922","23922","23922","1","1","1","24040","24040","24040","1","1","1","24311","24311","24311","1","1","1","24301","24301","24301","1","1","1","24367","24367","24367","1","1","1"
"940","18091","18091","18091","1","1","1","23924","23924","23924","1","1","1","24042","24042","24042","1","1","1","24313","24313","24313","1","1","1","24303","24303","24303","1","1","1","24369","24369","24369","1","1","1"
"941","18093","18093","18093","1","1","1","23926","23926","23926","1","1","1","24044","24044","24044","1","1","1","24315","24315","24315","1","1","1","24305","24305","24305","1","1","1","24371","24371","24371","1","1","1"
"942","18095","18095","18095","1","1","1","23928","23928","23928","1","1","1","24046","24046","24046","1","1","1","24317","24317","24317","1","1","1","24307","24307","24307","1","1","1","24373","24373","24373","1","1","1"
"943","18097","18097","18097","1","1","1","23930","23930","23930","1","1","1","24048","24048","24048","1","1","1","24319","24319","24319","1","1","1","24309","24309","24309","1","1","1","24375","24375","24375","1","1","1"
"944","18099","18099","18099","1","1","1","23932","23932","23932","1","1","1","24050","24050","24050","1","1","1","24321","24321","24321","1","1","1","24311","24311","24311","1","1","1","24377","24377","24377","1","1","1"
"945","18255","18255","18255","0.8","0.8","0.8","24093","24093","24093","1","1","1","24209","24209","24209","1","1","1","24482","24482","24482","0.8","0.8","0.8","24471","24471","24471","1","1","1","24537","24537","24537","1","1","1"
"946","18257","18257","18257","1","1","1","24095","24095","24095","1","1","1","24211","24211","24211","0.8","0.8","0.8","24484","24484","24484","1","1","1","24473","24473","24473","1","1","1","24539","24539","24539","1","1","1"
"947","18259","18259","18259","1","1","1","24097","24097","24097","1","1","1","24213","24213","24213","1","1","1","24486","24486","24486","1","1","1","24475","24475","24475","1","1","1","24541","24541","24541","1","1","1"
"948","18261","18261","18261","1","1","1","24099","24099","24099","1","1","1","24215","24215","24215","1","1","1","24488","24488","24488","1","1","1","24477","24477","24477","1","1","1","24543","24543","24543","1","1","1"
"949","18263","18263","18263","1","1","1","24101","24101","24101","1","1","1","24217","24217","24217","1","1","1","24490","24490","24490","1","1","1","24479","24479","24479","1","1","1","24545","24545","24545","1","1","1"
"950","18265","18265","18265","1","1","1","24103","24103","24103","1","1","1","24219","24219","24219","1","1","1","24492","24492","24492","1","1","1","24481","24481","24481","0.8","0.8","0.8","24547","24547","24547","1","1","1"
"951","18267","18267","18267","1","1","1","24105","24105","24105","1","1","1","24221","24221","24221","1","1","1","24494","24494","24494","1","1","1","24483","24483","24483","1","1","1","24549","24549","24549","1","1","1"
"952","18269","18269","18269","1","1","1","24107","24107","24107","1","1","1","24223","24223","24223","1","1","1","24496","24496","24496","1","1","1","24485","24485","24485","1","1","1","24551","24551","24551","1","1","1"
"953","18271","18271","18271","1","1","1","24109","24109","24109","0.8","0.8","0.8","24225","24225","24225","1","1","1","24498","24498","24498","1","1","1","24487","24487","24487","1","1","1","24553","24553","24553","1","1","1"
"954","18415","18415","18415","0.8","0.8","0.8","24266","24266","24266","1","1","1","24383","24383","24383","0.8","0.8","0.8","24663","24663","24663","1","1","1","24647","24647","24647","0.8","0.8","0.8","24713","24713","24713","1","1","1"
"955","18417","18417","18417","1","1","1","24268","24268","24268","1","1","1","24385","24385","24385","1","1","1","24665","24665","24665","1","1","1","24649","24649","24649","1","1","1","24715","24715","24715","1","1","1"
"956","18419","18419","18419","1","1","1","24270","24270","24270","1","1","1","24387","24387","24387","1","1","1","24667","24667","24667","1","1","1","24651","24651","24651","1","1","1","24717","24717","24717","0.8","0.8","0.8"
"957","18421","18421","18421","1","1","1","24272","24272","24272","1","1","1","24389","24389","24389","1","1","1","24669","24669","24669","1","1","1","24653","24653","24653","1","1","1","24719","24719","24719","1","1","1"
"958","18423","18423","18423","1","1","1","24274","24274","24274","1","1","1","24391","24391","24391","1","1","1","24671","24671","24671","1","1","1","24655","24655","24655","1","1","1","24721","24721","24721","1","1","1"
"959","18425","18425","18425","1","1","1","24276","24276","24276","1","1","1","24393","24393","24393","1","1","1","24673","24673","24673","1","1","1","24657","24657","24657","1","1","1","24723","24723","24723","1","1","1"
"960","18427","18427","18427","1","1","1","24278","24278","24278","1","1","1","24395","24395","24395","1","1","1","24675","24675","24675","1","1","1","24659","24659","24659","1","1","1","24725","24725","24725","1","1","1"
"961","18429","18429","18429","1","1","1","24280","24280","24280","1","1","1","24397","24397","24397","1","1","1","24677","24677","24677","1","1","1","24661","24661","24661","1","1","1","24727","24727","24727","1","1","1"
"962","18431","18431","18431","1","1","1","24282","24282","24282","1","1","1","24399","24399","24399","1","1","1","24679","24679","24679","1","1","1","24663","24663","24663","1","1","1","24729","24729","24729","1","1","1"
"963","18589","18589","18589","0.8","0.8","0.8","24439","24439","24439","1","1","1","24558","24558","24558","0.8","0.8","0.8","24836","24836","24836","1","1","1","24820","24820","24820","1","1","1","24891","24891","24891","1","1","1"
"964","18591","18591","18591","1","1","1","24441","24441","24441","1","1","1","24560","24560","24560","1","1","1","24838","24838","24838","1","1","1","24822","24822","24822","1","1","1","24893","24893","24893","1","1","1"
"965","18593","18593","18593","1","1","1","24443","24443","24443","1","1","1","24562","24562","24562","1","1","1","24840","24840","24840","1","1","1","24824","24824","24824","1","1","1","24895","24895","24895","1","1","1"
"966","18595","18595","18595","1","1","1","24445","24445","24445","1","1","1","24564","24564","24564","1","1","1","24842","24842","24842","1","1","1","24826","24826","24826","1","1","1","24897","24897","24897","1","1","1"
"967","18597","18597","18597","1","1","1","24447","24447","24447","1","1","1","24566","24566","24566","1","1","1","24844","24844","24844","1","1","1","24828","24828","24828","1","1","1","24899","24899","24899","1","1","1"
"968","18599","18599","18599","1","1","1","24449","24449","24449","1","1","1","24568","24568","24568","1","1","1","24846","24846","24846","1","1","1","24830","24830","24830","1","1","1","24901","24901","24901","1","1","1"
"969","18601","18601","18601","1","1","1","24451","24451","24451","1","1","1","24570","24570","24570","1","1","1","24848","24848","24848","1","1","1","24832","24832","24832","1","1","1","24903","24903","24903","1","1","1"
"970","18603","18603","18603","1","1","1","24453","24453","24453","1","1","1","24572","24572","24572","1","1","1","24850","24850","24850","1","1","1","24834","24834","24834","1","1","1","24905","24905","24905","1","1","1"
"971","18605","18605","18605","1","1","1","24455","24455","24455","0.9","0.9","0.9","24574","24574","24574","1","1","1","24852","24852","24852","1","1","1","24836","24836","24836","1","1","1","24907","24907","24907","1","1","1"
"972","18749","18749","18749","0.8","0.8","0.8","24612","24612","24612","1","1","1","24734","24734","24734","0.8","0.8","0.8","25010","25010","25010","1","1","1","24995","24995","24995","1","1","1","25064","25064","25064","1","1","1"
"973","18751","18751","18751","1","1","1","24614","24614","24614","1","1","1","24736","24736","24736","1","1","1","25012","25012","25012","1","1","1","24997","24997","24997","1","1","1","25066","25066","25066","1","1","1"
"974","18753","18753","18753","1","1","1","24616","24616","24616","1","1","1","24738","24738","24738","1","1","1","25014","25014","25014","1","1","1","24999","24999","24999","1","1","1","25068","25068","25068","1","1","1"
"975","18755","18755","18755","1","1","1","24618","24618","24618","1","1","1","24740","24740","24740","1","1","1","25016","25016","25016","1","1","1","25001","25001","25001","1","1","1","25070","25070","25070","1","1","1"
"976","18757","18757","18757","1","1","1","24620","24620","24620","1","1","1","24742","24742","24742","1","1","1","25018","25018","25018","1","1","1","25003","25003","25003","1","1","1","25072","25072","25072","1","1","1"
"977","18759","18759","18759","1","1","1","24622","24622","24622","1","1","1","24744","24744","24744","1","1","1","25020","25020","25020","0.8","0.8","0.8","25005","25005","25005","1","1","1","25074","25074","25074","1","1","1"
"978","18761","18761","18761","1","1","1","24624","24624","24624","1","1","1","24746","24746","24746","1","1","1","25022","25022","25022","1","1","1","25007","25007","25007","1","1","1","25076","25076","25076","1","1","1"
"979","18763","18763","18763","1","1","1","24626","24626","24626","1","1","1","24748","24748","24748","1","1","1","25024","25024","25024","1","1","1","25009","25009","25009","1","1","1","25078","25078","25078","1","1","1"
"980","18765","18765","18765","1","1","1","24628","24628","24628","1","1","1","24750","24750","24750","1","1","1","25026","25026","25026","1","1","1","25011","25011","25011","1","1","1","25080","25080","25080","1","1","1"
"981","18925","18925","18925","0.8","0.8","0.8","24787","24787","24787","0.8","0.8","0.8","24909","24909","24909","1","1","1","25184","25184","25184","1","1","1","25170","25170","25170","0.8","0.8","0.8","25240","25240","25240","1","1","1"
"982","18927","18927","18927","1","1","1","24789","24789","24789","1","1","1","24911","24911","24911","1","1","1","25186","25186","25186","1","1","1","25172","25172","25172","1","1","1","25242","25242","25242","1","1","1"
"983","18929","18929","18929","1","1","1","24791","24791","24791","1","1","1","24913","24913","24913","1","1","1","25188","25188","25188","1","1","1","25174","25174","25174","1","1","1","25244","25244","25244","1","1","1"
"984","18931","18931","18931","1","1","1","24793","24793","24793","1","1","1","24915","24915","24915","1","1","1","25190","25190","25190","1","1","1","25176","25176","25176","1","1","1","25246","25246","25246","1","1","1"
"985","18933","18933","18933","1","1","1","24795","24795","24795","1","1","1","24917","24917","24917","1","1","1","25192","25192","25192","1","1","1","25178","25178","25178","1","1","1","25248","25248","25248","1","1","1"
"986","18935","18935","18935","1","1","1","24797","24797","24797","1","1","1","24919","24919","24919","1","1","1","25194","25194","25194","1","1","1","25180","25180","25180","1","1","1","25250","25250","25250","1","1","1"
"987","18937","18937","18937","1","1","1","24799","24799","24799","1","1","1","24921","24921","24921","1","1","1","25196","25196","25196","1","1","1","25182","25182","25182","1","1","1","25252","25252","25252","1","1","1"
"988","18939","18939","18939","1","1","1","24801","24801","24801","1","1","1","24923","24923","24923","1","1","1","25198","25198","25198","1","1","1","25184","25184","25184","1","1","1","25254","25254","25254","1","1","1"
"989","18941","18941","18941","1","1","1","24803","24803","24803","1","1","1","24925","24925","24925","1","1","1","25200","25200","25200","1","1","1","25186","25186","25186","1","1","1","25256","25256","25256","1","1","1"
"990","19087","19087","19087","0.8","0.8","0.8","24961","24961","24961","1","1","1","25088","25088","25088","0.8","0.8","0.8","25360","25360","25360","1","1","1","25345","25345","25345","0.8","0.8","0.8","25415","25415","25415","1","1","1"
"991","19089","19089","19089","1","1","1","24963","24963","24963","1","1","1","25090","25090","25090","1","1","1","25362","25362","25362","1","1","1","25347","25347","25347","1","1","1","25417","25417","25417","1","1","1"
"992","19091","19091","19091","1","1","1","24965","24965","24965","1","1","1","25092","25092","25092","1","1","1","25364","25364","25364","0.8","0.8","0.8","25349","25349","25349","1","1","1","25419","25419","25419","1","1","1"
"993","19093","19093","19093","1","1","1","24967","24967","24967","1","1","1","25094","25094","25094","1","1","1","25366","25366","25366","1","1","1","25351","25351","25351","1","1","1","25421","25421","25421","1","1","1"
"994","19095","19095","19095","0.8","0.8","0.8","24969","24969","24969","1","1","1","25096","25096","25096","1","1","1","25368","25368","25368","1","1","1","25353","25353","25353","1","1","1","25423","25423","25423","1","1","1"
"995","19097","19097","19097","1","1","1","24971","24971","24971","1","1","1","25098","25098","25098","1","1","1","25370","25370","25370","1","1","1","25355","25355","25355","1","1","1","25425","25425","25425","1","1","1"
"996","19099","19099","19099","1","1","1","24973","24973","24973","1","1","1","25100","25100","25100","1","1","1","25372","25372","25372","1","1","1","25357","25357","25357","1","1","1","25427","25427","25427","1","1","1"
"997","19101","19101","19101","1","1","1","24975","24975","24975","1","1","1","25102","25102","25102","1","1","1","25374","25374","25374","1","1","1","25359","25359","25359","1","1","1","25429","25429","25429","1","1","1"
"998","19103","19103","19103","1","1","1","24977","24977","24977","1","1","1","25104","25104","25104","1","1","1","25376","25376","25376","1","1","1","25361","25361","25361","1","1","1","25431","25431","25431","1","1","1"
"999","19259","19259","19259","0.8","0.8","0.8","25139","25139","25139","0.8","0.8","0.8","25261","25261","25261","1","1","1","25532","25532","25532","1","1","1","25517","25517","25517","1","1","1","25595","25595","25595","1","1","1"
"1000","19261","19261","19261","1","1","1","25141","25141","25141","1","1","1","25263","25263","25263","1","1","1","25534","25534","25534","1","1","1","25519","25519","25519","0.8","0.8","0.8","25597","25597","25597","1","1","1"
"1001","19263","19263","19263","1","1","1","25143","25143","25143","1","1","1","25265","25265","25265","1","1","1","25536","25536","25536","1","1","1","25521","25521","25521","1","1","1","25599","25599","25599","0.8","0.8","0.8"
"1002","19265","19265","19265","1","1","1","25145","25145","25145","1","1","1","25267","25267","25267","1","1","1","25538","25538","25538","1","1","1","25523","25523","25523","1","1","1","25601","25601","25601","1","1","1"
"1003","19267","19267","19267","0.8","0.8","0.8","25147","25147","25147","1","1","1","25269","25269","25269","1","1","1","25540","25540","25540","1","1","1","25525","25525","25525","1","1","1","25603","25603","25603","1","1","1"
"1004","19269","19269","19269","1","1","1","25149","25149","25149","1","1","1","25271","25271","25271","1","1","1","25542","25542","25542","1","1","1","25527","25527","25527","1","1","1","25605","25605","25605","1","1","1"
"1005","19271","19271","19271","1","1","1","25151","25151","25151","1","1","1","25273","25273","25273","1","1","1","25544","25544","25544","1","1","1","25529","25529","25529","1","1","1","25607","25607","25607","1","1","1"
"1006","19273","19273","19273","1","1","1","25153","25153","25153","1","1","1","25275","25275","25275","1","1","1","25546","25546","25546","1","1","1","25531","25531","25531","1","1","1","25609","25609","25609","1","1","1"
"1007","19275","19275","19275","1","1","1","25155","25155","25155","1","1","1","25277","25277","25277","1","1","1","25548","25548","25548","1","1","1","25533","25533","25533","1","1","1","25611","25611","25611","1","1","1"
"1008","19429","19429","19429","0.8","0.8","0.8","25313","25313","25313","0.8","0.8","0.8","25436","25436","25436","1","1","1","25710","25710","25710","1","1","1","25692","25692","25692","1","1","1","25773","25773","25773","1","1","1"
"1009","19431","19431","19431","1","1","1","25315","25315","25315","1","1","1","25438","25438","25438","1","1","1","25712","25712","25712","1","1","1","25694","25694","25694","1","1","1","25775","25775","25775","1","1","1"
"1010","19433","19433","19433","1","1","1","25317","25317","25317","1","1","1","25440","25440","25440","1","1","1","25714","25714","25714","1","1","1","25696","25696","25696","1","1","1","25777","25777","25777","1","1","1"
"1011","19435","19435","19435","1","1","1","25319","25319","25319","1","1","1","25442","25442","25442","1","1","1","25716","25716","25716","1","1","1","25698","25698","25698","1","1","1","25779","25779","25779","1","1","1"
"1012","19437","19437","19437","1","1","1","25321","25321","25321","1","1","1","25444","25444","25444","1","1","1","25718","25718","25718","0.8","0.8","0.8","25700","25700","25700","1","1","1","25781","25781","25781","1","1","1"
"1013","19439","19439","19439","1","1","1","25323","25323","25323","1","1","1","25446","25446","25446","1","1","1","25720","25720","25720","1","1","1","25702","25702","25702","1","1","1","25783","25783","25783","1","1","1"
"1014","19441","19441","19441","1","1","1","25325","25325","25325","1","1","1","25448","25448","25448","1","1","1","25722","25722","25722","1","1","1","25704","25704","25704","1","1","1","25785","25785","25785","1","1","1"
"1015","19443","19443","19443","1","1","1","25327","25327","25327","1","1","1","25450","25450","25450","1","1","1","25724","25724","25724","1","1","1","25706","25706","25706","1","1","1","25787","25787","25787","1","1","1"
"1016","19445","19445","19445","1","1","1","25329","25329","25329","1","1","1","25452","25452","25452","1","1","1","25726","25726","25726","1","1","1","25708","25708","25708","1","1","1","25789","25789","25789","1","1","1"
"1017","19593","19593","19593","0.8","0.8","0.8","25490","25490","25490","0.8","0.8","0.8","25611","25611","25611","0.8","0.8","0.8","25890","25890","25890","1","1","1","25865","25865","25865","0.8","0.8","0.8","25947","25947","25947","1","1","1"
"1018","19595","19595","19595","1","1","1","25492","25492","25492","1","1","1","25613","25613","25613","1","1","1","25892","25892","25892","1","1","1","25867","25867","25867","1","1","1","25949","25949","25949","1","1","1"
"1019","19597","19597","19597","1","1","1","25494","25494","25494","1","1","1","25615","25615","25615","1","1","1","25894","25894","25894","1","1","1","25869","25869","25869","1","1","1","25951","25951","25951","0.8","0.8","0.8"
"1020","19599","19599","19599","1","1","1","25496","25496","25496","1","1","1","25617","25617","25617","1","1","1","25896","25896","25896","1","1","1","25871","25871","25871","1","1","1","25953","25953","25953","1","1","1"
"1021","19601","19601","19601","0.8","0.8","0.8","25498","25498","25498","1","1","1","25619","25619","25619","1","1","1","25898","25898","25898","1","1","1","25873","25873","25873","1","1","1","25955","25955","25955","1","1","1"
"1022","19603","19603","19603","1","1","1","25500","25500","25500","1","1","1","25621","25621","25621","1","1","1","25900","25900","25900","1","1","1","25875","25875","25875","1","1","1","25957","25957","25957","1","1","1"
"1023","19605","19605","19605","1","1","1","25502","25502","25502","1","1","1","25623","25623","25623","1","1","1","25902","25902","25902","1","1","1","25877","25877","25877","1","1","1","25959","25959","25959","1","1","1"
"1024","19607","19607","19607","1","1","1","25504","25504","25504","1","1","1","25625","25625","25625","1","1","1","25904","25904","25904","1","1","1","25879","25879","25879","1","1","1","25961","25961","25961","1","1","1"
"1025","19609","19609","19609","1","1","1","25506","25506","25506","1","1","1","25627","25627","25627","1","1","1","25906","25906","25906","1","1","1","25881","25881","25881","1","1","1","25963","25963","25963","1","1","1"
"1026","19763","19763","19763","0.8","0.8","0.8","25664","25664","25664","0.8","0.8","0.8","25788","25788","25788","1","1","1","26068","26068","26068","1","1","1","26044","26044","26044","1","1","1","26127","26127","26127","1","1","1"
"1027","19765","19765","19765","1","1","1","25666","25666","25666","0.8","0.8","0.8","25790","25790","25790","1","1","1","26070","26070","26070","1","1","1","26046","26046","26046","1","1","1","26129","26129","26129","1","1","1"
"1028","19767","19767","19767","1","1","1","25668","25668","25668","1","1","1","25792","25792","25792","1","1","1","26072","26072","26072","0.8","0.8","0.8","26048","26048","26048","1","1","1","26131","26131","26131","1","1","1"
"1029","19769","19769","19769","1","1","1","25670","25670","25670","1","1","1","25794","25794","25794","1","1","1","26074","26074","26074","1","1","1","26050","26050","26050","1","1","1","26133","26133","26133","1","1","1"
"1030","19771","19771","19771","1","1","1","25672","25672","25672","1","1","1","25796","25796","25796","0.8","0.8","0.8","26076","26076","26076","1","1","1","26052","26052","26052","1","1","1","26135","26135","26135","1","1","1"
"1031","19773","19773","19773","1","1","1","25674","25674","25674","1","1","1","25798","25798","25798","1","1","1","26078","26078","26078","1","1","1","26054","26054","26054","1","1","1","26137","26137","26137","1","1","1"
"1032","19775","19775","19775","1","1","1","25676","25676","25676","1","1","1","25800","25800","25800","1","1","1","26080","26080","26080","1","1","1","26056","26056","26056","1","1","1","26139","26139","26139","1","1","1"
"1033","19777","19777","19777","1","1","1","25678","25678","25678","1","1","1","25802","25802","25802","1","1","1","26082","26082","26082","1","1","1","26058","26058","26058","1","1","1","26141","26141","26141","1","1","1"
"1034","19779","19779","19779","1","1","1","25680","25680","25680","1","1","1","25804","25804","25804","1","1","1","26084","26084","26084","1","1","1","26060","26060","26060","1","1","1","26143","26143","26143","1","1","1"
"1035","19927","19927","19927","0.8","0.8","0.8","25843","25843","25843","0.8","0.8","0.8","25960","25960","25960","1","1","1","26244","26244","26244","1","1","1","26219","26219","26219","1","1","1","26302","26302","26302","1","1","1"
"1036","19929","19929","19929","1","1","1","25845","25845","25845","1","1","1","25962","25962","25962","1","1","1","26246","26246","26246","1","1","1","26221","26221","26221","1","1","1","26304","26304","26304","1","1","1"
"1037","19931","19931","19931","1","1","1","25847","25847","25847","1","1","1","25964","25964","25964","1","1","1","26248","26248","26248","1","1","1","26223","26223","26223","1","1","1","26306","26306","26306","0.8","0.8","0.8"
"1038","19933","19933","19933","1","1","1","25849","25849","25849","1","1","1","25966","25966","25966","1","1","1","26250","26250","26250","1","1","1","26225","26225","26225","0.8","0.8","0.8","26308","26308","26308","1","1","1"
"1039","19935","19935","19935","1","1","1","25851","25851","25851","1","1","1","25968","25968","25968","1","1","1","26252","26252","26252","1","1","1","26227","26227","26227","0.8","0.8","0.8","26310","26310","26310","1","1","1"
"1040","19937","19937","19937","1","1","1","25853","25853","25853","0.8","0.8","0.8","25970","25970","25970","1","1","1","26254","26254","26254","1","1","1","26229","26229","26229","1","1","1","26312","26312","26312","1","1","1"
"1041","19939","19939","19939","1","1","1","25855","25855","25855","1","1","1","25972","25972","25972","1","1","1","26256","26256","26256","1","1","1","26231","26231","26231","1","1","1","26314","26314","26314","1","1","1"
"1042","19941","19941","19941","1","1","1","25857","25857","25857","1","1","1","25974","25974","25974","1","1","1","26258","26258","26258","1","1","1","26233","26233","26233","1","1","1","26316","26316","26316","1","1","1"
"1043","19943","19943","19943","1","1","1","25859","25859","25859","1","1","1","25976","25976","25976","1","1","1","26260","26260","26260","1","1","1","26235","26235","26235","1","1","1","26318","26318","26318","1","1","1"
"1044","20099","20099","20099","0.8","0.8","0.8","26017","26017","26017","0.8","0.8","0.8","26142","26142","26142","0.8","0.8","0.8","26418","26418","26418","0.8","0.8","0.8","26396","26396","26396","1","1","1","26481","26481","26481","1","1","1"
"1045","20101","20101","20101","1","1","1","26019","26019","26019","1","1","1","26144","26144","26144","1","1","1","26420","26420","26420","1","1","1","26398","26398","26398","1","1","1","26483","26483","26483","1","1","1"
"1046","20103","20103","20103","1","1","1","26021","26021","26021","1","1","1","26146","26146","26146","1","1","1","26422","26422","26422","1","1","1","26400","26400","26400","1","1","1","26485","26485","26485","1","1","1"
"1047","20105","20105","20105","1","1","1","26023","26023","26023","1","1","1","26148","26148","26148","1","1","1","26424","26424","26424","0.8","0.8","0.8","26402","26402","26402","1","1","1","26487","26487","26487","1","1","1"
"1048","20107","20107","20107","1","1","1","26025","26025","26025","1","1","1","26150","26150","26150","1","1","1","26426","26426","26426","1","1","1","26404","26404","26404","1","1","1","26489","26489","26489","1","1","1"
"1049","20109","20109","20109","1","1","1","26027","26027","26027","1","1","1","26152","26152","26152","1","1","1","26428","26428","26428","1","1","1","26406","26406","26406","1","1","1","26491","26491","26491","1","1","1"
"1050","20111","20111","20111","1","1","1","26029","26029","26029","1","1","1","26154","26154","26154","1","1","1","26430","26430","26430","1","1","1","26408","26408","26408","1","1","1","26493","26493","26493","1","1","1"
"1051","20113","20113","20113","1","1","1","26031","26031","26031","1","1","1","26156","26156","26156","1","1","1","26432","26432","26432","1","1","1","26410","26410","26410","1","1","1","26495","26495","26495","1","1","1"
"1052","20115","20115","20115","1","1","1","26033","26033","26033","1","1","1","26158","26158","26158","1","1","1","26434","26434","26434","1","1","1","26412","26412","26412","1","1","1","26497","26497","26497","1","1","1"
"1053","20261","20261","20261","0.8","0.8","0.8","26189","26189","26189","1","1","1","26318","26318","26318","1","1","1","26596","26596","26596","1","1","1","26575","26575","26575","1","1","1","26658","26658","26658","1","1","1"
"1054","20263","20263","20263","1","1","1","26191","26191","26191","1","1","1","26320","26320","26320","1","1","1","26598","26598","26598","1","1","1","26577","26577","26577","1","1","1","26660","26660","26660","1","1","1"
"1055","20265","20265","20265","1","1","1","26193","26193","26193","1","1","1","26322","26322","26322","1","1","1","26600","26600","26600","1","1","1","26579","26579","26579","1","1","1","26662","26662","26662","1","1","1"
"1056","20267","20267","20267","1","1","1","26195","26195","26195","1","1","1","26324","26324","26324","1","1","1","26602","26602","26602","1","1","1","26581","26581","26581","1","1","1","26664","26664","26664","1","1","1"
"1057","20269","20269","20269","1","1","1","26197","26197","26197","1","1","1","26326","26326","26326","1","1","1","26604","26604","26604","1","1","1","26583","26583","26583","1","1","1","26666","26666","26666","1","1","1"
"1058","20271","20271","20271","1","1","1","26199","26199","26199","1","1","1","26328","26328","26328","1","1","1","26606","26606","26606","0.8","0.8","0.8","26585","26585","26585","1","1","1","26668","26668","26668","1","1","1"
"1059","20273","20273","20273","1","1","1","26201","26201","26201","1","1","1","26330","26330","26330","1","1","1","26608","26608","26608","1","1","1","26587","26587","26587","1","1","1","26670","26670","26670","1","1","1"
"1060","20275","20275","20275","1","1","1","26203","26203","26203","1","1","1","26332","26332","26332","1","1","1","26610","26610","26610","1","1","1","26589","26589","26589","1","1","1","26672","26672","26672","1","1","1"
"1061","20277","20277","20277","1","1","1","26205","26205","26205","1","1","1","26334","26334","26334","1","1","1","26612","26612","26612","1","1","1","26591","26591","26591","1","1","1","26674","26674","26674","1","1","1"
"1062","20433","20433","20433","0.8","0.8","0.8","26365","26365","26365","1","1","1","26496","26496","26496","1","1","1","26769","26769","26769","1","1","1","26753","26753","26753","0.8","0.8","0.8","26838","26838","26838","1","1","1"
"1063","20435","20435","20435","1","1","1","26367","26367","26367","1","1","1","26498","26498","26498","1","1","1","26771","26771","26771","1","1","1","26755","26755","26755","1","1","1","26840","26840","26840","1","1","1"
"1064","20437","20437","20437","1","1","1","26369","26369","26369","1","1","1","26500","26500","26500","1","1","1","26773","26773","26773","1","1","1","26757","26757","26757","1","1","1","26842","26842","26842","0.8","0.8","0.8"
"1065","20439","20439","20439","1","1","1","26371","26371","26371","1","1","1","26502","26502","26502","1","1","1","26775","26775","26775","1","1","1","26759","26759","26759","1","1","1","26844","26844","26844","1","1","1"
"1066","20441","20441","20441","1","1","1","26373","26373","26373","1","1","1","26504","26504","26504","0.8","0.8","0.8","26777","26777","26777","1","1","1","26761","26761","26761","1","1","1","26846","26846","26846","1","1","1"
"1067","20443","20443","20443","1","1","1","26375","26375","26375","1","1","1","26506","26506","26506","1","1","1","26779","26779","26779","1","1","1","26763","26763","26763","0.8","0.8","0.8","26848","26848","26848","1","1","1"
"1068","20445","20445","20445","1","1","1","26377","26377","26377","1","1","1","26508","26508","26508","1","1","1","26781","26781","26781","1","1","1","26765","26765","26765","1","1","1","26850","26850","26850","1","1","1"
"1069","20447","20447","20447","1","1","1","26379","26379","26379","1","1","1","26510","26510","26510","1","1","1","26783","26783","26783","1","1","1","26767","26767","26767","1","1","1","26852","26852","26852","1","1","1"
"1070","20449","20449","20449","1","1","1","26381","26381","26381","1","1","1","26512","26512","26512","1","1","1","26785","26785","26785","1","1","1","26769","26769","26769","1","1","1","26854","26854","26854","1","1","1"
"1071","20605","20605","20605","0.8","0.8","0.8","26540","26540","26540","0.8","0.8","0.8","26672","26672","26672","1","1","1","26944","26944","26944","1","1","1","26925","26925","26925","1","1","1","27012","27012","27012","0.8","0.8","0.8"
"1072","20607","20607","20607","1","1","1","26542","26542","26542","1","1","1","26674","26674","26674","1","1","1","26946","26946","26946","1","1","1","26927","26927","26927","1","1","1","27014","27014","27014","1","1","1"
"1073","20609","20609","20609","1","1","1","26544","26544","26544","1","1","1","26676","26676","26676","1","1","1","26948","26948","26948","1","1","1","26929","26929","26929","1","1","1","27016","27016","27016","0.8","0.8","0.8"
"1074","20611","20611","20611","1","1","1","26546","26546","26546","1","1","1","26678","26678","26678","1","1","1","26950","26950","26950","1","1","1","26931","26931","26931","1","1","1","27018","27018","27018","1","1","1"
"1075","20613","20613","20613","1","1","1","26548","26548","26548","1","1","1","26680","26680","26680","1","1","1","26952","26952","26952","1","1","1","26933","26933","26933","1","1","1","27020","27020","27020","1","1","1"
"1076","20615","20615","20615","1","1","1","26550","26550","26550","1","1","1","26682","26682","26682","1","1","1","26954","26954","26954","1","1","1","26935","26935","26935","1","1","1","27022","27022","27022","1","1","1"
"1077","20617","20617","20617","1","1","1","26552","26552","26552","1","1","1","26684","26684","26684","1","1","1","26956","26956","26956","1","1","1","26937","26937","26937","1","1","1","27024","27024","27024","1","1","1"
"1078","20619","20619","20619","1","1","1","26554","26554","26554","1","1","1","26686","26686","26686","1","1","1","26958","26958","26958","1","1","1","26939","26939","26939","1","1","1","27026","27026","27026","1","1","1"
"1079","20621","20621","20621","1","1","1","26556","26556","26556","1","1","1","26688","26688","26688","1","1","1","26960","26960","26960","1","1","1","26941","26941","26941","1","1","1","27028","27028","27028","1","1","1"
"1080","20767","20767","20767","0.8","0.8","0.8","26717","26717","26717","0.8","0.8","0.8","26852","26852","26852","1","1","1","27121","27121","27121","1","1","1","27099","27099","27099","1","1","1","27189","27189","27189","1","1","1"
"1081","20769","20769","20769","1","1","1","26719","26719","26719","1","1","1","26854","26854","26854","1","1","1","27123","27123","27123","1","1","1","27101","27101","27101","1","1","1","27191","27191","27191","1","1","1"
"1082","20771","20771","20771","1","1","1","26721","26721","26721","1","1","1","26856","26856","26856","1","1","1","27125","27125","27125","1","1","1","27103","27103","27103","1","1","1","27193","27193","27193","0.8","0.8","0.8"
"1083","20773","20773","20773","1","1","1","26723","26723","26723","1","1","1","26858","26858","26858","1","1","1","27127","27127","27127","1","1","1","27105","27105","27105","1","1","1","27195","27195","27195","1","1","1"
"1084","20775","20775","20775","1","1","1","26725","26725","26725","1","1","1","26860","26860","26860","1","1","1","27129","27129","27129","1","1","1","27107","27107","27107","1","1","1","27197","27197","27197","1","1","1"
"1085","20777","20777","20777","1","1","1","26727","26727","26727","1","1","1","26862","26862","26862","1","1","1","27131","27131","27131","1","1","1","27109","27109","27109","1","1","1","27199","27199","27199","1","1","1"
"1086","20779","20779","20779","1","1","1","26729","26729","26729","1","1","1","26864","26864","26864","1","1","1","27133","27133","27133","1","1","1","27111","27111","27111","1","1","1","27201","27201","27201","1","1","1"
"1087","20781","20781","20781","1","1","1","26731","26731","26731","1","1","1","26866","26866","26866","1","1","1","27135","27135","27135","1","1","1","27113","27113","27113","1","1","1","27203","27203","27203","1","1","1"
"1088","20783","20783","20783","1","1","1","26733","26733","26733","1","1","1","26868","26868","26868","1","1","1","27137","27137","27137","1","1","1","27115","27115","27115","1","1","1","27205","27205","27205","1","1","1"
"1089","20939","20939","20939","0.8","0.8","0.8","26889","26889","26889","0.8","0.8","0.8","27029","27029","27029","0.8","0.8","0.8","27299","27299","27299","1","1","1","27274","27274","27274","1","1","1","27363","27363","27363","1","1","1"
"1090","20941","20941","20941","1","1","1","26891","26891","26891","1","1","1","27031","27031","27031","1","1","1","27301","27301","27301","1","1","1","27276","27276","27276","1","1","1","27365","27365","27365","1","1","1"
"1091","20943","20943","20943","1","1","1","26893","26893","26893","1","1","1","27033","27033","27033","1","1","1","27303","27303","27303","1","1","1","27278","27278","27278","1","1","1","27367","27367","27367","0.8","0.8","0.8"
"1092","20945","20945","20945","1","1","1","26895","26895","26895","1","1","1","27035","27035","27035","1","1","1","27305","27305","27305","1","1","1","27280","27280","27280","1","1","1","27369","27369","27369","1","1","1"
"1093","20947","20947","20947","1","1","1","26897","26897","26897","1","1","1","27037","27037","27037","1","1","1","27307","27307","27307","1","1","1","27282","27282","27282","1","1","1","27371","27371","27371","1","1","1"
"1094","20949","20949","20949","1","1","1","26899","26899","26899","1","1","1","27039","27039","27039","0.8","0.8","0.8","27309","27309","27309","0.8","0.8","0.8","27284","27284","27284","1","1","1","27373","27373","27373","1","1","1"
"1095","20951","20951","20951","1","1","1","26901","26901","26901","1","1","1","27041","27041","27041","1","1","1","27311","27311","27311","1","1","1","27286","27286","27286","1","1","1","27375","27375","27375","1","1","1"
"1096","20953","20953","20953","1","1","1","26903","26903","26903","1","1","1","27043","27043","27043","1","1","1","27313","27313","27313","1","1","1","27288","27288","27288","1","1","1","27377","27377","27377","1","1","1"
"1097","20955","20955","20955","1","1","1","26905","26905","26905","1","1","1","27045","27045","27045","0.9","0.9","0.9","27315","27315","27315","1","1","1","27290","27290","27290","1","1","1","27379","27379","27379","1","1","1"
"1098","21103","21103","21103","0.8","0.8","0.8","27064","27064","27064","1","1","1","27203","27203","27203","1","1","1","27471","27471","27471","1","1","1","27452","27452","27452","0.8","0.8","0.8","27536","27536","27536","1","1","1"
"1099","21105","21105","21105","1","1","1","27066","27066","27066","1","1","1","27205","27205","27205","1","1","1","27473","27473","27473","1","1","1","27454","27454","27454","1","1","1","27538","27538","27538","0.8","0.8","0.8"
"1100","21107","21107","21107","1","1","1","27068","27068","27068","1","1","1","27207","27207","27207","1","1","1","27475","27475","27475","1","1","1","27456","27456","27456","1","1","1","27540","27540","27540","1","1","1"
"1101","21109","21109","21109","1","1","1","27070","27070","27070","1","1","1","27209","27209","27209","1","1","1","27477","27477","27477","1","1","1","27458","27458","27458","1","1","1","27542","27542","27542","1","1","1"
"1102","21111","21111","21111","1","1","1","27072","27072","27072","1","1","1","27211","27211","27211","1","1","1","27479","27479","27479","1","1","1","27460","27460","27460","1","1","1","27544","27544","27544","1","1","1"
"1103","21113","21113","21113","1","1","1","27074","27074","27074","1","1","1","27213","27213","27213","1","1","1","27481","27481","27481","1","1","1","27462","27462","27462","1","1","1","27546","27546","27546","1","1","1"
"1104","21115","21115","21115","1","1","1","27076","27076","27076","1","1","1","27215","27215","27215","1","1","1","27483","27483","27483","1","1","1","27464","27464","27464","1","1","1","27548","27548","27548","1","1","1"
"1105","21117","21117","21117","1","1","1","27078","27078","27078","1","1","1","27217","27217","27217","1","1","1","27485","27485","27485","1","1","1","27466","27466","27466","1","1","1","27550","27550","27550","1","1","1"
"1106","21119","21119","21119","1","1","1","27080","27080","27080","1","1","1","27219","27219","27219","1","1","1","27487","27487","27487","1","1","1","27468","27468","27468","1","1","1","27552","27552","27552","1","1","1"
"1107","21273","21273","21273","0.8","0.8","0.8","27239","27239","27239","0.8","0.8","0.8","27379","27379","27379","1","1","1","27645","27645","27645","1","1","1","27626","27626","27626","0.8","0.8","0.8","27710","27710","27710","1","1","1"
"1108","21275","21275","21275","1","1","1","27241","27241","27241","1","1","1","27381","27381","27381","1","1","1","27647","27647","27647","1","1","1","27628","27628","27628","1","1","1","27712","27712","27712","1","1","1"
"1109","21277","21277","21277","1","1","1","27243","27243","27243","1","1","1","27383","27383","27383","1","1","1","27649","27649","27649","1","1","1","27630","27630","27630","1","1","1","27714","27714","27714","1","1","1"
"1110","21279","21279","21279","1","1","1","27245","27245","27245","1","1","1","27385","27385","27385","1","1","1","27651","27651","27651","1","1","1","27632","27632","27632","1","1","1","27716","27716","27716","1","1","1"
"1111","21281","21281","21281","1","1","1","27247","27247","27247","1","1","1","27387","27387","27387","1","1","1","27653","27653","27653","1","1","1","27634","27634","27634","1","1","1","27718","27718","27718","1","1","1"
"1112","21283","21283","21283","1","1","1","27249","27249","27249","1","1","1","27389","27389","27389","1","1","1","27655","27655","27655","0.8","0.8","0.8","27636","27636","27636","1","1","1","27720","27720","27720","1","1","1"
"1113","21285","21285","21285","1","1","1","27251","27251","27251","1","1","1","27391","27391","27391","1","1","1","27657","27657","27657","1","1","1","27638","27638","27638","1","1","1","27722","27722","27722","1","1","1"
"1114","21287","21287","21287","1","1","1","27253","27253","27253","1","1","1","27393","27393","27393","1","1","1","27659","27659","27659","1","1","1","27640","27640","27640","1","1","1","27724","27724","27724","1","1","1"
"1115","21289","21289","21289","1","1","1","27255","27255","27255","1","1","1","27395","27395","27395","1","1","1","27661","27661","27661","1","1","1","27642","27642","27642","1","1","1","27726","27726","27726","1","1","1"
"1116","21449","21449","21449","0.8","0.8","0.8","27411","27411","27411","1","1","1","27558","27558","27558","1","1","1","27819","27819","27819","1","1","1","27803","27803","27803","1","1","1","27889","27889","27889","1","1","1"
"1117","21451","21451","21451","1","1","1","27413","27413","27413","1","1","1","27560","27560","27560","1","1","1","27821","27821","27821","1","1","1","27805","27805","27805","1","1","1","27891","27891","27891","1","1","1"
"1118","21453","21453","21453","1","1","1","27415","27415","27415","1","1","1","27562","27562","27562","1","1","1","27823","27823","27823","1","1","1","27807","27807","27807","1","1","1","27893","27893","27893","0.8","0.8","0.8"
"1119","21455","21455","21455","1","1","1","27417","27417","27417","1","1","1","27564","27564","27564","1","1","1","27825","27825","27825","1","1","1","27809","27809","27809","1","1","1","27895","27895","27895","1","1","1"
"1120","21457","21457","21457","1","1","1","27419","27419","27419","0.8","0.8","0.8","27566","27566","27566","1","1","1","27827","27827","27827","0.8","0.8","0.8","27811","27811","27811","1","1","1","27897","27897","27897","1","1","1"
"1121","21459","21459","21459","1","1","1","27421","27421","27421","1","1","1","27568","27568","27568","1","1","1","27829","27829","27829","1","1","1","27813","27813","27813","1","1","1","27899","27899","27899","0.8","0.8","0.8"
"1122","21461","21461","21461","1","1","1","27423","27423","27423","1","1","1","27570","27570","27570","1","1","1","27831","27831","27831","1","1","1","27815","27815","27815","1","1","1","27901","27901","27901","1","1","1"
"1123","21463","21463","21463","1","1","1","27425","27425","27425","1","1","1","27572","27572","27572","1","1","1","27833","27833","27833","1","1","1","27817","27817","27817","1","1","1","27903","27903","27903","1","1","1"
"1124","21465","21465","21465","1","1","1","27427","27427","27427","1","1","1","27574","27574","27574","1","1","1","27835","27835","27835","1","1","1","27819","27819","27819","1","1","1","27905","27905","27905","1","1","1"
"1125","21613","21613","21613","0.8","0.8","0.8","27586","27586","27586","0.8","0.8","0.8","27734","27734","27734","1","1","1","27994","27994","27994","1","1","1","27978","27978","27978","1","1","1","28070","28070","28070","1","1","1"
"1126","21615","21615","21615","1","1","1","27588","27588","27588","1","1","1","27736","27736","27736","1","1","1","27996","27996","27996","1","1","1","27980","27980","27980","1","1","1","28072","28072","28072","0.8","0.8","0.8"
"1127","21617","21617","21617","1","1","1","27590","27590","27590","1","1","1","27738","27738","27738","1","1","1","27998","27998","27998","1","1","1","27982","27982","27982","1","1","1","28074","28074","28074","0.8","0.8","0.8"
"1128","21619","21619","21619","1","1","1","27592","27592","27592","1","1","1","27740","27740","27740","1","1","1","28000","28000","28000","1","1","1","27984","27984","27984","1","1","1","28076","28076","28076","1","1","1"
"1129","21621","21621","21621","1","1","1","27594","27594","27594","1","1","1","27742","27742","27742","1","1","1","28002","28002","28002","1","1","1","27986","27986","27986","1","1","1","28078","28078","28078","1","1","1"
"1130","21623","21623","21623","1","1","1","27596","27596","27596","1","1","1","27744","27744","27744","1","1","1","28004","28004","28004","1","1","1","27988","27988","27988","1","1","1","28080","28080","28080","1","1","1"
"1131","21625","21625","21625","1","1","1","27598","27598","27598","1","1","1","27746","27746","27746","1","1","1","28006","28006","28006","1","1","1","27990","27990","27990","1","1","1","28082","28082","28082","1","1","1"
"1132","21627","21627","21627","1","1","1","27600","27600","27600","1","1","1","27748","27748","27748","1","1","1","28008","28008","28008","1","1","1","27992","27992","27992","1","1","1","28084","28084","28084","1","1","1"
"1133","21629","21629","21629","1","1","1","27602","27602","27602","1","1","1","27750","27750","27750","1","1","1","28010","28010","28010","1","1","1","27994","27994","27994","1","1","1","28086","28086","28086","1","1","1"
"1134","21783","21783","21783","0.8","0.8","0.8","27762","27762","27762","1","1","1","27911","27911","27911","1","1","1","28175","28175","28175","1","1","1","28152","28152","28152","1","1","1","28246","28246","28246","1","1","1"
"1135","21785","21785","21785","1","1","1","27764","27764","27764","1","1","1","27913","27913","27913","1","1","1","28177","28177","28177","1","1","1","28154","28154","28154","1","1","1","28248","28248","28248","1","1","1"
"1136","21787","21787","21787","1","1","1","27766","27766","27766","1","1","1","27915","27915","27915","1","1","1","28179","28179","28179","1","1","1","28156","28156","28156","1","1","1","28250","28250","28250","0.8","0.8","0.8"
"1137","21789","21789","21789","1","1","1","27768","27768","27768","1","1","1","27917","27917","27917","1","1","1","28181","28181","28181","1","1","1","28158","28158","28158","1","1","1","28252","28252","28252","1","1","1"
"1138","21791","21791","21791","1","1","1","27770","27770","27770","1","1","1","27919","27919","27919","0.8","0.8","0.8","28183","28183","28183","1","1","1","28160","28160","28160","1","1","1","28254","28254","28254","1","1","1"
"1139","21793","21793","21793","1","1","1","27772","27772","27772","1","1","1","27921","27921","27921","1","1","1","28185","28185","28185","1","1","1","28162","28162","28162","1","1","1","28256","28256","28256","1","1","1"
"1140","21795","21795","21795","1","1","1","27774","27774","27774","1","1","1","27923","27923","27923","1","1","1","28187","28187","28187","1","1","1","28164","28164","28164","1","1","1","28258","28258","28258","1","1","1"
"1141","21797","21797","21797","1","1","1","27776","27776","27776","1","1","1","27925","27925","27925","1","1","1","28189","28189","28189","1","1","1","28166","28166","28166","1","1","1","28260","28260","28260","1","1","1"
"1142","21799","21799","21799","1","1","1","27778","27778","27778","1","1","1","27927","27927","27927","1","1","1","28191","28191","28191","1","1","1","28168","28168","28168","1","1","1","28262","28262","28262","1","1","1"
"1143","21945","21945","21945","0.8","0.8","0.8","27940","27940","27940","0.8","0.8","0.8","28088","28088","28088","1","1","1","28353","28353","28353","1","1","1","28325","28325","28325","1","1","1","28423","28423","28423","1","1","1"
"1144","21947","21947","21947","1","1","1","27942","27942","27942","1","1","1","28090","28090","28090","1","1","1","28355","28355","28355","1","1","1","28327","28327","28327","1","1","1","28425","28425","28425","1","1","1"
"1145","21949","21949","21949","1","1","1","27944","27944","27944","1","1","1","28092","28092","28092","1","1","1","28357","28357","28357","1","1","1","28329","28329","28329","1","1","1","28427","28427","28427","1","1","1"
"1146","21951","21951","21951","1","1","1","27946","27946","27946","1","1","1","28094","28094","28094","1","1","1","28359","28359","28359","1","1","1","28331","28331","28331","1","1","1","28429","28429","28429","1","1","1"
"1147","21953","21953","21953","1","1","1","27948","27948","27948","1","1","1","28096","28096","28096","1","1","1","28361","28361","28361","1","1","1","28333","28333","28333","1","1","1","28431","28431","28431","1","1","1"
"1148","21955","21955","21955","0.8","0.8","0.8","27950","27950","27950","1","1","1","28098","28098","28098","1","1","1","28363","28363","28363","1","1","1","28335","28335","28335","1","1","1","28433","28433","28433","1","1","1"
"1149","21957","21957","21957","1","1","1","27952","27952","27952","1","1","1","28100","28100","28100","1","1","1","28365","28365","28365","1","1","1","28337","28337","28337","1","1","1","28435","28435","28435","1","1","1"
"1150","21959","21959","21959","1","1","1","27954","27954","27954","1","1","1","28102","28102","28102","1","1","1","28367","28367","28367","1","1","1","28339","28339","28339","1","1","1","28437","28437","28437","1","1","1"
"1151","21961","21961","21961","1","1","1","27956","27956","27956","1","1","1","28104","28104","28104","1","1","1","28369","28369","28369","1","1","1","28341","28341","28341","1","1","1","28439","28439","28439","1","1","1"
"1152","22119","22119","22119","0.8","0.8","0.8","28112","28112","28112","0.8","0.8","0.8","28261","28261","28261","1","1","1","28530","28530","28530","1","1","1","28500","28500","28500","1","1","1","28598","28598","28598","1","1","1"
"1153","22121","22121","22121","1","1","1","28114","28114","28114","1","1","1","28263","28263","28263","1","1","1","28532","28532","28532","1","1","1","28502","28502","28502","1","1","1","28600","28600","28600","0.8","0.8","0.8"
"1154","22123","22123","22123","1","1","1","28116","28116","28116","1","1","1","28265","28265","28265","1","1","1","28534","28534","28534","1","1","1","28504","28504","28504","1","1","1","28602","28602","28602","0.8","0.8","0.8"
"1155","22125","22125","22125","1","1","1","28118","28118","28118","1","1","1","28267","28267","28267","1","1","1","28536","28536","28536","1","1","1","28506","28506","28506","1","1","1","28604","28604","28604","1","1","1"
"1156","22127","22127","22127","1","1","1","28120","28120","28120","0.8","0.8","0.8","28269","28269","28269","1","1","1","28538","28538","28538","1","1","1","28508","28508","28508","1","1","1","28606","28606","28606","1","1","1"
"1157","22129","22129","22129","1","1","1","28122","28122","28122","1","1","1","28271","28271","28271","1","1","1","28540","28540","28540","1","1","1","28510","28510","28510","1","1","1","28608","28608","28608","1","1","1"
"1158","22131","22131","22131","1","1","1","28124","28124","28124","1","1","1","28273","28273","28273","1","1","1","28542","28542","28542","1","1","1","28512","28512","28512","1","1","1","28610","28610","28610","1","1","1"
"1159","22133","22133","22133","1","1","1","28126","28126","28126","1","1","1","28275","28275","28275","1","1","1","28544","28544","28544","1","1","1","28514","28514","28514","1","1","1","28612","28612","28612","1","1","1"
"1160","22135","22135","22135","1","1","1","28128","28128","28128","1","1","1","28277","28277","28277","1","1","1","28546","28546","28546","1","1","1","28516","28516","28516","1","1","1","28614","28614","28614","1","1","1"
"1161","22281","22281","22281","0.8","0.8","0.8","28287","28287","28287","0.8","0.8","0.8","28436","28436","28436","1","1","1","28708","28708","28708","1","1","1","28676","28676","28676","1","1","1","28777","28777","28777","1","1","1"
"1162","22283","22283","22283","1","1","1","28289","28289","28289","1","1","1","28438","28438","28438","1","1","1","28710","28710","28710","1","1","1","28678","28678","28678","1","1","1","28779","28779","28779","1","1","1"
"1163","22285","22285","22285","1","1","1","28291","28291","28291","1","1","1","28440","28440","28440","1","1","1","28712","28712","28712","1","1","1","28680","28680","28680","1","1","1","28781","28781","28781","0.8","0.8","0.8"
"1164","22287","22287","22287","1","1","1","28293","28293","28293","1","1","1","28442","28442","28442","1","1","1","28714","28714","28714","1","1","1","28682","28682","28682","1","1","1","28783","28783","28783","1","1","1"
"1165","22289","22289","22289","1","1","1","28295","28295","28295","1","1","1","28444","28444","28444","1","1","1","28716","28716","28716","1","1","1","28684","28684","28684","1","1","1","28785","28785","28785","1","1","1"
"1166","22291","22291","22291","1","1","1","28297","28297","28297","1","1","1","28446","28446","28446","1","1","1","28718","28718","28718","1","1","1","28686","28686","28686","1","1","1","28787","28787","28787","0.8","0.8","0.8"
"1167","22293","22293","22293","1","1","1","28299","28299","28299","1","1","1","28448","28448","28448","1","1","1","28720","28720","28720","1","1","1","28688","28688","28688","1","1","1","28789","28789","28789","1","1","1"
"1168","22295","22295","22295","1","1","1","28301","28301","28301","1","1","1","28450","28450","28450","1","1","1","28722","28722","28722","1","1","1","28690","28690","28690","1","1","1","28791","28791","28791","1","1","1"
"1169","22297","22297","22297","1","1","1","28303","28303","28303","1","1","1","28452","28452","28452","1","1","1","28724","28724","28724","1","1","1","28692","28692","28692","1","1","1","28793","28793","28793","1","1","1"
"1170","22453","22453","22453","0.8","0.8","0.8","28467","28467","28467","0.8","0.8","0.8","28616","28616","28616","1","1","1","28883","28883","28883","1","1","1","28851","28851","28851","1","1","1","28953","28953","28953","1","1","1"
"1171","22455","22455","22455","1","1","1","28469","28469","28469","1","1","1","28618","28618","28618","1","1","1","28885","28885","28885","1","1","1","28853","28853","28853","1","1","1","28955","28955","28955","0.8","0.8","0.8"
"1172","22457","22457","22457","1","1","1","28471","28471","28471","1","1","1","28620","28620","28620","1","1","1","28887","28887","28887","1","1","1","28855","28855","28855","1","1","1","28957","28957","28957","0.8","0.8","0.8"
"1173","22459","22459","22459","1","1","1","28473","28473","28473","1","1","1","28622","28622","28622","1","1","1","28889","28889","28889","1","1","1","28857","28857","28857","1","1","1","28959","28959","28959","1","1","1"
"1174","22461","22461","22461","1","1","1","28475","28475","28475","1","1","1","28624","28624","28624","1","1","1","28891","28891","28891","1","1","1","28859","28859","28859","1","1","1","28961","28961","28961","1","1","1"
"1175","22463","22463","22463","1","1","1","28477","28477","28477","1","1","1","28626","28626","28626","0.8","0.8","0.8","28893","28893","28893","1","1","1","28861","28861","28861","1","1","1","28963","28963","28963","1","1","1"
"1176","22465","22465","22465","1","1","1","28479","28479","28479","1","1","1","28628","28628","28628","1","1","1","28895","28895","28895","1","1","1","28863","28863","28863","1","1","1","28965","28965","28965","1","1","1"
"1177","22467","22467","22467","1","1","1","28481","28481","28481","1","1","1","28630","28630","28630","1","1","1","28897","28897","28897","1","1","1","28865","28865","28865","1","1","1","28967","28967","28967","1","1","1"
"1178","22469","22469","22469","1","1","1","28483","28483","28483","1","1","1","28632","28632","28632","1","1","1","28899","28899","28899","1","1","1","28867","28867","28867","1","1","1","28969","28969","28969","1","1","1"
"1179","22625","22625","22625","0.8","0.8","0.8","28644","28644","28644","0.8","0.8","0.8","28794","28794","28794","1","1","1","29063","29063","29063","1","1","1","29025","29025","29025","1","1","1","29129","29129","29129","1","1","1"
"1180","22627","22627","22627","1","1","1","28646","28646","28646","1","1","1","28796","28796","28796","1","1","1","29065","29065","29065","1","1","1","29027","29027","29027","1","1","1","29131","29131","29131","0.8","0.8","0.8"
"1181","22629","22629","22629","1","1","1","28648","28648","28648","1","1","1","28798","28798","28798","1","1","1","29067","29067","29067","1","1","1","29029","29029","29029","1","1","1","29133","29133","29133","0.8","0.8","0.8"
"1182","22631","22631","22631","1","1","1","28650","28650","28650","1","1","1","28800","28800","28800","1","1","1","29069","29069","29069","1","1","1","29031","29031","29031","1","1","1","29135","29135","29135","1","1","1"
"1183","22633","22633","22633","1","1","1","28652","28652","28652","1","1","1","28802","28802","28802","1","1","1","29071","29071","29071","1","1","1","29033","29033","29033","1","1","1","29137","29137","29137","1","1","1"
"1184","22635","22635","22635","1","1","1","28654","28654","28654","1","1","1","28804","28804","28804","1","1","1","29073","29073","29073","1","1","1","29035","29035","29035","1","1","1","29139","29139","29139","1","1","1"
"1185","22637","22637","22637","1","1","1","28656","28656","28656","1","1","1","28806","28806","28806","1","1","1","29075","29075","29075","1","1","1","29037","29037","29037","1","1","1","29141","29141","29141","1","1","1"
"1186","22639","22639","22639","1","1","1","28658","28658","28658","1","1","1","28808","28808","28808","1","1","1","29077","29077","29077","1","1","1","29039","29039","29039","1","1","1","29143","29143","29143","1","1","1"
"1187","22641","22641","22641","1","1","1","28660","28660","28660","1","1","1","28810","28810","28810","1","1","1","29079","29079","29079","1","1","1","29041","29041","29041","1","1","1","29145","29145","29145","1","1","1"
"1188","22789","22789","22789","0.8","0.8","0.8","28820","28820","28820","0.8","0.8","0.8","28974","28974","28974","1","1","1","29242","29242","29242","0.8","0.8","0.8","29200","29200","29200","1","1","1","29310","29310","29310","1","1","1"
"1189","22791","22791","22791","1","1","1","28822","28822","28822","1","1","1","28976","28976","28976","1","1","1","29244","29244","29244","1","1","1","29202","29202","29202","1","1","1","29312","29312","29312","1","1","1"
"1190","22793","22793","22793","1","1","1","28824","28824","28824","1","1","1","28978","28978","28978","1","1","1","29246","29246","29246","1","1","1","29204","29204","29204","1","1","1","29314","29314","29314","0.8","0.8","0.8"
"1191","22795","22795","22795","1","1","1","28826","28826","28826","1","1","1","28980","28980","28980","1","1","1","29248","29248","29248","1","1","1","29206","29206","29206","1","1","1","29316","29316","29316","1","1","1"
"1192","22797","22797","22797","1","1","1","28828","28828","28828","1","1","1","28982","28982","28982","1","1","1","29250","29250","29250","1","1","1","29208","29208","29208","1","1","1","29318","29318","29318","0.8","0.8","0.8"
"1193","22799","22799","22799","1","1","1","28830","28830","28830","1","1","1","28984","28984","28984","1","1","1","29252","29252","29252","1","1","1","29210","29210","29210","1","1","1","29320","29320","29320","0.8","0.8","0.8"
"1194","22801","22801","22801","1","1","1","28832","28832","28832","1","1","1","28986","28986","28986","1","1","1","29254","29254","29254","1","1","1","29212","29212","29212","1","1","1","29322","29322","29322","1","1","1"
"1195","22803","22803","22803","1","1","1","28834","28834","28834","1","1","1","28988","28988","28988","1","1","1","29256","29256","29256","1","1","1","29214","29214","29214","1","1","1","29324","29324","29324","1","1","1"
"1196","22805","22805","22805","1","1","1","28836","28836","28836","1","1","1","28990","28990","28990","1","1","1","29258","29258","29258","1","1","1","29216","29216","29216","1","1","1","29326","29326","29326","1","1","1"
"1197","22961","22961","22961","0.8","0.8","0.8","28994","28994","28994","0.8","0.8","0.8","29151","29151","29151","1","1","1","29415","29415","29415","1","1","1","29376","29376","29376","1","1","1","29484","29484","29484","1","1","1"
"1198","22963","22963","22963","1","1","1","28996","28996","28996","1","1","1","29153","29153","29153","1","1","1","29417","29417","29417","1","1","1","29378","29378","29378","1","1","1","29486","29486","29486","0.8","0.8","0.8"
"1199","22965","22965","22965","1","1","1","28998","28998","28998","1","1","1","29155","29155","29155","1","1","1","29419","29419","29419","1","1","1","29380","29380","29380","1","1","1","29488","29488","29488","0.8","0.8","0.8"
"1200","22967","22967","22967","1","1","1","29000","29000","29000","1","1","1","29157","29157","29157","1","1","1","29421","29421","29421","1","1","1","29382","29382","29382","1","1","1","29490","29490","29490","1","1","1"
"1201","22969","22969","22969","1","1","1","29002","29002","29002","1","1","1","29159","29159","29159","1","1","1","29423","29423","29423","1","1","1","29384","29384","29384","1","1","1","29492","29492","29492","1","1","1"
"1202","22971","22971","22971","1","1","1","29004","29004","29004","1","1","1","29161","29161","29161","1","1","1","29425","29425","29425","1","1","1","29386","29386","29386","1","1","1","29494","29494","29494","1","1","1"
"1203","22973","22973","22973","1","1","1","29006","29006","29006","1","1","1","29163","29163","29163","1","1","1","29427","29427","29427","1","1","1","29388","29388","29388","1","1","1","29496","29496","29496","1","1","1"
"1204","22975","22975","22975","1","1","1","29008","29008","29008","1","1","1","29165","29165","29165","1","1","1","29429","29429","29429","1","1","1","29390","29390","29390","1","1","1","29498","29498","29498","1","1","1"
"1205","22977","22977","22977","1","1","1","29010","29010","29010","1","1","1","29167","29167","29167","1","1","1","29431","29431","29431","1","1","1","29392","29392","29392","1","1","1","29500","29500","29500","1","1","1"
"1206","23127","23127","23127","0.8","0.8","0.8","29169","29169","29169","0.8","0.8","0.8","29328","29328","29328","1","1","1","29588","29588","29588","1","1","1","29549","29549","29549","0.8","0.8","0.8","29667","29667","29667","1","1","1"
"1207","23129","23129","23129","1","1","1","29171","29171","29171","1","1","1","29330","29330","29330","1","1","1","29590","29590","29590","1","1","1","29551","29551","29551","1","1","1","29669","29669","29669","0.8","0.8","0.8"
"1208","23131","23131","23131","1","1","1","29173","29173","29173","1","1","1","29332","29332","29332","1","1","1","29592","29592","29592","1","1","1","29553","29553","29553","1","1","1","29671","29671","29671","1","1","1"
"1209","23133","23133","23133","1","1","1","29175","29175","29175","1","1","1","29334","29334","29334","1","1","1","29594","29594","29594","1","1","1","29555","29555","29555","1","1","1","29673","29673","29673","1","1","1"
"1210","23135","23135","23135","1","1","1","29177","29177","29177","1","1","1","29336","29336","29336","1","1","1","29596","29596","29596","1","1","1","29557","29557","29557","1","1","1","29675","29675","29675","1","1","1"
"1211","23137","23137","23137","1","1","1","29179","29179","29179","1","1","1","29338","29338","29338","1","1","1","29598","29598","29598","1","1","1","29559","29559","29559","1","1","1","29677","29677","29677","1","1","1"
"1212","23139","23139","23139","1","1","1","29181","29181","29181","1","1","1","29340","29340","29340","1","1","1","29600","29600","29600","1","1","1","29561","29561","29561","1","1","1","29679","29679","29679","1","1","1"
"1213","23141","23141","23141","1","1","1","29183","29183","29183","1","1","1","29342","29342","29342","1","1","1","29602","29602","29602","1","1","1","29563","29563","29563","1","1","1","29681","29681","29681","1","1","1"
"1214","23143","23143","23143","1","1","1","29185","29185","29185","1","1","1","29344","29344","29344","1","1","1","29604","29604","29604","1","1","1","29565","29565","29565","1","1","1","29683","29683","29683","1","1","1"
"1215","23301","23301","23301","0.8","0.8","0.8","29347","29347","29347","0.8","0.8","0.8","29508","29508","29508","1","1","1","29766","29766","29766","1","1","1","29726","29726","29726","0.8","0.8","0.8","29845","29845","29845","1","1","1"
"1216","23303","23303","23303","1","1","1","29349","29349","29349","1","1","1","29510","29510","29510","1","1","1","29768","29768","29768","1","1","1","29728","29728","29728","1","1","1","29847","29847","29847","0.8","0.8","0.8"
"1217","23305","23305","23305","1","1","1","29351","29351","29351","1","1","1","29512","29512","29512","1","1","1","29770","29770","29770","1","1","1","29730","29730","29730","1","1","1","29849","29849","29849","1","1","1"
"1218","23307","23307","23307","1","1","1","29353","29353","29353","1","1","1","29514","29514","29514","1","1","1","29772","29772","29772","1","1","1","29732","29732","29732","1","1","1","29851","29851","29851","1","1","1"
"1219","23309","23309","23309","1","1","1","29355","29355","29355","1","1","1","29516","29516","29516","1","1","1","29774","29774","29774","0.8","0.8","0.8","29734","29734","29734","1","1","1","29853","29853","29853","1","1","1"
"1220","23311","23311","23311","1","1","1","29357","29357","29357","1","1","1","29518","29518","29518","1","1","1","29776","29776","29776","1","1","1","29736","29736","29736","1","1","1","29855","29855","29855","0.8","0.8","0.8"
"1221","23313","23313","23313","1","1","1","29359","29359","29359","1","1","1","29520","29520","29520","1","1","1","29778","29778","29778","1","1","1","29738","29738","29738","1","1","1","29857","29857","29857","1","1","1"
"1222","23315","23315","23315","1","1","1","29361","29361","29361","1","1","1","29522","29522","29522","1","1","1","29780","29780","29780","1","1","1","29740","29740","29740","1","1","1","29859","29859","29859","1","1","1"
"1223","23317","23317","23317","1","1","1","29363","29363","29363","1","1","1","29524","29524","29524","1","1","1","29782","29782","29782","1","1","1","29742","29742","29742","1","1","1","29861","29861","29861","0.9","0.9","0.9"
"1224","23465","23465","23465","0.8","0.8","0.8","29522","29522","29522","0.8","0.8","0.8","29685","29685","29685","1","1","1","29942","29942","29942","1","1","1","29902","29902","29902","1","1","1","30022","30022","30022","1","1","1"
"1225","23467","23467","23467","1","1","1","29524","29524","29524","1","1","1","29687","29687","29687","1","1","1","29944","29944","29944","1","1","1","29904","29904","29904","1","1","1","30024","30024","30024","1","1","1"
"1226","23469","23469","23469","1","1","1","29526","29526","29526","1","1","1","29689","29689","29689","1","1","1","29946","29946","29946","1","1","1","29906","29906","29906","1","1","1","30026","30026","30026","0.8","0.8","0.8"
"1227","23471","23471","23471","1","1","1","29528","29528","29528","1","1","1","29691","29691","29691","1","1","1","29948","29948","29948","1","1","1","29908","29908","29908","1","1","1","30028","30028","30028","1","1","1"
"1228","23473","23473","23473","1","1","1","29530","29530","29530","1","1","1","29693","29693","29693","1","1","1","29950","29950","29950","1","1","1","29910","29910","29910","1","1","1","30030","30030","30030","1","1","1"
"1229","23475","23475","23475","1","1","1","29532","29532","29532","1","1","1","29695","29695","29695","1","1","1","29952","29952","29952","0.8","0.8","0.8","29912","29912","29912","1","1","1","30032","30032","30032","1","1","1"
"1230","23477","23477","23477","1","1","1","29534","29534","29534","1","1","1","29697","29697","29697","1","1","1","29954","29954","29954","1","1","1","29914","29914","29914","1","1","1","30034","30034","30034","1","1","1"
"1231","23479","23479","23479","1","1","1","29536","29536","29536","1","1","1","29699","29699","29699","1","1","1","29956","29956","29956","1","1","1","29916","29916","29916","1","1","1","30036","30036","30036","1","1","1"
"1232","23481","23481","23481","1","1","1","29538","29538","29538","1","1","1","29701","29701","29701","1","1","1","29958","29958","29958","1","1","1","29918","29918","29918","1","1","1","30038","30038","30038","1","1","1"
"1233","23637","23637","23637","0.8","0.8","0.8","29698","29698","29698","0.8","0.8","0.8","29863","29863","29863","1","1","1","30119","30119","30119","0.8","0.8","0.8","30078","30078","30078","1","1","1","30196","30196","30196","1","1","1"
"1234","23639","23639","23639","1","1","1","29700","29700","29700","1","1","1","29865","29865","29865","1","1","1","30121","30121","30121","1","1","1","30080","30080","30080","1","1","1","30198","30198","30198","1","1","1"
"1235","23641","23641","23641","1","1","1","29702","29702","29702","1","1","1","29867","29867","29867","1","1","1","30123","30123","30123","1","1","1","30082","30082","30082","1","1","1","30200","30200","30200","0.8","0.8","0.8"
"1236","23643","23643","23643","1","1","1","29704","29704","29704","1","1","1","29869","29869","29869","1","1","1","30125","30125","30125","0.8","0.8","0.8","30084","30084","30084","1","1","1","30202","30202","30202","1","1","1"
"1237","23645","23645","23645","1","1","1","29706","29706","29706","1","1","1","29871","29871","29871","1","1","1","30127","30127","30127","1","1","1","30086","30086","30086","1","1","1","30204","30204","30204","1","1","1"
"1238","23647","23647","23647","1","1","1","29708","29708","29708","1","1","1","29873","29873","29873","1","1","1","30129","30129","30129","1","1","1","30088","30088","30088","1","1","1","30206","30206","30206","1","1","1"
"1239","23649","23649","23649","1","1","1","29710","29710","29710","1","1","1","29875","29875","29875","1","1","1","30131","30131","30131","1","1","1","30090","30090","30090","1","1","1","30208","30208","30208","1","1","1"
"1240","23651","23651","23651","1","1","1","29712","29712","29712","1","1","1","29877","29877","29877","1","1","1","30133","30133","30133","1","1","1","30092","30092","30092","1","1","1","30210","30210","30210","1","1","1"
"1241","23653","23653","23653","1","1","1","29714","29714","29714","1","1","1","29879","29879","29879","1","1","1","30135","30135","30135","1","1","1","30094","30094","30094","1","1","1","30212","30212","30212","1","1","1"
"1242","23809","23809","23809","0.8","0.8","0.8","29875","29875","29875","0.8","0.8","0.8","30036","30036","30036","1","1","1","30293","30293","30293","1","1","1","30255","30255","30255","1","1","1","30368","30368","30368","1","1","1"
"1243","23811","23811","23811","1","1","1","29877","29877","29877","1","1","1","30038","30038","30038","1","1","1","30295","30295","30295","1","1","1","30257","30257","30257","1","1","1","30370","30370","30370","1","1","1"
"1244","23813","23813","23813","1","1","1","29879","29879","29879","1","1","1","30040","30040","30040","1","1","1","30297","30297","30297","1","1","1","30259","30259","30259","1","1","1","30372","30372","30372","0.8","0.8","0.8"
"1245","23815","23815","23815","1","1","1","29881","29881","29881","1","1","1","30042","30042","30042","1","1","1","30299","30299","30299","1","1","1","30261","30261","30261","1","1","1","30374","30374","30374","1","1","1"
"1246","23817","23817","23817","1","1","1","29883","29883","29883","1","1","1","30044","30044","30044","1","1","1","30301","30301","30301","1","1","1","30263","30263","30263","1","1","1","30376","30376","30376","1","1","1"
"1247","23819","23819","23819","1","1","1","29885","29885","29885","1","1","1","30046","30046","30046","1","1","1","30303","30303","30303","1","1","1","30265","30265","30265","1","1","1","30378","30378","30378","1","1","1"
"1248","23821","23821","23821","1","1","1","29887","29887","29887","1","1","1","30048","30048","30048","1","1","1","30305","30305","30305","1","1","1","30267","30267","30267","1","1","1","30380","30380","30380","1","1","1"
"1249","23823","23823","23823","1","1","1","29889","29889","29889","1","1","1","30050","30050","30050","1","1","1","30307","30307","30307","1","1","1","30269","30269","30269","1","1","1","30382","30382","30382","1","1","1"
"1250","23825","23825","23825","1","1","1","29891","29891","29891","1","1","1","30052","30052","30052","1","1","1","30309","30309","30309","1","1","1","30271","30271","30271","1","1","1","30384","30384","30384","1","1","1"
"1251","23971","23971","23971","0.8","0.8","0.8","30051","30051","30051","1","1","1","30211","30211","30211","1","1","1","30473","30473","30473","1","1","1","30431","30431","30431","1","1","1","30545","30545","30545","1","1","1"
"1252","23973","23973","23973","1","1","1","30053","30053","30053","1","1","1","30213","30213","30213","1","1","1","30475","30475","30475","1","1","1","30433","30433","30433","1","1","1","30547","30547","30547","1","1","1"
"1253","23975","23975","23975","1","1","1","30055","30055","30055","1","1","1","30215","30215","30215","1","1","1","30477","30477","30477","1","1","1","30435","30435","30435","1","1","1","30549","30549","30549","1","1","1"
"1254","23977","23977","23977","1","1","1","30057","30057","30057","1","1","1","30217","30217","30217","1","1","1","30479","30479","30479","1","1","1","30437","30437","30437","1","1","1","30551","30551","30551","1","1","1"
"1255","23979","23979","23979","1","1","1","30059","30059","30059","1","1","1","30219","30219","30219","1","1","1","30481","30481","30481","1","1","1","30439","30439","30439","1","1","1","30553","30553","30553","1","1","1"
"1256","23981","23981","23981","1","1","1","30061","30061","30061","1","1","1","30221","30221","30221","1","1","1","30483","30483","30483","1","1","1","30441","30441","30441","1","1","1","30555","30555","30555","1","1","1"
"1257","23983","23983","23983","1","1","1","30063","30063","30063","1","1","1","30223","30223","30223","1","1","1","30485","30485","30485","1","1","1","30443","30443","30443","1","1","1","30557","30557","30557","1","1","1"
"1258","23985","23985","23985","1","1","1","30065","30065","30065","1","1","1","30225","30225","30225","1","1","1","30487","30487","30487","1","1","1","30445","30445","30445","1","1","1","30559","30559","30559","1","1","1"
"1259","23987","23987","23987","1","1","1","30067","30067","30067","1","1","1","30227","30227","30227","1","1","1","30489","30489","30489","1","1","1","30447","30447","30447","1","1","1","30561","30561","30561","1","1","1"
"1260","24147","24147","24147","0.8","0.8","0.8","30225","30225","30225","1","1","1","30387","30387","30387","1","1","1","30652","30652","30652","1","1","1","30608","30608","30608","1","1","1","30722","30722","30722","1","1","1"
"1261","24149","24149","24149","1","1","1","30227","30227","30227","1","1","1","30389","30389","30389","1","1","1","30654","30654","30654","1","1","1","30610","30610","30610","1","1","1","30724","30724","30724","1","1","1"
"1262","24151","24151","24151","1","1","1","30229","30229","30229","1","1","1","30391","30391","30391","1","1","1","30656","30656","30656","1","1","1","30612","30612","30612","1","1","1","30726","30726","30726","0.8","0.8","0.8"
"1263","24153","24153","24153","1","1","1","30231","30231","30231","1","1","1","30393","30393","30393","1","1","1","30658","30658","30658","1","1","1","30614","30614","30614","1","1","1","30728","30728","30728","1","1","1"
"1264","24155","24155","24155","1","1","1","30233","30233","30233","1","1","1","30395","30395","30395","1","1","1","30660","30660","30660","1","1","1","30616","30616","30616","1","1","1","30730","30730","30730","1","1","1"
"1265","24157","24157","24157","0.8","0.8","0.8","30235","30235","30235","0.8","0.8","0.8","30397","30397","30397","1","1","1","30662","30662","30662","1","1","1","30618","30618","30618","1","1","1","30732","30732","30732","1","1","1"
"1266","24159","24159","24159","1","1","1","30237","30237","30237","1","1","1","30399","30399","30399","1","1","1","30664","30664","30664","1","1","1","30620","30620","30620","1","1","1","30734","30734","30734","1","1","1"
"1267","24161","24161","24161","1","1","1","30239","30239","30239","1","1","1","30401","30401","30401","1","1","1","30666","30666","30666","1","1","1","30622","30622","30622","1","1","1","30736","30736","30736","1","1","1"
"1268","24163","24163","24163","1","1","1","30241","30241","30241","1","1","1","30403","30403","30403","1","1","1","30668","30668","30668","1","1","1","30624","30624","30624","1","1","1","30738","30738","30738","1","1","1"
"1269","24309","24309","24309","0.8","0.8","0.8","30401","30401","30401","0.8","0.8","0.8","30564","30564","30564","1","1","1","30826","30826","30826","1","1","1","30786","30786","30786","1","1","1","30897","30897","30897","1","1","1"
"1270","24311","24311","24311","1","1","1","30403","30403","30403","1","1","1","30566","30566","30566","1","1","1","30828","30828","30828","1","1","1","30788","30788","30788","1","1","1","30899","30899","30899","1","1","1"
"1271","24313","24313","24313","1","1","1","30405","30405","30405","1","1","1","30568","30568","30568","1","1","1","30830","30830","30830","1","1","1","30790","30790","30790","1","1","1","30901","30901","30901","1","1","1"
"1272","24315","24315","24315","1","1","1","30407","30407","30407","1","1","1","30570","30570","30570","1","1","1","30832","30832","30832","1","1","1","30792","30792","30792","1","1","1","30903","30903","30903","1","1","1"
"1273","24317","24317","24317","1","1","1","30409","30409","30409","1","1","1","30572","30572","30572","1","1","1","30834","30834","30834","1","1","1","30794","30794","30794","1","1","1","30905","30905","30905","1","1","1"
"1274","24319","24319","24319","1","1","1","30411","30411","30411","1","1","1","30574","30574","30574","0.8","0.8","0.8","30836","30836","30836","1","1","1","30796","30796","30796","1","1","1","30907","30907","30907","1","1","1"
"1275","24321","24321","24321","1","1","1","30413","30413","30413","1","1","1","30576","30576","30576","1","1","1","30838","30838","30838","1","1","1","30798","30798","30798","1","1","1","30909","30909","30909","1","1","1"
"1276","24323","24323","24323","1","1","1","30415","30415","30415","1","1","1","30578","30578","30578","1","1","1","30840","30840","30840","1","1","1","30800","30800","30800","1","1","1","30911","30911","30911","1","1","1"
"1277","24325","24325","24325","1","1","1","30417","30417","30417","1","1","1","30580","30580","30580","1","1","1","30842","30842","30842","1","1","1","30802","30802","30802","1","1","1","30913","30913","30913","1","1","1"
"1278","24483","24483","24483","0.8","0.8","0.8","30577","30577","30577","1","1","1","30741","30741","30741","0.8","0.8","0.8","30999","30999","30999","1","1","1","30963","30963","30963","1","1","1","31072","31072","31072","1","1","1"
"1279","24485","24485","24485","1","1","1","30579","30579","30579","1","1","1","30743","30743","30743","1","1","1","31001","31001","31001","1","1","1","30965","30965","30965","1","1","1","31074","31074","31074","1","1","1"
"1280","24487","24487","24487","1","1","1","30581","30581","30581","1","1","1","30745","30745","30745","1","1","1","31003","31003","31003","1","1","1","30967","30967","30967","1","1","1","31076","31076","31076","0.8","0.8","0.8"
"1281","24489","24489","24489","1","1","1","30583","30583","30583","1","1","1","30747","30747","30747","1","1","1","31005","31005","31005","1","1","1","30969","30969","30969","1","1","1","31078","31078","31078","1","1","1"
"1282","24491","24491","24491","1","1","1","30585","30585","30585","1","1","1","30749","30749","30749","1","1","1","31007","31007","31007","1","1","1","30971","30971","30971","1","1","1","31080","31080","31080","1","1","1"
"1283","24493","24493","24493","1","1","1","30587","30587","30587","1","1","1","30751","30751","30751","1","1","1","31009","31009","31009","1","1","1","30973","30973","30973","1","1","1","31082","31082","31082","1","1","1"
"1284","24495","24495","24495","1","1","1","30589","30589","30589","1","1","1","30753","30753","30753","1","1","1","31011","31011","31011","1","1","1","30975","30975","30975","1","1","1","31084","31084","31084","1","1","1"
"1285","24497","24497","24497","1","1","1","30591","30591","30591","1","1","1","30755","30755","30755","1","1","1","31013","31013","31013","1","1","1","30977","30977","30977","1","1","1","31086","31086","31086","1","1","1"
"1286","24499","24499","24499","1","1","1","30593","30593","30593","1","1","1","30757","30757","30757","1","1","1","31015","31015","31015","1","1","1","30979","30979","30979","1","1","1","31088","31088","31088","1","1","1"
"1287","24645","24645","24645","0.8","0.8","0.8","30753","30753","30753","0.8","0.8","0.8","30919","30919","30919","0.8","0.8","0.8","31176","31176","31176","1","1","1","31143","31143","31143","1","1","1","31248","31248","31248","1","1","1"
"1288","24647","24647","24647","1","1","1","30755","30755","30755","1","1","1","30921","30921","30921","1","1","1","31178","31178","31178","1","1","1","31145","31145","31145","1","1","1","31250","31250","31250","1","1","1"
"1289","24649","24649","24649","1","1","1","30757","30757","30757","1","1","1","30923","30923","30923","1","1","1","31180","31180","31180","1","1","1","31147","31147","31147","1","1","1","31252","31252","31252","1","1","1"
"1290","24651","24651","24651","1","1","1","30759","30759","30759","1","1","1","30925","30925","30925","1","1","1","31182","31182","31182","1","1","1","31149","31149","31149","1","1","1","31254","31254","31254","1","1","1"
"1291","24653","24653","24653","1","1","1","30761","30761","30761","1","1","1","30927","30927","30927","1","1","1","31184","31184","31184","1","1","1","31151","31151","31151","1","1","1","31256","31256","31256","1","1","1"
"1292","24655","24655","24655","0.8","0.8","0.8","30763","30763","30763","1","1","1","30929","30929","30929","1","1","1","31186","31186","31186","1","1","1","31153","31153","31153","1","1","1","31258","31258","31258","1","1","1"
"1293","24657","24657","24657","1","1","1","30765","30765","30765","1","1","1","30931","30931","30931","1","1","1","31188","31188","31188","1","1","1","31155","31155","31155","1","1","1","31260","31260","31260","1","1","1"
"1294","24659","24659","24659","1","1","1","30767","30767","30767","1","1","1","30933","30933","30933","1","1","1","31190","31190","31190","1","1","1","31157","31157","31157","1","1","1","31262","31262","31262","0.8","0.8","0.8"
"1295","24661","24661","24661","1","1","1","30769","30769","30769","1","1","1","30935","30935","30935","1","1","1","31192","31192","31192","1","1","1","31159","31159","31159","1","1","1","31264","31264","31264","1","1","1"
"1296","24817","24817","24817","0.8","0.8","0.8","30925","30925","30925","1","1","1","31094","31094","31094","0.8","0.8","0.8","31352","31352","31352","1","1","1","31320","31320","31320","0.8","0.8","0.8","31425","31425","31425","1","1","1"
"1297","24819","24819","24819","1","1","1","30927","30927","30927","1","1","1","31096","31096","31096","1","1","1","31354","31354","31354","1","1","1","31322","31322","31322","1","1","1","31427","31427","31427","1","1","1"
"1298","24821","24821","24821","1","1","1","30929","30929","30929","1","1","1","31098","31098","31098","1","1","1","31356","31356","31356","1","1","1","31324","31324","31324","1","1","1","31429","31429","31429","1","1","1"
"1299","24823","24823","24823","1","1","1","30931","30931","30931","1","1","1","31100","31100","31100","1","1","1","31358","31358","31358","1","1","1","31326","31326","31326","1","1","1","31431","31431","31431","1","1","1"
"1300","24825","24825","24825","1","1","1","30933","30933","30933","1","1","1","31102","31102","31102","1","1","1","31360","31360","31360","1","1","1","31328","31328","31328","1","1","1","31433","31433","31433","1","1","1"
"1301","24827","24827","24827","1","1","1","30935","30935","30935","1","1","1","31104","31104","31104","1","1","1","31362","31362","31362","0.8","0.8","0.8","31330","31330","31330","1","1","1","31435","31435","31435","1","1","1"
"1302","24829","24829","24829","1","1","1","30937","30937","30937","1","1","1","31106","31106","31106","1","1","1","31364","31364","31364","1","1","1","31332","31332","31332","1","1","1","31437","31437","31437","1","1","1"
"1303","24831","24831","24831","1","1","1","30939","30939","30939","1","1","1","31108","31108","31108","1","1","1","31366","31366","31366","1","1","1","31334","31334","31334","1","1","1","31439","31439","31439","1","1","1"
"1304","24833","24833","24833","1","1","1","30941","30941","30941","1","1","1","31110","31110","31110","1","1","1","31368","31368","31368","1","1","1","31336","31336","31336","0.8","0.8","0.8","31441","31441","31441","1","1","1"
"1305","24991","24991","24991","0.8","0.8","0.8","31101","31101","31101","1","1","1","31270","31270","31270","1","1","1","31526","31526","31526","0.8","0.8","0.8","31493","31493","31493","1","1","1","31602","31602","31602","1","1","1"
"1306","24993","24993","24993","1","1","1","31103","31103","31103","1","1","1","31272","31272","31272","1","1","1","31528","31528","31528","1","1","1","31495","31495","31495","1","1","1","31604","31604","31604","1","1","1"
"1307","24995","24995","24995","1","1","1","31105","31105","31105","1","1","1","31274","31274","31274","1","1","1","31530","31530","31530","1","1","1","31497","31497","31497","1","1","1","31606","31606","31606","1","1","1"
"1308","24997","24997","24997","1","1","1","31107","31107","31107","1","1","1","31276","31276","31276","1","1","1","31532","31532","31532","0.8","0.8","0.8","31499","31499","31499","1","1","1","31608","31608","31608","1","1","1"
"1309","24999","24999","24999","1","1","1","31109","31109","31109","1","1","1","31278","31278","31278","1","1","1","31534","31534","31534","1","1","1","31501","31501","31501","1","1","1","31610","31610","31610","1","1","1"
"1310","25001","25001","25001","1","1","1","31111","31111","31111","1","1","1","31280","31280","31280","1","1","1","31536","31536","31536","1","1","1","31503","31503","31503","1","1","1","31612","31612","31612","1","1","1"
"1311","25003","25003","25003","1","1","1","31113","31113","31113","1","1","1","31282","31282","31282","1","1","1","31538","31538","31538","1","1","1","31505","31505","31505","1","1","1","31614","31614","31614","1","1","1"
"1312","25005","25005","25005","1","1","1","31115","31115","31115","1","1","1","31284","31284","31284","1","1","1","31540","31540","31540","1","1","1","31507","31507","31507","1","1","1","31616","31616","31616","1","1","1"
"1313","25007","25007","25007","1","1","1","31117","31117","31117","1","1","1","31286","31286","31286","1","1","1","31542","31542","31542","1","1","1","31509","31509","31509","1","1","1","31618","31618","31618","1","1","1"
"1314","25153","25153","25153","0.8","0.8","0.8","31274","31274","31274","1","1","1","31446","31446","31446","0.8","0.8","0.8","31707","31707","31707","1","1","1","31668","31668","31668","1","1","1","31778","31778","31778","1","1","1"
"1315","25155","25155","25155","1","1","1","31276","31276","31276","1","1","1","31448","31448","31448","1","1","1","31709","31709","31709","1","1","1","31670","31670","31670","1","1","1","31780","31780","31780","1","1","1"
"1316","25157","25157","25157","1","1","1","31278","31278","31278","1","1","1","31450","31450","31450","1","1","1","31711","31711","31711","1","1","1","31672","31672","31672","1","1","1","31782","31782","31782","0.8","0.8","0.8"
"1317","25159","25159","25159","1","1","1","31280","31280","31280","1","1","1","31452","31452","31452","1","1","1","31713","31713","31713","1","1","1","31674","31674","31674","1","1","1","31784","31784","31784","1","1","1"
"1318","25161","25161","25161","1","1","1","31282","31282","31282","1","1","1","31454","31454","31454","1","1","1","31715","31715","31715","1","1","1","31676","31676","31676","1","1","1","31786","31786","31786","1","1","1"
"1319","25163","25163","25163","1","1","1","31284","31284","31284","1","1","1","31456","31456","31456","1","1","1","31717","31717","31717","1","1","1","31678","31678","31678","1","1","1","31788","31788","31788","1","1","1"
"1320","25165","25165","25165","1","1","1","31286","31286","31286","1","1","1","31458","31458","31458","1","1","1","31719","31719","31719","1","1","1","31680","31680","31680","1","1","1","31790","31790","31790","1","1","1"
"1321","25167","25167","25167","1","1","1","31288","31288","31288","1","1","1","31460","31460","31460","1","1","1","31721","31721","31721","1","1","1","31682","31682","31682","1","1","1","31792","31792","31792","1","1","1"
"1322","25169","25169","25169","1","1","1","31290","31290","31290","1","1","1","31462","31462","31462","1","1","1","31723","31723","31723","1","1","1","31684","31684","31684","1","1","1","31794","31794","31794","1","1","1"
"1323","25327","25327","25327","0.8","0.8","0.8","31447","31447","31447","0.8","0.8","0.8","31620","31620","31620","1","1","1","31880","31880","31880","1","1","1","31845","31845","31845","0.8","0.8","0.8","31952","31952","31952","1","1","1"
"1324","25329","25329","25329","1","1","1","31449","31449","31449","1","1","1","31622","31622","31622","1","1","1","31882","31882","31882","1","1","1","31847","31847","31847","1","1","1","31954","31954","31954","1","1","1"
"1325","25331","25331","25331","1","1","1","31451","31451","31451","1","1","1","31624","31624","31624","1","1","1","31884","31884","31884","1","1","1","31849","31849","31849","1","1","1","31956","31956","31956","1","1","1"
"1326","25333","25333","25333","1","1","1","31453","31453","31453","1","1","1","31626","31626","31626","1","1","1","31886","31886","31886","1","1","1","31851","31851","31851","1","1","1","31958","31958","31958","1","1","1"
"1327","25335","25335","25335","1","1","1","31455","31455","31455","1","1","1","31628","31628","31628","1","1","1","31888","31888","31888","1","1","1","31853","31853","31853","1","1","1","31960","31960","31960","1","1","1"
"1328","25337","25337","25337","1","1","1","31457","31457","31457","1","1","1","31630","31630","31630","1","1","1","31890","31890","31890","1","1","1","31855","31855","31855","1","1","1","31962","31962","31962","1","1","1"
"1329","25339","25339","25339","1","1","1","31459","31459","31459","1","1","1","31632","31632","31632","1","1","1","31892","31892","31892","1","1","1","31857","31857","31857","1","1","1","31964","31964","31964","1","1","1"
"1330","25341","25341","25341","1","1","1","31461","31461","31461","1","1","1","31634","31634","31634","1","1","1","31894","31894","31894","1","1","1","31859","31859","31859","1","1","1","31966","31966","31966","1","1","1"
"1331","25343","25343","25343","1","1","1","31463","31463","31463","1","1","1","31636","31636","31636","1","1","1","31896","31896","31896","1","1","1","31861","31861","31861","1","1","1","31968","31968","31968","1","1","1"
"1332","25491","25491","25491","0.8","0.8","0.8","31622","31622","31622","0.8","0.8","0.8","31798","31798","31798","1","1","1","32056","32056","32056","0.8","0.8","0.8","32018","32018","32018","1","1","1","32132","32132","32132","1","1","1"
"1333","25493","25493","25493","1","1","1","31624","31624","31624","1","1","1","31800","31800","31800","1","1","1","32058","32058","32058","1","1","1","32020","32020","32020","1","1","1","32134","32134","32134","1","1","1"
"1334","25495","25495","25495","1","1","1","31626","31626","31626","1","1","1","31802","31802","31802","1","1","1","32060","32060","32060","1","1","1","32022","32022","32022","1","1","1","32136","32136","32136","1","1","1"
"1335","25497","25497","25497","1","1","1","31628","31628","31628","1","1","1","31804","31804","31804","1","1","1","32062","32062","32062","1","1","1","32024","32024","32024","1","1","1","32138","32138","32138","1","1","1"
"1336","25499","25499","25499","1","1","1","31630","31630","31630","1","1","1","31806","31806","31806","1","1","1","32064","32064","32064","1","1","1","32026","32026","32026","1","1","1","32140","32140","32140","1","1","1"
"1337","25501","25501","25501","1","1","1","31632","31632","31632","0.8","0.8","0.8","31808","31808","31808","1","1","1","32066","32066","32066","1","1","1","32028","32028","32028","1","1","1","32142","32142","32142","1","1","1"
"1338","25503","25503","25503","1","1","1","31634","31634","31634","1","1","1","31810","31810","31810","1","1","1","32068","32068","32068","1","1","1","32030","32030","32030","1","1","1","32144","32144","32144","1","1","1"
"1339","25505","25505","25505","1","1","1","31636","31636","31636","1","1","1","31812","31812","31812","1","1","1","32070","32070","32070","1","1","1","32032","32032","32032","1","1","1","32146","32146","32146","1","1","1"
"1340","25507","25507","25507","1","1","1","31638","31638","31638","1","1","1","31814","31814","31814","1","1","1","32072","32072","32072","1","1","1","32034","32034","32034","1","1","1","32148","32148","32148","1","1","1"
"1341","25663","25663","25663","0.8","0.8","0.8","31796","31796","31796","0.8","0.8","0.8","31975","31975","31975","1","1","1","32230","32230","32230","1","1","1","32195","32195","32195","1","1","1","32305","32305","32305","1","1","1"
"1342","25665","25665","25665","1","1","1","31798","31798","31798","1","1","1","31977","31977","31977","1","1","1","32232","32232","32232","1","1","1","32197","32197","32197","1","1","1","32307","32307","32307","1","1","1"
"1343","25667","25667","25667","1","1","1","31800","31800","31800","1","1","1","31979","31979","31979","1","1","1","32234","32234","32234","1","1","1","32199","32199","32199","1","1","1","32309","32309","32309","1","1","1"
"1344","25669","25669","25669","1","1","1","31802","31802","31802","1","1","1","31981","31981","31981","1","1","1","32236","32236","32236","1","1","1","32201","32201","32201","1","1","1","32311","32311","32311","1","1","1"
"1345","25671","25671","25671","1","1","1","31804","31804","31804","1","1","1","31983","31983","31983","1","1","1","32238","32238","32238","1","1","1","32203","32203","32203","1","1","1","32313","32313","32313","1","1","1"
"1346","25673","25673","25673","1","1","1","31806","31806","31806","1","1","1","31985","31985","31985","1","1","1","32240","32240","32240","1","1","1","32205","32205","32205","1","1","1","32315","32315","32315","1","1","1"
"1347","25675","25675","25675","1","1","1","31808","31808","31808","1","1","1","31987","31987","31987","1","1","1","32242","32242","32242","1","1","1","32207","32207","32207","1","1","1","32317","32317","32317","1","1","1"
"1348","25677","25677","25677","1","1","1","31810","31810","31810","1","1","1","31989","31989","31989","1","1","1","32244","32244","32244","1","1","1","32209","32209","32209","1","1","1","32319","32319","32319","1","1","1"
"1349","25679","25679","25679","1","1","1","31812","31812","31812","1","1","1","31991","31991","31991","1","1","1","32246","32246","32246","1","1","1","32211","32211","32211","1","1","1","32321","32321","32321","1","1","1"
"1350","25825","25825","25825","0.8","0.8","0.8","31969","31969","31969","0.8","0.8","0.8","32148","32148","32148","1","1","1","32404","32404","32404","1","1","1","32373","32373","32373","1","1","1","32484","32484","32484","1","1","1"
"1351","25827","25827","25827","1","1","1","31971","31971","31971","1","1","1","32150","32150","32150","1","1","1","32406","32406","32406","1","1","1","32375","32375","32375","1","1","1","32486","32486","32486","1","1","1"
"1352","25829","25829","25829","1","1","1","31973","31973","31973","1","1","1","32152","32152","32152","1","1","1","32408","32408","32408","1","1","1","32377","32377","32377","1","1","1","32488","32488","32488","1","1","1"
"1353","25831","25831","25831","1","1","1","31975","31975","31975","1","1","1","32154","32154","32154","1","1","1","32410","32410","32410","1","1","1","32379","32379","32379","1","1","1","32490","32490","32490","1","1","1"
"1354","25833","25833","25833","1","1","1","31977","31977","31977","1","1","1","32156","32156","32156","1","1","1","32412","32412","32412","1","1","1","32381","32381","32381","1","1","1","32492","32492","32492","1","1","1"
"1355","25835","25835","25835","1","1","1","31979","31979","31979","1","1","1","32158","32158","32158","1","1","1","32414","32414","32414","1","1","1","32383","32383","32383","1","1","1","32494","32494","32494","1","1","1"
"1356","25837","25837","25837","1","1","1","31981","31981","31981","1","1","1","32160","32160","32160","1","1","1","32416","32416","32416","1","1","1","32385","32385","32385","1","1","1","32496","32496","32496","1","1","1"
"1357","25839","25839","25839","1","1","1","31983","31983","31983","1","1","1","32162","32162","32162","1","1","1","32418","32418","32418","1","1","1","32387","32387","32387","1","1","1","32498","32498","32498","1","1","1"
"1358","25841","25841","25841","1","1","1","31985","31985","31985","1","1","1","32164","32164","32164","1","1","1","32420","32420","32420","1","1","1","32389","32389","32389","1","1","1","32500","32500","32500","1","1","1"
"1359","25997","25997","25997","0.8","0.8","0.8","32149","32149","32149","0.8","0.8","0.8","32328","32328","32328","1","1","1","32579","32579","32579","1","1","1","32546","32546","32546","0.8","0.8","0.8","32660","32660","32660","1","1","1"
"1360","25999","25999","25999","1","1","1","32151","32151","32151","1","1","1","32330","32330","32330","1","1","1","32581","32581","32581","1","1","1","32548","32548","32548","1","1","1","32662","32662","32662","1","1","1"
"1361","26001","26001","26001","1","1","1","32153","32153","32153","1","1","1","32332","32332","32332","1","1","1","32583","32583","32583","1","1","1","32550","32550","32550","1","1","1","32664","32664","32664","1","1","1"
"1362","26003","26003","26003","1","1","1","32155","32155","32155","1","1","1","32334","32334","32334","1","1","1","32585","32585","32585","1","1","1","32552","32552","32552","1","1","1","32666","32666","32666","1","1","1"
"1363","26005","26005","26005","1","1","1","32157","32157","32157","1","1","1","32336","32336","32336","1","1","1","32587","32587","32587","0.8","0.8","0.8","32554","32554","32554","1","1","1","32668","32668","32668","1","1","1"
"1364","26007","26007","26007","1","1","1","32159","32159","32159","1","1","1","32338","32338","32338","1","1","1","32589","32589","32589","0.8","0.8","0.8","32556","32556","32556","1","1","1","32670","32670","32670","1","1","1"
"1365","26009","26009","26009","1","1","1","32161","32161","32161","1","1","1","32340","32340","32340","1","1","1","32591","32591","32591","1","1","1","32558","32558","32558","1","1","1","32672","32672","32672","1","1","1"
"1366","26011","26011","26011","1","1","1","32163","32163","32163","1","1","1","32342","32342","32342","1","1","1","32593","32593","32593","1","1","1","32560","32560","32560","1","1","1","32674","32674","32674","1","1","1"
"1367","26013","26013","26013","1","1","1","32165","32165","32165","1","1","1","32344","32344","32344","1","1","1","32595","32595","32595","1","1","1","32562","32562","32562","1","1","1","32676","32676","32676","1","1","1"
"1368","26171","26171","26171","0.8","0.8","0.8","32324","32324","32324","1","1","1","32503","32503","32503","1","1","1","32752","32752","32752","1","1","1","32725","32725","32725","1","1","1","32837","32837","32837","1","1","1"
"1369","26173","26173","26173","1","1","1","32326","32326","32326","1","1","1","32505","32505","32505","1","1","1","32754","32754","32754","1","1","1","32727","32727","32727","1","1","1","32839","32839","32839","1","1","1"
"1370","26175","26175","26175","1","1","1","32328","32328","32328","1","1","1","32507","32507","32507","1","1","1","32756","32756","32756","1","1","1","32729","32729","32729","1","1","1","32841","32841","32841","1","1","1"
"1371","26177","26177","26177","1","1","1","32330","32330","32330","1","1","1","32509","32509","32509","1","1","1","32758","32758","32758","1","1","1","32731","32731","32731","1","1","1","32843","32843","32843","1","1","1"
"1372","26179","26179","26179","1","1","1","32332","32332","32332","1","1","1","32511","32511","32511","1","1","1","32760","32760","32760","1","1","1","32733","32733","32733","1","1","1","32845","32845","32845","1","1","1"
"1373","26181","26181","26181","1","1","1","32334","32334","32334","0.8","0.8","0.8","32513","32513","32513","1","1","1","32762","32762","32762","1","1","1","32735","32735","32735","1","1","1","32847","32847","32847","0.8","0.8","0.8"
"1374","26183","26183","26183","1","1","1","32336","32336","32336","1","1","1","32515","32515","32515","1","1","1","32764","32764","32764","1","1","1","32737","32737","32737","1","1","1","32849","32849","32849","1","1","1"
"1375","26185","26185","26185","1","1","1","32338","32338","32338","1","1","1","32517","32517","32517","1","1","1","32766","32766","32766","0.8","0.8","0.8","32739","32739","32739","1","1","1","32851","32851","32851","1","1","1"
"1376","26187","26187","26187","1","1","1","32340","32340","32340","1","1","1","32519","32519","32519","1","1","1","32768","32768","32768","1","1","1","32741","32741","32741","0.8","0.8","0.8","32853","32853","32853","1","1","1"
"1377","26333","26333","26333","0.8","0.8","0.8","32502","32502","32502","1","1","1","32679","32679","32679","1","1","1","32924","32924","32924","1","1","1","32897","32897","32897","1","1","1","33012","33012","33012","1","1","1"
"1378","26335","26335","26335","1","1","1","32504","32504","32504","1","1","1","32681","32681","32681","1","1","1","32926","32926","32926","1","1","1","32899","32899","32899","1","1","1","33014","33014","33014","1","1","1"
"1379","26337","26337","26337","1","1","1","32506","32506","32506","1","1","1","32683","32683","32683","1","1","1","32928","32928","32928","1","1","1","32901","32901","32901","1","1","1","33016","33016","33016","0.8","0.8","0.8"
"1380","26339","26339","26339","1","1","1","32508","32508","32508","1","1","1","32685","32685","32685","1","1","1","32930","32930","32930","1","1","1","32903","32903","32903","1","1","1","33018","33018","33018","1","1","1"
"1381","26341","26341","26341","1","1","1","32510","32510","32510","1","1","1","32687","32687","32687","1","1","1","32932","32932","32932","1","1","1","32905","32905","32905","1","1","1","33020","33020","33020","1","1","1"
"1382","26343","26343","26343","1","1","1","32512","32512","32512","0.8","0.8","0.8","32689","32689","32689","1","1","1","32934","32934","32934","0.8","0.8","0.8","32907","32907","32907","1","1","1","33022","33022","33022","1","1","1"
"1383","26345","26345","26345","1","1","1","32514","32514","32514","1","1","1","32691","32691","32691","1","1","1","32936","32936","32936","1","1","1","32909","32909","32909","1","1","1","33024","33024","33024","1","1","1"
"1384","26347","26347","26347","1","1","1","32516","32516","32516","1","1","1","32693","32693","32693","1","1","1","32938","32938","32938","1","1","1","32911","32911","32911","1","1","1","33026","33026","33026","1","1","1"
"1385","26349","26349","26349","1","1","1","32518","32518","32518","1","1","1","32695","32695","32695","1","1","1","32940","32940","32940","1","1","1","32913","32913","32913","1","1","1","33028","33028","33028","1","1","1"
"1386","26505","26505","26505","0.8","0.8","0.8","32676","32676","32676","0.8","0.8","0.8","32858","32858","32858","1","1","1","33097","33097","33097","1","1","1","33073","33073","33073","0.8","0.8","0.8","33184","33184","33184","1","1","1"
"1387","26507","26507","26507","1","1","1","32678","32678","32678","1","1","1","32860","32860","32860","1","1","1","33099","33099","33099","1","1","1","33075","33075","33075","1","1","1","33186","33186","33186","1","1","1"
"1388","26509","26509","26509","1","1","1","32680","32680","32680","1","1","1","32862","32862","32862","1","1","1","33101","33101","33101","1","1","1","33077","33077","33077","1","1","1","33188","33188","33188","1","1","1"
"1389","26511","26511","26511","1","1","1","32682","32682","32682","1","1","1","32864","32864","32864","1","1","1","33103","33103","33103","1","1","1","33079","33079","33079","1","1","1","33190","33190","33190","1","1","1"
"1390","26513","26513","26513","1","1","1","32684","32684","32684","1","1","1","32866","32866","32866","1","1","1","33105","33105","33105","1","1","1","33081","33081","33081","1","1","1","33192","33192","33192","1","1","1"
"1391","26515","26515","26515","1","1","1","32686","32686","32686","1","1","1","32868","32868","32868","1","1","1","33107","33107","33107","1","1","1","33083","33083","33083","1","1","1","33194","33194","33194","1","1","1"
"1392","26517","26517","26517","1","1","1","32688","32688","32688","1","1","1","32870","32870","32870","1","1","1","33109","33109","33109","1","1","1","33085","33085","33085","1","1","1","33196","33196","33196","1","1","1"
"1393","26519","26519","26519","1","1","1","32690","32690","32690","1","1","1","32872","32872","32872","1","1","1","33111","33111","33111","1","1","1","33087","33087","33087","1","1","1","33198","33198","33198","1","1","1"
"1394","26521","26521","26521","1","1","1","32692","32692","32692","1","1","1","32874","32874","32874","1","1","1","33113","33113","33113","1","1","1","33089","33089","33089","1","1","1","33200","33200","33200","1","1","1"
"1395","26669","26669","26669","0.8","0.8","0.8","32851","32851","32851","1","1","1","33032","33032","33032","1","1","1","33272","33272","33272","1","1","1","33249","33249","33249","1","1","1","33365","33365","33365","1","1","1"
"1396","26671","26671","26671","1","1","1","32853","32853","32853","1","1","1","33034","33034","33034","1","1","1","33274","33274","33274","1","1","1","33251","33251","33251","1","1","1","33367","33367","33367","1","1","1"
"1397","26673","26673","26673","1","1","1","32855","32855","32855","1","1","1","33036","33036","33036","1","1","1","33276","33276","33276","1","1","1","33253","33253","33253","1","1","1","33369","33369","33369","1","1","1"
"1398","26675","26675","26675","1","1","1","32857","32857","32857","1","1","1","33038","33038","33038","1","1","1","33278","33278","33278","1","1","1","33255","33255","33255","1","1","1","33371","33371","33371","1","1","1"
"1399","26677","26677","26677","1","1","1","32859","32859","32859","1","1","1","33040","33040","33040","1","1","1","33280","33280","33280","1","1","1","33257","33257","33257","1","1","1","33373","33373","33373","1","1","1"
"1400","26679","26679","26679","1","1","1","32861","32861","32861","1","1","1","33042","33042","33042","1","1","1","33282","33282","33282","1","1","1","33259","33259","33259","1","1","1","33375","33375","33375","1","1","1"
"1401","26681","26681","26681","1","1","1","32863","32863","32863","1","1","1","33044","33044","33044","1","1","1","33284","33284","33284","1","1","1","33261","33261","33261","1","1","1","33377","33377","33377","1","1","1"
"1402","26683","26683","26683","1","1","1","32865","32865","32865","1","1","1","33046","33046","33046","1","1","1","33286","33286","33286","1","1","1","33263","33263","33263","1","1","1","33379","33379","33379","1","1","1"
"1403","26685","26685","26685","1","1","1","32867","32867","32867","1","1","1","33048","33048","33048","1","1","1","33288","33288","33288","1","1","1","33265","33265","33265","1","1","1","33381","33381","33381","0.9","0.9","0.9"
"1404","26841","26841","26841","0.8","0.8","0.8","33028","33028","33028","1","1","1","33211","33211","33211","1","1","1","33447","33447","33447","1","1","1","33427","33427","33427","0.8","0.8","0.8","33540","33540","33540","1","1","1"
"1405","26843","26843","26843","1","1","1","33030","33030","33030","1","1","1","33213","33213","33213","1","1","1","33449","33449","33449","1","1","1","33429","33429","33429","1","1","1","33542","33542","33542","1","1","1"
"1406","26845","26845","26845","1","1","1","33032","33032","33032","1","1","1","33215","33215","33215","1","1","1","33451","33451","33451","1","1","1","33431","33431","33431","1","1","1","33544","33544","33544","1","1","1"
"1407","26847","26847","26847","1","1","1","33034","33034","33034","1","1","1","33217","33217","33217","1","1","1","33453","33453","33453","1","1","1","33433","33433","33433","1","1","1","33546","33546","33546","1","1","1"
"1408","26849","26849","26849","1","1","1","33036","33036","33036","1","1","1","33219","33219","33219","1","1","1","33455","33455","33455","0.8","0.8","0.8","33435","33435","33435","1","1","1","33548","33548","33548","1","1","1"
"1409","26851","26851","26851","1","1","1","33038","33038","33038","0.8","0.8","0.8","33221","33221","33221","1","1","1","33457","33457","33457","1","1","1","33437","33437","33437","1","1","1","33550","33550","33550","1","1","1"
"1410","26853","26853","26853","1","1","1","33040","33040","33040","1","1","1","33223","33223","33223","1","1","1","33459","33459","33459","1","1","1","33439","33439","33439","1","1","1","33552","33552","33552","1","1","1"
"1411","26855","26855","26855","1","1","1","33042","33042","33042","1","1","1","33225","33225","33225","1","1","1","33461","33461","33461","1","1","1","33441","33441","33441","1","1","1","33554","33554","33554","1","1","1"
"1412","26857","26857","26857","1","1","1","33044","33044","33044","1","1","1","33227","33227","33227","1","1","1","33463","33463","33463","1","1","1","33443","33443","33443","1","1","1","33556","33556","33556","1","1","1"
"1413","27003","27003","27003","0.8","0.8","0.8","33201","33201","33201","1","1","1","33387","33387","33387","1","1","1","33620","33620","33620","1","1","1","33599","33599","33599","1","1","1","33715","33715","33715","1","1","1"
"1414","27005","27005","27005","1","1","1","33203","33203","33203","1","1","1","33389","33389","33389","1","1","1","33622","33622","33622","1","1","1","33601","33601","33601","1","1","1","33717","33717","33717","1","1","1"
"1415","27007","27007","27007","1","1","1","33205","33205","33205","1","1","1","33391","33391","33391","1","1","1","33624","33624","33624","1","1","1","33603","33603","33603","1","1","1","33719","33719","33719","0.8","0.8","0.8"
"1416","27009","27009","27009","1","1","1","33207","33207","33207","1","1","1","33393","33393","33393","1","1","1","33626","33626","33626","1","1","1","33605","33605","33605","1","1","1","33721","33721","33721","1","1","1"
"1417","27011","27011","27011","0.8","0.8","0.8","33209","33209","33209","1","1","1","33395","33395","33395","1","1","1","33628","33628","33628","1","1","1","33607","33607","33607","1","1","1","33723","33723","33723","1","1","1"
"1418","27013","27013","27013","1","1","1","33211","33211","33211","1","1","1","33397","33397","33397","1","1","1","33630","33630","33630","0.8","0.8","0.8","33609","33609","33609","1","1","1","33725","33725","33725","1","1","1"
"1419","27015","27015","27015","1","1","1","33213","33213","33213","1","1","1","33399","33399","33399","1","1","1","33632","33632","33632","1","1","1","33611","33611","33611","1","1","1","33727","33727","33727","1","1","1"
"1420","27017","27017","27017","1","1","1","33215","33215","33215","1","1","1","33401","33401","33401","1","1","1","33634","33634","33634","1","1","1","33613","33613","33613","1","1","1","33729","33729","33729","1","1","1"
"1421","27019","27019","27019","1","1","1","33217","33217","33217","1","1","1","33403","33403","33403","1","1","1","33636","33636","33636","1","1","1","33615","33615","33615","1","1","1","33731","33731","33731","1","1","1"
"1422","27177","27177","27177","0.8","0.8","0.8","33376","33376","33376","0.8","0.8","0.8","33560","33560","33560","1","1","1","33792","33792","33792","1","1","1","33773","33773","33773","1","1","1","33894","33894","33894","1","1","1"
"1423","27179","27179","27179","1","1","1","33378","33378","33378","1","1","1","33562","33562","33562","1","1","1","33794","33794","33794","1","1","1","33775","33775","33775","1","1","1","33896","33896","33896","1","1","1"
"1424","27181","27181","27181","1","1","1","33380","33380","33380","1","1","1","33564","33564","33564","1","1","1","33796","33796","33796","1","1","1","33777","33777","33777","1","1","1","33898","33898","33898","1","1","1"
"1425","27183","27183","27183","1","1","1","33382","33382","33382","1","1","1","33566","33566","33566","1","1","1","33798","33798","33798","1","1","1","33779","33779","33779","1","1","1","33900","33900","33900","1","1","1"
"1426","27185","27185","27185","1","1","1","33384","33384","33384","1","1","1","33568","33568","33568","1","1","1","33800","33800","33800","1","1","1","33781","33781","33781","1","1","1","33902","33902","33902","1","1","1"
"1427","27187","27187","27187","1","1","1","33386","33386","33386","1","1","1","33570","33570","33570","1","1","1","33802","33802","33802","0.8","0.8","0.8","33783","33783","33783","1","1","1","33904","33904","33904","1","1","1"
"1428","27189","27189","27189","1","1","1","33388","33388","33388","1","1","1","33572","33572","33572","1","1","1","33804","33804","33804","1","1","1","33785","33785","33785","1","1","1","33906","33906","33906","1","1","1"
"1429","27191","27191","27191","1","1","1","33390","33390","33390","1","1","1","33574","33574","33574","1","1","1","33806","33806","33806","1","1","1","33787","33787","33787","1","1","1","33908","33908","33908","1","1","1"
"1430","27193","27193","27193","1","1","1","33392","33392","33392","1","1","1","33576","33576","33576","1","1","1","33808","33808","33808","1","1","1","33789","33789","33789","1","1","1","33910","33910","33910","1","1","1"
"1431","27347","27347","27347","0.8","0.8","0.8","33555","33555","33555","1","1","1","33737","33737","33737","1","1","1","33967","33967","33967","1","1","1","33950","33950","33950","1","1","1","34069","34069","34069","1","1","1"
"1432","27349","27349","27349","1","1","1","33557","33557","33557","1","1","1","33739","33739","33739","1","1","1","33969","33969","33969","1","1","1","33952","33952","33952","1","1","1","34071","34071","34071","1","1","1"
"1433","27351","27351","27351","1","1","1","33559","33559","33559","1","1","1","33741","33741","33741","1","1","1","33971","33971","33971","1","1","1","33954","33954","33954","1","1","1","34073","34073","34073","1","1","1"
"1434","27353","27353","27353","1","1","1","33561","33561","33561","1","1","1","33743","33743","33743","1","1","1","33973","33973","33973","1","1","1","33956","33956","33956","1","1","1","34075","34075","34075","1","1","1"
"1435","27355","27355","27355","1","1","1","33563","33563","33563","1","1","1","33745","33745","33745","1","1","1","33975","33975","33975","1","1","1","33958","33958","33958","1","1","1","34077","34077","34077","1","1","1"
"1436","27357","27357","27357","1","1","1","33565","33565","33565","1","1","1","33747","33747","33747","1","1","1","33977","33977","33977","1","1","1","33960","33960","33960","1","1","1","34079","34079","34079","1","1","1"
"1437","27359","27359","27359","1","1","1","33567","33567","33567","1","1","1","33749","33749","33749","1","1","1","33979","33979","33979","1","1","1","33962","33962","33962","1","1","1","34081","34081","34081","1","1","1"
"1438","27361","27361","27361","1","1","1","33569","33569","33569","1","1","1","33751","33751","33751","1","1","1","33981","33981","33981","1","1","1","33964","33964","33964","1","1","1","34083","34083","34083","1","1","1"
"1439","27363","27363","27363","1","1","1","33571","33571","33571","1","1","1","33753","33753","33753","1","1","1","33983","33983","33983","1","1","1","33966","33966","33966","1","1","1","34085","34085","34085","1","1","1"
"1440","27509","27509","27509","0.8","0.8","0.8","33730","33730","33730","1","1","1","33915","33915","33915","1","1","1","34144","34144","34144","1","1","1","34128","34128","34128","1","1","1","34246","34246","34246","1","1","1"
"1441","27511","27511","27511","1","1","1","33732","33732","33732","1","1","1","33917","33917","33917","1","1","1","34146","34146","34146","1","1","1","34130","34130","34130","1","1","1","34248","34248","34248","1","1","1"
"1442","27513","27513","27513","1","1","1","33734","33734","33734","1","1","1","33919","33919","33919","1","1","1","34148","34148","34148","1","1","1","34132","34132","34132","1","1","1","34250","34250","34250","1","1","1"
"1443","27515","27515","27515","1","1","1","33736","33736","33736","1","1","1","33921","33921","33921","1","1","1","34150","34150","34150","1","1","1","34134","34134","34134","1","1","1","34252","34252","34252","1","1","1"
"1444","27517","27517","27517","1","1","1","33738","33738","33738","1","1","1","33923","33923","33923","1","1","1","34152","34152","34152","1","1","1","34136","34136","34136","1","1","1","34254","34254","34254","1","1","1"
"1445","27519","27519","27519","1","1","1","33740","33740","33740","1","1","1","33925","33925","33925","0.8","0.8","0.8","34154","34154","34154","1","1","1","34138","34138","34138","1","1","1","34256","34256","34256","1","1","1"
"1446","27521","27521","27521","1","1","1","33742","33742","33742","1","1","1","33927","33927","33927","1","1","1","34156","34156","34156","1","1","1","34140","34140","34140","1","1","1","34258","34258","34258","1","1","1"
"1447","27523","27523","27523","1","1","1","33744","33744","33744","1","1","1","33929","33929","33929","1","1","1","34158","34158","34158","1","1","1","34142","34142","34142","1","1","1","34260","34260","34260","1","1","1"
"1448","27525","27525","27525","1","1","1","33746","33746","33746","1","1","1","33931","33931","33931","1","1","1","34160","34160","34160","1","1","1","34144","34144","34144","1","1","1","34262","34262","34262","1","1","1"
"1449","27681","27681","27681","0.8","0.8","0.8","33904","33904","33904","1","1","1","34091","34091","34091","0.8","0.8","0.8","34322","34322","34322","1","1","1","34301","34301","34301","1","1","1","34422","34422","34422","1","1","1"
"1450","27683","27683","27683","1","1","1","33906","33906","33906","1","1","1","34093","34093","34093","1","1","1","34324","34324","34324","1","1","1","34303","34303","34303","1","1","1","34424","34424","34424","1","1","1"
"1451","27685","27685","27685","1","1","1","33908","33908","33908","1","1","1","34095","34095","34095","1","1","1","34326","34326","34326","1","1","1","34305","34305","34305","1","1","1","34426","34426","34426","1","1","1"
"1452","27687","27687","27687","1","1","1","33910","33910","33910","1","1","1","34097","34097","34097","1","1","1","34328","34328","34328","1","1","1","34307","34307","34307","1","1","1","34428","34428","34428","1","1","1"
"1453","27689","27689","27689","1","1","1","33912","33912","33912","1","1","1","34099","34099","34099","1","1","1","34330","34330","34330","1","1","1","34309","34309","34309","1","1","1","34430","34430","34430","1","1","1"
"1454","27691","27691","27691","1","1","1","33914","33914","33914","1","1","1","34101","34101","34101","1","1","1","34332","34332","34332","1","1","1","34311","34311","34311","1","1","1","34432","34432","34432","1","1","1"
"1455","27693","27693","27693","1","1","1","33916","33916","33916","1","1","1","34103","34103","34103","1","1","1","34334","34334","34334","1","1","1","34313","34313","34313","1","1","1","34434","34434","34434","1","1","1"
"1456","27695","27695","27695","1","1","1","33918","33918","33918","1","1","1","34105","34105","34105","1","1","1","34336","34336","34336","1","1","1","34315","34315","34315","1","1","1","34436","34436","34436","1","1","1"
"1457","27697","27697","27697","1","1","1","33920","33920","33920","1","1","1","34107","34107","34107","1","1","1","34338","34338","34338","1","1","1","34317","34317","34317","1","1","1","34438","34438","34438","1","1","1"
"1458","27845","27845","27845","0.8","0.8","0.8","34081","34081","34081","1","1","1","34268","34268","34268","1","1","1","34497","34497","34497","1","1","1","34479","34479","34479","0.8","0.8","0.8","34597","34597","34597","1","1","1"
"1459","27847","27847","27847","1","1","1","34083","34083","34083","1","1","1","34270","34270","34270","1","1","1","34499","34499","34499","1","1","1","34481","34481","34481","1","1","1","34599","34599","34599","1","1","1"
"1460","27849","27849","27849","1","1","1","34085","34085","34085","1","1","1","34272","34272","34272","1","1","1","34501","34501","34501","1","1","1","34483","34483","34483","1","1","1","34601","34601","34601","1","1","1"
"1461","27851","27851","27851","1","1","1","34087","34087","34087","1","1","1","34274","34274","34274","1","1","1","34503","34503","34503","1","1","1","34485","34485","34485","1","1","1","34603","34603","34603","1","1","1"
"1462","27853","27853","27853","1","1","1","34089","34089","34089","1","1","1","34276","34276","34276","1","1","1","34505","34505","34505","1","1","1","34487","34487","34487","1","1","1","34605","34605","34605","1","1","1"
"1463","27855","27855","27855","1","1","1","34091","34091","34091","1","1","1","34278","34278","34278","1","1","1","34507","34507","34507","1","1","1","34489","34489","34489","1","1","1","34607","34607","34607","1","1","1"
"1464","27857","27857","27857","1","1","1","34093","34093","34093","1","1","1","34280","34280","34280","1","1","1","34509","34509","34509","1","1","1","34491","34491","34491","1","1","1","34609","34609","34609","1","1","1"
"1465","27859","27859","27859","1","1","1","34095","34095","34095","1","1","1","34282","34282","34282","1","1","1","34511","34511","34511","1","1","1","34493","34493","34493","1","1","1","34611","34611","34611","1","1","1"
"1466","27861","27861","27861","1","1","1","34097","34097","34097","1","1","1","34284","34284","34284","1","1","1","34513","34513","34513","1","1","1","34495","34495","34495","1","1","1","34613","34613","34613","1","1","1"
"1467","28015","28015","28015","0.8","0.8","0.8","34257","34257","34257","1","1","1","34443","34443","34443","1","1","1","34673","34673","34673","1","1","1","34659","34659","34659","1","1","1","34773","34773","34773","1","1","1"
"1468","28017","28017","28017","1","1","1","34259","34259","34259","1","1","1","34445","34445","34445","1","1","1","34675","34675","34675","1","1","1","34661","34661","34661","1","1","1","34775","34775","34775","1","1","1"
"1469","28019","28019","28019","1","1","1","34261","34261","34261","1","1","1","34447","34447","34447","1","1","1","34677","34677","34677","1","1","1","34663","34663","34663","1","1","1","34777","34777","34777","1","1","1"
"1470","28021","28021","28021","1","1","1","34263","34263","34263","1","1","1","34449","34449","34449","1","1","1","34679","34679","34679","1","1","1","34665","34665","34665","1","1","1","34779","34779","34779","1","1","1"
"1471","28023","28023","28023","0.8","0.8","0.8","34265","34265","34265","1","1","1","34451","34451","34451","1","1","1","34681","34681","34681","1","1","1","34667","34667","34667","1","1","1","34781","34781","34781","1","1","1"
"1472","28025","28025","28025","1","1","1","34267","34267","34267","1","1","1","34453","34453","34453","1","1","1","34683","34683","34683","1","1","1","34669","34669","34669","1","1","1","34783","34783","34783","1","1","1"
"1473","28027","28027","28027","1","1","1","34269","34269","34269","1","1","1","34455","34455","34455","1","1","1","34685","34685","34685","1","1","1","34671","34671","34671","1","1","1","34785","34785","34785","1","1","1"
"1474","28029","28029","28029","1","1","1","34271","34271","34271","1","1","1","34457","34457","34457","1","1","1","34687","34687","34687","1","1","1","34673","34673","34673","1","1","1","34787","34787","34787","1","1","1"
"1475","28031","28031","28031","1","1","1","34273","34273","34273","1","1","1","34459","34459","34459","1","1","1","34689","34689","34689","1","1","1","34675","34675","34675","1","1","1","34789","34789","34789","1","1","1"
"1476","28189","28189","28189","0.8","0.8","0.8","34432","34432","34432","1","1","1","34623","34623","34623","1","1","1","34846","34846","34846","1","1","1","34834","34834","34834","1","1","1","34948","34948","34948","1","1","1"
"1477","28191","28191","28191","1","1","1","34434","34434","34434","1","1","1","34625","34625","34625","1","1","1","34848","34848","34848","1","1","1","34836","34836","34836","1","1","1","34950","34950","34950","1","1","1"
"1478","28193","28193","28193","1","1","1","34436","34436","34436","1","1","1","34627","34627","34627","1","1","1","34850","34850","34850","1","1","1","34838","34838","34838","1","1","1","34952","34952","34952","1","1","1"
"1479","28195","28195","28195","1","1","1","34438","34438","34438","1","1","1","34629","34629","34629","1","1","1","34852","34852","34852","1","1","1","34840","34840","34840","1","1","1","34954","34954","34954","1","1","1"
"1480","28197","28197","28197","1","1","1","34440","34440","34440","1","1","1","34631","34631","34631","1","1","1","34854","34854","34854","1","1","1","34842","34842","34842","1","1","1","34956","34956","34956","1","1","1"
"1481","28199","28199","28199","0.8","0.8","0.8","34442","34442","34442","1","1","1","34633","34633","34633","1","1","1","34856","34856","34856","1","1","1","34844","34844","34844","1","1","1","34958","34958","34958","1","1","1"
"1482","28201","28201","28201","1","1","1","34444","34444","34444","1","1","1","34635","34635","34635","1","1","1","34858","34858","34858","1","1","1","34846","34846","34846","1","1","1","34960","34960","34960","1","1","1"
"1483","28203","28203","28203","1","1","1","34446","34446","34446","1","1","1","34637","34637","34637","1","1","1","34860","34860","34860","1","1","1","34848","34848","34848","1","1","1","34962","34962","34962","1","1","1"
"1484","28205","28205","28205","1","1","1","34448","34448","34448","1","1","1","34639","34639","34639","1","1","1","34862","34862","34862","1","1","1","34850","34850","34850","1","1","1","34964","34964","34964","1","1","1"
"1485","28351","28351","28351","0.8","0.8","0.8","34607","34607","34607","1","1","1","34796","34796","34796","1","1","1","35020","35020","35020","1","1","1","35010","35010","35010","1","1","1","35126","35126","35126","1","1","1"
"1486","28353","28353","28353","1","1","1","34609","34609","34609","1","1","1","34798","34798","34798","1","1","1","35022","35022","35022","1","1","1","35012","35012","35012","1","1","1","35128","35128","35128","1","1","1"
"1487","28355","28355","28355","1","1","1","34611","34611","34611","1","1","1","34800","34800","34800","1","1","1","35024","35024","35024","1","1","1","35014","35014","35014","1","1","1","35130","35130","35130","1","1","1"
"1488","28357","28357","28357","1","1","1","34613","34613","34613","1","1","1","34802","34802","34802","1","1","1","35026","35026","35026","1","1","1","35016","35016","35016","1","1","1","35132","35132","35132","1","1","1"
"1489","28359","28359","28359","1","1","1","34615","34615","34615","1","1","1","34804","34804","34804","1","1","1","35028","35028","35028","1","1","1","35018","35018","35018","1","1","1","35134","35134","35134","1","1","1"
"1490","28361","28361","28361","1","1","1","34617","34617","34617","1","1","1","34806","34806","34806","1","1","1","35030","35030","35030","1","1","1","35020","35020","35020","1","1","1","35136","35136","35136","1","1","1"
"1491","28363","28363","28363","1","1","1","34619","34619","34619","1","1","1","34808","34808","34808","1","1","1","35032","35032","35032","1","1","1","35022","35022","35022","1","1","1","35138","35138","35138","1","1","1"
"1492","28365","28365","28365","1","1","1","34621","34621","34621","1","1","1","34810","34810","34810","1","1","1","35034","35034","35034","1","1","1","35024","35024","35024","1","1","1","35140","35140","35140","1","1","1"
"1493","28367","28367","28367","1","1","1","34623","34623","34623","1","1","1","34812","34812","34812","1","1","1","35036","35036","35036","1","1","1","35026","35026","35026","0.9","0.9","0.9","35142","35142","35142","1","1","1"
"1494","28523","28523","28523","0.8","0.8","0.8","34781","34781","34781","1","1","1","34975","34975","34975","1","1","1","35193","35193","35193","1","1","1","35184","35184","35184","1","1","1","35301","35301","35301","1","1","1"
"1495","28525","28525","28525","1","1","1","34783","34783","34783","1","1","1","34977","34977","34977","1","1","1","35195","35195","35195","1","1","1","35186","35186","35186","1","1","1","35303","35303","35303","1","1","1"
"1496","28527","28527","28527","1","1","1","34785","34785","34785","1","1","1","34979","34979","34979","1","1","1","35197","35197","35197","0.8","0.8","0.8","35188","35188","35188","1","1","1","35305","35305","35305","1","1","1"
"1497","28529","28529","28529","1","1","1","34787","34787","34787","1","1","1","34981","34981","34981","1","1","1","35199","35199","35199","1","1","1","35190","35190","35190","1","1","1","35307","35307","35307","1","1","1"
"1498","28531","28531","28531","1","1","1","34789","34789","34789","1","1","1","34983","34983","34983","1","1","1","35201","35201","35201","1","1","1","35192","35192","35192","1","1","1","35309","35309","35309","1","1","1"
"1499","28533","28533","28533","1","1","1","34791","34791","34791","1","1","1","34985","34985","34985","1","1","1","35203","35203","35203","1","1","1","35194","35194","35194","1","1","1","35311","35311","35311","1","1","1"
"1500","28535","28535","28535","1","1","1","34793","34793","34793","1","1","1","34987","34987","34987","1","1","1","35205","35205","35205","1","1","1","35196","35196","35196","1","1","1","35313","35313","35313","1","1","1"
"1501","28537","28537","28537","1","1","1","34795","34795","34795","1","1","1","34989","34989","34989","1","1","1","35207","35207","35207","1","1","1","35198","35198","35198","1","1","1","35315","35315","35315","1","1","1"
"1502","28539","28539","28539","1","1","1","34797","34797","34797","1","1","1","34991","34991","34991","1","1","1","35209","35209","35209","1","1","1","35200","35200","35200","1","1","1","35317","35317","35317","1","1","1"
"1503","28687","28687","28687","0.8","0.8","0.8","34958","34958","34958","1","1","1","35149","35149","35149","1","1","1","35372","35372","35372","1","1","1","35364","35364","35364","1","1","1","35476","35476","35476","1","1","1"
"1504","28689","28689","28689","1","1","1","34960","34960","34960","1","1","1","35151","35151","35151","1","1","1","35374","35374","35374","1","1","1","35366","35366","35366","1","1","1","35478","35478","35478","1","1","1"
"1505","28691","28691","28691","1","1","1","34962","34962","34962","1","1","1","35153","35153","35153","1","1","1","35376","35376","35376","1","1","1","35368","35368","35368","1","1","1","35480","35480","35480","0.8","0.8","0.8"
"1506","28693","28693","28693","1","1","1","34964","34964","34964","1","1","1","35155","35155","35155","1","1","1","35378","35378","35378","1","1","1","35370","35370","35370","1","1","1","35482","35482","35482","1","1","1"
"1507","28695","28695","28695","1","1","1","34966","34966","34966","1","1","1","35157","35157","35157","1","1","1","35380","35380","35380","1","1","1","35372","35372","35372","1","1","1","35484","35484","35484","1","1","1"
"1508","28697","28697","28697","1","1","1","34968","34968","34968","1","1","1","35159","35159","35159","1","1","1","35382","35382","35382","1","1","1","35374","35374","35374","1","1","1","35486","35486","35486","1","1","1"
"1509","28699","28699","28699","1","1","1","34970","34970","34970","1","1","1","35161","35161","35161","1","1","1","35384","35384","35384","1","1","1","35376","35376","35376","1","1","1","35488","35488","35488","1","1","1"
"1510","28701","28701","28701","1","1","1","34972","34972","34972","1","1","1","35163","35163","35163","1","1","1","35386","35386","35386","1","1","1","35378","35378","35378","1","1","1","35490","35490","35490","1","1","1"
"1511","28703","28703","28703","1","1","1","34974","34974","34974","1","1","1","35165","35165","35165","1","1","1","35388","35388","35388","1","1","1","35380","35380","35380","1","1","1","35492","35492","35492","1","1","1"
"1512","28861","28861","28861","0.8","0.8","0.8","35136","35136","35136","1","1","1","35324","35324","35324","1","1","1","35547","35547","35547","1","1","1","35545","35545","35545","1","1","1","35649","35649","35649","1","1","1"
"1513","28863","28863","28863","1","1","1","35138","35138","35138","1","1","1","35326","35326","35326","1","1","1","35549","35549","35549","1","1","1","35547","35547","35547","1","1","1","35651","35651","35651","1","1","1"
"1514","28865","28865","28865","1","1","1","35140","35140","35140","1","1","1","35328","35328","35328","1","1","1","35551","35551","35551","1","1","1","35549","35549","35549","1","1","1","35653","35653","35653","1","1","1"
"1515","28867","28867","28867","1","1","1","35142","35142","35142","1","1","1","35330","35330","35330","1","1","1","35553","35553","35553","1","1","1","35551","35551","35551","1","1","1","35655","35655","35655","1","1","1"
"1516","28869","28869","28869","1","1","1","35144","35144","35144","1","1","1","35332","35332","35332","1","1","1","35555","35555","35555","1","1","1","35553","35553","35553","1","1","1","35657","35657","35657","1","1","1"
"1517","28871","28871","28871","1","1","1","35146","35146","35146","1","1","1","35334","35334","35334","1","1","1","35557","35557","35557","1","1","1","35555","35555","35555","1","1","1","35659","35659","35659","0.8","0.8","0.8"
"1518","28873","28873","28873","1","1","1","35148","35148","35148","1","1","1","35336","35336","35336","1","1","1","35559","35559","35559","1","1","1","35557","35557","35557","1","1","1","35661","35661","35661","1","1","1"
"1519","28875","28875","28875","1","1","1","35150","35150","35150","1","1","1","35338","35338","35338","1","1","1","35561","35561","35561","1","1","1","35559","35559","35559","1","1","1","35663","35663","35663","1","1","1"
"1520","28877","28877","28877","1","1","1","35152","35152","35152","1","1","1","35340","35340","35340","1","1","1","35563","35563","35563","1","1","1","35561","35561","35561","1","1","1","35665","35665","35665","1","1","1"
"1521","29025","29025","29025","0.8","0.8","0.8","35313","35313","35313","1","1","1","35500","35500","35500","0.8","0.8","0.8","35721","35721","35721","1","1","1","35723","35723","35723","1","1","1","35825","35825","35825","1","1","1"
"1522","29027","29027","29027","1","1","1","35315","35315","35315","1","1","1","35502","35502","35502","1","1","1","35723","35723","35723","1","1","1","35725","35725","35725","1","1","1","35827","35827","35827","1","1","1"
"1523","29029","29029","29029","1","1","1","35317","35317","35317","1","1","1","35504","35504","35504","1","1","1","35725","35725","35725","1","1","1","35727","35727","35727","1","1","1","35829","35829","35829","1","1","1"
"1524","29031","29031","29031","1","1","1","35319","35319","35319","1","1","1","35506","35506","35506","1","1","1","35727","35727","35727","1","1","1","35729","35729","35729","1","1","1","35831","35831","35831","1","1","1"
"1525","29033","29033","29033","1","1","1","35321","35321","35321","1","1","1","35508","35508","35508","0.8","0.8","0.8","35729","35729","35729","0.8","0.8","0.8","35731","35731","35731","1","1","1","35833","35833","35833","1","1","1"
"1526","29035","29035","29035","1","1","1","35323","35323","35323","1","1","1","35510","35510","35510","1","1","1","35731","35731","35731","0.8","0.8","0.8","35733","35733","35733","1","1","1","35835","35835","35835","1","1","1"
"1527","29037","29037","29037","1","1","1","35325","35325","35325","1","1","1","35512","35512","35512","1","1","1","35733","35733","35733","1","1","1","35735","35735","35735","1","1","1","35837","35837","35837","1","1","1"
"1528","29039","29039","29039","1","1","1","35327","35327","35327","1","1","1","35514","35514","35514","1","1","1","35735","35735","35735","1","1","1","35737","35737","35737","1","1","1","35839","35839","35839","1","1","1"
"1529","29041","29041","29041","1","1","1","35329","35329","35329","1","1","1","35516","35516","35516","1","1","1","35737","35737","35737","1","1","1","35739","35739","35739","1","1","1","35841","35841","35841","1","1","1"
"1530","29199","29199","29199","0.8","0.8","0.8","35491","35491","35491","1","1","1","35676","35676","35676","1","1","1","35897","35897","35897","1","1","1","35900","35900","35900","1","1","1","36001","36001","36001","1","1","1"
"1531","29201","29201","29201","1","1","1","35493","35493","35493","1","1","1","35678","35678","35678","1","1","1","35899","35899","35899","1","1","1","35902","35902","35902","1","1","1","36003","36003","36003","1","1","1"
"1532","29203","29203","29203","1","1","1","35495","35495","35495","1","1","1","35680","35680","35680","1","1","1","35901","35901","35901","1","1","1","35904","35904","35904","1","1","1","36005","36005","36005","1","1","1"
"1533","29205","29205","29205","1","1","1","35497","35497","35497","1","1","1","35682","35682","35682","1","1","1","35903","35903","35903","1","1","1","35906","35906","35906","1","1","1","36007","36007","36007","1","1","1"
"1534","29207","29207","29207","1","1","1","35499","35499","35499","1","1","1","35684","35684","35684","0.8","0.8","0.8","35905","35905","35905","0.8","0.8","0.8","35908","35908","35908","1","1","1","36009","36009","36009","1","1","1"
"1535","29209","29209","29209","1","1","1","35501","35501","35501","1","1","1","35686","35686","35686","1","1","1","35907","35907","35907","1","1","1","35910","35910","35910","1","1","1","36011","36011","36011","1","1","1"
"1536","29211","29211","29211","1","1","1","35503","35503","35503","1","1","1","35688","35688","35688","1","1","1","35909","35909","35909","1","1","1","35912","35912","35912","1","1","1","36013","36013","36013","1","1","1"
"1537","29213","29213","29213","1","1","1","35505","35505","35505","1","1","1","35690","35690","35690","1","1","1","35911","35911","35911","1","1","1","35914","35914","35914","1","1","1","36015","36015","36015","0.9","0.9","0.9"
"1538","29215","29215","29215","1","1","1","35507","35507","35507","1","1","1","35692","35692","35692","1","1","1","35913","35913","35913","1","1","1","35916","35916","35916","1","1","1","36017","36017","36017","1","1","1"
"1539","29369","29369","29369","0.8","0.8","0.8","35666","35666","35666","1","1","1","35851","35851","35851","1","1","1","36072","36072","36072","0.8","0.8","0.8","36074","36074","36074","1","1","1","36175","36175","36175","1","1","1"
"1540","29371","29371","29371","1","1","1","35668","35668","35668","1","1","1","35853","35853","35853","1","1","1","36074","36074","36074","0.8","0.8","0.8","36076","36076","36076","1","1","1","36177","36177","36177","1","1","1"
"1541","29373","29373","29373","1","1","1","35670","35670","35670","1","1","1","35855","35855","35855","1","1","1","36076","36076","36076","0.8","0.8","0.8","36078","36078","36078","1","1","1","36179","36179","36179","1","1","1"
"1542","29375","29375","29375","1","1","1","35672","35672","35672","1","1","1","35857","35857","35857","1","1","1","36078","36078","36078","1","1","1","36080","36080","36080","1","1","1","36181","36181","36181","1","1","1"
"1543","29377","29377","29377","1","1","1","35674","35674","35674","1","1","1","35859","35859","35859","1","1","1","36080","36080","36080","1","1","1","36082","36082","36082","1","1","1","36183","36183","36183","1","1","1"
"1544","29379","29379","29379","1","1","1","35676","35676","35676","1","1","1","35861","35861","35861","1","1","1","36082","36082","36082","1","1","1","36084","36084","36084","1","1","1","36185","36185","36185","1","1","1"
"1545","29381","29381","29381","1","1","1","35678","35678","35678","1","1","1","35863","35863","35863","1","1","1","36084","36084","36084","1","1","1","36086","36086","36086","1","1","1","36187","36187","36187","1","1","1"
"1546","29383","29383","29383","1","1","1","35680","35680","35680","1","1","1","35865","35865","35865","1","1","1","36086","36086","36086","1","1","1","36088","36088","36088","1","1","1","36189","36189","36189","1","1","1"
"1547","29385","29385","29385","1","1","1","35682","35682","35682","1","1","1","35867","35867","35867","1","1","1","36088","36088","36088","1","1","1","36090","36090","36090","1","1","1","36191","36191","36191","1","1","1"
"1548","29533","29533","29533","0.8","0.8","0.8","35842","35842","35842","1","1","1","36030","36030","36030","0.8","0.8","0.8","36250","36250","36250","1","1","1","36255","36255","36255","1","1","1","36348","36348","36348","1","1","1"
"1549","29535","29535","29535","1","1","1","35844","35844","35844","1","1","1","36032","36032","36032","1","1","1","36252","36252","36252","1","1","1","36257","36257","36257","1","1","1","36350","36350","36350","1","1","1"
"1550","29537","29537","29537","1","1","1","35846","35846","35846","1","1","1","36034","36034","36034","1","1","1","36254","36254","36254","1","1","1","36259","36259","36259","1","1","1","36352","36352","36352","0.8","0.8","0.8"
"1551","29539","29539","29539","1","1","1","35848","35848","35848","1","1","1","36036","36036","36036","1","1","1","36256","36256","36256","1","1","1","36261","36261","36261","1","1","1","36354","36354","36354","1","1","1"
"1552","29541","29541","29541","1","1","1","35850","35850","35850","1","1","1","36038","36038","36038","1","1","1","36258","36258","36258","1","1","1","36263","36263","36263","1","1","1","36356","36356","36356","1","1","1"
"1553","29543","29543","29543","1","1","1","35852","35852","35852","1","1","1","36040","36040","36040","1","1","1","36260","36260","36260","1","1","1","36265","36265","36265","1","1","1","36358","36358","36358","0.8","0.8","0.8"
"1554","29545","29545","29545","1","1","1","35854","35854","35854","1","1","1","36042","36042","36042","1","1","1","36262","36262","36262","1","1","1","36267","36267","36267","1","1","1","36360","36360","36360","1","1","1"
"1555","29547","29547","29547","1","1","1","35856","35856","35856","1","1","1","36044","36044","36044","1","1","1","36264","36264","36264","1","1","1","36269","36269","36269","1","1","1","36362","36362","36362","1","1","1"
"1556","29549","29549","29549","1","1","1","35858","35858","35858","1","1","1","36046","36046","36046","1","1","1","36266","36266","36266","1","1","1","36271","36271","36271","1","1","1","36364","36364","36364","1","1","1"
"1557","29705","29705","29705","0.8","0.8","0.8","36017","36017","36017","1","1","1","36203","36203","36203","1","1","1","36424","36424","36424","1","1","1","36428","36428","36428","1","1","1","36525","36525","36525","1","1","1"
"1558","29707","29707","29707","1","1","1","36019","36019","36019","1","1","1","36205","36205","36205","1","1","1","36426","36426","36426","1","1","1","36430","36430","36430","1","1","1","36527","36527","36527","1","1","1"
"1559","29709","29709","29709","1","1","1","36021","36021","36021","1","1","1","36207","36207","36207","1","1","1","36428","36428","36428","1","1","1","36432","36432","36432","1","1","1","36529","36529","36529","1","1","1"
"1560","29711","29711","29711","1","1","1","36023","36023","36023","1","1","1","36209","36209","36209","1","1","1","36430","36430","36430","1","1","1","36434","36434","36434","1","1","1","36531","36531","36531","1","1","1"
"1561","29713","29713","29713","1","1","1","36025","36025","36025","1","1","1","36211","36211","36211","1","1","1","36432","36432","36432","0.8","0.8","0.8","36436","36436","36436","1","1","1","36533","36533","36533","0.8","0.8","0.8"
"1562","29715","29715","29715","1","1","1","36027","36027","36027","1","1","1","36213","36213","36213","1","1","1","36434","36434","36434","1","1","1","36438","36438","36438","1","1","1","36535","36535","36535","1","1","1"
"1563","29717","29717","29717","1","1","1","36029","36029","36029","1","1","1","36215","36215","36215","1","1","1","36436","36436","36436","1","1","1","36440","36440","36440","1","1","1","36537","36537","36537","1","1","1"
"1564","29719","29719","29719","1","1","1","36031","36031","36031","1","1","1","36217","36217","36217","1","1","1","36438","36438","36438","1","1","1","36442","36442","36442","1","1","1","36539","36539","36539","1","1","1"
"1565","29721","29721","29721","1","1","1","36033","36033","36033","1","1","1","36219","36219","36219","1","1","1","36440","36440","36440","1","1","1","36444","36444","36444","1","1","1","36541","36541","36541","1","1","1"
"1566","29867","29867","29867","0.8","0.8","0.8","36195","36195","36195","1","1","1","36382","36382","36382","1","1","1","36598","36598","36598","1","1","1","36610","36610","36610","1","1","1","36699","36699","36699","1","1","1"
"1567","29869","29869","29869","1","1","1","36197","36197","36197","1","1","1","36384","36384","36384","1","1","1","36600","36600","36600","1","1","1","36612","36612","36612","1","1","1","36701","36701","36701","1","1","1"
"1568","29871","29871","29871","1","1","1","36199","36199","36199","1","1","1","36386","36386","36386","1","1","1","36602","36602","36602","1","1","1","36614","36614","36614","1","1","1","36703","36703","36703","1","1","1"
"1569","29873","29873","29873","1","1","1","36201","36201","36201","1","1","1","36388","36388","36388","1","1","1","36604","36604","36604","1","1","1","36616","36616","36616","1","1","1","36705","36705","36705","1","1","1"
"1570","29875","29875","29875","1","1","1","36203","36203","36203","1","1","1","36390","36390","36390","1","1","1","36606","36606","36606","1","1","1","36618","36618","36618","1","1","1","36707","36707","36707","1","1","1"
"1571","29877","29877","29877","1","1","1","36205","36205","36205","1","1","1","36392","36392","36392","1","1","1","36608","36608","36608","1","1","1","36620","36620","36620","1","1","1","36709","36709","36709","1","1","1"
"1572","29879","29879","29879","1","1","1","36207","36207","36207","1","1","1","36394","36394","36394","1","1","1","36610","36610","36610","1","1","1","36622","36622","36622","1","1","1","36711","36711","36711","1","1","1"
"1573","29881","29881","29881","1","1","1","36209","36209","36209","1","1","1","36396","36396","36396","1","1","1","36612","36612","36612","1","1","1","36624","36624","36624","1","1","1","36713","36713","36713","1","1","1"
"1574","29883","29883","29883","1","1","1","36211","36211","36211","1","1","1","36398","36398","36398","1","1","1","36614","36614","36614","1","1","1","36626","36626","36626","1","1","1","36715","36715","36715","1","1","1"
"1575","30039","30039","30039","0.8","0.8","0.8","36372","36372","36372","1","1","1","36559","36559","36559","1","1","1","36776","36776","36776","1","1","1","36787","36787","36787","1","1","1","36875","36875","36875","0.8","0.8","0.8"
"1576","30041","30041","30041","1","1","1","36374","36374","36374","1","1","1","36561","36561","36561","1","1","1","36778","36778","36778","1","1","1","36789","36789","36789","1","1","1","36877","36877","36877","1","1","1"
"1577","30043","30043","30043","1","1","1","36376","36376","36376","1","1","1","36563","36563","36563","0.8","0.8","0.8","36780","36780","36780","1","1","1","36791","36791","36791","1","1","1","36879","36879","36879","1","1","1"
"1578","30045","30045","30045","1","1","1","36378","36378","36378","1","1","1","36565","36565","36565","1","1","1","36782","36782","36782","1","1","1","36793","36793","36793","1","1","1","36881","36881","36881","1","1","1"
"1579","30047","30047","30047","1","1","1","36380","36380","36380","1","1","1","36567","36567","36567","1","1","1","36784","36784","36784","0.8","0.8","0.8","36795","36795","36795","1","1","1","36883","36883","36883","1","1","1"
"1580","30049","30049","30049","1","1","1","36382","36382","36382","1","1","1","36569","36569","36569","1","1","1","36786","36786","36786","1","1","1","36797","36797","36797","1","1","1","36885","36885","36885","0.8","0.8","0.8"
"1581","30051","30051","30051","1","1","1","36384","36384","36384","1","1","1","36571","36571","36571","1","1","1","36788","36788","36788","1","1","1","36799","36799","36799","1","1","1","36887","36887","36887","1","1","1"
"1582","30053","30053","30053","1","1","1","36386","36386","36386","1","1","1","36573","36573","36573","1","1","1","36790","36790","36790","1","1","1","36801","36801","36801","1","1","1","36889","36889","36889","1","1","1"
"1583","30055","30055","30055","1","1","1","36388","36388","36388","1","1","1","36575","36575","36575","1","1","1","36792","36792","36792","1","1","1","36803","36803","36803","1","1","1","36891","36891","36891","1","1","1"
"1584","30201","30201","30201","0.8","0.8","0.8","36548","36548","36548","1","1","1","36734","36734","36734","1","1","1","36954","36954","36954","1","1","1","36965","36965","36965","1","1","1","37051","37051","37051","1","1","1"
"1585","30203","30203","30203","1","1","1","36550","36550","36550","1","1","1","36736","36736","36736","1","1","1","36956","36956","36956","1","1","1","36967","36967","36967","1","1","1","37053","37053","37053","1","1","1"
"1586","30205","30205","30205","1","1","1","36552","36552","36552","1","1","1","36738","36738","36738","1","1","1","36958","36958","36958","1","1","1","36969","36969","36969","1","1","1","37055","37055","37055","1","1","1"
"1587","30207","30207","30207","1","1","1","36554","36554","36554","1","1","1","36740","36740","36740","1","1","1","36960","36960","36960","1","1","1","36971","36971","36971","1","1","1","37057","37057","37057","1","1","1"
"1588","30209","30209","30209","1","1","1","36556","36556","36556","1","1","1","36742","36742","36742","1","1","1","36962","36962","36962","0.8","0.8","0.8","36973","36973","36973","1","1","1","37059","37059","37059","1","1","1"
"1589","30211","30211","30211","1","1","1","36558","36558","36558","1","1","1","36744","36744","36744","1","1","1","36964","36964","36964","1","1","1","36975","36975","36975","1","1","1","37061","37061","37061","1","1","1"
"1590","30213","30213","30213","1","1","1","36560","36560","36560","1","1","1","36746","36746","36746","1","1","1","36966","36966","36966","1","1","1","36977","36977","36977","1","1","1","37063","37063","37063","1","1","1"
"1591","30215","30215","30215","1","1","1","36562","36562","36562","1","1","1","36748","36748","36748","1","1","1","36968","36968","36968","0.8","0.8","0.8","36979","36979","36979","1","1","1","37065","37065","37065","1","1","1"
"1592","30217","30217","30217","1","1","1","36564","36564","36564","1","1","1","36750","36750","36750","1","1","1","36970","36970","36970","1","1","1","36981","36981","36981","1","1","1","37067","37067","37067","1","1","1"
"1593","30375","30375","30375","0.8","0.8","0.8","36725","36725","36725","1","1","1","36911","36911","36911","1","1","1","37129","37129","37129","1","1","1","37138","37138","37138","1","1","1","37229","37229","37229","1","1","1"
"1594","30377","30377","30377","1","1","1","36727","36727","36727","1","1","1","36913","36913","36913","1","1","1","37131","37131","37131","1","1","1","37140","37140","37140","1","1","1","37231","37231","37231","1","1","1"
"1595","30379","30379","30379","1","1","1","36729","36729","36729","1","1","1","36915","36915","36915","1","1","1","37133","37133","37133","1","1","1","37142","37142","37142","1","1","1","37233","37233","37233","1","1","1"
"1596","30381","30381","30381","1","1","1","36731","36731","36731","1","1","1","36917","36917","36917","1","1","1","37135","37135","37135","1","1","1","37144","37144","37144","1","1","1","37235","37235","37235","1","1","1"
"1597","30383","30383","30383","1","1","1","36733","36733","36733","1","1","1","36919","36919","36919","1","1","1","37137","37137","37137","1","1","1","37146","37146","37146","1","1","1","37237","37237","37237","1","1","1"
"1598","30385","30385","30385","1","1","1","36735","36735","36735","1","1","1","36921","36921","36921","1","1","1","37139","37139","37139","1","1","1","37148","37148","37148","1","1","1","37239","37239","37239","1","1","1"
"1599","30387","30387","30387","1","1","1","36737","36737","36737","1","1","1","36923","36923","36923","1","1","1","37141","37141","37141","1","1","1","37150","37150","37150","1","1","1","37241","37241","37241","1","1","1"
"1600","30389","30389","30389","1","1","1","36739","36739","36739","1","1","1","36925","36925","36925","1","1","1","37143","37143","37143","1","1","1","37152","37152","37152","1","1","1","37243","37243","37243","1","1","1"
"1601","30391","30391","30391","1","1","1","36741","36741","36741","1","1","1","36927","36927","36927","1","1","1","37145","37145","37145","1","1","1","37154","37154","37154","1","1","1","37245","37245","37245","1","1","1"
"1602","30547","30547","30547","0.8","0.8","0.8","36899","36899","36899","1","1","1","37084","37084","37084","1","1","1","37306","37306","37306","1","1","1","37314","37314","37314","1","1","1","37406","37406","37406","1","1","1"
"1603","30549","30549","30549","1","1","1","36901","36901","36901","1","1","1","37086","37086","37086","1","1","1","37308","37308","37308","1","1","1","37316","37316","37316","1","1","1","37408","37408","37408","1","1","1"
"1604","30551","30551","30551","1","1","1","36903","36903","36903","1","1","1","37088","37088","37088","0.8","0.8","0.8","37310","37310","37310","1","1","1","37318","37318","37318","1","1","1","37410","37410","37410","1","1","1"
"1605","30553","30553","30553","1","1","1","36905","36905","36905","1","1","1","37090","37090","37090","1","1","1","37312","37312","37312","1","1","1","37320","37320","37320","1","1","1","37412","37412","37412","1","1","1"
"1606","30555","30555","30555","1","1","1","36907","36907","36907","1","1","1","37092","37092","37092","1","1","1","37314","37314","37314","1","1","1","37322","37322","37322","1","1","1","37414","37414","37414","1","1","1"
"1607","30557","30557","30557","1","1","1","36909","36909","36909","1","1","1","37094","37094","37094","1","1","1","37316","37316","37316","1","1","1","37324","37324","37324","0.8","0.8","0.8","37416","37416","37416","1","1","1"
"1608","30559","30559","30559","1","1","1","36911","36911","36911","1","1","1","37096","37096","37096","1","1","1","37318","37318","37318","1","1","1","37326","37326","37326","1","1","1","37418","37418","37418","1","1","1"
"1609","30561","30561","30561","1","1","1","36913","36913","36913","1","1","1","37098","37098","37098","1","1","1","37320","37320","37320","1","1","1","37328","37328","37328","1","1","1","37420","37420","37420","1","1","1"
"1610","30563","30563","30563","1","1","1","36915","36915","36915","1","1","1","37100","37100","37100","1","1","1","37322","37322","37322","1","1","1","37330","37330","37330","1","1","1","37422","37422","37422","1","1","1"
"1611","30713","30713","30713","0.8","0.8","0.8","37078","37078","37078","1","1","1","37261","37261","37261","1","1","1","37482","37482","37482","0.8","0.8","0.8","37486","37486","37486","1","1","1","37581","37581","37581","1","1","1"
"1612","30715","30715","30715","1","1","1","37080","37080","37080","1","1","1","37263","37263","37263","1","1","1","37484","37484","37484","0.8","0.8","0.8","37488","37488","37488","1","1","1","37583","37583","37583","1","1","1"
"1613","30717","30717","30717","1","1","1","37082","37082","37082","1","1","1","37265","37265","37265","1","1","1","37486","37486","37486","0.8","0.8","0.8","37490","37490","37490","1","1","1","37585","37585","37585","1","1","1"
"1614","30719","30719","30719","1","1","1","37084","37084","37084","1","1","1","37267","37267","37267","1","1","1","37488","37488","37488","1","1","1","37492","37492","37492","1","1","1","37587","37587","37587","1","1","1"
"1615","30721","30721","30721","1","1","1","37086","37086","37086","1","1","1","37269","37269","37269","1","1","1","37490","37490","37490","1","1","1","37494","37494","37494","1","1","1","37589","37589","37589","1","1","1"
"1616","30723","30723","30723","1","1","1","37088","37088","37088","1","1","1","37271","37271","37271","0.8","0.8","0.8","37492","37492","37492","1","1","1","37496","37496","37496","1","1","1","37591","37591","37591","1","1","1"
"1617","30725","30725","30725","1","1","1","37090","37090","37090","1","1","1","37273","37273","37273","1","1","1","37494","37494","37494","1","1","1","37498","37498","37498","1","1","1","37593","37593","37593","1","1","1"
"1618","30727","30727","30727","1","1","1","37092","37092","37092","1","1","1","37275","37275","37275","1","1","1","37496","37496","37496","1","1","1","37500","37500","37500","1","1","1","37595","37595","37595","1","1","1"
"1619","30729","30729","30729","1","1","1","37094","37094","37094","1","1","1","37277","37277","37277","1","1","1","37498","37498","37498","1","1","1","37502","37502","37502","0.8","0.8","0.8","37597","37597","37597","1","1","1"
"1620","30883","30883","30883","0.8","0.8","0.8","37255","37255","37255","1","1","1","37439","37439","37439","1","1","1","37660","37660","37660","1","1","1","37659","37659","37659","1","1","1","37757","37757","37757","1","1","1"
"1621","30885","30885","30885","1","1","1","37257","37257","37257","1","1","1","37441","37441","37441","1","1","1","37662","37662","37662","1","1","1","37661","37661","37661","1","1","1","37759","37759","37759","1","1","1"
"1622","30887","30887","30887","1","1","1","37259","37259","37259","1","1","1","37443","37443","37443","1","1","1","37664","37664","37664","1","1","1","37663","37663","37663","1","1","1","37761","37761","37761","0.8","0.8","0.8"
"1623","30889","30889","30889","1","1","1","37261","37261","37261","1","1","1","37445","37445","37445","1","1","1","37666","37666","37666","1","1","1","37665","37665","37665","1","1","1","37763","37763","37763","1","1","1"
"1624","30891","30891","30891","1","1","1","37263","37263","37263","1","1","1","37447","37447","37447","0.8","0.8","0.8","37668","37668","37668","1","1","1","37667","37667","37667","1","1","1","37765","37765","37765","1","1","1"
"1625","30893","30893","30893","1","1","1","37265","37265","37265","1","1","1","37449","37449","37449","1","1","1","37670","37670","37670","1","1","1","37669","37669","37669","1","1","1","37767","37767","37767","1","1","1"
"1626","30895","30895","30895","1","1","1","37267","37267","37267","1","1","1","37451","37451","37451","1","1","1","37672","37672","37672","1","1","1","37671","37671","37671","1","1","1","37769","37769","37769","1","1","1"
"1627","30897","30897","30897","1","1","1","37269","37269","37269","1","1","1","37453","37453","37453","1","1","1","37674","37674","37674","1","1","1","37673","37673","37673","1","1","1","37771","37771","37771","1","1","1"
"1628","30899","30899","30899","1","1","1","37271","37271","37271","1","1","1","37455","37455","37455","1","1","1","37676","37676","37676","1","1","1","37675","37675","37675","1","1","1","37773","37773","37773","1","1","1"
"1629","31049","31049","31049","0.8","0.8","0.8","37429","37429","37429","1","1","1","37616","37616","37616","1","1","1","37834","37834","37834","1","1","1","37834","37834","37834","1","1","1","37929","37929","37929","1","1","1"
"1630","31051","31051","31051","1","1","1","37431","37431","37431","1","1","1","37618","37618","37618","1","1","1","37836","37836","37836","1","1","1","37836","37836","37836","1","1","1","37931","37931","37931","1","1","1"
"1631","31053","31053","31053","1","1","1","37433","37433","37433","1","1","1","37620","37620","37620","1","1","1","37838","37838","37838","1","1","1","37838","37838","37838","1","1","1","37933","37933","37933","1","1","1"
"1632","31055","31055","31055","1","1","1","37435","37435","37435","1","1","1","37622","37622","37622","1","1","1","37840","37840","37840","1","1","1","37840","37840","37840","1","1","1","37935","37935","37935","1","1","1"
"1633","31057","31057","31057","1","1","1","37437","37437","37437","1","1","1","37624","37624","37624","1","1","1","37842","37842","37842","1","1","1","37842","37842","37842","1","1","1","37937","37937","37937","1","1","1"
"1634","31059","31059","31059","1","1","1","37439","37439","37439","1","1","1","37626","37626","37626","1","1","1","37844","37844","37844","1","1","1","37844","37844","37844","1","1","1","37939","37939","37939","1","1","1"
"1635","31061","31061","31061","1","1","1","37441","37441","37441","1","1","1","37628","37628","37628","1","1","1","37846","37846","37846","1","1","1","37846","37846","37846","1","1","1","37941","37941","37941","1","1","1"
"1636","31063","31063","31063","1","1","1","37443","37443","37443","1","1","1","37630","37630","37630","1","1","1","37848","37848","37848","1","1","1","37848","37848","37848","1","1","1","37943","37943","37943","1","1","1"
"1637","31065","31065","31065","1","1","1","37445","37445","37445","1","1","1","37632","37632","37632","1","1","1","37850","37850","37850","1","1","1","37850","37850","37850","1","1","1","37945","37945","37945","1","1","1"
"1638","31223","31223","31223","0.8","0.8","0.8","37608","37608","37608","1","1","1","37791","37791","37791","1","1","1","38009","38009","38009","1","1","1","38007","38007","38007","1","1","1","38111","38111","38111","1","1","1"
"1639","31225","31225","31225","1","1","1","37610","37610","37610","1","1","1","37793","37793","37793","1","1","1","38011","38011","38011","1","1","1","38009","38009","38009","1","1","1","38113","38113","38113","1","1","1"
"1640","31227","31227","31227","1","1","1","37612","37612","37612","1","1","1","37795","37795","37795","1","1","1","38013","38013","38013","1","1","1","38011","38011","38011","1","1","1","38115","38115","38115","1","1","1"
"1641","31229","31229","31229","1","1","1","37614","37614","37614","1","1","1","37797","37797","37797","1","1","1","38015","38015","38015","1","1","1","38013","38013","38013","1","1","1","38117","38117","38117","1","1","1"
"1642","31231","31231","31231","1","1","1","37616","37616","37616","1","1","1","37799","37799","37799","1","1","1","38017","38017","38017","1","1","1","38015","38015","38015","1","1","1","38119","38119","38119","1","1","1"
"1643","31233","31233","31233","1","1","1","37618","37618","37618","1","1","1","37801","37801","37801","1","1","1","38019","38019","38019","1","1","1","38017","38017","38017","1","1","1","38121","38121","38121","1","1","1"
"1644","31235","31235","31235","1","1","1","37620","37620","37620","1","1","1","37803","37803","37803","1","1","1","38021","38021","38021","1","1","1","38019","38019","38019","1","1","1","38123","38123","38123","1","1","1"
"1645","31237","31237","31237","1","1","1","37622","37622","37622","1","1","1","37805","37805","37805","1","1","1","38023","38023","38023","1","1","1","38021","38021","38021","1","1","1","38125","38125","38125","1","1","1"
"1646","31239","31239","31239","1","1","1","37624","37624","37624","1","1","1","37807","37807","37807","1","1","1","38025","38025","38025","1","1","1","38023","38023","38023","1","1","1","38127","38127","38127","1","1","1"
"1647","31387","31387","31387","0.8","0.8","0.8","37786","37786","37786","1","1","1","37966","37966","37966","1","1","1","38183","38183","38183","1","1","1","38185","38185","38185","1","1","1","38288","38288","38288","1","1","1"
"1648","31389","31389","31389","1","1","1","37788","37788","37788","1","1","1","37968","37968","37968","1","1","1","38185","38185","38185","1","1","1","38187","38187","38187","1","1","1","38290","38290","38290","1","1","1"
"1649","31391","31391","31391","1","1","1","37790","37790","37790","1","1","1","37970","37970","37970","1","1","1","38187","38187","38187","1","1","1","38189","38189","38189","1","1","1","38292","38292","38292","1","1","1"
"1650","31393","31393","31393","1","1","1","37792","37792","37792","1","1","1","37972","37972","37972","1","1","1","38189","38189","38189","1","1","1","38191","38191","38191","1","1","1","38294","38294","38294","1","1","1"
"1651","31395","31395","31395","1","1","1","37794","37794","37794","1","1","1","37974","37974","37974","1","1","1","38191","38191","38191","1","1","1","38193","38193","38193","1","1","1","38296","38296","38296","1","1","1"
"1652","31397","31397","31397","0.8","0.8","0.8","37796","37796","37796","1","1","1","37976","37976","37976","1","1","1","38193","38193","38193","1","1","1","38195","38195","38195","1","1","1","38298","38298","38298","1","1","1"
"1653","31399","31399","31399","1","1","1","37798","37798","37798","1","1","1","37978","37978","37978","1","1","1","38195","38195","38195","1","1","1","38197","38197","38197","1","1","1","38300","38300","38300","1","1","1"
"1654","31401","31401","31401","1","1","1","37800","37800","37800","1","1","1","37980","37980","37980","1","1","1","38197","38197","38197","1","1","1","38199","38199","38199","1","1","1","38302","38302","38302","1","1","1"
"1655","31403","31403","31403","1","1","1","37802","37802","37802","0.8","0.8","0.8","37982","37982","37982","1","1","1","38199","38199","38199","1","1","1","38201","38201","38201","1","1","1","38304","38304","38304","1","1","1"
"1656","31557","31557","31557","0.8","0.8","0.8","37960","37960","37960","1","1","1","38146","38146","38146","1","1","1","38358","38358","38358","1","1","1","38362","38362","38362","1","1","1","38463","38463","38463","1","1","1"
"1657","31559","31559","31559","1","1","1","37962","37962","37962","1","1","1","38148","38148","38148","1","1","1","38360","38360","38360","1","1","1","38364","38364","38364","1","1","1","38465","38465","38465","1","1","1"
"1658","31561","31561","31561","1","1","1","37964","37964","37964","1","1","1","38150","38150","38150","1","1","1","38362","38362","38362","1","1","1","38366","38366","38366","1","1","1","38467","38467","38467","1","1","1"
"1659","31563","31563","31563","1","1","1","37966","37966","37966","1","1","1","38152","38152","38152","1","1","1","38364","38364","38364","1","1","1","38368","38368","38368","1","1","1","38469","38469","38469","1","1","1"
"1660","31565","31565","31565","1","1","1","37968","37968","37968","1","1","1","38154","38154","38154","1","1","1","38366","38366","38366","0.8","0.8","0.8","38370","38370","38370","1","1","1","38471","38471","38471","1","1","1"
"1661","31567","31567","31567","1","1","1","37970","37970","37970","1","1","1","38156","38156","38156","0.8","0.8","0.8","38368","38368","38368","1","1","1","38372","38372","38372","1","1","1","38473","38473","38473","1","1","1"
"1662","31569","31569","31569","1","1","1","37972","37972","37972","1","1","1","38158","38158","38158","1","1","1","38370","38370","38370","1","1","1","38374","38374","38374","1","1","1","38475","38475","38475","1","1","1"
"1663","31571","31571","31571","1","1","1","37974","37974","37974","1","1","1","38160","38160","38160","1","1","1","38372","38372","38372","1","1","1","38376","38376","38376","1","1","1","38477","38477","38477","1","1","1"
"1664","31573","31573","31573","1","1","1","37976","37976","37976","1","1","1","38162","38162","38162","1","1","1","38374","38374","38374","1","1","1","38378","38378","38378","1","1","1","38479","38479","38479","1","1","1"
"1665","31731","31731","31731","0.8","0.8","0.8","38138","38138","38138","1","1","1","38320","38320","38320","1","1","1","38533","38533","38533","1","1","1","38538","38538","38538","1","1","1","38639","38639","38639","1","1","1"
"1666","31733","31733","31733","1","1","1","38140","38140","38140","1","1","1","38322","38322","38322","1","1","1","38535","38535","38535","1","1","1","38540","38540","38540","1","1","1","38641","38641","38641","1","1","1"
"1667","31735","31735","31735","1","1","1","38142","38142","38142","1","1","1","38324","38324","38324","1","1","1","38537","38537","38537","1","1","1","38542","38542","38542","1","1","1","38643","38643","38643","1","1","1"
"1668","31737","31737","31737","1","1","1","38144","38144","38144","1","1","1","38326","38326","38326","1","1","1","38539","38539","38539","1","1","1","38544","38544","38544","1","1","1","38645","38645","38645","1","1","1"
"1669","31739","31739","31739","1","1","1","38146","38146","38146","1","1","1","38328","38328","38328","0.8","0.8","0.8","38541","38541","38541","0.8","0.8","0.8","38546","38546","38546","1","1","1","38647","38647","38647","1","1","1"
"1670","31741","31741","31741","1","1","1","38148","38148","38148","1","1","1","38330","38330","38330","1","1","1","38543","38543","38543","1","1","1","38548","38548","38548","1","1","1","38649","38649","38649","1","1","1"
"1671","31743","31743","31743","1","1","1","38150","38150","38150","1","1","1","38332","38332","38332","1","1","1","38545","38545","38545","1","1","1","38550","38550","38550","1","1","1","38651","38651","38651","1","1","1"
"1672","31745","31745","31745","1","1","1","38152","38152","38152","1","1","1","38334","38334","38334","1","1","1","38547","38547","38547","1","1","1","38552","38552","38552","1","1","1","38653","38653","38653","1","1","1"
"1673","31747","31747","31747","1","1","1","38154","38154","38154","1","1","1","38336","38336","38336","1","1","1","38549","38549","38549","1","1","1","38554","38554","38554","1","1","1","38655","38655","38655","1","1","1"
"1674","31891","31891","31891","0.8","0.8","0.8","38317","38317","38317","0.8","0.8","0.8","38493","38493","38493","1","1","1","38709","38709","38709","1","1","1","38711","38711","38711","1","1","1","38812","38812","38812","1","1","1"
"1675","31893","31893","31893","1","1","1","38319","38319","38319","1","1","1","38495","38495","38495","1","1","1","38711","38711","38711","1","1","1","38713","38713","38713","1","1","1","38814","38814","38814","1","1","1"
"1676","31895","31895","31895","1","1","1","38321","38321","38321","1","1","1","38497","38497","38497","1","1","1","38713","38713","38713","0.8","0.8","0.8","38715","38715","38715","1","1","1","38816","38816","38816","1","1","1"
"1677","31897","31897","31897","1","1","1","38323","38323","38323","1","1","1","38499","38499","38499","1","1","1","38715","38715","38715","1","1","1","38717","38717","38717","1","1","1","38818","38818","38818","1","1","1"
"1678","31899","31899","31899","1","1","1","38325","38325","38325","1","1","1","38501","38501","38501","1","1","1","38717","38717","38717","1","1","1","38719","38719","38719","1","1","1","38820","38820","38820","1","1","1"
"1679","31901","31901","31901","1","1","1","38327","38327","38327","1","1","1","38503","38503","38503","1","1","1","38719","38719","38719","1","1","1","38721","38721","38721","1","1","1","38822","38822","38822","1","1","1"
"1680","31903","31903","31903","1","1","1","38329","38329","38329","1","1","1","38505","38505","38505","1","1","1","38721","38721","38721","1","1","1","38723","38723","38723","1","1","1","38824","38824","38824","1","1","1"
"1681","31905","31905","31905","1","1","1","38331","38331","38331","1","1","1","38507","38507","38507","1","1","1","38723","38723","38723","1","1","1","38725","38725","38725","1","1","1","38826","38826","38826","1","1","1"
"1682","31907","31907","31907","1","1","1","38333","38333","38333","1","1","1","38509","38509","38509","1","1","1","38725","38725","38725","1","1","1","38727","38727","38727","1","1","1","38828","38828","38828","1","1","1"
"1683","32065","32065","32065","0.8","0.8","0.8","38494","38494","38494","1","1","1","38670","38670","38670","1","1","1","38881","38881","38881","1","1","1","38887","38887","38887","1","1","1","38986","38986","38986","1","1","1"
"1684","32067","32067","32067","1","1","1","38496","38496","38496","1","1","1","38672","38672","38672","1","1","1","38883","38883","38883","1","1","1","38889","38889","38889","1","1","1","38988","38988","38988","1","1","1"
"1685","32069","32069","32069","1","1","1","38498","38498","38498","1","1","1","38674","38674","38674","1","1","1","38885","38885","38885","1","1","1","38891","38891","38891","1","1","1","38990","38990","38990","1","1","1"
"1686","32071","32071","32071","1","1","1","38500","38500","38500","1","1","1","38676","38676","38676","1","1","1","38887","38887","38887","1","1","1","38893","38893","38893","1","1","1","38992","38992","38992","1","1","1"
"1687","32073","32073","32073","1","1","1","38502","38502","38502","1","1","1","38678","38678","38678","1","1","1","38889","38889","38889","1","1","1","38895","38895","38895","1","1","1","38994","38994","38994","1","1","1"
"1688","32075","32075","32075","1","1","1","38504","38504","38504","1","1","1","38680","38680","38680","1","1","1","38891","38891","38891","0.8","0.8","0.8","38897","38897","38897","1","1","1","38996","38996","38996","1","1","1"
"1689","32077","32077","32077","1","1","1","38506","38506","38506","1","1","1","38682","38682","38682","1","1","1","38893","38893","38893","1","1","1","38899","38899","38899","1","1","1","38998","38998","38998","1","1","1"
"1690","32079","32079","32079","1","1","1","38508","38508","38508","1","1","1","38684","38684","38684","1","1","1","38895","38895","38895","1","1","1","38901","38901","38901","1","1","1","39000","39000","39000","1","1","1"
"1691","32081","32081","32081","1","1","1","38510","38510","38510","1","1","1","38686","38686","38686","1","1","1","38897","38897","38897","1","1","1","38903","38903","38903","1","1","1","39002","39002","39002","1","1","1"
"1692","32225","32225","32225","0.8","0.8","0.8","38669","38669","38669","1","1","1","38846","38846","38846","1","1","1","39060","39060","39060","1","1","1","39060","39060","39060","1","1","1","39167","39167","39167","1","1","1"
"1693","32227","32227","32227","1","1","1","38671","38671","38671","1","1","1","38848","38848","38848","1","1","1","39062","39062","39062","1","1","1","39062","39062","39062","1","1","1","39169","39169","39169","1","1","1"
"1694","32229","32229","32229","1","1","1","38673","38673","38673","1","1","1","38850","38850","38850","1","1","1","39064","39064","39064","1","1","1","39064","39064","39064","1","1","1","39171","39171","39171","1","1","1"
"1695","32231","32231","32231","1","1","1","38675","38675","38675","1","1","1","38852","38852","38852","1","1","1","39066","39066","39066","1","1","1","39066","39066","39066","1","1","1","39173","39173","39173","1","1","1"
"1696","32233","32233","32233","1","1","1","38677","38677","38677","1","1","1","38854","38854","38854","0.8","0.8","0.8","39068","39068","39068","1","1","1","39068","39068","39068","1","1","1","39175","39175","39175","1","1","1"
"1697","32235","32235","32235","1","1","1","38679","38679","38679","1","1","1","38856","38856","38856","0.8","0.8","0.8","39070","39070","39070","1","1","1","39070","39070","39070","1","1","1","39177","39177","39177","1","1","1"
"1698","32237","32237","32237","1","1","1","38681","38681","38681","1","1","1","38858","38858","38858","1","1","1","39072","39072","39072","1","1","1","39072","39072","39072","1","1","1","39179","39179","39179","1","1","1"
"1699","32239","32239","32239","1","1","1","38683","38683","38683","1","1","1","38860","38860","38860","1","1","1","39074","39074","39074","1","1","1","39074","39074","39074","1","1","1","39181","39181","39181","1","1","1"
"1700","32241","32241","32241","1","1","1","38685","38685","38685","1","1","1","38862","38862","38862","1","1","1","39076","39076","39076","1","1","1","39076","39076","39076","1","1","1","39183","39183","39183","1","1","1"
"1701","32397","32397","32397","0.8","0.8","0.8","38845","38845","38845","1","1","1","39020","39020","39020","1","1","1","39233","39233","39233","1","1","1","39234","39234","39234","1","1","1","39342","39342","39342","1","1","1"
"1702","32399","32399","32399","1","1","1","38847","38847","38847","1","1","1","39022","39022","39022","1","1","1","39235","39235","39235","1","1","1","39236","39236","39236","1","1","1","39344","39344","39344","1","1","1"
"1703","32401","32401","32401","1","1","1","38849","38849","38849","1","1","1","39024","39024","39024","1","1","1","39237","39237","39237","1","1","1","39238","39238","39238","1","1","1","39346","39346","39346","1","1","1"
"1704","32403","32403","32403","1","1","1","38851","38851","38851","1","1","1","39026","39026","39026","1","1","1","39239","39239","39239","1","1","1","39240","39240","39240","1","1","1","39348","39348","39348","1","1","1"
"1705","32405","32405","32405","1","1","1","38853","38853","38853","1","1","1","39028","39028","39028","1","1","1","39241","39241","39241","1","1","1","39242","39242","39242","0.8","0.8","0.8","39350","39350","39350","1","1","1"
"1706","32407","32407","32407","0.9","0.9","0.9","38855","38855","38855","1","1","1","39030","39030","39030","1","1","1","39243","39243","39243","1","1","1","39244","39244","39244","1","1","1","39352","39352","39352","1","1","1"
"1707","32409","32409","32409","1","1","1","38857","38857","38857","1","1","1","39032","39032","39032","1","1","1","39245","39245","39245","1","1","1","39246","39246","39246","1","1","1","39354","39354","39354","1","1","1"
"1708","32411","32411","32411","1","1","1","38859","38859","38859","1","1","1","39034","39034","39034","1","1","1","39247","39247","39247","1","1","1","39248","39248","39248","1","1","1","39356","39356","39356","1","1","1"
"1709","32413","32413","32413","1","1","1","38861","38861","38861","1","1","1","39036","39036","39036","1","1","1","39249","39249","39249","1","1","1","39250","39250","39250","1","1","1","39358","39358","39358","1","1","1"
"1710","32559","32559","32559","0.8","0.8","0.8","39018","39018","39018","1","1","1","39193","39193","39193","1","1","1","39409","39409","39409","1","1","1","39406","39406","39406","1","1","1","39516","39516","39516","1","1","1"
"1711","32561","32561","32561","1","1","1","39020","39020","39020","1","1","1","39195","39195","39195","1","1","1","39411","39411","39411","1","1","1","39408","39408","39408","1","1","1","39518","39518","39518","1","1","1"
"1712","32563","32563","32563","1","1","1","39022","39022","39022","1","1","1","39197","39197","39197","1","1","1","39413","39413","39413","1","1","1","39410","39410","39410","1","1","1","39520","39520","39520","1","1","1"
"1713","32565","32565","32565","1","1","1","39024","39024","39024","1","1","1","39199","39199","39199","1","1","1","39415","39415","39415","1","1","1","39412","39412","39412","1","1","1","39522","39522","39522","1","1","1"
"1714","32567","32567","32567","1","1","1","39026","39026","39026","1","1","1","39201","39201","39201","1","1","1","39417","39417","39417","1","1","1","39414","39414","39414","0.8","0.8","0.8","39524","39524","39524","1","1","1"
"1715","32569","32569","32569","1","1","1","39028","39028","39028","1","1","1","39203","39203","39203","1","1","1","39419","39419","39419","1","1","1","39416","39416","39416","1","1","1","39526","39526","39526","1","1","1"
"1716","32571","32571","32571","1","1","1","39030","39030","39030","1","1","1","39205","39205","39205","1","1","1","39421","39421","39421","1","1","1","39418","39418","39418","1","1","1","39528","39528","39528","1","1","1"
"1717","32573","32573","32573","1","1","1","39032","39032","39032","1","1","1","39207","39207","39207","1","1","1","39423","39423","39423","1","1","1","39420","39420","39420","1","1","1","39530","39530","39530","1","1","1"
"1718","32575","32575","32575","1","1","1","39034","39034","39034","1","1","1","39209","39209","39209","1","1","1","39425","39425","39425","1","1","1","39422","39422","39422","1","1","1","39532","39532","39532","1","1","1"
"1719","32729","32729","32729","0.8","0.8","0.8","39196","39196","39196","1","1","1","39367","39367","39367","1","1","1","39586","39586","39586","1","1","1","39582","39582","39582","1","1","1","39689","39689","39689","1","1","1"
"1720","32731","32731","32731","1","1","1","39198","39198","39198","1","1","1","39369","39369","39369","1","1","1","39588","39588","39588","1","1","1","39584","39584","39584","1","1","1","39691","39691","39691","1","1","1"
"1721","32733","32733","32733","1","1","1","39200","39200","39200","1","1","1","39371","39371","39371","1","1","1","39590","39590","39590","1","1","1","39586","39586","39586","1","1","1","39693","39693","39693","1","1","1"
"1722","32735","32735","32735","1","1","1","39202","39202","39202","1","1","1","39373","39373","39373","1","1","1","39592","39592","39592","1","1","1","39588","39588","39588","1","1","1","39695","39695","39695","1","1","1"
"1723","32737","32737","32737","1","1","1","39204","39204","39204","1","1","1","39375","39375","39375","0.8","0.8","0.8","39594","39594","39594","1","1","1","39590","39590","39590","1","1","1","39697","39697","39697","1","1","1"
"1724","32739","32739","32739","1","1","1","39206","39206","39206","1","1","1","39377","39377","39377","0.8","0.8","0.8","39596","39596","39596","1","1","1","39592","39592","39592","1","1","1","39699","39699","39699","0.8","0.8","0.8"
"1725","32741","32741","32741","1","1","1","39208","39208","39208","1","1","1","39379","39379","39379","1","1","1","39598","39598","39598","1","1","1","39594","39594","39594","1","1","1","39701","39701","39701","1","1","1"
"1726","32743","32743","32743","1","1","1","39210","39210","39210","1","1","1","39381","39381","39381","1","1","1","39600","39600","39600","1","1","1","39596","39596","39596","1","1","1","39703","39703","39703","1","1","1"
"1727","32745","32745","32745","1","1","1","39212","39212","39212","1","1","1","39383","39383","39383","0.8","0.8","0.8","39602","39602","39602","1","1","1","39598","39598","39598","1","1","1","39705","39705","39705","1","1","1"
"1728","32903","32903","32903","0.8","0.8","0.8","39373","39373","39373","1","1","1","39541","39541","39541","1","1","1","39764","39764","39764","1","1","1","39760","39760","39760","1","1","1","39864","39864","39864","1","1","1"
"1729","32905","32905","32905","1","1","1","39375","39375","39375","1","1","1","39543","39543","39543","1","1","1","39766","39766","39766","1","1","1","39762","39762","39762","1","1","1","39866","39866","39866","1","1","1"
"1730","32907","32907","32907","1","1","1","39377","39377","39377","1","1","1","39545","39545","39545","1","1","1","39768","39768","39768","1","1","1","39764","39764","39764","1","1","1","39868","39868","39868","1","1","1"
"1731","32909","32909","32909","1","1","1","39379","39379","39379","1","1","1","39547","39547","39547","1","1","1","39770","39770","39770","1","1","1","39766","39766","39766","1","1","1","39870","39870","39870","1","1","1"
"1732","32911","32911","32911","1","1","1","39381","39381","39381","1","1","1","39549","39549","39549","1","1","1","39772","39772","39772","1","1","1","39768","39768","39768","1","1","1","39872","39872","39872","1","1","1"
"1733","32913","32913","32913","1","1","1","39383","39383","39383","1","1","1","39551","39551","39551","1","1","1","39774","39774","39774","1","1","1","39770","39770","39770","1","1","1","39874","39874","39874","1","1","1"
"1734","32915","32915","32915","1","1","1","39385","39385","39385","1","1","1","39553","39553","39553","1","1","1","39776","39776","39776","1","1","1","39772","39772","39772","1","1","1","39876","39876","39876","1","1","1"
"1735","32917","32917","32917","1","1","1","39387","39387","39387","1","1","1","39555","39555","39555","1","1","1","39778","39778","39778","1","1","1","39774","39774","39774","1","1","1","39878","39878","39878","1","1","1"
"1736","32919","32919","32919","1","1","1","39389","39389","39389","1","1","1","39557","39557","39557","1","1","1","39780","39780","39780","1","1","1","39776","39776","39776","1","1","1","39880","39880","39880","1","1","1"
"1737","33063","33063","33063","0.8","0.8","0.8","39554","39554","39554","1","1","1","39719","39719","39719","0.8","0.8","0.8","39941","39941","39941","1","1","1","39937","39937","39937","1","1","1","40039","40039","40039","1","1","1"
"1738","33065","33065","33065","1","1","1","39556","39556","39556","1","1","1","39721","39721","39721","1","1","1","39943","39943","39943","1","1","1","39939","39939","39939","1","1","1","40041","40041","40041","1","1","1"
"1739","33067","33067","33067","1","1","1","39558","39558","39558","1","1","1","39723","39723","39723","1","1","1","39945","39945","39945","1","1","1","39941","39941","39941","1","1","1","40043","40043","40043","1","1","1"
"1740","33069","33069","33069","1","1","1","39560","39560","39560","1","1","1","39725","39725","39725","1","1","1","39947","39947","39947","1","1","1","39943","39943","39943","1","1","1","40045","40045","40045","1","1","1"
"1741","33071","33071","33071","1","1","1","39562","39562","39562","1","1","1","39727","39727","39727","1","1","1","39949","39949","39949","1","1","1","39945","39945","39945","1","1","1","40047","40047","40047","1","1","1"
"1742","33073","33073","33073","1","1","1","39564","39564","39564","1","1","1","39729","39729","39729","1","1","1","39951","39951","39951","1","1","1","39947","39947","39947","1","1","1","40049","40049","40049","1","1","1"
"1743","33075","33075","33075","1","1","1","39566","39566","39566","1","1","1","39731","39731","39731","1","1","1","39953","39953","39953","1","1","1","39949","39949","39949","1","1","1","40051","40051","40051","1","1","1"
"1744","33077","33077","33077","1","1","1","39568","39568","39568","1","1","1","39733","39733","39733","1","1","1","39955","39955","39955","1","1","1","39951","39951","39951","1","1","1","40053","40053","40053","1","1","1"
"1745","33079","33079","33079","1","1","1","39570","39570","39570","1","1","1","39735","39735","39735","1","1","1","39957","39957","39957","1","1","1","39953","39953","39953","1","1","1","40055","40055","40055","1","1","1"
"1746","33237","33237","33237","0.8","0.8","0.8","39728","39728","39728","1","1","1","39891","39891","39891","1","1","1","40119","40119","40119","1","1","1","40113","40113","40113","1","1","1","40214","40214","40214","1","1","1"
"1747","33239","33239","33239","1","1","1","39730","39730","39730","1","1","1","39893","39893","39893","1","1","1","40121","40121","40121","1","1","1","40115","40115","40115","1","1","1","40216","40216","40216","1","1","1"
"1748","33241","33241","33241","1","1","1","39732","39732","39732","1","1","1","39895","39895","39895","1","1","1","40123","40123","40123","1","1","1","40117","40117","40117","1","1","1","40218","40218","40218","1","1","1"
"1749","33243","33243","33243","1","1","1","39734","39734","39734","1","1","1","39897","39897","39897","1","1","1","40125","40125","40125","1","1","1","40119","40119","40119","1","1","1","40220","40220","40220","1","1","1"
"1750","33245","33245","33245","1","1","1","39736","39736","39736","1","1","1","39899","39899","39899","1","1","1","40127","40127","40127","1","1","1","40121","40121","40121","1","1","1","40222","40222","40222","1","1","1"
"1751","33247","33247","33247","1","1","1","39738","39738","39738","1","1","1","39901","39901","39901","1","1","1","40129","40129","40129","1","1","1","40123","40123","40123","1","1","1","40224","40224","40224","1","1","1"
"1752","33249","33249","33249","1","1","1","39740","39740","39740","1","1","1","39903","39903","39903","1","1","1","40131","40131","40131","1","1","1","40125","40125","40125","1","1","1","40226","40226","40226","1","1","1"
"1753","33251","33251","33251","1","1","1","39742","39742","39742","1","1","1","39905","39905","39905","1","1","1","40133","40133","40133","1","1","1","40127","40127","40127","1","1","1","40228","40228","40228","1","1","1"
"1754","33253","33253","33253","1","1","1","39744","39744","39744","1","1","1","39907","39907","39907","1","1","1","40135","40135","40135","1","1","1","40129","40129","40129","1","1","1","40230","40230","40230","1","1","1"
"1755","33399","33399","33399","0.8","0.8","0.8","39907","39907","39907","1","1","1","40066","40066","40066","1","1","1","40300","40300","40300","1","1","1","40290","40290","40290","1","1","1","40390","40390","40390","1","1","1"
"1756","33401","33401","33401","1","1","1","39909","39909","39909","1","1","1","40068","40068","40068","1","1","1","40302","40302","40302","1","1","1","40292","40292","40292","1","1","1","40392","40392","40392","1","1","1"
"1757","33403","33403","33403","1","1","1","39911","39911","39911","1","1","1","40070","40070","40070","1","1","1","40304","40304","40304","1","1","1","40294","40294","40294","1","1","1","40394","40394","40394","1","1","1"
"1758","33405","33405","33405","1","1","1","39913","39913","39913","1","1","1","40072","40072","40072","1","1","1","40306","40306","40306","1","1","1","40296","40296","40296","1","1","1","40396","40396","40396","1","1","1"
"1759","33407","33407","33407","1","1","1","39915","39915","39915","1","1","1","40074","40074","40074","1","1","1","40308","40308","40308","1","1","1","40298","40298","40298","1","1","1","40398","40398","40398","1","1","1"
"1760","33409","33409","33409","1","1","1","39917","39917","39917","1","1","1","40076","40076","40076","1","1","1","40310","40310","40310","1","1","1","40300","40300","40300","0.8","0.8","0.8","40400","40400","40400","1","1","1"
"1761","33411","33411","33411","1","1","1","39919","39919","39919","1","1","1","40078","40078","40078","1","1","1","40312","40312","40312","1","1","1","40302","40302","40302","1","1","1","40402","40402","40402","1","1","1"
"1762","33413","33413","33413","1","1","1","39921","39921","39921","1","1","1","40080","40080","40080","1","1","1","40314","40314","40314","1","1","1","40304","40304","40304","1","1","1","40404","40404","40404","1","1","1"
"1763","33415","33415","33415","1","1","1","39923","39923","39923","1","1","1","40082","40082","40082","1","1","1","40316","40316","40316","1","1","1","40306","40306","40306","1","1","1","40406","40406","40406","1","1","1"
"1764","33575","33575","33575","0.8","0.8","0.8","40083","40083","40083","1","1","1","40242","40242","40242","1","1","1","40476","40476","40476","1","1","1","40469","40469","40469","1","1","1","40563","40563","40563","1","1","1"
"1765","33577","33577","33577","1","1","1","40085","40085","40085","1","1","1","40244","40244","40244","1","1","1","40478","40478","40478","1","1","1","40471","40471","40471","1","1","1","40565","40565","40565","1","1","1"
"1766","33579","33579","33579","1","1","1","40087","40087","40087","1","1","1","40246","40246","40246","1","1","1","40480","40480","40480","1","1","1","40473","40473","40473","1","1","1","40567","40567","40567","1","1","1"
"1767","33581","33581","33581","1","1","1","40089","40089","40089","1","1","1","40248","40248","40248","1","1","1","40482","40482","40482","1","1","1","40475","40475","40475","1","1","1","40569","40569","40569","1","1","1"
"1768","33583","33583","33583","1","1","1","40091","40091","40091","1","1","1","40250","40250","40250","1","1","1","40484","40484","40484","1","1","1","40477","40477","40477","1","1","1","40571","40571","40571","1","1","1"
"1769","33585","33585","33585","1","1","1","40093","40093","40093","1","1","1","40252","40252","40252","1","1","1","40486","40486","40486","1","1","1","40479","40479","40479","1","1","1","40573","40573","40573","1","1","1"
"1770","33587","33587","33587","1","1","1","40095","40095","40095","1","1","1","40254","40254","40254","1","1","1","40488","40488","40488","1","1","1","40481","40481","40481","1","1","1","40575","40575","40575","1","1","1"
"1771","33589","33589","33589","1","1","1","40097","40097","40097","1","1","1","40256","40256","40256","1","1","1","40490","40490","40490","1","1","1","40483","40483","40483","1","1","1","40577","40577","40577","1","1","1"
"1772","33591","33591","33591","1","1","1","40099","40099","40099","1","1","1","40258","40258","40258","1","1","1","40492","40492","40492","1","1","1","40485","40485","40485","1","1","1","40579","40579","40579","1","1","1"
"1773","33737","33737","33737","0.8","0.8","0.8","40260","40260","40260","1","1","1","40421","40421","40421","1","1","1","40649","40649","40649","1","1","1","40644","40644","40644","1","1","1","40739","40739","40739","1","1","1"
"1774","33739","33739","33739","1","1","1","40262","40262","40262","1","1","1","40423","40423","40423","1","1","1","40651","40651","40651","1","1","1","40646","40646","40646","1","1","1","40741","40741","40741","1","1","1"
"1775","33741","33741","33741","1","1","1","40264","40264","40264","1","1","1","40425","40425","40425","1","1","1","40653","40653","40653","1","1","1","40648","40648","40648","1","1","1","40743","40743","40743","1","1","1"
"1776","33743","33743","33743","1","1","1","40266","40266","40266","1","1","1","40427","40427","40427","1","1","1","40655","40655","40655","1","1","1","40650","40650","40650","1","1","1","40745","40745","40745","1","1","1"
"1777","33745","33745","33745","1","1","1","40268","40268","40268","1","1","1","40429","40429","40429","1","1","1","40657","40657","40657","1","1","1","40652","40652","40652","1","1","1","40747","40747","40747","1","1","1"
"1778","33747","33747","33747","1","1","1","40270","40270","40270","1","1","1","40431","40431","40431","1","1","1","40659","40659","40659","1","1","1","40654","40654","40654","1","1","1","40749","40749","40749","1","1","1"
"1779","33749","33749","33749","1","1","1","40272","40272","40272","1","1","1","40433","40433","40433","1","1","1","40661","40661","40661","1","1","1","40656","40656","40656","1","1","1","40751","40751","40751","1","1","1"
"1780","33751","33751","33751","1","1","1","40274","40274","40274","1","1","1","40435","40435","40435","1","1","1","40663","40663","40663","1","1","1","40658","40658","40658","1","1","1","40753","40753","40753","1","1","1"
"1781","33753","33753","33753","1","1","1","40276","40276","40276","1","1","1","40437","40437","40437","1","1","1","40665","40665","40665","1","1","1","40660","40660","40660","1","1","1","40755","40755","40755","1","1","1"
"1782","33909","33909","33909","0.8","0.8","0.8","40434","40434","40434","1","1","1","40595","40595","40595","1","1","1","40827","40827","40827","1","1","1","40817","40817","40817","1","1","1","40912","40912","40912","1","1","1"
"1783","33911","33911","33911","1","1","1","40436","40436","40436","1","1","1","40597","40597","40597","1","1","1","40829","40829","40829","1","1","1","40819","40819","40819","1","1","1","40914","40914","40914","1","1","1"
"1784","33913","33913","33913","1","1","1","40438","40438","40438","1","1","1","40599","40599","40599","1","1","1","40831","40831","40831","1","1","1","40821","40821","40821","1","1","1","40916","40916","40916","1","1","1"
"1785","33915","33915","33915","1","1","1","40440","40440","40440","1","1","1","40601","40601","40601","1","1","1","40833","40833","40833","1","1","1","40823","40823","40823","1","1","1","40918","40918","40918","1","1","1"
"1786","33917","33917","33917","1","1","1","40442","40442","40442","1","1","1","40603","40603","40603","1","1","1","40835","40835","40835","1","1","1","40825","40825","40825","1","1","1","40920","40920","40920","1","1","1"
"1787","33919","33919","33919","1","1","1","40444","40444","40444","1","1","1","40605","40605","40605","1","1","1","40837","40837","40837","1","1","1","40827","40827","40827","1","1","1","40922","40922","40922","1","1","1"
"1788","33921","33921","33921","1","1","1","40446","40446","40446","1","1","1","40607","40607","40607","1","1","1","40839","40839","40839","1","1","1","40829","40829","40829","1","1","1","40924","40924","40924","1","1","1"
"1789","33923","33923","33923","1","1","1","40448","40448","40448","1","1","1","40609","40609","40609","1","1","1","40841","40841","40841","1","1","1","40831","40831","40831","1","1","1","40926","40926","40926","1","1","1"
"1790","33925","33925","33925","1","1","1","40450","40450","40450","1","1","1","40611","40611","40611","1","1","1","40843","40843","40843","1","1","1","40833","40833","40833","1","1","1","40928","40928","40928","1","1","1"
"1791","34081","34081","34081","0.8","0.8","0.8","40607","40607","40607","1","1","1","40768","40768","40768","1","1","1","41000","41000","41000","1","1","1","40995","40995","40995","1","1","1","41085","41085","41085","1","1","1"
"1792","34083","34083","34083","1","1","1","40609","40609","40609","1","1","1","40770","40770","40770","1","1","1","41002","41002","41002","1","1","1","40997","40997","40997","1","1","1","41087","41087","41087","1","1","1"
"1793","34085","34085","34085","1","1","1","40611","40611","40611","1","1","1","40772","40772","40772","1","1","1","41004","41004","41004","1","1","1","40999","40999","40999","1","1","1","41089","41089","41089","1","1","1"
"1794","34087","34087","34087","1","1","1","40613","40613","40613","1","1","1","40774","40774","40774","1","1","1","41006","41006","41006","1","1","1","41001","41001","41001","1","1","1","41091","41091","41091","1","1","1"
"1795","34089","34089","34089","1","1","1","40615","40615","40615","1","1","1","40776","40776","40776","1","1","1","41008","41008","41008","0.8","0.8","0.8","41003","41003","41003","1","1","1","41093","41093","41093","1","1","1"
"1796","34091","34091","34091","1","1","1","40617","40617","40617","1","1","1","40778","40778","40778","1","1","1","41010","41010","41010","0.8","0.8","0.8","41005","41005","41005","1","1","1","41095","41095","41095","1","1","1"
"1797","34093","34093","34093","1","1","1","40619","40619","40619","1","1","1","40780","40780","40780","1","1","1","41012","41012","41012","1","1","1","41007","41007","41007","1","1","1","41097","41097","41097","1","1","1"
"1798","34095","34095","34095","1","1","1","40621","40621","40621","1","1","1","40782","40782","40782","1","1","1","41014","41014","41014","1","1","1","41009","41009","41009","1","1","1","41099","41099","41099","1","1","1"
"1799","34097","34097","34097","1","1","1","40623","40623","40623","1","1","1","40784","40784","40784","1","1","1","41016","41016","41016","1","1","1","41011","41011","41011","1","1","1","41101","41101","41101","1","1","1"
"1800","34241","34241","34241","0.8","0.8","0.8","40783","40783","40783","1","1","1","40946","40946","40946","1","1","1","41175","41175","41175","1","1","1","41174","41174","41174","1","1","1","41267","41267","41267","1","1","1"
"1801","34243","34243","34243","1","1","1","40785","40785","40785","1","1","1","40948","40948","40948","1","1","1","41177","41177","41177","1","1","1","41176","41176","41176","1","1","1","41269","41269","41269","1","1","1"
"1802","34245","34245","34245","1","1","1","40787","40787","40787","1","1","1","40950","40950","40950","1","1","1","41179","41179","41179","1","1","1","41178","41178","41178","1","1","1","41271","41271","41271","1","1","1"
"1803","34247","34247","34247","1","1","1","40789","40789","40789","1","1","1","40952","40952","40952","1","1","1","41181","41181","41181","1","1","1","41180","41180","41180","1","1","1","41273","41273","41273","1","1","1"
"1804","34249","34249","34249","1","1","1","40791","40791","40791","1","1","1","40954","40954","40954","0.8","0.8","0.8","41183","41183","41183","1","1","1","41182","41182","41182","1","1","1","41275","41275","41275","1","1","1"
"1805","34251","34251","34251","1","1","1","40793","40793","40793","1","1","1","40956","40956","40956","1","1","1","41185","41185","41185","1","1","1","41184","41184","41184","1","1","1","41277","41277","41277","1","1","1"
"1806","34253","34253","34253","1","1","1","40795","40795","40795","1","1","1","40958","40958","40958","1","1","1","41187","41187","41187","1","1","1","41186","41186","41186","1","1","1","41279","41279","41279","1","1","1"
"1807","34255","34255","34255","1","1","1","40797","40797","40797","1","1","1","40960","40960","40960","1","1","1","41189","41189","41189","1","1","1","41188","41188","41188","1","1","1","41281","41281","41281","1","1","1"
"1808","34257","34257","34257","1","1","1","40799","40799","40799","1","1","1","40962","40962","40962","1","1","1","41191","41191","41191","1","1","1","41190","41190","41190","1","1","1","41283","41283","41283","1","1","1"
"1809","34413","34413","34413","0.8","0.8","0.8","40956","40956","40956","1","1","1","41118","41118","41118","1","1","1","41348","41348","41348","1","1","1","41352","41352","41352","1","1","1","41442","41442","41442","1","1","1"
"1810","34415","34415","34415","1","1","1","40958","40958","40958","1","1","1","41120","41120","41120","1","1","1","41350","41350","41350","1","1","1","41354","41354","41354","1","1","1","41444","41444","41444","1","1","1"
"1811","34417","34417","34417","1","1","1","40960","40960","40960","1","1","1","41122","41122","41122","1","1","1","41352","41352","41352","1","1","1","41356","41356","41356","1","1","1","41446","41446","41446","1","1","1"
"1812","34419","34419","34419","1","1","1","40962","40962","40962","1","1","1","41124","41124","41124","1","1","1","41354","41354","41354","1","1","1","41358","41358","41358","1","1","1","41448","41448","41448","1","1","1"
"1813","34421","34421","34421","1","1","1","40964","40964","40964","1","1","1","41126","41126","41126","1","1","1","41356","41356","41356","1","1","1","41360","41360","41360","1","1","1","41450","41450","41450","1","1","1"
"1814","34423","34423","34423","1","1","1","40966","40966","40966","1","1","1","41128","41128","41128","1","1","1","41358","41358","41358","1","1","1","41362","41362","41362","1","1","1","41452","41452","41452","1","1","1"
"1815","34425","34425","34425","1","1","1","40968","40968","40968","1","1","1","41130","41130","41130","1","1","1","41360","41360","41360","1","1","1","41364","41364","41364","1","1","1","41454","41454","41454","1","1","1"
"1816","34427","34427","34427","1","1","1","40970","40970","40970","1","1","1","41132","41132","41132","1","1","1","41362","41362","41362","1","1","1","41366","41366","41366","1","1","1","41456","41456","41456","1","1","1"
"1817","34429","34429","34429","1","1","1","40972","40972","40972","1","1","1","41134","41134","41134","1","1","1","41364","41364","41364","1","1","1","41368","41368","41368","1","1","1","41458","41458","41458","1","1","1"
"1818","34575","34575","34575","0.8","0.8","0.8","41132","41132","41132","1","1","1","41293","41293","41293","1","1","1","41526","41526","41526","1","1","1","41529","41529","41529","1","1","1","41616","41616","41616","1","1","1"
"1819","34577","34577","34577","1","1","1","41134","41134","41134","1","1","1","41295","41295","41295","1","1","1","41528","41528","41528","1","1","1","41531","41531","41531","1","1","1","41618","41618","41618","1","1","1"
"1820","34579","34579","34579","1","1","1","41136","41136","41136","1","1","1","41297","41297","41297","1","1","1","41530","41530","41530","1","1","1","41533","41533","41533","1","1","1","41620","41620","41620","1","1","1"
"1821","34581","34581","34581","1","1","1","41138","41138","41138","1","1","1","41299","41299","41299","1","1","1","41532","41532","41532","1","1","1","41535","41535","41535","1","1","1","41622","41622","41622","1","1","1"
"1822","34583","34583","34583","1","1","1","41140","41140","41140","1","1","1","41301","41301","41301","1","1","1","41534","41534","41534","1","1","1","41537","41537","41537","1","1","1","41624","41624","41624","1","1","1"
"1823","34585","34585","34585","1","1","1","41142","41142","41142","1","1","1","41303","41303","41303","0.8","0.8","0.8","41536","41536","41536","1","1","1","41539","41539","41539","1","1","1","41626","41626","41626","1","1","1"
"1824","34587","34587","34587","1","1","1","41144","41144","41144","1","1","1","41305","41305","41305","1","1","1","41538","41538","41538","1","1","1","41541","41541","41541","1","1","1","41628","41628","41628","1","1","1"
"1825","34589","34589","34589","1","1","1","41146","41146","41146","1","1","1","41307","41307","41307","1","1","1","41540","41540","41540","1","1","1","41543","41543","41543","1","1","1","41630","41630","41630","1","1","1"
"1826","34591","34591","34591","1","1","1","41148","41148","41148","1","1","1","41309","41309","41309","1","1","1","41542","41542","41542","1","1","1","41545","41545","41545","1","1","1","41632","41632","41632","1","1","1"
"1827","34749","34749","34749","0.8","0.8","0.8","41305","41305","41305","1","1","1","41468","41468","41468","1","1","1","41703","41703","41703","1","1","1","41707","41707","41707","1","1","1","41793","41793","41793","1","1","1"
"1828","34751","34751","34751","1","1","1","41307","41307","41307","1","1","1","41470","41470","41470","1","1","1","41705","41705","41705","1","1","1","41709","41709","41709","1","1","1","41795","41795","41795","1","1","1"
"1829","34753","34753","34753","1","1","1","41309","41309","41309","1","1","1","41472","41472","41472","1","1","1","41707","41707","41707","1","1","1","41711","41711","41711","1","1","1","41797","41797","41797","1","1","1"
"1830","34755","34755","34755","1","1","1","41311","41311","41311","1","1","1","41474","41474","41474","1","1","1","41709","41709","41709","1","1","1","41713","41713","41713","1","1","1","41799","41799","41799","1","1","1"
"1831","34757","34757","34757","1","1","1","41313","41313","41313","1","1","1","41476","41476","41476","1","1","1","41711","41711","41711","1","1","1","41715","41715","41715","1","1","1","41801","41801","41801","1","1","1"
"1832","34759","34759","34759","1","1","1","41315","41315","41315","1","1","1","41478","41478","41478","1","1","1","41713","41713","41713","1","1","1","41717","41717","41717","1","1","1","41803","41803","41803","1","1","1"
"1833","34761","34761","34761","1","1","1","41317","41317","41317","1","1","1","41480","41480","41480","1","1","1","41715","41715","41715","1","1","1","41719","41719","41719","1","1","1","41805","41805","41805","1","1","1"
"1834","34763","34763","34763","1","1","1","41319","41319","41319","1","1","1","41482","41482","41482","1","1","1","41717","41717","41717","1","1","1","41721","41721","41721","1","1","1","41807","41807","41807","1","1","1"
"1835","34765","34765","34765","1","1","1","41321","41321","41321","1","1","1","41484","41484","41484","1","1","1","41719","41719","41719","1","1","1","41723","41723","41723","1","1","1","41809","41809","41809","1","1","1"
"1836","34909","34909","34909","0.8","0.8","0.8","41485","41485","41485","1","1","1","41641","41641","41641","1","1","1","41879","41879","41879","1","1","1","41880","41880","41880","1","1","1","41968","41968","41968","1","1","1"
"1837","34911","34911","34911","1","1","1","41487","41487","41487","1","1","1","41643","41643","41643","1","1","1","41881","41881","41881","1","1","1","41882","41882","41882","1","1","1","41970","41970","41970","1","1","1"
"1838","34913","34913","34913","1","1","1","41489","41489","41489","1","1","1","41645","41645","41645","1","1","1","41883","41883","41883","1","1","1","41884","41884","41884","1","1","1","41972","41972","41972","1","1","1"
"1839","34915","34915","34915","1","1","1","41491","41491","41491","1","1","1","41647","41647","41647","1","1","1","41885","41885","41885","1","1","1","41886","41886","41886","1","1","1","41974","41974","41974","1","1","1"
"1840","34917","34917","34917","1","1","1","41493","41493","41493","1","1","1","41649","41649","41649","1","1","1","41887","41887","41887","0.8","0.8","0.8","41888","41888","41888","1","1","1","41976","41976","41976","1","1","1"
"1841","34919","34919","34919","1","1","1","41495","41495","41495","1","1","1","41651","41651","41651","1","1","1","41889","41889","41889","1","1","1","41890","41890","41890","1","1","1","41978","41978","41978","1","1","1"
"1842","34921","34921","34921","1","1","1","41497","41497","41497","1","1","1","41653","41653","41653","1","1","1","41891","41891","41891","1","1","1","41892","41892","41892","1","1","1","41980","41980","41980","1","1","1"
"1843","34923","34923","34923","1","1","1","41499","41499","41499","1","1","1","41655","41655","41655","1","1","1","41893","41893","41893","1","1","1","41894","41894","41894","1","1","1","41982","41982","41982","1","1","1"
"1844","34925","34925","34925","1","1","1","41501","41501","41501","1","1","1","41657","41657","41657","1","1","1","41895","41895","41895","1","1","1","41896","41896","41896","1","1","1","41984","41984","41984","1","1","1"
"1845","35083","35083","35083","0.8","0.8","0.8","41660","41660","41660","1","1","1","41823","41823","41823","1","1","1","42053","42053","42053","1","1","1","42057","42057","42057","1","1","1","42146","42146","42146","1","1","1"
"1846","35085","35085","35085","1","1","1","41662","41662","41662","1","1","1","41825","41825","41825","1","1","1","42055","42055","42055","1","1","1","42059","42059","42059","1","1","1","42148","42148","42148","1","1","1"
"1847","35087","35087","35087","1","1","1","41664","41664","41664","1","1","1","41827","41827","41827","1","1","1","42057","42057","42057","1","1","1","42061","42061","42061","1","1","1","42150","42150","42150","1","1","1"
"1848","35089","35089","35089","1","1","1","41666","41666","41666","1","1","1","41829","41829","41829","1","1","1","42059","42059","42059","1","1","1","42063","42063","42063","1","1","1","42152","42152","42152","1","1","1"
"1849","35091","35091","35091","1","1","1","41668","41668","41668","1","1","1","41831","41831","41831","1","1","1","42061","42061","42061","1","1","1","42065","42065","42065","1","1","1","42154","42154","42154","1","1","1"
"1850","35093","35093","35093","1","1","1","41670","41670","41670","1","1","1","41833","41833","41833","1","1","1","42063","42063","42063","1","1","1","42067","42067","42067","1","1","1","42156","42156","42156","1","1","1"
"1851","35095","35095","35095","1","1","1","41672","41672","41672","1","1","1","41835","41835","41835","1","1","1","42065","42065","42065","1","1","1","42069","42069","42069","1","1","1","42158","42158","42158","1","1","1"
"1852","35097","35097","35097","1","1","1","41674","41674","41674","1","1","1","41837","41837","41837","1","1","1","42067","42067","42067","1","1","1","42071","42071","42071","1","1","1","42160","42160","42160","1","1","1"
"1853","35099","35099","35099","1","1","1","41676","41676","41676","1","1","1","41839","41839","41839","1","1","1","42069","42069","42069","1","1","1","42073","42073","42073","1","1","1","42162","42162","42162","1","1","1"
"1854","35255","35255","35255","0.8","0.8","0.8","41834","41834","41834","1","1","1","41998","41998","41998","1","1","1","42231","42231","42231","1","1","1","42235","42235","42235","1","1","1","42319","42319","42319","1","1","1"
"1855","35257","35257","35257","1","1","1","41836","41836","41836","1","1","1","42000","42000","42000","1","1","1","42233","42233","42233","1","1","1","42237","42237","42237","1","1","1","42321","42321","42321","1","1","1"
"1856","35259","35259","35259","1","1","1","41838","41838","41838","1","1","1","42002","42002","42002","1","1","1","42235","42235","42235","1","1","1","42239","42239","42239","1","1","1","42323","42323","42323","1","1","1"
"1857","35261","35261","35261","1","1","1","41840","41840","41840","1","1","1","42004","42004","42004","1","1","1","42237","42237","42237","1","1","1","42241","42241","42241","1","1","1","42325","42325","42325","1","1","1"
"1858","35263","35263","35263","1","1","1","41842","41842","41842","1","1","1","42006","42006","42006","1","1","1","42239","42239","42239","1","1","1","42243","42243","42243","1","1","1","42327","42327","42327","1","1","1"
"1859","35265","35265","35265","1","1","1","41844","41844","41844","1","1","1","42008","42008","42008","1","1","1","42241","42241","42241","1","1","1","42245","42245","42245","1","1","1","42329","42329","42329","1","1","1"
"1860","35267","35267","35267","1","1","1","41846","41846","41846","1","1","1","42010","42010","42010","1","1","1","42243","42243","42243","1","1","1","42247","42247","42247","1","1","1","42331","42331","42331","1","1","1"
"1861","35269","35269","35269","1","1","1","41848","41848","41848","1","1","1","42012","42012","42012","1","1","1","42245","42245","42245","1","1","1","42249","42249","42249","1","1","1","42333","42333","42333","1","1","1"
"1862","35271","35271","35271","1","1","1","41850","41850","41850","1","1","1","42014","42014","42014","1","1","1","42247","42247","42247","1","1","1","42251","42251","42251","1","1","1","42335","42335","42335","1","1","1"
"1863","35419","35419","35419","0.8","0.8","0.8","42013","42013","42013","1","1","1","42173","42173","42173","1","1","1","42408","42408","42408","1","1","1","42408","42408","42408","1","1","1","42495","42495","42495","1","1","1"
"1864","35421","35421","35421","1","1","1","42015","42015","42015","1","1","1","42175","42175","42175","1","1","1","42410","42410","42410","1","1","1","42410","42410","42410","1","1","1","42497","42497","42497","1","1","1"
"1865","35423","35423","35423","1","1","1","42017","42017","42017","1","1","1","42177","42177","42177","1","1","1","42412","42412","42412","1","1","1","42412","42412","42412","1","1","1","42499","42499","42499","1","1","1"
"1866","35425","35425","35425","1","1","1","42019","42019","42019","1","1","1","42179","42179","42179","1","1","1","42414","42414","42414","1","1","1","42414","42414","42414","1","1","1","42501","42501","42501","1","1","1"
"1867","35427","35427","35427","1","1","1","42021","42021","42021","1","1","1","42181","42181","42181","1","1","1","42416","42416","42416","1","1","1","42416","42416","42416","1","1","1","42503","42503","42503","1","1","1"
"1868","35429","35429","35429","1","1","1","42023","42023","42023","1","1","1","42183","42183","42183","1","1","1","42418","42418","42418","0.8","0.8","0.8","42418","42418","42418","1","1","1","42505","42505","42505","1","1","1"
"1869","35431","35431","35431","1","1","1","42025","42025","42025","1","1","1","42185","42185","42185","1","1","1","42420","42420","42420","1","1","1","42420","42420","42420","1","1","1","42507","42507","42507","1","1","1"
"1870","35433","35433","35433","1","1","1","42027","42027","42027","1","1","1","42187","42187","42187","1","1","1","42422","42422","42422","1","1","1","42422","42422","42422","1","1","1","42509","42509","42509","1","1","1"
"1871","35435","35435","35435","1","1","1","42029","42029","42029","1","1","1","42189","42189","42189","1","1","1","42424","42424","42424","1","1","1","42424","42424","42424","1","1","1","42511","42511","42511","1","1","1"
"1872","35593","35593","35593","0.8","0.8","0.8","42191","42191","42191","0.8","0.8","0.8","42351","42351","42351","1","1","1","","","","","","","","","","","","","","","","","",""
"1873","35595","35595","35595","1","1","1","42193","42193","42193","1","1","1","42353","42353","42353","1","1","1","","","","","","","","","","","","","","","","","",""
"1874","35597","35597","35597","1","1","1","42195","42195","42195","1","1","1","42355","42355","42355","1","1","1","","","","","","","","","","","","","","","","","",""
"1875","35599","35599","35599","1","1","1","42197","42197","42197","1","1","1","42357","42357","42357","1","1","1","","","","","","","","","","","","","","","","","",""
"1876","35601","35601","35601","1","1","1","42199","42199","42199","1","1","1","42359","42359","42359","1","1","1","","","","","","","","","","","","","","","","","",""
"1877","35603","35603","35603","1","1","1","42201","42201","42201","1","1","1","42361","42361","42361","1","1","1","","","","","","","","","","","","","","","","","",""
"1878","35605","35605","35605","1","1","1","42203","42203","42203","1","1","1","42363","42363","42363","1","1","1","","","","","","","","","","","","","","","","","",""
"1879","35607","35607","35607","1","1","1","42205","42205","42205","1","1","1","42365","42365","42365","1","1","1","","","","","","","","","","","","","","","","","",""
"1880","35609","35609","35609","1","1","1","42207","42207","42207","1","1","1","42367","42367","42367","1","1","1","","","","","","","","","","","","","","","","","",""
"1881","35759","35759","35759","0.8","0.8","0.8","","","","","","","","","","","","","","","","","","","","","","","","","","","","","",""
"1882","35761","35761","35761","1","1","1","","","","","","","","","","","","","","","","","","","","","","","","","","","","","",""
"1883","35763","35763","35763","1","1","1","","","","","","","","","","","","","","","","","","","","","","","","","","","","","",""
"1884","35765","35765","35765","1","1","1","","","","","","","","","","","","","","","","","","","","","","","","","","","","","",""
"1885","35767","35767","35767","1","1","1","","","","","","","","","","","","","","","","","","","","","","","","","","","","","",""
"1886","35769","35769","35769","0.8","0.8","0.8","","","","","","","","","","","","","","","","","","","","","","","","","","","","","",""
"1887","35771","35771","35771","1","1","1","","","","","","","","","","","","","","","","","","","","","","","","","","","","","",""
"1888","35773","35773","35773","1","1","1","","","","","","","","","","","","","","","","","","","","","","","","","","","","","",""
"1889","35775","35775","35775","1","1","1","","","","","","","","","","","","","","","","","","","","","","","","","","","","","",""
"1890","35929","35929","35929","0.8","0.8","0.8","","","","","","","","","","","","","","","","","","","","","","","","","","","","","",""
"1891","35931","35931","35931","1","1","1","","","","","","","","","","","","","","","","","","","","","","","","","","","","","",""
"1892","35933","35933","35933","1","1","1","","","","","","","","","","","","","","","","","","","","","","","","","","","","","",""
"1893","35935","35935","35935","1","1","1","","","","","","","","","","","","","","","","","","","","","","","","","","","","","",""
"1894","35937","35937","35937","1","1","1","","","","","","","","","","","","","","","","","","","","","","","","","","","","","",""
"1895","35939","35939","35939","1","1","1","","","","","","","","","","","","","","","","","","","","","","","","","","","","","",""
"1896","35941","35941","35941","1","1","1","","","","","","","","","","","","","","","","","","","","","","","","","","","","","",""
"1897","35943","35943","35943","1","1","1","","","","","","","","","","","","","","","","","","","","","","","","","","","","","",""
"1898","35945","35945","35945","1","1","1","","","","","","","","","","","","","","","","","","","","","","","","","","","","","",""
"1899","36093","36093","36093","0.8","0.8","0.8","","","","","","","","","","","","","","","","","","","","","","","","","","","","","",""
"1900","36095","36095","36095","1","1","1","","","","","","","","","","","","","","","","","","","","","","","","","","","","","",""
"1901","36097","36097","36097","1","1","1","","","","","","","","","","","","","","","","","","","","","","","","","","","","","",""
"1902","36099","36099","36099","1","1","1","","","","","","","","","","","","","","","","","","","","","","","","","","","","","",""
"1903","36101","36101","36101","1","1","1","","","","","","","","","","","","","","","","","","","","","","","","","","","","","",""
"1904","36103","36103","36103","1","1","1","","","","","","","","","","","","","","","","","","","","","","","","","","","","","",""
"1905","36105","36105","36105","1","1","1","","","","","","","","","","","","","","","","","","","","","","","","","","","","","",""
"1906","36107","36107","36107","1","1","1","","","","","","","","","","","","","","","","","","","","","","","","","","","","","",""
"1907","36109","36109","36109","1","1","1","","","","","","","","","","","","","","","","","","","","","","","","","","","","","",""
"1908","36265","36265","36265","0.8","0.8","0.8","","","","","","","","","","","","","","","","","","","","","","","","","","","","","",""
"1909","36267","36267","36267","1","1","1","","","","","","","","","","","","","","","","","","","","","","","","","","","","","",""
"1910","36269","36269","36269","1","1","1","","","","","","","","","","","","","","","","","","","","","","","","","","","","","",""
"1911","36271","36271","36271","1","1","1","","","","","","","","","","","","","","","","","","","","","","","","","","","","","",""
"1912","36273","36273","36273","1","1","1","","","","","","","","","","","","","","","","","","","","","","","","","","","","","",""
"1913","36275","36275","36275","1","1","1","","","","","","","","","","","","","","","","","","","","","","","","","","","","","",""
"1914","36277","36277","36277","1","1","1","","","","","","","","","","","","","","","","","","","","","","","","","","","","","",""
"1915","36279","36279","36279","1","1","1","","","","","","","","","","","","","","","","","","","","","","","","","","","","","",""
"1916","36281","36281","36281","1","1","1","","","","","","","","","","","","","","","","","","","","","","","","","","","","","",""
"1917","36437","36437","36437","0.8","0.8","0.8","","","","","","","","","","","","","","","","","","","","","","","","","","","","","",""
"1918","36439","36439","36439","1","1","1","","","","","","","","","","","","","","","","","","","","","","","","","","","","","",""
"1919","36441","36441","36441","1","1","1","","","","","","","","","","","","","","","","","","","","","","","","","","","","","",""
"1920","36443","36443","36443","1","1","1","","","","","","","","","","","","","","","","","","","","","","","","","","","","","",""
"1921","36445","36445","36445","1","1","1","","","","","","","","","","","","","","","","","","","","","","","","","","","","","",""
"1922","36447","36447","36447","1","1","1","","","","","","","","","","","","","","","","","","","","","","","","","","","","","",""
"1923","36449","36449","36449","1","1","1","","","","","","","","","","","","","","","","","","","","","","","","","","","","","",""
"1924","36451","36451","36451","1","1","1","","","","","","","","","","","","","","","","","","","","","","","","","","","","","",""
"1925","36453","36453","36453","1","1","1","","","","","","","","","","","","","","","","","","","","","","","","","","","","","",""
"1926","36599","36599","36599","0.8","0.8","0.8","","","","","","","","","","","","","","","","","","","","","","","","","","","","","",""
"1927","36601","36601","36601","1","1","1","","","","","","","","","","","","","","","","","","","","","","","","","","","","","",""
"1928","36603","36603","36603","1","1","1","","","","","","","","","","","","","","","","","","","","","","","","","","","","","",""
"1929","36605","36605","36605","1","1","1","","","","","","","","","","","","","","","","","","","","","","","","","","","","","",""
"1930","36607","36607","36607","1","1","1","","","","","","","","","","","","","","","","","","","","","","","","","","","","","",""
"1931","36609","36609","36609","1","1","1","","","","","","","","","","","","","","","","","","","","","","","","","","","","","",""
"1932","36611","36611","36611","1","1","1","","","","","","","","","","","","","","","","","","","","","","","","","","","","","",""
"1933","36613","36613","36613","1","1","1","","","","","","","","","","","","","","","","","","","","","","","","","","","","","",""
"1934","36615","36615","36615","1","1","1","","","","","","","","","","","","","","","","","","","","","","","","","","","","","",""
"1935","36771","36771","36771","0.8","0.8","0.8","","","","","","","","","","","","","","","","","","","","","","","","","","","","","",""
"1936","36773","36773","36773","1","1","1","","","","","","","","","","","","","","","","","","","","","","","","","","","","","",""
"1937","36775","36775","36775","1","1","1","","","","","","","","","","","","","","","","","","","","","","","","","","","","","",""
"1938","36777","36777","36777","1","1","1","","","","","","","","","","","","","","","","","","","","","","","","","","","","","",""
"1939","36779","36779","36779","1","1","1","","","","","","","","","","","","","","","","","","","","","","","","","","","","","",""
"1940","36781","36781","36781","1","1","1","","","","","","","","","","","","","","","","","","","","","","","","","","","","","",""
"1941","36783","36783","36783","1","1","1","","","","","","","","","","","","","","","","","","","","","","","","","","","","","",""
"1942","36785","36785","36785","1","1","1","","","","","","","","","","","","","","","","","","","","","","","","","","","","","",""
"1943","36787","36787","36787","1","1","1","","","","","","","","","","","","","","","","","","","","","","","","","","","","","",""
"1944","36933","36933","36933","0.8","0.8","0.8","","","","","","","","","","","","","","","","","","","","","","","","","","","","","",""
"1945","36935","36935","36935","1","1","1","","","","","","","","","","","","","","","","","","","","","","","","","","","","","",""
"1946","36937","36937","36937","1","1","1","","","","","","","","","","","","","","","","","","","","","","","","","","","","","",""
"1947","36939","36939","36939","1","1","1","","","","","","","","","","","","","","","","","","","","","","","","","","","","","",""
"1948","36941","36941","36941","1","1","1","","","","","","","","","","","","","","","","","","","","","","","","","","","","","",""
"1949","36943","36943","36943","1","1","1","","","","","","","","","","","","","","","","","","","","","","","","","","","","","",""
"1950","36945","36945","36945","1","1","1","","","","","","","","","","","","","","","","","","","","","","","","","","","","","",""
"1951","36947","36947","36947","1","1","1","","","","","","","","","","","","","","","","","","","","","","","","","","","","","",""
"1952","36949","36949","36949","1","1","1","","","","","","","","","","","","","","","","","","","","","","","","","","","","","",""
"1953","37107","37107","37107","0.8","0.8","0.8","","","","","","","","","","","","","","","","","","","","","","","","","","","","","",""
"1954","37109","37109","37109","1","1","1","","","","","","","","","","","","","","","","","","","","","","","","","","","","","",""
"1955","37111","37111","37111","1","1","1","","","","","","","","","","","","","","","","","","","","","","","","","","","","","",""
"1956","37113","37113","37113","1","1","1","","","","","","","","","","","","","","","","","","","","","","","","","","","","","",""
"1957","37115","37115","37115","1","1","1","","","","","","","","","","","","","","","","","","","","","","","","","","","","","",""
"1958","37117","37117","37117","1","1","1","","","","","","","","","","","","","","","","","","","","","","","","","","","","","",""
"1959","37119","37119","37119","1","1","1","","","","","","","","","","","","","","","","","","","","","","","","","","","","","",""
"1960","37121","37121","37121","1","1","1","","","","","","","","","","","","","","","","","","","","","","","","","","","","","",""
"1961","37123","37123","37123","1","1","1","","","","","","","","","","","","","","","","","","","","","","","","","","","","","",""
"1962","37279","37279","37279","0.8","0.8","0.8","","","","","","","","","","","","","","","","","","","","","","","","","","","","","",""
"1963","37281","37281","37281","1","1","1","","","","","","","","","","","","","","","","","","","","","","","","","","","","","",""
"1964","37283","37283","37283","1","1","1","","","","","","","","","","","","","","","","","","","","","","","","","","","","","",""
"1965","37285","37285","37285","1","1","1","","","","","","","","","","","","","","","","","","","","","","","","","","","","","",""
"1966","37287","37287","37287","1","1","1","","","","","","","","","","","","","","","","","","","","","","","","","","","","","",""
"1967","37289","37289","37289","1","1","1","","","","","","","","","","","","","","","","","","","","","","","","","","","","","",""
"1968","37291","37291","37291","1","1","1","","","","","","","","","","","","","","","","","","","","","","","","","","","","","",""
"1969","37293","37293","37293","1","1","1","","","","","","","","","","","","","","","","","","","","","","","","","","","","","",""
"1970","37295","37295","37295","1","1","1","","","","","","","","","","","","","","","","","","","","","","","","","","","","","",""
"1971","37439","37439","37439","0.8","0.8","0.8","","","","","","","","","","","","","","","","","","","","","","","","","","","","","",""
"1972","37441","37441","37441","1","1","1","","","","","","","","","","","","","","","","","","","","","","","","","","","","","",""
"1973","37443","37443","37443","1","1","1","","","","","","","","","","","","","","","","","","","","","","","","","","","","","",""
"1974","37445","37445","37445","1","1","1","","","","","","","","","","","","","","","","","","","","","","","","","","","","","",""
"1975","37447","37447","37447","1","1","1","","","","","","","","","","","","","","","","","","","","","","","","","","","","","",""
"1976","37449","37449","37449","1","1","1","","","","","","","","","","","","","","","","","","","","","","","","","","","","","",""
"1977","37451","37451","37451","1","1","1","","","","","","","","","","","","","","","","","","","","","","","","","","","","","",""
"1978","37453","37453","37453","1","1","1","","","","","","","","","","","","","","","","","","","","","","","","","","","","","",""
"1979","37455","37455","37455","1","1","1","","","","","","","","","","","","","","","","","","","","","","","","","","","","","",""
"1980","37611","37611","37611","0.8","0.8","0.8","","","","","","","","","","","","","","","","","","","","","","","","","","","","","",""
"1981","37613","37613","37613","1","1","1","","","","","","","","","","","","","","","","","","","","","","","","","","","","","",""
"1982","37615","37615","37615","1","1","1","","","","","","","","","","","","","","","","","","","","","","","","","","","","","",""
"1983","37617","37617","37617","1","1","1","","","","","","","","","","","","","","","","","","","","","","","","","","","","","",""
"1984","37619","37619","37619","1","1","1","","","","","","","","","","","","","","","","","","","","","","","","","","","","","",""
"1985","37621","37621","37621","1","1","1","","","","","","","","","","","","","","","","","","","","","","","","","","","","","",""
"1986","37623","37623","37623","1","1","1","","","","","","","","","","","","","","","","","","","","","","","","","","","","","",""
"1987","37625","37625","37625","1","1","1","","","","","","","","","","","","","","","","","","","","","","","","","","","","","",""
"1988","37627","37627","37627","1","1","1","","","","","","","","","","","","","","","","","","","","","","","","","","","","","",""
"1989","37775","37775","37775","0.8","0.8","0.8","","","","","","","","","","","","","","","","","","","","","","","","","","","","","",""
"1990","37777","37777","37777","1","1","1","","","","","","","","","","","","","","","","","","","","","","","","","","","","","",""
"1991","37779","37779","37779","1","1","1","","","","","","","","","","","","","","","","","","","","","","","","","","","","","",""
"1992","37781","37781","37781","1","1","1","","","","","","","","","","","","","","","","","","","","","","","","","","","","","",""
"1993","37783","37783","37783","1","1","1","","","","","","","","","","","","","","","","","","","","","","","","","","","","","",""
"1994","37785","37785","37785","1","1","1","","","","","","","","","","","","","","","","","","","","","","","","","","","","","",""
"1995","37787","37787","37787","1","1","1","","","","","","","","","","","","","","","","","","","","","","","","","","","","","",""
"1996","37789","37789","37789","1","1","1","","","","","","","","","","","","","","","","","","","","","","","","","","","","","",""
"1997","37791","37791","37791","1","1","1","","","","","","","","","","","","","","","","","","","","","","","","","","","","","",""
"1998","37949","37949","37949","0.8","0.8","0.8","","","","","","","","","","","","","","","","","","","","","","","","","","","","","",""
"1999","37951","37951","37951","1","1","1","","","","","","","","","","","","","","","","","","","","","","","","","","","","","",""
"2000","37953","37953","37953","1","1","1","","","","","","","","","","","","","","","","","","","","","","","","","","","","","",""
"2001","37955","37955","37955","1","1","1","","","","","","","","","","","","","","","","","","","","","","","","","","","","","",""
"2002","37957","37957","37957","1","1","1","","","","","","","","","","","","","","","","","","","","","","","","","","","","","",""
"2003","37959","37959","37959","1","1","1","","","","","","","","","","","","","","","","","","","","","","","","","","","","","",""
"2004","37961","37961","37961","1","1","1","","","","","","","","","","","","","","","","","","","","","","","","","","","","","",""
"2005","37963","37963","37963","1","1","1","","","","","","","","","","","","","","","","","","","","","","","","","","","","","",""
"2006","37965","37965","37965","1","1","1","","","","","","","","","","","","","","","","","","","","","","","","","","","","","",""
"2007","38109","38109","38109","0.8","0.8","0.8","","","","","","","","","","","","","","","","","","","","","","","","","","","","","",""
"2008","38111","38111","38111","1","1","1","","","","","","","","","","","","","","","","","","","","","","","","","","","","","",""
"2009","38113","38113","38113","1","1","1","","","","","","","","","","","","","","","","","","","","","","","","","","","","","",""
"2010","38115","38115","38115","1","1","1","","","","","","","","","","","","","","","","","","","","","","","","","","","","","",""
"2011","38117","38117","38117","1","1","1","","","","","","","","","","","","","","","","","","","","","","","","","","","","","",""
"2012","38119","38119","38119","1","1","1","","","","","","","","","","","","","","","","","","","","","","","","","","","","","",""
"2013","38121","38121","38121","1","1","1","","","","","","","","","","","","","","","","","","","","","","","","","","","","","",""
"2014","38123","38123","38123","1","1","1","","","","","","","","","","","","","","","","","","","","","","","","","","","","","",""
"2015","38125","38125","38125","1","1","1","","","","","","","","","","","","","","","","","","","","","","","","","","","","","",""
"2016","38283","38283","38283","0.8","0.8","0.8","","","","","","","","","","","","","","","","","","","","","","","","","","","","","",""
"2017","38285","38285","38285","1","1","1","","","","","","","","","","","","","","","","","","","","","","","","","","","","","",""
"2018","38287","38287","38287","1","1","1","","","","","","","","","","","","","","","","","","","","","","","","","","","","","",""
"2019","38289","38289","38289","1","1","1","","","","","","","","","","","","","","","","","","","","","","","","","","","","","",""
"2020","38291","38291","38291","1","1","1","","","","","","","","","","","","","","","","","","","","","","","","","","","","","",""
"2021","38293","38293","38293","0.8","0.8","0.8","","","","","","","","","","","","","","","","","","","","","","","","","","","","","",""
"2022","38295","38295","38295","1","1","1","","","","","","","","","","","","","","","","","","","","","","","","","","","","","",""
"2023","38297","38297","38297","1","1","1","","","","","","","","","","","","","","","","","","","","","","","","","","","","","",""
"2024","38299","38299","38299","1","1","1","","","","","","","","","","","","","","","","","","","","","","","","","","","","","",""
"2025","38453","38453","38453","0.8","0.8","0.8","","","","","","","","","","","","","","","","","","","","","","","","","","","","","",""
"2026","38455","38455","38455","1","1","1","","","","","","","","","","","","","","","","","","","","","","","","","","","","","",""
"2027","38457","38457","38457","1","1","1","","","","","","","","","","","","","","","","","","","","","","","","","","","","","",""
"2028","38459","38459","38459","1","1","1","","","","","","","","","","","","","","","","","","","","","","","","","","","","","",""
"2029","38461","38461","38461","1","1","1","","","","","","","","","","","","","","","","","","","","","","","","","","","","","",""
"2030","38463","38463","38463","1","1","1","","","","","","","","","","","","","","","","","","","","","","","","","","","","","",""
"2031","38465","38465","38465","1","1","1","","","","","","","","","","","","","","","","","","","","","","","","","","","","","",""
"2032","38467","38467","38467","1","1","1","","","","","","","","","","","","","","","","","","","","","","","","","","","","","",""
"2033","38469","38469","38469","1","1","1","","","","","","","","","","","","","","","","","","","","","","","","","","","","","",""
"2034","38617","38617","38617","0.8","0.8","0.8","","","","","","","","","","","","","","","","","","","","","","","","","","","","","",""
"2035","38619","38619","38619","1","1","1","","","","","","","","","","","","","","","","","","","","","","","","","","","","","",""
"2036","38621","38621","38621","1","1","1","","","","","","","","","","","","","","","","","","","","","","","","","","","","","",""
"2037","38623","38623","38623","1","1","1","","","","","","","","","","","","","","","","","","","","","","","","","","","","","",""
"2038","38625","38625","38625","1","1","1","","","","","","","","","","","","","","","","","","","","","","","","","","","","","",""
"2039","38627","38627","38627","1","1","1","","","","","","","","","","","","","","","","","","","","","","","","","","","","","",""
"2040","38629","38629","38629","1","1","1","","","","","","","","","","","","","","","","","","","","","","","","","","","","","",""
"2041","38631","38631","38631","1","1","1","","","","","","","","","","","","","","","","","","","","","","","","","","","","","",""
"2042","38633","38633","38633","1","1","1","","","","","","","","","","","","","","","","","","","","","","","","","","","","","",""
"2043","38787","38787","38787","0.8","0.8","0.8","","","","","","","","","","","","","","","","","","","","","","","","","","","","","",""
"2044","38789","38789","38789","1","1","1","","","","","","","","","","","","","","","","","","","","","","","","","","","","","",""
"2045","38791","38791","38791","1","1","1","","","","","","","","","","","","","","","","","","","","","","","","","","","","","",""
"2046","38793","38793","38793","1","1","1","","","","","","","","","","","","","","","","","","","","","","","","","","","","","",""
"2047","38795","38795","38795","1","1","1","","","","","","","","","","","","","","","","","","","","","","","","","","","","","",""
"2048","38797","38797","38797","1","1","1","","","","","","","","","","","","","","","","","","","","","","","","","","","","","",""
"2049","38799","38799","38799","1","1","1","","","","","","","","","","","","","","","","","","","","","","","","","","","","","",""
"2050","38801","38801","38801","1","1","1","","","","","","","","","","","","","","","","","","","","","","","","","","","","","",""
"2051","38803","38803","38803","1","1","1","","","","","","","","","","","","","","","","","","","","","","","","","","","","","",""
"2052","38951","38951","38951","0.8","0.8","0.8","","","","","","","","","","","","","","","","","","","","","","","","","","","","","",""
"2053","38953","38953","38953","1","1","1","","","","","","","","","","","","","","","","","","","","","","","","","","","","","",""
"2054","38955","38955","38955","1","1","1","","","","","","","","","","","","","","","","","","","","","","","","","","","","","",""
"2055","38957","38957","38957","1","1","1","","","","","","","","","","","","","","","","","","","","","","","","","","","","","",""
"2056","38959","38959","38959","0.8","0.8","0.8","","","","","","","","","","","","","","","","","","","","","","","","","","","","","",""
"2057","38961","38961","38961","1","1","1","","","","","","","","","","","","","","","","","","","","","","","","","","","","","",""
"2058","38963","38963","38963","1","1","1","","","","","","","","","","","","","","","","","","","","","","","","","","","","","",""
"2059","38965","38965","38965","1","1","1","","","","","","","","","","","","","","","","","","","","","","","","","","","","","",""
"2060","38967","38967","38967","1","1","1","","","","","","","","","","","","","","","","","","","","","","","","","","","","","",""
"2061","39121","39121","39121","0.8","0.8","0.8","","","","","","","","","","","","","","","","","","","","","","","","","","","","","",""
"2062","39123","39123","39123","1","1","1","","","","","","","","","","","","","","","","","","","","","","","","","","","","","",""
"2063","39125","39125","39125","1","1","1","","","","","","","","","","","","","","","","","","","","","","","","","","","","","",""
"2064","39127","39127","39127","1","1","1","","","","","","","","","","","","","","","","","","","","","","","","","","","","","",""
"2065","39129","39129","39129","1","1","1","","","","","","","","","","","","","","","","","","","","","","","","","","","","","",""
"2066","39131","39131","39131","1","1","1","","","","","","","","","","","","","","","","","","","","","","","","","","","","","",""
"2067","39133","39133","39133","1","1","1","","","","","","","","","","","","","","","","","","","","","","","","","","","","","",""
"2068","39135","39135","39135","1","1","1","","","","","","","","","","","","","","","","","","","","","","","","","","","","","",""
"2069","39137","39137","39137","1","1","1","","","","","","","","","","","","","","","","","","","","","","","","","","","","","",""
"2070","39283","39283","39283","0.8","0.8","0.8","","","","","","","","","","","","","","","","","","","","","","","","","","","","","",""
"2071","39285","39285","39285","1","1","1","","","","","","","","","","","","","","","","","","","","","","","","","","","","","",""
"2072","39287","39287","39287","1","1","1","","","","","","","","","","","","","","","","","","","","","","","","","","","","","",""
"2073","39289","39289","39289","1","1","1","","","","","","","","","","","","","","","","","","","","","","","","","","","","","",""
"2074","39291","39291","39291","1","1","1","","","","","","","","","","","","","","","","","","","","","","","","","","","","","",""
"2075","39293","39293","39293","1","1","1","","","","","","","","","","","","","","","","","","","","","","","","","","","","","",""
"2076","39295","39295","39295","1","1","1","","","","","","","","","","","","","","","","","","","","","","","","","","","","","",""
"2077","39297","39297","39297","1","1","1","","","","","","","","","","","","","","","","","","","","","","","","","","","","","",""
"2078","39299","39299","39299","1","1","1","","","","","","","","","","","","","","","","","","","","","","","","","","","","","",""
"2079","39453","39453","39453","0.8","0.8","0.8","","","","","","","","","","","","","","","","","","","","","","","","","","","","","",""
"2080","39455","39455","39455","1","1","1","","","","","","","","","","","","","","","","","","","","","","","","","","","","","",""
"2081","39457","39457","39457","1","1","1","","","","","","","","","","","","","","","","","","","","","","","","","","","","","",""
"2082","39459","39459","39459","1","1","1","","","","","","","","","","","","","","","","","","","","","","","","","","","","","",""
"2083","39461","39461","39461","1","1","1","","","","","","","","","","","","","","","","","","","","","","","","","","","","","",""
"2084","39463","39463","39463","1","1","1","","","","","","","","","","","","","","","","","","","","","","","","","","","","","",""
"2085","39465","39465","39465","1","1","1","","","","","","","","","","","","","","","","","","","","","","","","","","","","","",""
"2086","39467","39467","39467","1","1","1","","","","","","","","","","","","","","","","","","","","","","","","","","","","","",""
"2087","39469","39469","39469","1","1","1","","","","","","","","","","","","","","","","","","","","","","","","","","","","","",""
"2088","39625","39625","39625","0.8","0.8","0.8","","","","","","","","","","","","","","","","","","","","","","","","","","","","","",""
"2089","39627","39627","39627","1","1","1","","","","","","","","","","","","","","","","","","","","","","","","","","","","","",""
"2090","39629","39629","39629","1","1","1","","","","","","","","","","","","","","","","","","","","","","","","","","","","","",""
"2091","39631","39631","39631","1","1","1","","","","","","","","","","","","","","","","","","","","","","","","","","","","","",""
"2092","39633","39633","39633","1","1","1","","","","","","","","","","","","","","","","","","","","","","","","","","","","","",""
"2093","39635","39635","39635","1","1","1","","","","","","","","","","","","","","","","","","","","","","","","","","","","","",""
"2094","39637","39637","39637","1","1","1","","","","","","","","","","","","","","","","","","","","","","","","","","","","","",""
"2095","39639","39639","39639","1","1","1","","","","","","","","","","","","","","","","","","","","","","","","","","","","","",""
"2096","39641","39641","39641","1","1","1","","","","","","","","","","","","","","","","","","","","","","","","","","","","","",""
"2097","39787","39787","39787","0.8","0.8","0.8","","","","","","","","","","","","","","","","","","","","","","","","","","","","","",""
"2098","39789","39789","39789","1","1","1","","","","","","","","","","","","","","","","","","","","","","","","","","","","","",""
"2099","39791","39791","39791","1","1","1","","","","","","","","","","","","","","","","","","","","","","","","","","","","","",""
"2100","39793","39793","39793","1","1","1","","","","","","","","","","","","","","","","","","","","","","","","","","","","","",""
"2101","39795","39795","39795","1","1","1","","","","","","","","","","","","","","","","","","","","","","","","","","","","","",""
"2102","39797","39797","39797","1","1","1","","","","","","","","","","","","","","","","","","","","","","","","","","","","","",""
"2103","39799","39799","39799","1","1","1","","","","","","","","","","","","","","","","","","","","","","","","","","","","","",""
"2104","39801","39801","39801","1","1","1","","","","","","","","","","","","","","","","","","","","","","","","","","","","","",""
"2105","39803","39803","39803","1","1","1","","","","","","","","","","","","","","","","","","","","","","","","","","","","","",""
"2106","39961","39961","39961","0.8","0.8","0.8","","","","","","","","","","","","","","","","","","","","","","","","","","","","","",""
"2107","39963","39963","39963","1","1","1","","","","","","","","","","","","","","","","","","","","","","","","","","","","","",""
"2108","39965","39965","39965","1","1","1","","","","","","","","","","","","","","","","","","","","","","","","","","","","","",""
"2109","39967","39967","39967","1","1","1","","","","","","","","","","","","","","","","","","","","","","","","","","","","","",""
"2110","39969","39969","39969","1","1","1","","","","","","","","","","","","","","","","","","","","","","","","","","","","","",""
"2111","39971","39971","39971","1","1","1","","","","","","","","","","","","","","","","","","","","","","","","","","","","","",""
"2112","39973","39973","39973","1","1","1","","","","","","","","","","","","","","","","","","","","","","","","","","","","","",""
"2113","39975","39975","39975","1","1","1","","","","","","","","","","","","","","","","","","","","","","","","","","","","","",""
"2114","39977","39977","39977","1","1","1","","","","","","","","","","","","","","","","","","","","","","","","","","","","","",""
"2115","40123","40123","40123","0.8","0.8","0.8","","","","","","","","","","","","","","","","","","","","","","","","","","","","","",""
"2116","40125","40125","40125","1","1","1","","","","","","","","","","","","","","","","","","","","","","","","","","","","","",""
"2117","40127","40127","40127","1","1","1","","","","","","","","","","","","","","","","","","","","","","","","","","","","","",""
"2118","40129","40129","40129","1","1","1","","","","","","","","","","","","","","","","","","","","","","","","","","","","","",""
"2119","40131","40131","40131","1","1","1","","","","","","","","","","","","","","","","","","","","","","","","","","","","","",""
"2120","40133","40133","40133","1","1","1","","","","","","","","","","","","","","","","","","","","","","","","","","","","","",""
"2121","40135","40135","40135","1","1","1","","","","","","","","","","","","","","","","","","","","","","","","","","","","","",""
"2122","40137","40137","40137","1","1","1","","","","","","","","","","","","","","","","","","","","","","","","","","","","","",""
"2123","40139","40139","40139","1","1","1","","","","","","","","","","","","","","","","","","","","","","","","","","","","","",""
"2124","40297","40297","40297","0.8","0.8","0.8","","","","","","","","","","","","","","","","","","","","","","","","","","","","","",""
"2125","40299","40299","40299","1","1","1","","","","","","","","","","","","","","","","","","","","","","","","","","","","","",""
"2126","40301","40301","40301","1","1","1","","","","","","","","","","","","","","","","","","","","","","","","","","","","","",""
"2127","40303","40303","40303","1","1","1","","","","","","","","","","","","","","","","","","","","","","","","","","","","","",""
"2128","40305","40305","40305","1","1","1","","","","","","","","","","","","","","","","","","","","","","","","","","","","","",""
"2129","40307","40307","40307","1","1","1","","","","","","","","","","","","","","","","","","","","","","","","","","","","","",""
"2130","40309","40309","40309","1","1","1","","","","","","","","","","","","","","","","","","","","","","","","","","","","","",""
"2131","40311","40311","40311","1","1","1","","","","","","","","","","","","","","","","","","","","","","","","","","","","","",""
"2132","40313","40313","40313","1","1","1","","","","","","","","","","","","","","","","","","","","","","","","","","","","","",""
"2133","40459","40459","40459","0.8","0.8","0.8","","","","","","","","","","","","","","","","","","","","","","","","","","","","","",""
"2134","40461","40461","40461","1","1","1","","","","","","","","","","","","","","","","","","","","","","","","","","","","","",""
"2135","40463","40463","40463","1","1","1","","","","","","","","","","","","","","","","","","","","","","","","","","","","","",""
"2136","40465","40465","40465","1","1","1","","","","","","","","","","","","","","","","","","","","","","","","","","","","","",""
"2137","40467","40467","40467","1","1","1","","","","","","","","","","","","","","","","","","","","","","","","","","","","","",""
"2138","40469","40469","40469","1","1","1","","","","","","","","","","","","","","","","","","","","","","","","","","","","","",""
"2139","40471","40471","40471","1","1","1","","","","","","","","","","","","","","","","","","","","","","","","","","","","","",""
"2140","40473","40473","40473","1","1","1","","","","","","","","","","","","","","","","","","","","","","","","","","","","","",""
"2141","40475","40475","40475","1","1","1","","","","","","","","","","","","","","","","","","","","","","","","","","","","","",""
"2142","40631","40631","40631","0.8","0.8","0.8","","","","","","","","","","","","","","","","","","","","","","","","","","","","","",""
"2143","40633","40633","40633","1","1","1","","","","","","","","","","","","","","","","","","","","","","","","","","","","","",""
"2144","40635","40635","40635","1","1","1","","","","","","","","","","","","","","","","","","","","","","","","","","","","","",""
"2145","40637","40637","40637","1","1","1","","","","","","","","","","","","","","","","","","","","","","","","","","","","","",""
"2146","40639","40639","40639","1","1","1","","","","","","","","","","","","","","","","","","","","","","","","","","","","","",""
"2147","40641","40641","40641","1","1","1","","","","","","","","","","","","","","","","","","","","","","","","","","","","","",""
"2148","40643","40643","40643","1","1","1","","","","","","","","","","","","","","","","","","","","","","","","","","","","","",""
"2149","40645","40645","40645","1","1","1","","","","","","","","","","","","","","","","","","","","","","","","","","","","","",""
"2150","40647","40647","40647","1","1","1","","","","","","","","","","","","","","","","","","","","","","","","","","","","","",""
"2151","40805","40805","40805","0.8","0.8","0.8","","","","","","","","","","","","","","","","","","","","","","","","","","","","","",""
"2152","40807","40807","40807","1","1","1","","","","","","","","","","","","","","","","","","","","","","","","","","","","","",""
"2153","40809","40809","40809","1","1","1","","","","","","","","","","","","","","","","","","","","","","","","","","","","","",""
"2154","40811","40811","40811","1","1","1","","","","","","","","","","","","","","","","","","","","","","","","","","","","","",""
"2155","40813","40813","40813","1","1","1","","","","","","","","","","","","","","","","","","","","","","","","","","","","","",""
"2156","40815","40815","40815","1","1","1","","","","","","","","","","","","","","","","","","","","","","","","","","","","","",""
"2157","40817","40817","40817","1","1","1","","","","","","","","","","","","","","","","","","","","","","","","","","","","","",""
"2158","40819","40819","40819","1","1","1","","","","","","","","","","","","","","","","","","","","","","","","","","","","","",""
"2159","40821","40821","40821","1","1","1","","","","","","","","","","","","","","","","","","","","","","","","","","","","","",""
"2160","40967","40967","40967","0.8","0.8","0.8","","","","","","","","","","","","","","","","","","","","","","","","","","","","","",""
"2161","40969","40969","40969","1","1","1","","","","","","","","","","","","","","","","","","","","","","","","","","","","","",""
"2162","40971","40971","40971","1","1","1","","","","","","","","","","","","","","","","","","","","","","","","","","","","","",""
"2163","40973","40973","40973","1","1","1","","","","","","","","","","","","","","","","","","","","","","","","","","","","","",""
"2164","40975","40975","40975","1","1","1","","","","","","","","","","","","","","","","","","","","","","","","","","","","","",""
"2165","40977","40977","40977","1","1","1","","","","","","","","","","","","","","","","","","","","","","","","","","","","","",""
"2166","40979","40979","40979","1","1","1","","","","","","","","","","","","","","","","","","","","","","","","","","","","","",""
"2167","40981","40981","40981","1","1","1","","","","","","","","","","","","","","","","","","","","","","","","","","","","","",""
"2168","40983","40983","40983","1","1","1","","","","","","","","","","","","","","","","","","","","","","","","","","","","","",""
"2169","41141","41141","41141","0.8","0.8","0.8","","","","","","","","","","","","","","","","","","","","","","","","","","","","","",""
"2170","41143","41143","41143","1","1","1","","","","","","","","","","","","","","","","","","","","","","","","","","","","","",""
"2171","41145","41145","41145","1","1","1","","","","","","","","","","","","","","","","","","","","","","","","","","","","","",""
"2172","41147","41147","41147","1","1","1","","","","","","","","","","","","","","","","","","","","","","","","","","","","","",""
"2173","41149","41149","41149","1","1","1","","","","","","","","","","","","","","","","","","","","","","","","","","","","","",""
"2174","41151","41151","41151","1","1","1","","","","","","","","","","","","","","","","","","","","","","","","","","","","","",""
"2175","41153","41153","41153","1","1","1","","","","","","","","","","","","","","","","","","","","","","","","","","","","","",""
"2176","41155","41155","41155","1","1","1","","","","","","","","","","","","","","","","","","","","","","","","","","","","","",""
"2177","41157","41157","41157","1","1","1","","","","","","","","","","","","","","","","","","","","","","","","","","","","","",""
"2178","41305","41305","41305","0.8","0.8","0.8","","","","","","","","","","","","","","","","","","","","","","","","","","","","","",""
"2179","41307","41307","41307","1","1","1","","","","","","","","","","","","","","","","","","","","","","","","","","","","","",""
"2180","41309","41309","41309","1","1","1","","","","","","","","","","","","","","","","","","","","","","","","","","","","","",""
"2181","41311","41311","41311","1","1","1","","","","","","","","","","","","","","","","","","","","","","","","","","","","","",""
"2182","41313","41313","41313","1","1","1","","","","","","","","","","","","","","","","","","","","","","","","","","","","","",""
"2183","41315","41315","41315","0.8","0.8","0.8","","","","","","","","","","","","","","","","","","","","","","","","","","","","","",""
"2184","41317","41317","41317","1","1","1","","","","","","","","","","","","","","","","","","","","","","","","","","","","","",""
"2185","41319","41319","41319","1","1","1","","","","","","","","","","","","","","","","","","","","","","","","","","","","","",""
"2186","41321","41321","41321","1","1","1","","","","","","","","","","","","","","","","","","","","","","","","","","","","","",""